icao,n_gt_dep,n_detected_dep,detection_pct_dep,n_capture_excluded_dep,measured_pct_dep,taxi_out_median_s,dep_max_gap_median_s,off_s_p10,off_s_p25,off_s_p50,off_s_p75,off_s_p90,dep_reach_p10,dep_reach_p25,dep_reach_p50,dep_reach_p75,dep_reach_p90,dep_continuity_p10,dep_continuity_p25,dep_continuity_p50,dep_continuity_p75,dep_continuity_p90,off_abs_p50,off_abs_p90,dep_no_ground_pct,dep_full_capture_pct,clean_pct_dep,fragmented_pct_dep,merged_pct_dep,n_gt_arr,n_detected_arr,detection_pct_arr,n_capture_excluded_arr,measured_pct_arr,taxi_in_median_s,arr_max_gap_median_s,land_s_p10,land_s_p25,land_s_p50,land_s_p75,land_s_p90,arr_reach_p10,arr_reach_p25,arr_reach_p50,arr_reach_p75,arr_reach_p90,arr_continuity_p10,arr_continuity_p25,arr_continuity_p50,arr_continuity_p75,arr_continuity_p90,land_abs_p50,land_abs_p90,arr_no_ground_pct,arr_full_capture_pct,clean_pct_arr,fragmented_pct_arr,merged_pct_arr,measured_pct,t_source,n_gt,detection_pct,coverage_index,name,lat,lon
BGDB,1.0,0.0,0.0,0.0,0.0,60.0,,,,,,,,,,,,,,,,,,,,,0.0,0.0,0.0,,,,,,,,,,,,,,,,,,,,,,,,,,,,,,0.0,nm_inferred,1.0,0.0,,,,
BGGH,4.0,4.0,100.0,0.0,0.0,300.0,,7266.0,9502.5,10840.0,11036.25,11218.5,,,,,,,,,,,10840.0,11218.5,100.0,,25.0,75.0,0.0,6.0,6.0,100.0,0.0,0.0,,,-10679.0,-10315.25,-9599.5,-8076.75,-6577.0,,,,,,,,,,,9599.5,10679.0,100.0,,50.0,50.0,0.0,0.0,nm_inferred,6.0,100.0,,,,
BGJN,2.0,2.0,100.0,0.0,0.0,300.0,,10111.5,10113.75,10117.5,10121.25,10123.5,,,,,,,,,,,10117.5,10123.5,100.0,,100.0,0.0,0.0,2.0,2.0,100.0,0.0,0.0,,,-9037.9,-8899.75,-8669.5,-8439.25,-8301.1,,,,,,,,,,,8669.5,9037.9,100.0,,100.0,0.0,0.0,0.0,nm_inferred,2.0,100.0,,,,
BGKK,1.0,1.0,100.0,0.0,0.0,300.0,,4725.0,4725.0,4725.0,4725.0,4725.0,,,,,,,,,,,4725.0,4725.0,100.0,,100.0,0.0,0.0,1.0,1.0,100.0,0.0,0.0,,,-4149.0,-4149.0,-4149.0,-4149.0,-4149.0,,,,,,,,,,,4149.0,4149.0,100.0,,100.0,0.0,0.0,0.0,nm_inferred,1.0,100.0,,,,
BGQO,1.0,1.0,100.0,0.0,0.0,300.0,,7385.0,7385.0,7385.0,7385.0,7385.0,,,,,,,,,,,7385.0,7385.0,100.0,,100.0,0.0,0.0,1.0,1.0,100.0,0.0,0.0,,,-6393.0,-6393.0,-6393.0,-6393.0,-6393.0,,,,,,,,,,,6393.0,6393.0,100.0,,100.0,0.0,0.0,0.0,nm_inferred,1.0,100.0,,,,
BGSF,1.0,1.0,100.0,0.0,0.0,1200.0,,10400.0,10400.0,10400.0,10400.0,10400.0,,,,,,,,,,,10400.0,10400.0,100.0,,0.0,100.0,0.0,,,,,,,,,,,,,,,,,,,,,,,,,,,,,,0.0,nm_inferred,1.0,100.0,,,,
BIAR,17.0,14.0,82.3529411764706,0.0,0.0,300.0,,696.0,781.25,820.0,946.25,1197.5,,,,,,,,,,,820.0,1197.5,100.0,,76.47058823529412,5.882352941176471,0.0,19.0,15.0,78.94736842105263,0.0,0.0,,,-747.0,-708.5,-666.0,-605.0,-567.8,,,,,,,,,,,666.0,747.0,100.0,,78.94736842105263,0.0,0.0,0.0,nm_inferred,19.0,80.6501547987616,,Akureyri International Airport,65.656573,-18.072018
BIBD,2.0,2.0,100.0,0.0,0.0,600.0,,452.0,455.0,460.0,465.0,468.0,,,,,,,,,,,460.0,468.0,100.0,,100.0,0.0,0.0,2.0,2.0,100.0,0.0,0.0,,,-131.5,-121.75,-105.5,-89.25,-79.5,,,,,,,,,,,105.5,131.5,100.0,,100.0,0.0,0.0,0.0,nm_inferred,2.0,100.0,,Bildudalur Airport,65.641296,-23.5462
BIEG,8.0,8.0,100.0,0.0,0.0,300.0,,1319.3,1418.75,1505.5,1610.0,1643.0,,,,,,,,,,,1505.5,1643.0,100.0,,100.0,0.0,0.0,8.0,8.0,100.0,0.0,0.0,,,-1227.9,-1203.0,-1131.0,-1068.25,-1000.0,,,,,,,,,,,1131.0,1227.9,100.0,,100.0,0.0,0.0,0.0,nm_inferred,8.0,100.0,,Egilsstaðir Airport,65.2833023071289,-14.401399612426758
BIGJ,1.0,1.0,100.0,0.0,0.0,600.0,,1026.0,1026.0,1026.0,1026.0,1026.0,,,,,,,,,,,1026.0,1026.0,100.0,,100.0,0.0,0.0,1.0,1.0,100.0,0.0,0.0,,,-950.0,-950.0,-950.0,-950.0,-950.0,,,,,,,,,,,950.0,950.0,100.0,,100.0,0.0,0.0,0.0,nm_inferred,1.0,100.0,,Gjögur Airport,65.9953,-21.3269
BIGR,1.0,0.0,0.0,0.0,0.0,600.0,,,,,,,,,,,,,,,,,,,,,0.0,0.0,0.0,1.0,0.0,0.0,0.0,0.0,,,,,,,,,,,,,,,,,,,,,,0.0,0.0,0.0,0.0,nm_inferred,1.0,0.0,,Grímsey Airport,66.5458,-18.0173
BIHN,2.0,2.0,100.0,0.0,0.0,300.0,,1025.9,1057.25,1109.5,1161.75,1193.1,,,,,,,,,,,1109.5,1193.1,100.0,,100.0,0.0,0.0,2.0,2.0,100.0,0.0,0.0,,,-1490.4,-1399.5,-1248.0,-1096.5,-1005.6,,,,,,,,,,,1248.0,1490.4,100.0,,100.0,0.0,0.0,0.0,nm_inferred,2.0,100.0,,Hornafjörður Airport,64.295601,-15.2272
BIIS,6.0,6.0,100.0,0.0,0.0,600.0,,826.5,855.0,915.0,1008.75,1055.0,,,,,,,,,,,915.0,1055.0,100.0,,100.0,0.0,0.0,6.0,6.0,100.0,0.0,0.0,,,-748.0,-708.5,-655.0,-614.25,-598.5,,,,,,,,,,,655.0,748.0,100.0,,100.0,0.0,0.0,0.0,nm_inferred,6.0,100.0,,Ísafjörður Airport,66.058098,-23.1353
BIKF,255.0,254.0,99.6078431372549,0.0,99.6078431372549,660.0,523.0,-212.49999999999997,13.75,4997.5,5230.0,5573.5,0.0,0.0,0.0,0.0,0.30499422041137586,0.0,0.0,0.16666666666666666,0.3978260869565218,0.8481250000000001,4997.5,5573.5,76.77165354330708,5.118110236220472,34.90196078431372,64.70588235294117,0.0,258.0,258.0,100.0,0.0,99.6124031007752,360.0,5.0,-5222.5,-4913.75,-4650.0,310.0,556.5,0.0,0.0,0.0,1.0,1.0,0.6875,0.9,1.0,1.0,1.0,4650.0,5222.5,64.34108527131782,71.20622568093385,36.04651162790697,63.95348837209303,0.0,99.6124031007752,apdf,258.0,99.80392156862746,0.5821895424836603,Keflavik International Airport,63.985001,-22.6056
BIRK,38.0,38.0,100.0,0.0,0.0,300.0,,-231.5,-200.0,-127.5,0.0,21.50000000000002,,,,,,,,,,,137.5,471.5000000000032,28.94736842105263,,94.73684210526316,5.2631578947368425,0.0,37.0,37.0,100.0,0.0,0.0,,,89.00000000000001,270.0,410.0,460.0,502.0,,,,,,,,,,,415.0,582.0,10.81081081081081,,91.89189189189189,8.108108108108109,0.0,0.0,nm_inferred,38.0,100.0,,Reykjavík Domestic Airport,64.128732,-21.93759
BITN,2.0,0.0,0.0,0.0,0.0,300.0,,,,,,,,,,,,,,,,,,,,,0.0,0.0,0.0,2.0,0.0,0.0,0.0,0.0,,,,,,,,,,,,,,,,,,,,,,0.0,0.0,0.0,0.0,nm_inferred,2.0,0.0,,Þórshöfn Airport,66.218459,-15.334739
BIVO,1.0,0.0,0.0,0.0,0.0,600.0,,,,,,,,,,,,,,,,,,,,,0.0,0.0,0.0,1.0,0.0,0.0,0.0,0.0,,,,,,,,,,,,,,,,,,,,,,0.0,0.0,0.0,0.0,nm_inferred,1.0,0.0,,Vopnafjörður Airport,65.720596,-14.8506
BKPR,130.0,130.0,100.0,0.0,0.0,300.0,,324.0,390.0,466.5,500.0,575.5000000000005,,,,,,,,,,,466.5,575.5000000000005,100.0,,90.76923076923077,8.461538461538462,0.7692307692307693,137.0,137.0,100.0,0.0,0.0,,,-896.6,-744.0,-545.0,-440.0,-325.0,,,,,,,,,,,545.0,896.6000000000001,99.27007299270073,,88.32116788321167,10.94890510948905,0.7299270072992701,0.0,nm_inferred,137.0,100.0,,Priština Adem Jashari International Airport,42.5728,21.035801
CYEG,2.0,2.0,100.0,0.0,0.0,0.0,,24252.0,24255.0,24260.0,24265.0,24268.0,,,,,,,,,,,24260.0,24268.0,100.0,,0.0,100.0,0.0,2.0,2.0,100.0,0.0,0.0,,,-25198.4,-25181.0,-25152.0,-25123.0,-25105.6,,,,,,,,,,,25152.0,25198.4,100.0,,100.0,0.0,0.0,0.0,nm_inferred,2.0,100.0,,,,
CYHZ,24.0,23.0,95.83333333333333,0.0,0.0,540.0,,13574.0,13785.0,14275.0,14697.5,15420.0,,,,,,,,,,,14275.0,15420.0,100.0,,91.66666666666667,4.166666666666667,0.0,20.0,20.0,100.0,0.0,0.0,,,-20286.3,-18684.75,-17547.5,-16884.75,-16556.1,,,,,,,,,,,17547.5,20286.300000000003,100.0,,80.0,20.0,0.0,0.0,nm_inferred,24.0,97.91666666666666,,,,
CYMX,,,,,,,,,,,,,,,,,,,,,,,,,,,,,,1.0,1.0,100.0,0.0,0.0,,,-20565.0,-20565.0,-20565.0,-20565.0,-20565.0,,,,,,,,,,,20565.0,20565.0,100.0,,100.0,0.0,0.0,0.0,nm_inferred,1.0,100.0,,,,
CYOW,3.0,3.0,100.0,0.0,0.0,0.0,,16692.2,16778.0,16921.0,19507.5,21059.4,,,,,,,,,,,16921.0,21059.4,100.0,,100.0,0.0,0.0,4.0,4.0,100.0,0.0,0.0,,,-20144.4,-19716.0,-19013.0,-18505.5,-18429.0,,,,,,,,,,,19013.0,20144.4,100.0,,75.0,25.0,0.0,0.0,nm_inferred,4.0,100.0,,,,
CYQB,3.0,3.0,100.0,0.0,0.0,0.0,,15628.8,15742.5,15932.0,17412.0,18300.0,,,,,,,,,,,15932.0,18300.0,100.0,,100.0,0.0,0.0,3.0,3.0,100.0,0.0,0.0,,,-19475.6,-19358.0,-19162.0,-18737.5,-18482.8,,,,,,,,,,,19162.0,19475.6,100.0,,100.0,0.0,0.0,0.0,nm_inferred,3.0,100.0,,,,
CYQX,1.0,1.0,100.0,0.0,0.0,0.0,,10285.0,10285.0,10285.0,10285.0,10285.0,,,,,,,,,,,10285.0,10285.0,100.0,,100.0,0.0,0.0,1.0,1.0,100.0,0.0,0.0,,,-13234.0,-13234.0,-13234.0,-13234.0,-13234.0,,,,,,,,,,,13234.0,13234.0,100.0,,100.0,0.0,0.0,0.0,nm_inferred,1.0,100.0,,,,
CYUL,118.0,118.0,100.0,0.0,0.0,600.0,,16053.4,16287.5,17052.5,17878.75,18524.4,,,,,,,,,,,17052.5,18524.4,100.0,,94.0677966101695,5.932203389830509,0.0,139.0,138.0,99.28057553956835,0.0,0.0,,,-22312.4,-20528.75,-19254.5,-18294.75,-17887.3,,,,,,,,,,,19254.5,22312.4,100.0,,74.82014388489209,24.46043165467626,0.0,0.0,nm_inferred,139.0,99.64028776978418,,,,
CYVR,31.0,31.0,100.0,0.0,0.0,0.0,,26070.0,26200.0,26550.0,27325.0,27590.0,,,,,,,,,,,26550.0,27590.0,100.0,,54.83870967741935,45.16129032258065,0.0,35.0,35.0,100.0,0.0,0.0,,,-28151.8,-27706.0,-27255.0,-26755.5,-26410.6,,,,,,,,,,,27255.0,28151.8,100.0,,62.857142857142854,37.142857142857146,0.0,0.0,nm_inferred,35.0,100.0,,,,
CYYC,25.0,25.0,100.0,0.0,0.0,960.0,,23097.6,23935.0,24421.0,24790.0,25485.0,,,,,,,,,,,24421.0,25485.0,100.0,,72.0,28.0,0.0,28.0,28.0,100.0,0.0,0.0,,,-26333.7,-25996.25,-25760.5,-25310.5,-24395.5,,,,,,,,,,,25760.5,26333.7,100.0,,46.42857142857143,53.57142857142857,0.0,0.0,nm_inferred,28.0,100.0,,,,
CYYR,1.0,1.0,100.0,0.0,0.0,600.0,,10230.0,10230.0,10230.0,10230.0,10230.0,,,,,,,,,,,10230.0,10230.0,100.0,,100.0,0.0,0.0,2.0,1.0,50.0,0.0,0.0,,,-9910.0,-9910.0,-9910.0,-9910.0,-9910.0,,,,,,,,,,,9910.0,9910.0,100.0,,50.0,0.0,0.0,0.0,nm_inferred,2.0,75.0,,,,
CYYT,3.0,3.0,100.0,0.0,0.0,720.0,,10817.0,10895.0,11025.0,11107.5,11157.0,,,,,,,,,,,11025.0,11157.0,100.0,,100.0,0.0,0.0,3.0,3.0,100.0,0.0,0.0,,,-13411.4,-13310.0,-13141.0,-13041.0,-12981.0,,,,,,,,,,,13141.0,13411.4,100.0,,100.0,0.0,0.0,0.0,nm_inferred,3.0,100.0,,,,
CYYZ,163.0,163.0,100.0,0.0,0.0,0.0,,17624.0,17979.5,18675.0,19317.5,20252.0,,,,,,,,,,,18675.0,20252.0,100.0,,92.02453987730061,7.975460122699387,0.0,184.0,180.0,97.82608695652173,0.0,0.0,,,-23300.9,-21792.0,-21173.5,-20468.25,-19905.2,,,,,,,,,,,21173.5,23300.899999999998,100.0,,72.82608695652173,25.0,0.0,0.0,nm_inferred,184.0,98.91304347826087,,,,
DAAE,11.0,11.0,100.0,0.0,0.0,600.0,,625.0,680.0,835.0,1042.5,1085.0,,,,,,,,,,,835.0,1085.0,100.0,,100.0,0.0,0.0,11.0,11.0,100.0,0.0,0.0,,,-1302.0,-1155.0,-982.0,-879.0,-672.0,,,,,,,,,,,982.0,1302.0,90.9090909090909,,100.0,0.0,0.0,0.0,nm_inferred,11.0,100.0,,Soummam–Abane Ramdane Airport,36.712547,5.069909
DAAG,206.0,206.0,100.0,0.0,0.0,600.0,,547.5,643.5,775.0,952.0,2981.5,,,,,,,,,,,775.0,2981.5,100.0,,94.1747572815534,5.825242718446602,0.0,203.0,203.0,100.0,0.0,0.0,,,-3155.7999999999997,-1192.5,-702.0,-426.5,122.80000000000013,,,,,,,,,,,702.0,3155.8,86.69950738916256,,91.6256157635468,8.374384236453203,0.0,0.0,nm_inferred,206.0,100.0,,Houari Boumediene Airport,36.693886,3.214531
DAAS,5.0,5.0,100.0,0.0,0.0,600.0,,1042.0,1060.0,1070.0,1110.0,1167.0,,,,,,,,,,,1070.0,1167.0,100.0,,100.0,0.0,0.0,5.0,5.0,100.0,0.0,0.0,,,-1121.6,-1109.0,-1069.0,-767.0,-696.2,,,,,,,,,,,1069.0,1121.6,100.0,,100.0,0.0,0.0,0.0,nm_inferred,5.0,100.0,,Ain Arnat Airport,36.178488,5.329909
DAAT,1.0,1.0,100.0,0.0,0.0,600.0,,12025.0,12025.0,12025.0,12025.0,12025.0,,,,,,,,,,,12025.0,12025.0,100.0,,100.0,0.0,0.0,2.0,1.0,50.0,0.0,0.0,,,-6174.0,-6174.0,-6174.0,-6174.0,-6174.0,,,,,,,,,,,6174.0,6174.0,100.0,,50.0,0.0,0.0,0.0,nm_inferred,2.0,75.0,,,,
DABB,7.0,7.0,100.0,0.0,0.0,360.0,,826.0,852.5,895.0,945.0,1069.0,,,,,,,,,,,895.0,1069.0,100.0,,100.0,0.0,0.0,6.0,6.0,100.0,0.0,0.0,,,-842.0,-758.25,-717.5,-682.75,-639.0,,,,,,,,,,,717.5,842.0,100.0,,100.0,0.0,0.0,0.0,nm_inferred,7.0,100.0,,Annaba Rabah Bitat Airport,36.826781,7.81334
DABC,20.0,20.0,100.0,0.0,0.0,360.0,,899.5,932.5,965.0,1153.75,1642.0000000000002,,,,,,,,,,,965.0,1642.0000000000002,100.0,,100.0,0.0,0.0,22.0,22.0,100.0,0.0,0.0,,,-1762.9,-1483.0,-1023.5,-859.25,-805.0,,,,,,,,,,,1023.5,1762.9,100.0,,95.45454545454545,4.545454545454546,0.0,0.0,nm_inferred,22.0,100.0,,Mohamed Boudiaf International Airport,36.276001,6.62039
DABT,2.0,2.0,100.0,0.0,0.0,600.0,,1158.5,1268.75,1452.5,1636.25,1746.5,,,,,,,,,,,1452.5,1746.5,100.0,,100.0,0.0,0.0,2.0,2.0,100.0,0.0,0.0,,,-1778.5,-1641.25,-1412.5,-1183.75,-1046.5,,,,,,,,,,,1412.5,1778.5,100.0,,100.0,0.0,0.0,0.0,nm_inferred,2.0,100.0,,Batna Mostefa Ben Boulaid Airport,35.752102,6.30859
DAOF,1.0,0.0,0.0,0.0,0.0,600.0,,,,,,,,,,,,,,,,,,,,,0.0,0.0,0.0,1.0,0.0,0.0,0.0,0.0,,,,,,,,,,,,,,,,,,,,,,0.0,0.0,0.0,0.0,nm_inferred,1.0,0.0,,Tindouf Airport,27.7003993988,-8.167099952700001
DAOI,2.0,2.0,100.0,0.0,0.0,450.0,,499.2,505.5,516.0,526.5,532.8,,,,,,,,,,,516.0,532.8,100.0,,100.0,0.0,0.0,2.0,2.0,100.0,0.0,0.0,,,-569.9,-562.25,-549.5,-536.75,-529.1,,,,,,,,,,,549.5,569.9,100.0,,100.0,0.0,0.0,0.0,nm_inferred,2.0,100.0,,Chlef Aboubakr Belkaid International Airport,36.216614,1.341114
DAON,4.0,4.0,100.0,0.0,0.0,480.0,,186.5,188.75,317.5,453.75,469.5,,,,,,,,,,,317.5,469.5,100.0,,100.0,0.0,0.0,4.0,4.0,100.0,0.0,0.0,,,-424.4,-230.0,-107.0,-75.0,-44.39999999999999,,,,,,,,,,,107.0,424.4000000000001,100.0,,100.0,0.0,0.0,0.0,nm_inferred,4.0,100.0,,Zenata – Messali El Hadj Airport,35.012732,-1.457117
DAOO,44.0,44.0,100.0,0.0,0.0,480.0,,23.9,99.75,138.0,359.0,3119.000000000011,,,,,,,,,,,138.0,3119.000000000011,95.45454545454545,,88.63636363636364,11.363636363636363,0.0,44.0,44.0,100.0,0.0,0.0,,,-3488.800000000001,-254.25,-193.0,-118.25,171.40000000000003,,,,,,,,,,,197.0,3488.800000000012,79.54545454545455,,86.36363636363636,13.636363636363637,0.0,0.0,nm_inferred,44.0,100.0,,Oran Es-Sénia (Ahmed Ben Bella) International Airport,35.620648,-0.622486
DAUB,2.0,2.0,100.0,0.0,0.0,0.0,,1631.0,1700.0,1815.0,1930.0,1999.0,,,,,,,,,,,1815.0,1999.0,100.0,,100.0,0.0,0.0,2.0,2.0,100.0,0.0,0.0,,,-2284.2,-2179.5,-2005.0,-1830.5,-1725.8,,,,,,,,,,,2005.0,2284.2,100.0,,100.0,0.0,0.0,0.0,nm_inferred,2.0,100.0,,Biskra - Mohamed Khider Airport,34.79318,5.738899
DAUG,1.0,0.0,0.0,0.0,0.0,600.0,,,,,,,,,,,,,,,,,,,,,0.0,0.0,0.0,,,,,,,,,,,,,,,,,,,,,,,,,,,,,,0.0,nm_inferred,1.0,0.0,,Noumérat - Moufdi Zakaria Airport,32.384102,3.79411
DBBB,3.0,3.0,100.0,0.0,0.0,600.0,,13405.0,13634.5,14017.0,14346.5,14544.2,,,,,,,,,,,14017.0,14544.2,100.0,,100.0,0.0,0.0,5.0,5.0,100.0,0.0,0.0,,,-14540.4,-14052.0,-13835.0,-13037.0,-12878.6,,,,,,,,,,,13835.0,14540.4,100.0,,100.0,0.0,0.0,0.0,nm_inferred,5.0,100.0,,,,
DFFD,7.0,4.0,57.142857142857146,0.0,0.0,600.0,,12833.2,13226.5,13617.0,14560.75,15949.900000000001,,,,,,,,,,,13617.0,15949.900000000001,100.0,,57.142857142857146,0.0,0.0,7.0,7.0,100.0,0.0,0.0,,,-13496.8,-13105.0,-12389.0,-10925.0,-9666.0,,,,,,,,,,,12389.0,13496.800000000001,100.0,,85.71428571428571,14.285714285714286,0.0,0.0,nm_inferred,7.0,78.57142857142857,,,,
DGAA,17.0,15.0,88.23529411764706,0.0,0.0,600.0,,14169.2,14410.0,14955.0,15470.0,16503.0,,,,,,,,,,,14955.0,16503.0,100.0,,88.23529411764706,0.0,0.0,21.0,20.0,95.23809523809524,0.0,0.0,,,-17764.3,-15554.5,-14974.5,-14653.25,-13902.2,,,,,,,,,,,14974.5,17764.3,100.0,,95.23809523809524,0.0,0.0,0.0,nm_inferred,21.0,91.73669467787116,,,,
DIAP,18.0,13.0,72.22222222222223,0.0,0.0,600.0,,12746.8,13078.0,13590.0,14689.0,16210.6,,,,,,,,,,,13590.0,16210.6,100.0,,72.22222222222223,0.0,0.0,21.0,19.0,90.47619047619048,0.0,0.0,,,-16177.4,-15201.0,-13740.0,-13074.5,-12854.0,,,,,,,,,,,13740.0,16177.4,100.0,,90.47619047619048,0.0,0.0,0.0,nm_inferred,21.0,81.34920634920636,,,,
DNAA,12.0,10.0,83.33333333333333,0.0,0.0,600.0,,12582.3,12894.75,13148.5,13746.5,14011.199999999999,,,,,,,,,,,13148.5,14011.199999999999,100.0,,83.33333333333333,0.0,0.0,13.0,12.0,92.3076923076923,0.0,0.0,,,-13940.3,-13529.75,-13186.5,-12953.5,-12265.9,,,,,,,,,,,13186.5,13940.3,100.0,,76.92307692307692,15.384615384615385,0.0,0.0,nm_inferred,13.0,87.82051282051282,,,,
DNMM,26.0,23.0,88.46153846153847,0.0,0.0,600.0,,13474.2,14142.0,14575.0,15057.5,15321.4,,,,,,,,,,,14575.0,15321.4,100.0,,84.61538461538461,3.8461538461538463,0.0,28.0,24.0,85.71428571428571,0.0,0.0,,,-14820.5,-14540.0,-14121.0,-13742.75,-12985.5,,,,,,,,,,,14121.0,14820.5,100.0,,85.71428571428571,0.0,0.0,0.0,nm_inferred,28.0,87.08791208791209,,,,
DNPO,,,,,,,,,,,,,,,,,,,,,,,,,,,,,,1.0,1.0,100.0,0.0,0.0,,,-14671.0,-14671.0,-14671.0,-14671.0,-14671.0,,,,,,,,,,,14671.0,14671.0,100.0,,100.0,0.0,0.0,0.0,nm_inferred,1.0,100.0,,,,
DRRN,4.0,2.0,50.0,0.0,0.0,600.0,,10409.1,10445.25,10505.5,10565.75,10601.9,,,,,,,,,,,10505.5,10601.9,100.0,,50.0,0.0,0.0,5.0,3.0,60.0,0.0,0.0,,,-13782.4,-12682.0,-10848.0,-10621.5,-10485.6,,,,,,,,,,,10848.0,13782.4,100.0,,60.0,0.0,0.0,0.0,nm_inferred,5.0,55.0,,,,
DTMB,74.0,74.0,100.0,0.0,0.0,900.0,,55.0,413.75,642.5,1216.25,1343.5,,,,,,,,,,,642.5,1343.5,97.29729729729729,,91.89189189189189,8.108108108108109,0.0,77.0,76.0,98.7012987012987,0.0,0.0,,,-1509.0,-1062.25,-773.0,-583.5,-232.0,,,,,,,,,,,773.0,1509.0,92.10526315789474,,88.31168831168831,10.38961038961039,0.0,0.0,nm_inferred,77.0,99.35064935064935,,Monastir Habib Bourguiba International Airport,35.75809860229492,10.75469970703125
DTNH,49.0,49.0,100.0,0.0,0.0,480.0,,-590.0,-285.0,-115.0,50.0,73.00000000000004,,,,,,,,,,,210.0,703.0,46.93877551020408,,93.87755102040816,6.122448979591836,0.0,48.0,48.0,100.0,0.0,0.0,,,-1292.8,-1009.75,256.0,367.75,510.3,,,,,,,,,,,489.5,1292.8000000000002,35.416666666666664,,64.58333333333333,35.416666666666664,0.0,0.0,nm_inferred,49.0,100.0,,Enfidha - Hammamet International Airport,36.075833,10.438611
DTTA,197.0,197.0,100.0,0.0,0.0,600.0,,278.0,505.0,650.0,1055.0,1195.0,,,,,,,,,,,650.0,1195.0,96.95431472081218,,94.41624365482234,5.0761421319796955,0.5076142131979695,192.0,192.0,100.0,0.0,0.0,,,-1271.5,-813.25,-566.0,-311.25,-36.0,,,,,,,,,,,583.0,1271.5000000000002,90.625,,92.70833333333333,7.291666666666667,0.0,0.0,nm_inferred,197.0,100.0,,Tunis Carthage International Airport,36.851002,10.2272
DTTF,1.0,1.0,100.0,0.0,0.0,0.0,,1010.0,1010.0,1010.0,1010.0,1010.0,,,,,,,,,,,1010.0,1010.0,100.0,,100.0,0.0,0.0,1.0,1.0,100.0,0.0,0.0,,,-911.0,-911.0,-911.0,-911.0,-911.0,,,,,,,,,,,911.0,911.0,100.0,,100.0,0.0,0.0,0.0,nm_inferred,1.0,100.0,,Gafsa Ksar International Airport,34.422000885009766,8.822500228881836
DTTJ,83.0,83.0,100.0,0.0,0.0,600.0,,-370.99999999999994,42.5,395.0,720.0,2496.0,,,,,,,,,,,515.0,2496.0,84.33734939759036,,84.33734939759036,15.662650602409638,0.0,86.0,86.0,100.0,0.0,0.0,,,-2462.5,-2316.25,-580.5,273.75,492.5,,,,,,,,,,,594.0,2462.5,68.6046511627907,,82.55813953488372,17.441860465116278,0.0,0.0,nm_inferred,86.0,100.0,,Djerba Zarzis International Airport,33.873719,10.7773
DTTX,2.0,2.0,100.0,0.0,0.0,600.0,,-455.5,-418.75,-357.5,-296.25,-259.5,,,,,,,,,,,357.5,455.5,0.0,,100.0,0.0,0.0,2.0,2.0,100.0,0.0,0.0,,,270.7,319.75,401.5,483.25,532.3,,,,,,,,,,,401.5,532.3,0.0,,100.0,0.0,0.0,0.0,nm_inferred,2.0,100.0,,Sfax Thyna International Airport,34.717999,10.691
DTTZ,1.0,1.0,100.0,0.0,0.0,600.0,,2315.0,2315.0,2315.0,2315.0,2315.0,,,,,,,,,,,2315.0,2315.0,100.0,,100.0,0.0,0.0,1.0,1.0,100.0,0.0,0.0,,,-2262.0,-2262.0,-2262.0,-2262.0,-2262.0,,,,,,,,,,,2262.0,2262.0,100.0,,100.0,0.0,0.0,0.0,nm_inferred,1.0,100.0,,Tozeur Nefta International Airport,33.939701080322266,8.110560417175293
DXXX,3.0,3.0,100.0,0.0,0.0,600.0,,13351.8,13498.5,13743.0,14580.5,15083.0,,,,,,,,,,,13743.0,15083.0,100.0,,100.0,0.0,0.0,1.0,1.0,100.0,0.0,0.0,,,-13918.0,-13918.0,-13918.0,-13918.0,-13918.0,,,,,,,,,,,13918.0,13918.0,100.0,,100.0,0.0,0.0,0.0,nm_inferred,3.0,100.0,,,,
EBAW,18.0,18.0,100.0,0.0,0.0,300.0,,-307.0,-155.0,-80.0,-7.5,26.500000000000004,,,,,,,,,,,90.0,660.0000000000006,27.77777777777778,,94.44444444444444,5.555555555555555,0.0,22.0,22.0,100.0,0.0,0.0,,,315.0,360.25,437.5,473.75,484.5,,,,,,,,,,,437.5,484.5,0.0,,86.36363636363636,4.545454545454546,9.090909090909092,0.0,nm_inferred,22.0,100.0,,Antwerp International Airport (Deurne),51.190667,4.463153
EBBR,843.0,843.0,100.0,0.0,100.0,660.0,5.0,-1195.0,-920.0,-715.0,-570.0,-310.99999999999966,0.534074074074074,0.9654820261437909,1.0,1.0,1.0,0.9444444444444444,1.0,1.0,1.0,1.0,770.0,1758.0000000000007,8.303677342823251,89.79833926453144,88.61209964412811,10.913404507710558,0.4744958481613286,802.0,799.0,99.62593516209476,0.0,99.75062344139651,300.0,5.0,485.0,580.0,670.0,770.0,956.0000000000002,1.0,1.0,1.0,1.0,1.0,1.0,1.0,1.0,1.0,1.0,690.0,1260.0000000000023,5.506883604505632,99.3734335839599,88.02992518703242,11.221945137157107,0.3740648379052369,100.0,apdf,843.0,99.81296758104739,0.9981296758104738,Brussels Airport,50.901402,4.48444
EBCI,325.0,325.0,100.0,0.0,0.0,900.0,,20.0,30.0,45.0,65.0,331.00000000000534,,,,,,,,,,,45.0,497.00000000000273,99.6923076923077,,85.84615384615384,12.923076923076923,1.2307692307692308,325.0,324.0,99.6923076923077,0.0,0.0,,,15.000000000000043,259.75,275.0,290.0,300.0,,,,,,,,,,,280.0,323.49999999999994,9.567901234567902,,82.15384615384616,16.615384615384617,0.9230769230769231,0.0,nm_inferred,325.0,99.84615384615384,,Brussels South Charleroi Airport,50.461963,4.459562
EBKT,9.0,9.0,100.0,0.0,0.0,900.0,,13.0,25.0,40.0,40.0,55.0,,,,,,,,,,,40.0,55.0,100.0,,100.0,0.0,0.0,11.0,11.0,100.0,0.0,0.0,,,55.0,247.5,265.0,277.5,305.0,,,,,,,,,,,265.0,305.0,9.090909090909092,,100.0,0.0,0.0,0.0,nm_inferred,11.0,100.0,,Kortrijk-Wevelgem International Airport,50.818878,3.209551
EBLG,105.0,105.0,100.0,0.0,0.0,900.0,,30.0,40.0,60.0,80.0,103.00000000000004,,,,,,,,,,,60.0,103.00000000000004,100.0,,72.38095238095238,26.666666666666668,0.9523809523809523,88.0,86.0,97.72727272727273,0.0,0.0,,,-2332.5,259.5,285.5,300.0,327.5,,,,,,,,,,,298.0,2332.5,16.27906976744186,,52.27272727272727,43.18181818181818,2.272727272727273,0.0,nm_inferred,105.0,98.86363636363637,,Liège Airport,50.638574,5.443897
EBMB,1.0,0.0,0.0,0.0,0.0,360.0,,,,,,,,,,,,,,,,,,,,,0.0,0.0,0.0,1.0,1.0,100.0,0.0,0.0,,,1305.0,1305.0,1305.0,1305.0,1305.0,,,,,,,,,,,1305.0,1305.0,0.0,,100.0,0.0,0.0,0.0,nm_inferred,1.0,50.0,,Melsbroek Air Base,50.913419,4.491005
EBOS,19.0,19.0,100.0,0.0,0.0,900.0,,38.0,40.0,60.0,80.0,1719.9999999999993,,,,,,,,,,,60.0,1719.9999999999993,100.0,,78.94736842105263,21.05263157894737,0.0,20.0,20.0,100.0,0.0,0.0,,,43.000000000000014,178.75,207.5,221.25,250.5,,,,,,,,,,,212.5,259.00000000000006,10.0,,85.0,15.0,0.0,0.0,nm_inferred,20.0,100.0,,Ostend-Bruges International Airport,51.1998,2.874673
EBSP,1.0,1.0,100.0,0.0,0.0,900.0,,320.0,320.0,320.0,320.0,320.0,,,,,,,,,,,320.0,320.0,100.0,,100.0,0.0,0.0,,,,,,,,,,,,,,,,,,,,,,,,,,,,,,0.0,nm_inferred,1.0,100.0,,Spa-La Sauvenière Airfield,50.482006,5.913434
EDAB,1.0,1.0,100.0,0.0,0.0,600.0,,165.0,165.0,165.0,165.0,165.0,,,,,,,,,,,165.0,165.0,100.0,,100.0,0.0,0.0,1.0,1.0,100.0,0.0,0.0,,,527.0,527.0,527.0,527.0,527.0,,,,,,,,,,,527.0,527.0,0.0,,100.0,0.0,0.0,0.0,nm_inferred,1.0,100.0,,Bautzen Airfield,51.193611,14.519722
EDAC,1.0,1.0,100.0,0.0,0.0,600.0,,90.0,90.0,90.0,90.0,90.0,,,,,,,,,,,90.0,90.0,100.0,,100.0,0.0,0.0,1.0,1.0,100.0,0.0,0.0,,,548.0,548.0,548.0,548.0,548.0,,,,,,,,,,,548.0,548.0,0.0,,100.0,0.0,0.0,0.0,nm_inferred,1.0,100.0,,Leipzig–Altenburg Airport,50.981945,12.506389
EDAH,3.0,3.0,100.0,0.0,0.0,480.0,,-35.0,-20.0,5.0,87.5,137.0,,,,,,,,,,,45.0,145.0,66.66666666666667,,100.0,0.0,0.0,2.0,2.0,100.0,0.0,0.0,,,120.5,131.75,150.5,169.25,180.5,,,,,,,,,,,150.5,180.5,0.0,,100.0,0.0,0.0,0.0,nm_inferred,3.0,100.0,,Heringsdorf Airport,53.8787,14.1523
EDAZ,2.0,2.0,100.0,0.0,0.0,600.0,,28.5,33.75,42.5,51.25,56.5,,,,,,,,,,,42.5,56.5,100.0,,100.0,0.0,0.0,3.0,3.0,100.0,0.0,0.0,,,332.6,345.5,367.0,629.5,787.0,,,,,,,,,,,367.0,787.0,0.0,,100.0,0.0,0.0,0.0,nm_inferred,3.0,100.0,,Schönhagen Airfield,52.204631,13.159526
EDDB,774.0,760.0,98.19121447028424,0.0,3.7467700258397936,480.0,230.0,-545.0,-320.0,10.0,45.0,70.0,0.0,0.0,0.031477460927170756,0.4214988058000762,0.8557105553460964,0.0,0.0,0.13068181818181818,0.5841346153846154,0.7937062937062938,70.0,820.0000000000011,53.1578947368421,3.8461538461538463,86.17571059431525,11.11111111111111,0.9043927648578811,788.0,774.0,98.22335025380711,0.0,4.695431472081219,289.0,5.0,-16.399999999999977,279.0,398.0,496.0,592.4000000000001,0.7612318610987897,0.9641041394237273,1.0,1.0,1.0,0.7741258741258742,0.9791666666666666,1.0,1.0,1.0,435.0,666.4000000000001,10.594315245478036,75.0,85.91370558375634,11.421319796954315,0.8883248730964467,4.695431472081219,nm_inferred,788.0,98.20728236204567,0.555205942899065,Berlin Brandenburg Airport,52.361738,13.502341
EDDC,35.0,35.0,100.0,0.0,8.571428571428571,300.0,450.0,-218.0,-165.0,-115.0,-75.0,58.00000000000001,0.03235294117647059,0.08088235294117647,0.16176470588235295,0.1642156862745098,0.16568627450980392,0.13333333333333333,0.14583333333333331,0.16666666666666666,0.1715686274509804,0.17450980392156865,145.0,303.00000000000017,17.142857142857142,0.0,88.57142857142857,11.428571428571429,0.0,36.0,36.0,100.0,0.0,16.666666666666664,240.0,5.0,-1523.5,312.5,379.5,431.75,462.0,1.0,1.0,1.0,1.0,1.0,1.0,1.0,1.0,1.0,1.0,419.5,1523.5,13.88888888888889,100.0,80.55555555555556,19.444444444444443,0.0,16.666666666666664,nm_inferred,36.0,100.0,0.5833333333333334,Dresden Airport,51.134123,13.767831
EDDE,9.0,9.0,100.0,0.0,100.0,660.0,215.0,-630.0,-385.0,-205.0,-205.0,-153.99999999999997,0.2363636363636364,0.3416666666666667,0.6833333333333333,0.7986111111111112,0.8083333333333333,0.2545454545454546,0.35,0.6764705882352942,0.7,0.8166666666666667,205.0,630.0,11.11111111111111,0.0,100.0,0.0,0.0,10.0,10.0,100.0,0.0,100.0,300.0,5.0,481.5,516.25,542.5,562.5,600.5,1.0,1.0,1.0,1.0,1.0,1.0,1.0,1.0,1.0,1.0,542.5,600.5,0.0,100.0,100.0,0.0,0.0,100.0,apdf,10.0,100.0,0.8382352941176471,Erfurt-Weimar Airport,50.978281,10.960713
EDDF,1952.0,1937.0,99.23155737704919,0.0,2.5614754098360657,900.0,353.0,-1025.0,-770.0,-490.0,-285.0,25.0,0.0,0.027335784278109575,0.6355042016806722,0.9189709333501219,1.0,0.0,0.0754985754985755,0.6206896551724138,0.8485714285714285,0.9518181818181818,555.0,1145.0,12.545172947857512,12.76595744680851,85.24590163934427,13.934426229508198,0.05122950819672131,1933.0,1915.0,99.0688049663735,0.0,3.0522503879979306,509.0,5.0,228.8,540.0,685.0,838.5,994.2000000000003,0.5013529209894142,0.9946078431372549,1.0,1.0,1.0,0.6966911764705883,0.95,1.0,1.0,1.0,730.0,1286.8000000000004,8.877284595300262,76.78571428571429,80.28970512157268,18.67563372995344,0.10346611484738748,3.0522503879979306,nm_inferred,1952.0,99.15018117171135,0.803458364667316,Frankfurt Main Airport,50.026706,8.55835
EDDG,62.0,62.0,100.0,0.0,19.35483870967742,300.0,330.0,11.100000000000001,17.5,35.0,58.75,75.0,0.0,0.0,0.0,0.0,0.0,0.0,0.0,0.0,0.0,0.0,35.0,75.0,98.38709677419355,0.0,96.7741935483871,3.225806451612903,0.0,62.0,62.0,100.0,0.0,17.741935483870968,80.0,5.0,88.30000000000004,250.0,276.5,294.5,313.9,0.05376996159288458,0.34088344096808576,0.9794238683127572,1.0,1.0,0.1111111111111111,0.5576923076923077,0.9090909090909091,1.0,1.0,281.0,347.9,6.451612903225806,45.45454545454545,88.70967741935483,9.67741935483871,1.6129032258064515,19.35483870967742,nm_inferred,62.0,100.0,0.45454545454545453,Münster Osnabrück Airport,52.133816,7.688482
EDDH,496.0,491.0,98.99193548387096,0.0,100.0,557.5,76.0,-802.0,-626.5,-453.0,-182.0,-13.0,0.0226928895612708,0.3399512852554205,0.9092872570194385,1.0,1.0,0.1,0.4375,0.8888888888888888,1.0,1.0,482.0,1077.0,6.720977596741344,37.88187372708757,88.70967741935483,9.274193548387096,1.0080645161290323,504.0,499.0,99.0079365079365,0.0,99.8015873015873,308.0,5.0,308.8,480.5,564.0,642.0,724.5999999999999,1.0,1.0,1.0,1.0,1.0,1.0,1.0,1.0,1.0,1.0,582.0,923.2,6.212424849699399,90.56224899598394,86.30952380952381,11.904761904761905,0.7936507936507936,100.0,apdf,504.0,98.99993599590374,0.9349993955168686,Hamburg Helmut Schmidt Airport,53.630402,9.98823
EDDK,419.0,415.0,99.0453460620525,0.0,100.0,697.0,125.0,-965.5999999999999,-708.5,-518.0,-278.5,-26.399999999999977,0.042860434749212695,0.39190395332636707,0.8192771084337349,0.9420047155700504,1.0,0.15789473684210525,0.4478221415607986,0.8275862068965517,0.9444444444444444,1.0,566.0,1179.2,6.506024096385542,23.373493975903614,86.39618138424821,11.933174224343675,0.7159904534606205,417.0,414.0,99.28057553956835,0.0,100.0,359.0,5.0,285.00000000000006,481.25,608.0,722.75,1011.8999999999999,0.8091261006898792,1.0,1.0,1.0,1.0,0.9,1.0,1.0,1.0,1.0,630.0,1840.3999999999992,7.246376811594203,85.99033816425121,84.89208633093526,13.189448441247002,1.1990407673860912,100.0,apdf,419.0,99.16296080081042,0.9061442969729229,Cologne Bonn Airport,50.865898,7.14274
EDDL,679.0,679.0,100.0,0.0,99.70544918998527,667.0,468.0,-621.2,-472.0,6.0,14.0,31.0,0.0,0.0,0.0,0.6849673202614379,0.9591234183018521,0.0,0.0,0.30434782608695654,0.5925925925925926,0.9090909090909091,313.0,797.4000000000003,50.95729013254786,8.27178729689808,90.42709867452136,9.278350515463918,0.29455081001472755,679.0,677.0,99.70544918998527,0.0,99.85272459499264,239.5,5.0,103.80000000000003,295.0,421.0,510.0,592.1999999999999,0.3939205955334988,1.0,1.0,1.0,1.0,0.875,1.0,1.0,1.0,1.0,446.0,997.3999999999995,8.862629246676514,83.87573964497041,86.15611192930781,13.402061855670103,0.14727540500736377,99.85272459499264,apdf,679.0,99.85272459499264,0.6512134212716911,Düsseldorf Airport,51.289501,6.76678
EDDM,1400.0,1395.0,99.64285714285714,0.0,100.0,780.0,600.0,-538.0,-310.0,15.0,45.0,65.0,0.0,0.0,0.0,0.375,0.5967948717948719,0.0,0.0,0.0,0.38762626262626265,0.5588235294117647,85.0,838.0000000000007,56.91756272401434,1.2186379928315412,86.92857142857143,12.428571428571429,0.2857142857142857,1397.0,1390.0,99.49892627057982,0.0,99.85683607730851,360.0,5.0,271.0000000000002,321.25,465.0,585.0,675.5000000000007,0.626851851851852,0.9861111111111112,1.0,1.0,1.0,0.8,1.0,1.0,1.0,1.0,495.0,760.0,5.827338129496403,82.70893371757926,89.19112383679312,10.021474588403722,0.2863278453829635,100.0,apdf,1400.0,99.57089170671847,0.49785445853359234,Munich Airport,48.353802,11.7861
EDDN,192.0,192.0,100.0,0.0,100.0,653.0,115.0,-864.0,-662.25,-495.5,-236.75,2.9000000000000057,0.0,0.3931214044357656,0.8214699632992081,0.9221861339363517,1.0,0.278125,0.4777432712215321,0.8333333333333334,0.9175,1.0,523.0,1102.9000000000003,10.9375,20.833333333333332,89.0625,9.895833333333334,1.0416666666666667,204.0,204.0,100.0,0.0,99.50980392156863,216.0,5.0,239.3,445.0,510.5,579.5,642.4000000000001,1.0,1.0,1.0,1.0,1.0,0.8911111111111111,1.0,1.0,1.0,1.0,528.5,782.3000000000002,6.862745098039215,86.69950738916256,89.2156862745098,9.313725490196079,1.4705882352941178,100.0,apdf,204.0,100.0,0.9166666666666667,Nuremberg Airport,49.498699,11.078056
EDDP,233.0,233.0,100.0,0.0,2.1459227467811157,900.0,20.0,-1004.0,-840.0,-705.0,-595.0,-290.99999999999994,0.5933333333333333,0.8583333333333333,0.9629629629629629,1.0,1.0,0.6100000000000001,0.9,1.0,1.0,1.0,725.0,1395.000000000001,6.008583690987124,60.0,79.39914163090128,20.600858369098713,0.0,218.0,218.0,100.0,0.0,1.834862385321101,330.0,5.0,394.90000000000003,576.0,666.0,765.0,967.3000000000002,1.0,1.0,1.0,1.0,1.0,1.0,1.0,1.0,1.0,1.0,684.5,1471.5000000000007,7.339449541284404,100.0,78.89908256880734,21.10091743119266,0.0,2.1459227467811157,nm_inferred,233.0,100.0,1.0,Leipzig/Halle Airport,51.420657,12.232705
EDDR,17.0,17.0,100.0,0.0,100.0,264.0,270.0,12.6,17.0,35.0,60.0,67.0,0.0,0.0,0.0,0.0,0.0,0.0,0.0,0.0,0.0,0.0,35.0,67.0,100.0,0.0,88.23529411764706,5.882352941176471,5.882352941176471,18.0,18.0,100.0,0.0,100.0,300.5,76.5,-549.3999999999996,41.25,226.5,261.0,273.9,0.0,0.13076923076923078,0.7279360424521715,0.8635416666666667,1.0,0.0,0.6282051282051282,0.75,0.89375,1.0,249.5,707.600000000001,27.77777777777778,22.22222222222222,83.33333333333333,11.11111111111111,5.555555555555555,100.0,apdf,18.0,100.0,0.375,Saarbrücken Airport,49.214545,7.109735
EDDS,373.0,368.0,98.65951742627345,0.0,100.0,700.0,10.0,-1556.3999999999999,-925.0,-718.5,-530.5,414.5000000000004,0.0,0.8902636644116732,0.9869175351232953,1.0,1.0,0.8947368421052632,0.9411764705882353,1.0,1.0,1.0,745.0,1835.2000000000003,12.5,73.3695652173913,84.71849865951742,12.868632707774799,1.0723860589812333,383.0,378.0,98.69451697127937,0.0,100.0,317.0,5.0,-705.6999999999999,491.0,597.5,721.0,852.9000000000001,0.0,1.0,1.0,1.0,1.0,1.0,1.0,1.0,1.0,1.0,647.0,1073.8000000000002,13.756613756613756,92.32804232804233,81.20104438642298,16.449086161879894,1.0443864229765014,100.0,apdf,383.0,98.67701719877641,0.9867701719877641,Stuttgart Airport,48.689899,9.22196
EDDV,210.0,210.0,100.0,0.0,100.0,626.5,146.0,-835.1,-660.0,-450.5,-11.0,7.099999999999994,0.0,0.022134251804139082,0.8367106821534689,0.9658647341564578,1.0,0.0,0.1294642857142857,0.75,0.9473684210526315,1.0,501.5,950.3,19.047619047619047,24.761904761904763,90.0,9.047619047619047,0.9523809523809523,210.0,209.0,99.52380952380952,0.0,100.0,325.0,5.0,277.0,419.0,552.0,715.0,826.2,0.6394525392149978,1.0,1.0,1.0,1.0,0.875,1.0,1.0,1.0,1.0,586.0,913.8000000000006,7.177033492822966,83.2535885167464,86.66666666666667,10.952380952380953,1.9047619047619047,100.0,apdf,210.0,99.76190476190476,0.8729166666666667,Hannover Airport,52.461102,9.68508
EDDW,77.0,75.0,97.40259740259741,0.0,94.8051948051948,523.0,464.0,-162.79999999999998,-98.5,-38.0,4.0,18.200000000000145,0.0,0.0,0.084070796460177,0.17480287569573283,0.2450592885375494,0.0,0.0,0.13333333333333333,0.2361111111111111,0.3103448275862069,61.0,250.40000000000003,33.333333333333336,0.0,88.31168831168831,9.090909090909092,0.0,75.0,72.0,96.0,0.0,98.66666666666667,244.0,5.0,126.60000000000001,272.0,281.5,300.25,378.3999999999999,0.33,0.856043298019346,1.0,1.0,1.0,0.625,0.8888888888888888,1.0,1.0,1.0,283.0,462.3,5.555555555555555,63.38028169014085,88.0,8.0,0.0,98.66666666666667,apdf,77.0,96.7012987012987,0.547974025974026,Bremen Airport,53.046786,8.78932
EDFE,1.0,1.0,100.0,0.0,0.0,180.0,,10.0,10.0,10.0,10.0,10.0,,,,,,,,,,,10.0,10.0,100.0,,100.0,0.0,0.0,3.0,3.0,100.0,0.0,0.0,,,-29.599999999999994,43.0,164.0,276.0,343.2,,,,,,,,,,,164.0,343.2,33.333333333333336,,100.0,0.0,0.0,0.0,nm_inferred,3.0,100.0,,Frankfurt-Egelsbach Airport,49.96,8.643043
EDFH,81.0,78.0,96.29629629629629,0.0,0.0,600.0,,55.0,65.0,80.0,100.0,1526.9999999999998,,,,,,,,,,,80.0,1526.9999999999998,100.0,,76.54320987654322,19.753086419753085,0.0,80.0,79.0,98.75,0.0,0.0,,,-1862.6,175.5,202.0,214.0,225.2,,,,,,,,,,,209.0,1862.6000000000001,18.9873417721519,,73.75,25.0,0.0,0.0,nm_inferred,81.0,97.52314814814815,,Frankfurt-Hahn Airport,49.946353,7.261734
EDFM,4.0,2.0,50.0,0.0,0.0,300.0,,-196.0,-175.0,-140.0,-105.0,-84.0,,,,,,,,,,,140.0,196.0,0.0,,50.0,0.0,0.0,5.0,3.0,60.0,0.0,0.0,,,407.8,424.0,451.0,542.0,596.6,,,,,,,,,,,451.0,596.6,0.0,,60.0,0.0,0.0,0.0,nm_inferred,5.0,55.0,,Mannheim-City Airport,49.473057,8.514167
EDGE,,,,,,,,,,,,,,,,,,,,,,,,,,,,,,1.0,1.0,100.0,0.0,0.0,,,-105.0,-105.0,-105.0,-105.0,-105.0,,,,,,,,,,,105.0,105.0,100.0,,100.0,0.0,0.0,0.0,nm_inferred,1.0,100.0,,Eisenach-Kindel Airport,50.991604,10.47973
EDGS,5.0,4.0,80.0,0.0,0.0,300.0,,-556.5,-356.25,-245.0,-167.5,-27.999999999999943,,,,,,,,,,,245.0,556.5000000000001,25.0,,40.0,20.0,20.0,3.0,2.0,66.66666666666667,0.0,0.0,,,-1413.9,-848.25,94.5,1037.25,1602.9,,,,,,,,,,,1885.5,1961.1,50.0,,0.0,33.333333333333336,33.333333333333336,0.0,nm_inferred,5.0,73.33333333333334,,Siegerland Airport,50.707699,8.08297
EDHI,3.0,3.0,100.0,0.0,0.0,600.0,,-3579.0,-3480.0,-3315.0,-3195.0,-3123.0,,,,,,,,,,,3315.0,3579.0,0.0,,100.0,0.0,0.0,2.0,2.0,100.0,0.0,0.0,,,390.8,441.5,526.0,610.5,661.2,,,,,,,,,,,526.0,661.2,0.0,,100.0,0.0,0.0,0.0,nm_inferred,3.0,100.0,,Hamburg-Finkenwerder Airport,53.535278,9.835556
EDHL,7.0,7.0,100.0,0.0,0.0,720.0,,4.000000000000002,12.5,45.0,990.0,2594.0000000000005,,,,,,,,,,,45.0,2594.0000000000005,85.71428571428571,,71.42857142857143,28.571428571428573,0.0,8.0,8.0,100.0,0.0,0.0,,,-462.2,-62.75,156.0,235.5,282.9,,,,,,,,,,,246.0,462.2,25.0,,87.5,12.5,0.0,0.0,nm_inferred,8.0,100.0,,Lübeck Blankensee Airport,53.805401,10.7192
EDJA,103.0,103.0,100.0,0.0,0.0,900.0,,-13.999999999999995,1.0,15.0,170.0,408.0,,,,,,,,,,,20.0,408.0,80.58252427184466,,69.90291262135922,30.097087378640776,0.0,104.0,104.0,100.0,0.0,0.0,,,214.60000000000005,274.0,287.0,299.25,305.0,,,,,,,,,,,290.5,350.6,8.653846153846153,,87.5,12.5,0.0,0.0,nm_inferred,104.0,100.0,,Memmingen Allgau Airport,47.988092,10.238248
EDLN,5.0,5.0,100.0,0.0,0.0,600.0,,-60.0,-60.0,-5.0,35.0,74.0,,,,,,,,,,,60.0,84.0,40.0,,80.0,20.0,0.0,3.0,3.0,100.0,0.0,0.0,,,300.2,321.5,357.0,395.0,417.8,,,,,,,,,,,357.0,417.8,0.0,,100.0,0.0,0.0,0.0,nm_inferred,5.0,100.0,,Mönchengladbach Airport,51.230278,6.504444
EDLP,32.0,30.0,93.75,0.0,0.0,480.0,,-89.7999999999999,5.5,20.0,33.75,62.40000000000002,,,,,,,,,,,26.0,362.30000000000007,76.66666666666667,,87.5,6.25,0.0,30.0,30.0,100.0,0.0,0.0,,,-766.1999999999994,281.25,426.5,526.0,598.7,,,,,,,,,,,472.5,827.4000000000024,13.333333333333334,,76.66666666666667,20.0,3.3333333333333335,0.0,nm_inferred,32.0,96.875,,Paderborn Lippstadt Airport,51.612527,8.617459
EDLV,74.0,74.0,100.0,0.0,0.0,660.0,,-70.0,-60.0,-20.0,17.25,24.400000000000006,,,,,,,,,,,31.0,75.0,41.891891891891895,,93.24324324324324,6.756756756756757,0.0,72.0,72.0,100.0,0.0,0.0,,,260.0,276.75,297.0,377.75,471.29999999999995,,,,,,,,,,,302.0,559.9,6.944444444444445,,87.5,12.5,0.0,0.0,nm_inferred,74.0,100.0,,Weeze (Niederrhein) Airport,51.601362,6.141228
EDLW,88.0,88.0,100.0,0.0,0.0,720.0,,-914.9999999999999,-730.0,-606.5,-517.25,-299.4,,,,,,,,,,,617.5,985.0,4.545454545454546,,87.5,10.227272727272727,2.272727272727273,88.0,88.0,100.0,0.0,0.0,,,497.00000000000006,561.75,644.5,725.5,859.3999999999999,,,,,,,,,,,656.5,895.6,4.545454545454546,,87.5,10.227272727272727,2.272727272727273,0.0,nm_inferred,88.0,100.0,,Dortmund Airport,51.518299,7.61224
EDMA,5.0,5.0,100.0,0.0,0.0,120.0,,-3.0,0.0,5.0,85.0,715.0000000000001,,,,,,,,,,,5.0,715.0000000000001,80.0,,80.0,20.0,0.0,8.0,7.0,87.5,0.0,0.0,,,248.2,258.0,272.0,276.0,398.8000000000001,,,,,,,,,,,272.0,398.8000000000001,0.0,,62.5,12.5,12.5,0.0,nm_inferred,8.0,93.75,,Augsburg Airport,48.425278,10.931667
EDMO,14.0,14.0,100.0,0.0,0.0,300.0,,12.4,20.0,37.5,95.0,170.50000000000006,,,,,,,,,,,37.5,170.50000000000006,100.0,,92.85714285714286,7.142857142857143,0.0,14.0,14.0,100.0,0.0,0.0,,,228.3,280.75,292.5,304.75,306.4,,,,,,,,,,,296.0,536.6000000000004,7.142857142857143,,92.85714285714286,7.142857142857143,0.0,0.0,nm_inferred,14.0,100.0,,Oberpfaffenhofen Airport,48.081402,11.2831
EDMV,3.0,3.0,100.0,0.0,0.0,300.0,,249.2,428.0,726.0,816.0,870.0,,,,,,,,,,,726.0,870.0,100.0,,100.0,0.0,0.0,4.0,4.0,100.0,0.0,0.0,,,152.5,172.75,199.5,250.5,314.40000000000003,,,,,,,,,,,199.5,314.40000000000003,0.0,,100.0,0.0,0.0,0.0,nm_inferred,4.0,100.0,,Vilshofen Airfield,48.634998,13.195556
EDNY,10.0,10.0,100.0,0.0,0.0,300.0,,-2376.0,-902.5,-430.0,-207.5,-76.50000000000028,,,,,,,,,,,457.5,2375.999999999998,10.0,,90.0,10.0,0.0,10.0,10.0,100.0,0.0,0.0,,,367.2,592.5,677.0,1506.0,2530.8999999999996,,,,,,,,,,,677.0,2530.8999999999996,0.0,,80.0,20.0,0.0,0.0,nm_inferred,10.0,100.0,,Bodensee Airport Friedrichshafen,47.671299,9.51149
EDQG,2.0,2.0,100.0,0.0,0.0,600.0,,19.0,25.0,35.0,45.0,51.0,,,,,,,,,,,35.0,51.0,100.0,,100.0,0.0,0.0,2.0,2.0,100.0,0.0,0.0,,,295.5,296.25,297.5,298.75,299.5,,,,,,,,,,,297.5,299.5,0.0,,100.0,0.0,0.0,0.0,nm_inferred,2.0,100.0,,Giebelstadt Airport,49.6480560303,9.966388702390002
EDQM,2.0,2.0,100.0,0.0,0.0,300.0,,223.0,557.5,1115.0,1672.5,2007.0,,,,,,,,,,,1115.0,2007.0,100.0,,50.0,50.0,0.0,1.0,1.0,100.0,0.0,0.0,,,227.0,227.0,227.0,227.0,227.0,,,,,,,,,,,227.0,227.0,0.0,,100.0,0.0,0.0,0.0,nm_inferred,2.0,100.0,,Hof-Plauen Airport,50.288544,11.852876
EDRK,1.0,1.0,100.0,0.0,0.0,300.0,,195.0,195.0,195.0,195.0,195.0,,,,,,,,,,,195.0,195.0,100.0,,100.0,0.0,0.0,1.0,1.0,100.0,0.0,0.0,,,203.0,203.0,203.0,203.0,203.0,,,,,,,,,,,203.0,203.0,0.0,,100.0,0.0,0.0,0.0,nm_inferred,1.0,100.0,,Koblenz-Winningen Airfield,50.325558,7.528611
EDRY,4.0,4.0,100.0,0.0,0.0,300.0,,85.5,123.75,152.5,188.75,240.50000000000003,,,,,,,,,,,152.5,240.50000000000003,100.0,,100.0,0.0,0.0,6.0,6.0,100.0,0.0,0.0,,,270.5,276.25,366.5,520.5,1156.0,,,,,,,,,,,366.5,1156.0,0.0,,100.0,0.0,0.0,0.0,nm_inferred,6.0,100.0,,Speyer Airfield,49.304722,8.451389
EDRZ,2.0,2.0,100.0,0.0,0.0,600.0,,65.0,65.0,65.0,65.0,65.0,,,,,,,,,,,65.0,65.0,100.0,,100.0,0.0,0.0,1.0,1.0,100.0,0.0,0.0,,,123.0,123.0,123.0,123.0,123.0,,,,,,,,,,,123.0,123.0,0.0,,100.0,0.0,0.0,0.0,nm_inferred,2.0,100.0,,Zweibrücken Airport,49.2094,7.40056
EDSB,80.0,78.0,97.5,0.0,0.0,780.0,,0.10000000000000053,13.0,18.5,30.0,332.7,,,,,,,,,,,19.0,347.9999999999999,89.74358974358974,,87.5,8.75,1.25,85.0,83.0,97.6470588235294,0.0,0.0,,,-55.39999999999982,218.0,256.0,269.5,284.0,,,,,,,,,,,260.0,584.799999999999,10.843373493975903,,78.82352941176471,16.470588235294116,2.3529411764705883,0.0,nm_inferred,85.0,97.5735294117647,,Karlsruhe Baden-Baden Airport,48.7794,8.0805
EDTD,1.0,1.0,100.0,0.0,0.0,300.0,,1475.0,1475.0,1475.0,1475.0,1475.0,,,,,,,,,,,1475.0,1475.0,100.0,,0.0,100.0,0.0,1.0,1.0,100.0,0.0,0.0,,,674.0,674.0,674.0,674.0,674.0,,,,,,,,,,,674.0,674.0,0.0,,100.0,0.0,0.0,0.0,nm_inferred,1.0,100.0,,Donaueschingen-Villingen Airfield,47.973331,8.522222
EDTF,1.0,1.0,100.0,0.0,0.0,300.0,,25.0,25.0,25.0,25.0,25.0,,,,,,,,,,,25.0,25.0,100.0,,100.0,0.0,0.0,2.0,2.0,100.0,0.0,0.0,,,89.5,129.25,195.5,261.75,301.5,,,,,,,,,,,195.5,301.5,0.0,,50.0,50.0,0.0,0.0,nm_inferred,2.0,100.0,,Freiburg im Breisgau Airfield,48.022778,7.8325
EDTL,2.0,1.0,50.0,0.0,0.0,360.0,,-21.0,-21.0,-21.0,-21.0,-21.0,,,,,,,,,,,21.0,21.0,0.0,,50.0,0.0,0.0,2.0,1.0,50.0,0.0,0.0,,,362.0,362.0,362.0,362.0,362.0,,,,,,,,,,,362.0,362.0,0.0,,50.0,0.0,0.0,0.0,nm_inferred,2.0,50.0,,Lahr Airport,48.369301,7.82772
EDTM,1.0,1.0,100.0,0.0,0.0,300.0,,-780.0,-780.0,-780.0,-780.0,-780.0,,,,,,,,,,,780.0,780.0,0.0,,100.0,0.0,0.0,1.0,1.0,100.0,0.0,0.0,,,652.0,652.0,652.0,652.0,652.0,,,,,,,,,,,652.0,652.0,0.0,,100.0,0.0,0.0,0.0,nm_inferred,1.0,100.0,,Mengen-Hohentengen Airfield,48.05389,9.372778
EDTY,4.0,3.0,75.0,0.0,0.0,450.0,,5.8,7.0,9.0,27.0,37.800000000000004,,,,,,,,,,,9.0,37.800000000000004,100.0,,75.0,0.0,0.0,4.0,3.0,75.0,0.0,0.0,,,-633.4,-304.0,245.0,309.5,348.2,,,,,,,,,,,374.0,757.2,33.333333333333336,,50.0,25.0,0.0,0.0,nm_inferred,4.0,75.0,,Adolf Würth Airport,49.118332,9.783889
EDVE,7.0,7.0,100.0,0.0,0.0,180.0,,-30.0,-17.5,15.0,22.5,34.0,,,,,,,,,,,30.0,34.0,57.142857142857146,,100.0,0.0,0.0,7.0,7.0,100.0,0.0,0.0,,,344.20000000000005,458.5,471.0,492.5,500.0,,,,,,,,,,,471.0,500.0,0.0,,100.0,0.0,0.0,0.0,nm_inferred,7.0,100.0,,Braunschweig-Wolfsburg Airport,52.319199,10.5561
EDVK,4.0,4.0,100.0,0.0,0.0,300.0,,-33.5,-31.25,5.0,48.75,64.5,,,,,,,,,,,37.5,64.5,50.0,,100.0,0.0,0.0,5.0,4.0,80.0,0.0,0.0,,,228.7,232.75,244.5,255.0,256.8,,,,,,,,,,,244.5,256.8,0.0,,80.0,0.0,0.0,0.0,nm_inferred,5.0,90.0,,Kassel Airport,51.418395,9.391638
EDWE,1.0,1.0,100.0,0.0,0.0,600.0,,15.0,15.0,15.0,15.0,15.0,,,,,,,,,,,15.0,15.0,100.0,,100.0,0.0,0.0,,,,,,,,,,,,,,,,,,,,,,,,,,,,,,0.0,nm_inferred,1.0,100.0,,Emden Airport,53.391109,7.2275
EDWQ,1.0,0.0,0.0,0.0,0.0,600.0,,,,,,,,,,,,,,,,,,,,,0.0,0.0,0.0,1.0,1.0,100.0,0.0,0.0,,,168.0,168.0,168.0,168.0,168.0,,,,,,,,,,,168.0,168.0,0.0,,100.0,0.0,0.0,0.0,nm_inferred,1.0,50.0,,Ganderkesee Atlas Airfield,53.03611,8.505556
EDXW,22.0,21.0,95.45454545454545,0.0,0.0,300.0,,-40.0,-20.0,5.0,25.0,35.0,,,,,,,,,,,25.0,405.0,57.142857142857146,,81.81818181818181,9.090909090909092,4.545454545454546,21.0,20.0,95.23809523809524,0.0,0.0,,,199.20000000000002,250.75,278.0,305.0,462.6,,,,,,,,,,,285.0,781.6000000000042,5.0,,85.71428571428571,4.761904761904762,4.761904761904762,0.0,nm_inferred,22.0,95.34632034632034,,Westerland Sylt Airport,54.9132,8.34047
EEEI,1.0,1.0,100.0,0.0,0.0,300.0,,100.0,100.0,100.0,100.0,100.0,,,,,,,,,,,100.0,100.0,100.0,,0.0,100.0,0.0,1.0,1.0,100.0,0.0,0.0,,,260.0,260.0,260.0,260.0,260.0,,,,,,,,,,,260.0,260.0,0.0,,0.0,100.0,0.0,0.0,nm_inferred,1.0,100.0,,Ämari Air Base,59.259599,24.204799
EEKA,4.0,0.0,0.0,0.0,0.0,600.0,,,,,,,,,,,,,,,,,,,,,0.0,0.0,0.0,4.0,0.0,0.0,0.0,0.0,,,,,,,,,,,,,,,,,,,,,,0.0,0.0,0.0,0.0,nm_inferred,4.0,0.0,,Kärdla Airport,58.99079895019531,22.830699920654297
EEKE,4.0,4.0,100.0,0.0,0.0,600.0,,209.0,222.5,262.5,295.0,295.0,,,,,,,,,,,262.5,295.0,100.0,,100.0,0.0,0.0,4.0,4.0,100.0,0.0,0.0,,,-356.0,-207.5,-95.0,-57.5,-43.99999999999999,,,,,,,,,,,95.0,356.00000000000006,100.0,,100.0,0.0,0.0,0.0,nm_inferred,4.0,100.0,,Kuressaare Airport,58.22990036010742,22.50950050354004
EETN,172.0,166.0,96.51162790697674,0.0,100.0,510.0,90.0,-685.0,-500.0,-327.5,-92.5,4250.0,0.0,0.23402777777777778,0.7775297619047619,0.9256944444444445,1.0,0.21875,0.45113636363636367,0.8535714285714285,0.9534090909090909,1.0,425.0,4377.5,13.25301204819277,26.50602409638554,73.25581395348837,19.186046511627907,4.069767441860465,179.0,171.0,95.53072625698324,0.0,100.0,300.0,5.0,400.0,510.0,625.0,720.0,1720.0,1.0,1.0,1.0,1.0,1.0,1.0,1.0,1.0,1.0,1.0,655.0,3530.0,7.60233918128655,99.41520467836257,80.44692737430168,11.731843575418994,3.35195530726257,100.0,apdf,179.0,96.02117708198,0.889910551884779,Lennart Meri Tallinn Airport,59.413246,24.83264
EETU,4.0,4.0,100.0,0.0,0.0,300.0,,160.5,198.75,235.0,712.5,1545.0000000000005,,,,,,,,,,,235.0,1545.0000000000005,100.0,,75.0,0.0,25.0,4.0,4.0,100.0,0.0,0.0,,,-333.5,-196.25,-85.0,-40.0,-21.999999999999993,,,,,,,,,,,85.0,333.50000000000006,100.0,,75.0,0.0,25.0,0.0,nm_inferred,4.0,100.0,,Tartu Airport,58.307438,26.686473
EFHK,631.0,625.0,99.04912836767036,0.0,100.0,480.0,5.0,-750.0,-595.0,-435.0,-275.0,4143.000000000002,0.0,0.8776595744680851,1.0,1.0,1.0,0.7107142857142857,0.9333333333333333,1.0,1.0,1.0,495.0,4604.000000000002,11.84,66.72,77.17908082408874,20.126782884310618,1.7432646592709984,622.0,617.0,99.19614147909968,0.0,100.0,232.0,5.0,271.0000000000001,455.0,530.0,640.0,836.9999999999999,1.0,1.0,1.0,1.0,1.0,1.0,1.0,1.0,1.0,1.0,560.0,2273.999999999998,8.427876823338735,99.02755267423015,78.93890675241157,18.488745980707396,1.7684887459807075,100.0,apdf,631.0,99.12263492338502,0.9912263492338502,Helsinki Vantaa Airport,60.318363,24.963341
EFIV,6.0,3.0,50.0,0.0,0.0,300.0,,3121.0,3152.5,3205.0,3372.5,3473.0,,,,,,,,,,,3205.0,3473.0,100.0,,50.0,0.0,0.0,6.0,3.0,50.0,0.0,0.0,,,-2509.8,-2475.0,-2417.0,-2362.0,-2329.0,,,,,,,,,,,2417.0,2509.8,100.0,,50.0,0.0,0.0,0.0,nm_inferred,6.0,50.0,,Ivalo Airport,68.6073,27.4053
EFJO,4.0,4.0,100.0,0.0,0.0,300.0,,255.5,271.25,297.5,982.5,2184.0000000000005,,,,,,,,,,,297.5,2184.0000000000005,100.0,,100.0,0.0,0.0,5.0,5.0,100.0,0.0,0.0,,,-120.19999999999999,-50.0,-36.0,-30.0,80.40000000000002,,,,,,,,,,,50.0,161.8,80.0,,80.0,0.0,20.0,0.0,nm_inferred,5.0,100.0,,Joensuu Airport,62.658815,29.619398
EFJY,4.0,4.0,100.0,0.0,0.0,300.0,,212.0,230.0,242.5,255.0,273.0,,,,,,,,,,,242.5,273.0,100.0,,100.0,0.0,0.0,4.0,4.0,100.0,0.0,0.0,,,-31.5,-24.75,-20.5,-17.5,-12.999999999999998,,,,,,,,,,,20.5,31.500000000000004,100.0,,100.0,0.0,0.0,0.0,nm_inferred,4.0,100.0,,Jyväskylä Airport,62.399502,25.678301
EFKE,1.0,1.0,100.0,0.0,0.0,300.0,,540.0,540.0,540.0,540.0,540.0,,,,,,,,,,,540.0,540.0,100.0,,100.0,0.0,0.0,2.0,2.0,100.0,0.0,0.0,,,-174.0,-169.5,-162.0,-154.5,-150.0,,,,,,,,,,,162.0,174.0,100.0,,100.0,0.0,0.0,0.0,nm_inferred,2.0,100.0,,Kemi-Tornio Airport,65.778701782227,24.582099914551
EFKI,4.0,4.0,100.0,0.0,0.0,300.0,,141.5,166.25,180.0,191.25,211.5,,,,,,,,,,,180.0,211.5,100.0,,50.0,25.0,25.0,5.0,5.0,100.0,0.0,0.0,,,-59.4,-33.0,199.0,205.0,220.0,,,,,,,,,,,199.0,220.0,40.0,,100.0,0.0,0.0,0.0,nm_inferred,5.0,100.0,,Kajaani Airport,64.2855,27.6924
EFKK,3.0,3.0,100.0,0.0,0.0,300.0,,54.0,60.0,70.0,85.0,94.0,,,,,,,,,,,70.0,94.0,100.0,,66.66666666666667,33.333333333333336,0.0,3.0,3.0,100.0,0.0,0.0,,,241.0,253.0,273.0,277.0,279.4,,,,,,,,,,,273.0,279.4,0.0,,100.0,0.0,0.0,0.0,nm_inferred,3.0,100.0,,Kokkola-Pietarsaari Airport,63.721199,23.143101
EFKS,3.0,3.0,100.0,0.0,0.0,300.0,,1557.0,1567.5,1585.0,1610.0,1625.0,,,,,,,,,,,1585.0,1625.0,100.0,,100.0,0.0,0.0,3.0,3.0,100.0,0.0,0.0,,,-912.8,-893.0,-860.0,-794.5,-755.2,,,,,,,,,,,860.0,912.8,100.0,,100.0,0.0,0.0,0.0,nm_inferred,3.0,100.0,,Kuusamo Airport,65.987602,29.239401
EFKT,4.0,3.0,75.0,0.0,0.0,360.0,,334.0,512.5,810.0,1627.5,2118.0,,,,,,,,,,,810.0,2118.0,100.0,,75.0,0.0,0.0,4.0,3.0,75.0,0.0,0.0,,,-1115.4,-807.0,-293.0,-195.5,-137.0,,,,,,,,,,,293.0,1115.4,100.0,,75.0,0.0,0.0,0.0,nm_inferred,4.0,75.0,,Kittilä International Airport,67.700996,24.8468
EFKU,11.0,10.0,90.9090909090909,0.0,0.0,300.0,,49.5,52.5,65.0,70.0,846.4999999999973,,,,,,,,,,,65.0,846.4999999999973,100.0,,45.45454545454545,45.45454545454545,0.0,11.0,10.0,90.9090909090909,0.0,0.0,,,-6611.8,77.75,219.5,227.75,239.79999999999998,,,,,,,,,,,225.5,6611.8,20.0,,72.72727272727273,18.181818181818183,0.0,0.0,nm_inferred,11.0,90.9090909090909,,Kuopio Airport,63.007099,27.7978
EFMA,7.0,3.0,42.857142857142854,0.0,0.0,300.0,,53.0,72.5,105.0,125.0,137.0,,,,,,,,,,,105.0,137.0,100.0,,28.571428571428573,0.0,14.285714285714286,7.0,3.0,42.857142857142854,0.0,0.0,,,-20.4,27.0,106.0,916.0,1402.0,,,,,,,,,,,106.0,1402.0,33.333333333333336,,28.571428571428573,0.0,14.285714285714286,0.0,nm_inferred,7.0,42.857142857142854,,Mariehamn Airport,60.1222,19.898199
EFOU,26.0,25.0,96.15384615384616,0.0,0.0,480.0,,2.0000000000000018,10.0,25.0,40.0,50.0,,,,,,,,,,,25.0,50.0,92.0,,84.61538461538461,11.538461538461538,0.0,25.0,25.0,100.0,0.0,0.0,,,-5.1999999999999815,227.0,269.0,278.0,293.6,,,,,,,,,,,275.0,296.6,12.0,,88.0,12.0,0.0,0.0,nm_inferred,26.0,98.07692307692308,,Oulu Airport,64.930099,25.354601
EFRO,21.0,19.0,90.47619047619048,0.0,0.0,360.0,,563.0,602.5,645.0,772.5,915.9999999999998,,,,,,,,,,,645.0,915.9999999999998,100.0,,90.47619047619048,0.0,0.0,21.0,19.0,90.47619047619048,0.0,0.0,,,-825.6,-682.5,-569.0,-444.0,-401.6,,,,,,,,,,,569.0,825.6,100.0,,90.47619047619048,0.0,0.0,0.0,nm_inferred,21.0,90.47619047619048,,Rovaniemi Airport,66.563327,25.829751
EFSI,,,,,,,,,,,,,,,,,,,,,,,,,,,,,,1.0,1.0,100.0,0.0,0.0,,,16.0,16.0,16.0,16.0,16.0,,,,,,,,,,,16.0,16.0,0.0,,100.0,0.0,0.0,0.0,nm_inferred,1.0,100.0,,Seinäjoki Airport,62.692101,22.8323
EFTP,5.0,5.0,100.0,0.0,0.0,480.0,,-46.0,-40.0,-30.0,10.0,31.000000000000004,,,,,,,,,,,40.0,48.0,40.0,,100.0,0.0,0.0,7.0,7.0,100.0,0.0,0.0,,,-1833.3999999999996,387.5,453.0,464.5,479.8,,,,,,,,,,,458.0,2339.8000000000015,14.285714285714286,,85.71428571428571,14.285714285714286,0.0,0.0,nm_inferred,7.0,100.0,,Tampere-Pirkkala Airport,61.414101,23.604401
EFTU,14.0,13.0,92.85714285714286,0.0,0.0,300.0,,112.0,135.0,170.0,240.0,278.0,,,,,,,,,,,170.0,278.0,100.0,,92.85714285714286,0.0,0.0,15.0,14.0,93.33333333333333,0.0,0.0,,,-173.9,-85.0,-40.5,42.0,97.30000000000007,,,,,,,,,,,70.5,173.90000000000006,64.28571428571429,,93.33333333333333,0.0,0.0,0.0,nm_inferred,15.0,93.0952380952381,,Turku Airport,60.514099,22.2628
EFVA,21.0,20.0,95.23809523809524,0.0,0.0,360.0,,383.5,413.75,477.5,646.25,721.0,,,,,,,,,,,477.5,721.0,100.0,,90.47619047619048,4.761904761904762,0.0,21.0,18.0,85.71428571428571,0.0,0.0,,,-600.0,-380.75,-260.5,-119.75,-80.39999999999998,,,,,,,,,,,260.5,600.0000000000001,100.0,,80.95238095238095,4.761904761904762,0.0,0.0,nm_inferred,21.0,90.47619047619048,,Vaasa Airport,63.05023,21.762543
EGAA,221.0,221.0,100.0,0.0,0.0,720.0,,15.0,25.0,40.0,60.0,70.0,,,,,,,,,,,40.0,70.0,99.09502262443439,,89.14027149321267,10.407239819004525,0.45248868778280543,223.0,223.0,100.0,0.0,0.0,,,175.0,245.5,265.0,280.0,295.0,,,,,,,,,,,266.0,300.0,3.587443946188341,,89.23766816143498,9.865470852017937,0.8968609865470852,0.0,nm_inferred,223.0,100.0,,Belfast International Airport,54.6575012207,-6.21582984924
EGAB,2.0,2.0,100.0,0.0,0.0,600.0,,-6251.0,-5157.5,-3335.0,-1512.5,-418.9999999999999,,,,,,,,,,,3645.0,6313.0,50.0,,0.0,50.0,50.0,2.0,2.0,100.0,0.0,0.0,,,378.1,870.25,1690.5,2510.75,3002.9,,,,,,,,,,,1690.5,3002.9,0.0,,50.0,0.0,50.0,0.0,nm_inferred,2.0,100.0,,Enniskillen/St Angelo Airport,54.398274,-7.651179
EGAC,133.0,133.0,100.0,0.0,0.0,600.0,,45.0,55.0,70.0,85.0,95.0,,,,,,,,,,,70.0,95.0,100.0,,86.46616541353383,12.781954887218046,0.7518796992481203,133.0,131.0,98.49624060150376,0.0,0.0,,,190.0,220.0,240.0,255.0,265.0,,,,,,,,,,,240.0,270.0,4.580152671755725,,87.96992481203007,9.774436090225564,0.7518796992481203,0.0,nm_inferred,133.0,99.24812030075188,,George Best Belfast City Airport,54.618099,-5.8725
EGAE,17.0,17.0,100.0,0.0,0.0,420.0,,33.0,40.0,50.0,60.0,97.00000000000003,,,,,,,,,,,50.0,97.00000000000003,100.0,,76.47058823529412,23.529411764705884,0.0,17.0,17.0,100.0,0.0,0.0,,,-345.8,-165.0,-85.0,-49.0,-0.7999999999999758,,,,,,,,,,,96.0,345.80000000000007,88.23529411764706,,64.70588235294117,35.294117647058826,0.0,0.0,nm_inferred,17.0,100.0,,City of Derry Airport,55.042801,-7.16111
EGBB,476.0,473.0,99.36974789915966,0.0,99.78991596638656,780.0,750.0,-1.7999999999999972,4.0,9.0,424.0,984.0,0.0,0.0,0.0,0.0,0.0021307078085089424,0.0,0.0,0.0,0.0,0.3793103448275862,10.0,1164.0,88.58350951374207,0.211864406779661,67.43697478991596,30.672268907563026,1.2605042016806722,461.0,459.0,99.56616052060737,0.0,99.56616052060737,221.0,5.0,-1424.6,37.0,274.0,282.0,535.2,0.0,0.1037463976945245,1.0,1.0,1.0,0.6666666666666666,0.9090909090909091,1.0,1.0,1.0,281.0,1477.6,24.18300653594771,70.24070021881838,70.28199566160521,27.982646420824295,1.3015184381778742,99.78991596638656,apdf,476.0,99.46795420988352,0.49733977104941757,Birmingham Airport,52.453899,-1.74803
EGBJ,2.0,2.0,100.0,0.0,0.0,600.0,,-2241.5,-1913.75,-1367.5,-821.25,-493.49999999999994,,,,,,,,,,,1367.5,2241.5,0.0,,100.0,0.0,0.0,2.0,2.0,100.0,0.0,0.0,,,871.3,880.75,896.5,912.25,921.7,,,,,,,,,,,896.5,921.7,0.0,,100.0,0.0,0.0,0.0,nm_inferred,2.0,100.0,,Gloucestershire Airport,51.894199,-2.16722
EGBP,2.0,2.0,100.0,0.0,0.0,600.0,,-9050.0,-7677.5,-5390.0,-3102.5,-1729.9999999999998,,,,,,,,,,,5390.0,9050.0,0.0,,50.0,0.0,50.0,2.0,2.0,100.0,0.0,0.0,,,913.3,1440.25,2318.5,3196.75,3723.7000000000003,,,,,,,,,,,2318.5,3723.7000000000003,0.0,,50.0,0.0,50.0,0.0,nm_inferred,2.0,100.0,,Cotswold Airport,51.668528,-2.056599
EGCC,976.0,973.0,99.69262295081967,1.0,98.77049180327869,960.0,90.0,-1339.0,-1040.0,-735.0,-315.0,1489.000000000002,0.0,0.39346590909090906,0.8873774509803921,0.9862500000000001,1.0,0.4473684210526316,0.6897321428571428,0.9230769230769231,1.0,1.0,945.0,2507.0000000000027,19.83556012332991,41.770833333333336,76.02459016393442,22.74590163934426,0.9221311475409836,939.0,936.0,99.68051118210863,0.0,99.57401490947817,420.0,5.0,-1670.5,475.0,687.5,815.0,1022.5,0.0,1.0,1.0,1.0,1.0,1.0,1.0,1.0,1.0,1.0,780.0,1895.0,20.192307692307693,95.3862660944206,73.58892438764643,25.13312034078807,0.9584664536741214,99.57401490947817,apdf,976.0,99.68656706646415,0.9585246833313861,Manchester Airport,53.349375,-2.279521
EGCM,1.0,0.0,0.0,0.0,0.0,600.0,,,,,,,,,,,,,,,,,,,,,0.0,0.0,0.0,,,,,,,,,,,,,,,,,,,,,,,,,,,,,,0.0,nm_inferred,1.0,0.0,,,,
EGEC,3.0,3.0,100.0,0.0,0.0,600.0,,439.0,445.0,455.0,472.5,483.0,,,,,,,,,,,455.0,483.0,100.0,,100.0,0.0,0.0,3.0,3.0,100.0,0.0,0.0,,,-301.2,-276.0,-234.0,-221.5,-214.0,,,,,,,,,,,234.0,301.2,100.0,,66.66666666666667,0.0,33.333333333333336,0.0,nm_inferred,3.0,100.0,,Campbeltown Airport,55.437199,-5.68639
EGFE,3.0,3.0,100.0,0.0,0.0,600.0,,-747.2,-587.0,-320.0,-103.0,27.200000000000017,,,,,,,,,,,320.0,747.2,33.333333333333336,,100.0,0.0,0.0,2.0,2.0,100.0,0.0,0.0,,,-165.8,-140.0,-97.0,-54.0,-28.199999999999996,,,,,,,,,,,97.0,165.8,100.0,,100.0,0.0,0.0,0.0,nm_inferred,3.0,100.0,,Haverfordwest Airport,51.833099365234375,-4.9611101150512695
EGFF,50.0,50.0,100.0,0.0,0.0,600.0,,-586.0,-475.0,-200.0,31.25,1276.5,,,,,,,,,,,417.5,1290.5,32.0,,70.0,28.0,2.0,47.0,47.0,100.0,0.0,0.0,,,-1501.0,355.0,485.0,577.5,620.0,,,,,,,,,,,550.0,1755.0,17.02127659574468,,76.59574468085107,21.27659574468085,2.127659574468085,0.0,nm_inferred,50.0,100.0,,Cardiff International Airport,51.396702,-3.34333
EGGD,373.0,373.0,100.0,0.0,98.92761394101876,672.0,52.0,-950.0,-725.0,-585.0,-395.0,1253.0000000000005,0.0,0.6624888093106536,0.9084302325581395,0.9615384615384616,1.0,0.7295238095238096,0.8823529411764706,0.9444444444444444,1.0,1.0,670.0,2133.000000000001,19.571045576407506,45.52845528455285,75.06702412868633,22.5201072386059,2.4128686327077746,370.0,370.0,100.0,0.0,98.91891891891892,300.0,5.0,-1406.0,456.25,585.0,640.0,735.5000000000001,0.0,1.0,1.0,1.0,1.0,1.0,1.0,1.0,1.0,1.0,620.0,1869.000000000001,18.37837837837838,95.08196721311475,78.64864864864865,19.18918918918919,2.1621621621621623,98.92761394101876,apdf,373.0,100.0,0.9722222222222222,Bristol Airport,51.382326,-2.716453
EGGP,208.0,207.0,99.51923076923077,0.0,0.0,600.0,,-1050.9999999999998,-670.0,-580.0,-449.5,1415.0000000000005,,,,,,,,,,,625.0,1927.0000000000002,16.908212560386474,,77.88461538461539,21.153846153846153,0.4807692307692308,208.0,208.0,100.0,0.0,0.0,,,-624.4999999999983,467.25,536.0,601.0,839.8000000000004,,,,,,,,,,,558.5,1971.9000000000003,11.057692307692308,,85.09615384615384,14.423076923076923,0.4807692307692308,0.0,nm_inferred,208.0,99.75961538461539,,Liverpool John Lennon Airport,53.334863,-2.849637
EGGW,590.0,590.0,100.0,0.0,4.067796610169491,840.0,570.0,20.0,30.0,50.0,70.0,735.5000000000001,0.0,0.0,0.0,0.0,0.0,0.0,0.0,0.0,0.0,0.0,50.0,735.5000000000001,100.0,0.0,72.71186440677967,26.271186440677965,1.0169491525423728,581.0,581.0,100.0,0.0,4.819277108433735,300.0,5.0,-800.0,238.0,281.0,296.0,309.0,0.0,0.5892857142857143,0.9486111111111111,1.0,1.0,0.85,1.0,1.0,1.0,1.0,293.0,800.0,19.27710843373494,78.57142857142857,73.66609294320138,25.645438898450948,0.6884681583476764,4.819277108433735,nm_inferred,590.0,100.0,0.5,London Luton Airport,51.874699,-0.368333
EGHC,1.0,1.0,100.0,0.0,0.0,600.0,,-38.0,-38.0,-38.0,-38.0,-38.0,,,,,,,,,,,38.0,38.0,0.0,,100.0,0.0,0.0,1.0,1.0,100.0,0.0,0.0,,,30.0,30.0,30.0,30.0,30.0,,,,,,,,,,,30.0,30.0,0.0,,100.0,0.0,0.0,0.0,nm_inferred,1.0,100.0,,Land's End Airport,50.102798,-5.67056
EGHH,66.0,66.0,100.0,0.0,0.0,600.0,,-917.5,-665.0,-577.5,-420.0,-45.0,,,,,,,,,,,597.5,1427.5,10.606060606060606,,84.84848484848484,13.636363636363637,1.5151515151515151,65.0,65.0,100.0,0.0,0.0,,,172.60000000000005,529.0,591.0,638.0,1345.4,,,,,,,,,,,612.0,2278.6,9.23076923076923,,87.6923076923077,10.76923076923077,1.5384615384615385,0.0,nm_inferred,66.0,100.0,,Bournemouth Airport,50.780483,-1.839576
EGHI,84.0,84.0,100.0,0.0,0.0,600.0,,-1173.9999999999998,-527.5,-340.0,-157.5,865.0000000000001,,,,,,,,,,,460.0,1759.0000000000011,20.238095238095237,,75.0,13.095238095238095,11.904761904761905,86.0,86.0,100.0,0.0,0.0,,,-1095.5,395.5,459.5,653.5,2113.5,,,,,,,,,,,516.5,2161.0,12.790697674418604,,73.25581395348837,15.116279069767442,11.627906976744185,0.0,nm_inferred,86.0,100.0,,Southampton Airport,50.950298,-1.3568
EGHL,1.0,1.0,100.0,0.0,0.0,720.0,,70.0,70.0,70.0,70.0,70.0,,,,,,,,,,,70.0,70.0,100.0,,100.0,0.0,0.0,,,,,,,,,,,,,,,,,,,,,,,,,,,,,,0.0,nm_inferred,1.0,100.0,,Lasham Airfield,51.18744,-1.031663
EGHQ,20.0,20.0,100.0,0.0,0.0,660.0,,-830.5,-728.75,-587.5,-447.0,-346.8,,,,,,,,,,,587.5,830.5000000000001,0.0,,100.0,0.0,0.0,20.0,20.0,100.0,0.0,0.0,,,436.5,519.5,576.5,711.25,1945.6000000000004,,,,,,,,,,,576.5,1945.6000000000004,0.0,,100.0,0.0,0.0,0.0,nm_inferred,20.0,100.0,,Cornwall Airport Newquay,50.440601,-4.99541
EGJA,11.0,9.0,81.81818181818181,0.0,0.0,600.0,,8.0,20.0,35.0,50.0,56.0,,,,,,,,,,,35.0,56.0,100.0,,27.272727272727273,18.181818181818183,36.36363636363637,13.0,9.0,69.23076923076923,0.0,0.0,,,-285.6,-185.0,209.0,314.0,573.4000000000001,,,,,,,,,,,286.0,573.4000000000001,44.44444444444444,,38.46153846153846,0.0,30.76923076923077,0.0,nm_inferred,13.0,75.52447552447552,,Alderney Airport,49.706104,-2.21472
EGJB,75.0,70.0,93.33333333333333,0.0,0.0,600.0,,-5.0,5.0,20.0,35.0,45.0,,,,,,,,,,,22.5,45.50000000000001,85.71428571428571,,80.0,5.333333333333333,8.0,72.0,69.0,95.83333333333333,0.0,0.0,,,384.2,462.0,512.0,575.0,738.4000000000001,,,,,,,,,,,512.0,738.4000000000001,2.898550724637681,,83.33333333333333,2.7777777777777777,9.722222222222221,0.0,nm_inferred,75.0,94.58333333333333,,Guernsey Airport,49.435001,-2.60197
EGJJ,98.0,95.0,96.93877551020408,0.0,0.0,600.0,,-497.0,-290.0,-90.0,-10.0,25.0,,,,,,,,,,,100.0,588.0000000000009,22.105263157894736,,88.77551020408163,5.1020408163265305,3.061224489795918,102.0,98.0,96.07843137254902,0.0,0.0,,,314.20000000000005,405.25,508.5,612.75,783.1999999999999,,,,,,,,,,,519.0,826.2999999999998,3.061224489795918,,85.29411764705883,7.8431372549019605,2.9411764705882355,0.0,nm_inferred,102.0,96.50860344137655,,Jersey Airport,49.207901,-2.19551
EGKB,75.0,74.0,98.66666666666667,0.0,0.0,600.0,,-477.49999999999994,-113.75,52.5,75.0,95.0,,,,,,,,,,,80.0,577.5000000000001,70.27027027027027,,86.66666666666667,5.333333333333333,6.666666666666667,76.0,76.0,100.0,0.0,0.0,,,270.0,291.0,429.5,500.5,619.0,,,,,,,,,,,442.0,730.5,3.9473684210526314,,90.78947368421052,6.578947368421052,2.6315789473684212,0.0,nm_inferred,76.0,99.33333333333334,,London Biggin Hill Airport,51.33079910279999,0.0324999988079
EGKK,1217.0,1216.0,99.9178307313065,0.0,11.4215283483977,1140.0,125.0,-1620.0,-1281.25,-985.0,-605.0,955.0,0.06630952380952382,0.7350694444444444,0.9166666666666666,0.9953125,1.0,0.36552706552706554,0.6622807017543859,0.8928571428571429,0.9761904761904762,1.0,1090.0,2850.0,14.802631578947368,32.37410071942446,81.42974527526705,17.502054231717338,0.9860312243221035,1201.0,1200.0,99.91673605328893,0.0,12.239800166527894,540.0,5.0,565.9,664.75,745.0,860.75,1105.1000000000001,1.0,1.0,1.0,1.0,1.0,1.0,1.0,1.0,1.0,1.0,764.5,1392.9000000000012,4.583333333333333,97.95918367346938,89.67527060782682,9.325562031640299,0.9159034138218152,12.239800166527894,nm_inferred,1217.0,99.91728339229772,0.9456457178199605,London Gatwick Airport,51.148744,-0.185739
EGLC,158.0,158.0,100.0,0.0,100.0,360.0,165.0,-355.0,-275.0,-175.0,-100.0,46.50000000000006,0.0,0.32638888888888884,0.5257936507936508,0.6666666666666666,0.7684848484848485,0.0,0.4166666666666667,0.5833333333333334,0.7,0.8037500000000002,195.0,576.5,18.9873417721519,2.5316455696202533,90.50632911392405,8.227848101265822,1.2658227848101267,158.0,158.0,100.0,0.0,100.0,180.0,5.0,295.0,381.25,455.0,505.0,565.0,1.0,1.0,1.0,1.0,1.0,1.0,1.0,1.0,1.0,1.0,465.0,585.0,4.430379746835443,98.73417721518987,93.0379746835443,5.69620253164557,1.2658227848101267,100.0,apdf,158.0,100.0,0.7916666666666667,London City Airport,51.505299,0.055278
EGLF,96.0,96.0,100.0,0.0,0.0,600.0,,15.0,25.0,40.0,60.0,387.5,,,,,,,,,,,40.0,387.5,100.0,,81.25,15.625,3.125,102.0,102.0,100.0,0.0,0.0,,,12.800000000000011,263.5,280.0,295.0,310.0,,,,,,,,,,,285.0,518.5000000000013,9.803921568627452,,83.33333333333333,13.72549019607843,2.9411764705882355,0.0,nm_inferred,102.0,100.0,,Farnborough Airport,51.275799,-0.776333
EGLK,1.0,1.0,100.0,0.0,0.0,300.0,,85.0,85.0,85.0,85.0,85.0,,,,,,,,,,,85.0,85.0,100.0,,100.0,0.0,0.0,1.0,1.0,100.0,0.0,0.0,,,315.0,315.0,315.0,315.0,315.0,,,,,,,,,,,315.0,315.0,0.0,,100.0,0.0,0.0,0.0,nm_inferred,1.0,100.0,,Blackbushe Airport,51.323898,-0.8475
EGLL,1878.0,1874.0,99.78700745473908,0.0,99.89350372736953,1320.0,1320.0,15.0,25.0,45.0,65.0,665.0,0.0,0.0,0.0,0.0,0.0,0.0,0.0,0.0,0.0,0.0,45.0,722.0000000000005,97.38527214514407,0.0,75.07987220447285,24.70713525026624,0.0,1903.0,1897.0,99.68470835522858,0.0,99.7372569626905,420.0,110.0,-1055.0,280.0,305.0,330.0,380.0,0.0,0.4097222222222222,0.6875,0.9648809523809524,1.0,0.36666666666666664,0.5555555555555556,0.7857142857142857,1.0,1.0,320.0,1096.0000000000014,13.073273589878756,31.50105708245243,79.033105622701,20.65160273252759,0.0,99.89350372736953,apdf,1903.0,99.73585790498383,0.39181944176957934,London Heathrow Airport,51.470748,-0.459909
EGMC,40.0,40.0,100.0,0.0,0.0,600.0,,40.0,50.0,70.0,81.25,95.0,,,,,,,,,,,70.0,95.0,100.0,,90.0,10.0,0.0,40.0,40.0,100.0,0.0,0.0,,,247.4,262.75,279.0,296.25,306.1,,,,,,,,,,,280.5,307.1,2.5,,95.0,5.0,0.0,0.0,nm_inferred,40.0,100.0,,London Southend Airport,51.570562,0.693627
EGMD,1.0,1.0,100.0,0.0,0.0,600.0,,890.0,890.0,890.0,890.0,890.0,,,,,,,,,,,890.0,890.0,100.0,,0.0,100.0,0.0,1.0,1.0,100.0,0.0,0.0,,,254.0,254.0,254.0,254.0,254.0,,,,,,,,,,,254.0,254.0,0.0,,100.0,0.0,0.0,0.0,nm_inferred,1.0,100.0,,Lydd London Ashford Airport,50.956246,0.939074
EGNH,2.0,2.0,100.0,0.0,0.0,600.0,,-335.0,-320.0,-295.0,-270.0,-255.0,,,,,,,,,,,295.0,335.0,0.0,,100.0,0.0,0.0,1.0,1.0,100.0,0.0,0.0,,,477.0,477.0,477.0,477.0,477.0,,,,,,,,,,,477.0,477.0,0.0,,100.0,0.0,0.0,0.0,nm_inferred,2.0,100.0,,Blackpool Airport,53.771702,-3.02861
EGNJ,10.0,10.0,100.0,0.0,0.0,540.0,,-24.0,-14.5,8.0,22.5,43.49999999999997,,,,,,,,,,,17.5,65.99999999999997,60.0,,100.0,0.0,0.0,10.0,10.0,100.0,0.0,0.0,,,-638.6999999999999,-105.5,295.0,306.5,409.8999999999999,,,,,,,,,,,305.0,651.2999999999997,40.0,,80.0,20.0,0.0,0.0,nm_inferred,10.0,100.0,,Humberside Airport,53.576152,-0.34954
EGNM,200.0,200.0,100.0,0.0,0.0,600.0,,-890.5,-722.5,-572.5,-398.75,875.4999999999983,,,,,,,,,,,622.5,1418.9999999999998,11.5,,84.0,14.5,1.5,190.0,190.0,100.0,0.0,0.0,,,-1426.8,424.0,514.5,566.0,689.9,,,,,,,,,,,538.5,1856.6,15.263157894736842,,81.05263157894737,17.36842105263158,1.5789473684210527,0.0,nm_inferred,200.0,100.0,,Leeds Bradford Airport,53.865898,-1.66057
EGNO,1.0,1.0,100.0,0.0,0.0,600.0,,1505.0,1505.0,1505.0,1505.0,1505.0,,,,,,,,,,,1505.0,1505.0,100.0,,0.0,100.0,0.0,1.0,1.0,100.0,0.0,0.0,,,-1790.0,-1790.0,-1790.0,-1790.0,-1790.0,,,,,,,,,,,1790.0,1790.0,100.0,,0.0,100.0,0.0,0.0,nm_inferred,1.0,100.0,,Warton Aerodrome,53.745098,-2.88306
EGNR,2.0,2.0,100.0,0.0,0.0,600.0,,-5601.7,-4771.75,-3388.5,-2005.25,-1175.2999999999997,,,,,,,,,,,3388.5,5601.7,0.0,,100.0,0.0,0.0,3.0,3.0,100.0,0.0,0.0,,,392.4,399.0,410.0,535.5,610.8,,,,,,,,,,,410.0,610.8,0.0,,100.0,0.0,0.0,0.0,nm_inferred,3.0,100.0,,Hawarden Airport,53.178101,-2.97778
EGNS,85.0,85.0,100.0,0.0,0.0,600.0,,160.0,170.0,185.0,205.0,220.0,,,,,,,,,,,185.0,220.0,100.0,,88.23529411764706,8.235294117647058,3.5294117647058822,83.0,83.0,100.0,0.0,0.0,,,-58.599999999999994,71.0,245.0,269.0,277.0,,,,,,,,,,,245.0,281.0,18.072289156626507,,89.1566265060241,6.024096385542169,4.819277108433735,0.0,nm_inferred,85.0,100.0,,Isle of Man Airport,54.083081,-4.623871
EGNT,216.0,215.0,99.53703703703704,0.0,100.0,720.0,60.0,-1024.0,-812.5,-645.0,-500.0,1992.9999999999998,0.0,0.8363095238095238,0.9102564102564102,0.9628314393939394,1.0,0.8181818181818182,0.8846153846153846,0.9444444444444444,1.0,1.0,730.0,2079.0,15.348837209302326,45.58139534883721,80.0925925925926,18.98148148148148,0.46296296296296297,204.0,204.0,100.0,0.0,100.0,240.0,5.0,193.00000000000006,485.0,540.0,635.0,1674.5000000000007,0.5052083333333334,1.0,1.0,1.0,1.0,1.0,1.0,1.0,1.0,1.0,555.0,2057.0,9.313725490196079,96.56862745098039,82.3529411764706,17.647058823529413,0.0,100.0,apdf,216.0,99.76851851851852,0.96997170781893,Newcastle International Airport,55.037958,-1.689577
EGNV,14.0,14.0,100.0,0.0,0.0,540.0,,-56.5,-6.25,12.5,58.75,1379.0000000000018,,,,,,,,,,,32.5,1379.0000000000018,71.42857142857143,,85.71428571428571,14.285714285714286,0.0,13.0,13.0,100.0,0.0,0.0,,,-1229.7999999999997,272.0,370.0,429.0,762.2000000000002,,,,,,,,,,,414.0,1465.6000000000004,15.384615384615385,,76.92307692307692,23.076923076923077,0.0,0.0,nm_inferred,14.0,100.0,,Teesside International Airport,54.509201,-1.42941
EGNX,243.0,243.0,100.0,0.0,0.0,600.0,,-974.0,-732.5,-585.0,-155.0,957.0000000000002,,,,,,,,,,,695.0,1248.0000000000007,24.279835390946502,,69.54732510288066,29.218106995884774,1.2345679012345678,227.0,226.0,99.55947136563877,0.0,0.0,,,-1326.0,-667.75,507.5,572.75,660.0,,,,,,,,,,,579.0,1431.5,26.548672566371682,,67.40088105726872,30.837004405286343,1.3215859030837005,0.0,nm_inferred,243.0,99.77973568281939,,East Midlands Airport,52.8311,-1.32806
EGPA,22.0,19.0,86.36363636363636,0.0,0.0,600.0,,786.0,840.0,985.0,1042.5,1096.0,,,,,,,,,,,985.0,1096.0,100.0,,86.36363636363636,0.0,0.0,20.0,17.0,85.0,0.0,0.0,,,-786.6,-662.0,-532.0,-453.0,-424.4,,,,,,,,,,,532.0,786.6,100.0,,85.0,0.0,0.0,0.0,nm_inferred,22.0,85.68181818181819,,Kirkwall Airport,58.957903,-2.905077
EGPB,26.0,23.0,88.46153846153847,0.0,0.0,600.0,,1207.0,1315.0,1440.0,1572.5,1683.0,,,,,,,,,,,1440.0,1683.0,100.0,,88.46153846153847,0.0,0.0,28.0,24.0,85.71428571428571,0.0,0.0,,,-1242.8,-1167.0,-1027.0,-928.5,-827.7,,,,,,,,,,,1027.0,1242.8,100.0,,82.14285714285714,3.5714285714285716,0.0,0.0,nm_inferred,28.0,87.08791208791209,,Sumburgh Airport,59.878899,-1.29556
EGPC,2.0,0.0,0.0,0.0,0.0,600.0,,,,,,,,,,,,,,,,,,,,,0.0,0.0,0.0,2.0,0.0,0.0,0.0,0.0,,,,,,,,,,,,,,,,,,,,,,0.0,0.0,0.0,0.0,nm_inferred,2.0,0.0,,Wick John O'Groats Airport,58.4589,-3.09306
EGPD,123.0,120.0,97.5609756097561,0.0,0.0,600.0,,-621.0,-481.25,-237.5,-65.0,45.50000000000004,,,,,,,,,,,240.0,621.0000000000001,19.166666666666668,,80.48780487804878,16.260162601626018,0.8130081300813008,121.0,119.0,98.34710743801652,0.0,0.0,,,273.4,410.0,480.0,541.0,706.8000000000006,,,,,,,,,,,489.0,1790.4,2.5210084033613445,,85.9504132231405,11.570247933884298,0.8264462809917356,0.0,nm_inferred,123.0,97.9540415238863,,Aberdeen International Airport,57.2019,-2.19778
EGPE,54.0,54.0,100.0,0.0,0.0,600.0,,30.0,55.0,75.0,98.75,123.50000000000001,,,,,,,,,,,75.0,123.50000000000001,96.29629629629629,,79.62962962962963,20.37037037037037,0.0,58.0,57.0,98.27586206896552,0.0,0.0,,,-218.2,-152.0,-105.0,-42.0,185.4,,,,,,,,,,,130.0,289.79999999999995,84.21052631578948,,82.75862068965517,13.793103448275861,1.7241379310344827,0.0,nm_inferred,58.0,99.13793103448276,,Inverness Airport,57.5425,-4.0475
EGPF,332.0,332.0,100.0,0.0,0.0,600.0,,-915.0,-691.25,-537.5,-390.0,-65.49999999999812,,,,,,,,,,,577.5,2160.0000000000036,9.337349397590362,,80.42168674698796,18.072289156626507,1.5060240963855422,319.0,319.0,100.0,0.0,0.0,,,301.8,453.0,526.0,641.0,1353.599999999999,,,,,,,,,,,549.0,2302.5999999999995,7.210031347962382,,80.25078369905957,17.86833855799373,1.8808777429467085,0.0,nm_inferred,332.0,100.0,,Glasgow Airport,55.871899,-4.43306
EGPG,,,,,,,,,,,,,,,,,,,,,,,,,,,,,,1.0,1.0,100.0,0.0,0.0,,,277.0,277.0,277.0,277.0,277.0,,,,,,,,,,,277.0,277.0,0.0,,100.0,0.0,0.0,0.0,nm_inferred,1.0,100.0,,Cumbernauld Airport,55.974701,-3.97556
EGPH,589.0,588.0,99.830220713073,0.0,99.830220713073,780.0,480.0,-897.4999999999999,-625.0,-287.5,-58.75,45.0,0.0,0.06776556776556776,0.39166666666666666,0.7886752136752136,0.9053571428571429,0.0,0.15504807692307693,0.36363636363636365,0.6757352941176471,0.8571428571428571,377.5,1139.500000000001,21.08843537414966,2.8960817717206133,83.1918505942275,15.280135823429541,1.3582342954159592,585.0,584.0,99.82905982905983,0.0,99.82905982905983,360.0,5.0,289.3,330.0,492.5,690.0,958.5000000000002,0.562202380952381,0.939935064935065,1.0,1.0,1.0,0.625,0.9090909090909091,1.0,1.0,1.0,535.0,1348.5000000000002,4.965753424657534,70.15437392795883,84.78632478632478,13.675213675213675,1.3675213675213675,99.830220713073,apdf,589.0,99.82964027106641,0.6806566382118165,Edinburgh Airport,55.950145,-3.372288
EGPI,5.0,5.0,100.0,0.0,0.0,600.0,,146.0,155.0,185.0,200.0,215.0,,,,,,,,,,,185.0,215.0,100.0,,100.0,0.0,0.0,6.0,6.0,100.0,0.0,0.0,,,-270.0,-248.75,-182.0,-130.25,-102.0,,,,,,,,,,,182.0,270.0,100.0,,100.0,0.0,0.0,0.0,nm_inferred,6.0,100.0,,Islay Airport,55.682708,-6.257525
EGPK,35.0,34.0,97.14285714285714,0.0,0.0,900.0,,-13.499999999999998,5.0,22.5,48.75,2160.0,,,,,,,,,,,27.5,2160.0,82.3529411764706,,65.71428571428571,31.428571428571427,0.0,35.0,34.0,97.14285714285714,0.0,0.0,,,89.80000000000001,244.25,255.5,272.5,283.0,,,,,,,,,,,262.0,324.29999999999995,8.823529411764707,,80.0,17.142857142857142,0.0,0.0,nm_inferred,35.0,97.14285714285714,,Glasgow Prestwick Airport,55.501499,-4.577182
EGPL,6.0,4.0,66.66666666666667,0.0,0.0,600.0,,498.0,502.5,605.0,716.25,736.5,,,,,,,,,,,605.0,736.5,100.0,,66.66666666666667,0.0,0.0,6.0,4.0,66.66666666666667,0.0,0.0,,,-890.6,-806.0,-735.0,-689.5,-650.8,,,,,,,,,,,735.0,890.6,100.0,,66.66666666666667,0.0,0.0,0.0,nm_inferred,6.0,66.66666666666667,,Benbecula Airport,57.481098,-7.36278
EGPN,7.0,7.0,100.0,0.0,0.0,600.0,,14.000000000000002,22.5,25.0,35.5,44.0,,,,,,,,,,,25.0,44.0,100.0,,71.42857142857143,28.571428571428573,0.0,9.0,9.0,100.0,0.0,0.0,,,85.0,114.0,170.0,179.0,185.4,,,,,,,,,,,170.0,185.4,0.0,,44.44444444444444,55.55555555555556,0.0,0.0,nm_inferred,9.0,100.0,,Dundee Airport,56.452499,-3.02583
EGPO,17.0,14.0,82.3529411764706,0.0,0.0,600.0,,492.0,533.75,760.0,931.25,1009.5,,,,,,,,,,,760.0,1009.5,100.0,,82.3529411764706,0.0,0.0,17.0,15.0,88.23529411764706,0.0,0.0,,,-842.2,-715.5,-660.0,-570.5,-550.8,,,,,,,,,,,660.0,842.1999999999999,100.0,,88.23529411764706,0.0,0.0,0.0,nm_inferred,17.0,85.29411764705883,,Stornoway Airport,58.215599,-6.33111
EGPR,6.0,6.0,100.0,0.0,0.0,600.0,,1622.5,1695.0,1715.0,2038.75,2172.5,,,,,,,,,,,1715.0,2172.5,100.0,,83.33333333333333,0.0,16.666666666666668,6.0,6.0,100.0,0.0,0.0,,,-1592.0,-1553.5,-1457.0,-1375.5,-1320.5,,,,,,,,,,,1457.0,1592.0,100.0,,83.33333333333333,0.0,16.666666666666668,0.0,nm_inferred,6.0,100.0,,Barra Airport,57.0228,-7.44306
EGPU,6.0,6.0,100.0,0.0,0.0,600.0,,830.0,851.25,925.0,965.0,1157.5,,,,,,,,,,,925.0,1157.5,100.0,,83.33333333333333,0.0,16.666666666666668,6.0,6.0,100.0,0.0,0.0,,,-710.0,-627.25,-615.5,-588.0,-561.0,,,,,,,,,,,615.5,710.0,100.0,,100.0,0.0,0.0,0.0,nm_inferred,6.0,100.0,,Tiree Airport,56.499199,-6.86917
EGSC,1.0,1.0,100.0,0.0,0.0,600.0,,35.0,35.0,35.0,35.0,35.0,,,,,,,,,,,35.0,35.0,100.0,,100.0,0.0,0.0,1.0,1.0,100.0,0.0,0.0,,,259.0,259.0,259.0,259.0,259.0,,,,,,,,,,,259.0,259.0,0.0,,100.0,0.0,0.0,0.0,nm_inferred,1.0,100.0,,Cambridge City Airport,52.205002,0.175
EGSH,25.0,25.0,100.0,0.0,0.0,600.0,,-182.39999999999998,-88.0,6.0,105.0,706.8000000000001,,,,,,,,,,,105.0,706.8000000000001,56.0,,76.0,24.0,0.0,25.0,25.0,100.0,0.0,0.0,,,-1208.2,269.0,379.0,453.0,634.2000000000002,,,,,,,,,,,426.0,1208.2000000000003,16.0,,80.0,20.0,0.0,0.0,nm_inferred,25.0,100.0,,Norwich Airport,52.6758,1.28278
EGSS,903.0,902.0,99.88925802879291,0.0,100.0,720.0,720.0,20.0,30.0,45.0,65.0,673.9999999999998,0.0,0.0,0.0,0.0,0.0,0.0,0.0,0.0,0.0,0.0,45.0,675.0,99.88913525498891,0.11086474501108648,79.40199335548172,19.601328903654483,0.8859357696566998,893.0,890.0,99.66405375139978,0.0,99.66405375139978,420.0,110.0,-819.9999999999998,285.0,305.0,325.0,335.0,0.0,0.5206228956228955,0.6979166666666666,0.8333333333333334,0.9666666666666667,0.5,0.625,0.7857142857142857,0.9166666666666666,1.0,315.0,885.5000000000001,13.370786516853933,17.13641488162345,79.28331466965285,19.596864501679732,0.7838745800671892,100.0,apdf,903.0,99.77665589009635,0.3919797195682357,London Stansted Airport,51.884998,0.235
EGSU,1.0,1.0,100.0,0.0,0.0,600.0,,-95.0,-95.0,-95.0,-95.0,-95.0,,,,,,,,,,,95.0,95.0,0.0,,100.0,0.0,0.0,,,,,,,,,,,,,,,,,,,,,,,,,,,,,,0.0,nm_inferred,1.0,100.0,,Duxford Aerodrome,52.090801,0.131944
EGTC,2.0,2.0,100.0,0.0,0.0,600.0,,-400.5,-168.75,217.5,603.75,835.5,,,,,,,,,,,772.5,946.5,50.0,,50.0,50.0,0.0,2.0,2.0,100.0,0.0,0.0,,,-820.6,-610.0,-259.0,92.0,302.6,,,,,,,,,,,702.0,909.2,50.0,,50.0,50.0,0.0,0.0,nm_inferred,2.0,100.0,,Cranfield Airport,52.072201,-0.616667
EGTE,39.0,39.0,100.0,0.0,0.0,600.0,,78.8,115.0,150.0,220.0,589.0000000000014,,,,,,,,,,,150.0,589.0000000000014,100.0,,89.74358974358974,7.6923076923076925,2.5641025641025643,40.0,40.0,100.0,0.0,0.0,,,-230.49999999999963,67.25,163.5,184.0,200.10000000000002,,,,,,,,,,,168.5,322.3000000000013,20.0,,87.5,10.0,2.5,0.0,nm_inferred,40.0,100.0,,Exeter International Airport,50.734261,-3.413984
EGTF,3.0,3.0,100.0,0.0,0.0,600.0,,-84.0,-30.0,60.0,1352.5,2128.0,,,,,,,,,,,120.0,2140.0,66.66666666666667,,100.0,0.0,0.0,3.0,3.0,100.0,0.0,0.0,,,295.6,298.0,302.0,310.5,315.6,,,,,,,,,,,302.0,315.6,0.0,,100.0,0.0,0.0,0.0,nm_inferred,3.0,100.0,,Fairoaks Airport,51.348099,-0.558889
EGTK,18.0,18.0,100.0,0.0,0.0,600.0,,33.5,42.5,70.0,353.75,968.0,,,,,,,,,,,70.0,968.0,100.0,,72.22222222222223,27.77777777777778,0.0,16.0,16.0,100.0,0.0,0.0,,,-609.5,-276.75,292.0,342.75,369.0,,,,,,,,,,,327.5,609.5,31.25,,68.75,31.25,0.0,0.0,nm_inferred,18.0,100.0,,London Oxford Airport,51.836899,-1.32
EGVA,4.0,4.0,100.0,0.0,0.0,600.0,,-1685.0,-1077.5,-607.5,366.25,1880.5000000000005,,,,,,,,,,,1415.0,2650.0,25.0,,50.0,50.0,0.0,1.0,1.0,100.0,0.0,0.0,,,572.0,572.0,572.0,572.0,572.0,,,,,,,,,,,572.0,572.0,0.0,,100.0,0.0,0.0,0.0,nm_inferred,4.0,100.0,,RAF Fairford,51.683568,-1.789172
EGVN,,,,,,,,,,,,,,,,,,,,,,,,,,,,,,1.0,1.0,100.0,0.0,0.0,,,250.0,250.0,250.0,250.0,250.0,,,,,,,,,,,250.0,250.0,0.0,,100.0,0.0,0.0,0.0,nm_inferred,1.0,100.0,,RAF Brize Norton,51.75,-1.58362
EGWU,20.0,20.0,100.0,0.0,0.0,600.0,,30.0,41.25,65.0,81.25,147.50000000000082,,,,,,,,,,,65.0,685.5000000000003,95.0,,85.0,10.0,5.0,17.0,17.0,100.0,0.0,0.0,,,-834.6,445.0,493.0,563.0,849.8000000000002,,,,,,,,,,,542.0,1216.2,17.647058823529413,,76.47058823529412,17.647058823529413,5.882352941176471,0.0,nm_inferred,20.0,100.0,,RAF Northolt,51.553001,-0.418167
EHAK,1.0,1.0,100.0,0.0,0.0,60.0,,3280.0,3280.0,3280.0,3280.0,3280.0,,,,,,,,,,,3280.0,3280.0,100.0,,100.0,0.0,0.0,1.0,1.0,100.0,0.0,0.0,,,-2767.0,-2767.0,-2767.0,-2767.0,-2767.0,,,,,,,,,,,2767.0,2767.0,100.0,,100.0,0.0,0.0,0.0,nm_inferred,1.0,100.0,,A12-CPP Platform Helipad,55.399167,3.810278
EHAM,2049.0,2043.0,99.70717423133236,0.0,1.5129331381161544,720.0,232.0,-570.0,-355.0,-145.0,-10.0,25.0,0.0,0.02069264904495466,0.049181153943058706,0.5842346491620312,0.6784715196689536,0.0,0.1294642857142857,0.2222222222222222,0.5639880952380952,0.6776829268292687,203.0,816.5999999999999,21.047479197258934,3.3333333333333335,87.70131771595901,11.566617862371888,0.43923865300146414,2030.0,2022.0,99.60591133004927,0.0,1.921182266009852,297.0,5.0,294.1,465.0,643.0,831.75,990.9000000000001,0.9833846153846154,1.0,1.0,1.0,1.0,0.9366666666666666,1.0,1.0,1.0,1.0,662.0,1050.9,3.7091988130563798,89.1891891891892,87.24137931034483,12.019704433497537,0.3448275862068966,1.921182266009852,nm_inferred,2049.0,99.65654278069081,0.6090122058819994,Amsterdam Airport Schiphol,52.308601,4.76389
EHBD,3.0,3.0,100.0,0.0,0.0,600.0,,72.0,112.5,180.0,192.5,200.0,,,,,,,,,,,180.0,200.0,100.0,,100.0,0.0,0.0,2.0,2.0,100.0,0.0,0.0,,,240.4,247.0,258.0,269.0,275.6,,,,,,,,,,,258.0,275.6,0.0,,100.0,0.0,0.0,0.0,nm_inferred,3.0,100.0,,Kempen Airport Budel,51.255299,5.60139
EHBK,17.0,16.0,94.11764705882354,0.0,0.0,600.0,,-675.0,-546.25,-415.0,33.75,439.5,,,,,,,,,,,510.0,810.0,31.25,,70.58823529411765,23.529411764705884,0.0,19.0,17.0,89.47368421052632,0.0,0.0,,,-1059.9999999999998,399.0,503.0,642.0,734.0,,,,,,,,,,,595.0,1594.6000000000008,11.764705882352942,,63.1578947368421,26.31578947368421,0.0,0.0,nm_inferred,19.0,91.79566563467492,,Maastricht Aachen Airport,50.911087,5.769401
EHEH,189.0,189.0,100.0,0.0,0.0,600.0,,0.0,10.0,20.0,35.0,45.0,,,,,,,,,,,20.0,45.0,94.17989417989418,,91.005291005291,8.465608465608465,0.5291005291005291,188.0,188.0,100.0,0.0,0.0,,,204.09999999999997,262.0,272.0,280.25,295.0,,,,,,,,,,,273.0,302.3,6.382978723404255,,88.82978723404256,10.638297872340425,0.5319148936170213,0.0,nm_inferred,189.0,100.0,,Eindhoven Airport,51.4500999451,5.37452983856
EHFB,,,,,,,,,,,,,,,,,,,,,,,,,,,,,,1.0,1.0,100.0,0.0,0.0,,,-1903.0,-1903.0,-1903.0,-1903.0,-1903.0,,,,,,,,,,,1903.0,1903.0,100.0,,100.0,0.0,0.0,0.0,nm_inferred,1.0,100.0,,F2-A,54.94444,4.5725
EHFD,1.0,1.0,100.0,0.0,0.0,60.0,,1857.0,1857.0,1857.0,1857.0,1857.0,,,,,,,,,,,1857.0,1857.0,100.0,,100.0,0.0,0.0,2.0,2.0,100.0,0.0,0.0,,,-1311.4,-1292.5,-1261.0,-1229.5,-1210.6,,,,,,,,,,,1261.0,1311.4,100.0,,100.0,0.0,0.0,0.0,nm_inferred,2.0,100.0,,F3-FB-1,54.85306,4.69472
EHFO,1.0,1.0,100.0,0.0,0.0,60.0,,1341.0,1341.0,1341.0,1341.0,1341.0,,,,,,,,,,,1341.0,1341.0,100.0,,100.0,0.0,0.0,,,,,,,,,,,,,,,,,,,,,,,,,,,,,,0.0,nm_inferred,1.0,100.0,,F15-A,54.21583,4.82722
EHFQ,1.0,1.0,100.0,0.0,0.0,60.0,,840.0,840.0,840.0,840.0,840.0,,,,,,,,,,,840.0,840.0,100.0,,100.0,0.0,0.0,,,,,,,,,,,,,,,,,,,,,,,,,,,,,,0.0,nm_inferred,1.0,100.0,,L2-FA-1,53.96056,4.49611
EHFT,2.0,2.0,100.0,0.0,0.0,60.0,,-3202.5,-2624.25,-1660.5,-696.75,-118.49999999999989,,,,,,,,,,,1927.5,3255.9,50.0,,50.0,0.0,50.0,,,,,,,,,,,,,,,,,,,,,,,,,,,,,,0.0,nm_inferred,2.0,100.0,,L5-D,53.81806,4.51278
EHGG,7.0,7.0,100.0,0.0,0.0,600.0,,-762.0,-525.0,-450.0,-37.5,-1.9999999999999858,,,,,,,,,,,450.0,762.0000000000001,14.285714285714286,,85.71428571428571,14.285714285714286,0.0,7.0,7.0,100.0,0.0,0.0,,,353.40000000000003,473.0,556.0,638.5,680.4,,,,,,,,,,,556.0,680.4,0.0,,85.71428571428571,14.285714285714286,0.0,0.0,nm_inferred,7.0,100.0,,Groningen Airport Eelde,53.119107,6.577652
EHGP,1.0,1.0,100.0,0.0,0.0,60.0,,1725.0,1725.0,1725.0,1725.0,1725.0,,,,,,,,,,,1725.0,1725.0,100.0,,100.0,0.0,0.0,1.0,1.0,100.0,0.0,0.0,,,-671.0,-671.0,-671.0,-671.0,-671.0,,,,,,,,,,,671.0,671.0,100.0,,100.0,0.0,0.0,0.0,nm_inferred,1.0,100.0,,,,
EHJC,,,,,,,,,,,,,,,,,,,,,,,,,,,,,,1.0,1.0,100.0,0.0,0.0,,,-992.0,-992.0,-992.0,-992.0,-992.0,,,,,,,,,,,992.0,992.0,100.0,,100.0,0.0,0.0,0.0,nm_inferred,1.0,100.0,,K2B-A Heliport,53.94861,3.66222
EHKD,22.0,22.0,100.0,0.0,0.0,600.0,,-14.5,-1.5,11.5,23.75,29.800000000000004,,,,,,,,,,,15.0,29.800000000000004,72.72727272727273,,86.36363636363636,0.0,13.636363636363637,22.0,22.0,100.0,0.0,0.0,,,269.9,282.5,303.0,321.5,339.0,,,,,,,,,,,308.5,395.70000000000016,4.545454545454546,,81.81818181818181,4.545454545454546,13.636363636363637,0.0,nm_inferred,22.0,100.0,,De Kooy Airfield / Den Helder Naval Air Station,52.923401,4.78062
EHKP,1.0,1.0,100.0,0.0,0.0,60.0,,279.0,279.0,279.0,279.0,279.0,,,,,,,,,,,279.0,279.0,100.0,,100.0,0.0,0.0,1.0,1.0,100.0,0.0,0.0,,,-172.0,-172.0,-172.0,-172.0,-172.0,,,,,,,,,,,172.0,172.0,100.0,,100.0,0.0,0.0,0.0,nm_inferred,1.0,100.0,,K12-B Heliport,53.34083,3.89361
EHKQ,,,,,,,,,,,,,,,,,,,,,,,,,,,,,,1.0,1.0,100.0,0.0,0.0,,,-77.0,-77.0,-77.0,-77.0,-77.0,,,,,,,,,,,77.0,77.0,100.0,,100.0,0.0,0.0,0.0,nm_inferred,1.0,100.0,,K12-G Heliport,53.35528,3.98222
EHKV,,,,,,,,,,,,,,,,,,,,,,,,,,,,,,1.0,1.0,100.0,0.0,0.0,,,-296.0,-296.0,-296.0,-296.0,-296.0,,,,,,,,,,,296.0,296.0,100.0,,100.0,0.0,0.0,0.0,nm_inferred,1.0,100.0,,K14-FA-1C Heliport,53.26861,3.62639
EHKX,1.0,1.0,100.0,0.0,0.0,60.0,,424.0,424.0,424.0,424.0,424.0,,,,,,,,,,,424.0,424.0,100.0,,100.0,0.0,0.0,,,,,,,,,,,,,,,,,,,,,,,,,,,,,,0.0,nm_inferred,1.0,100.0,,K12-K Heliport,53.42278,3.96028
EHLE,1.0,1.0,100.0,0.0,0.0,600.0,,20.0,20.0,20.0,20.0,20.0,,,,,,,,,,,20.0,20.0,100.0,,100.0,0.0,0.0,4.0,4.0,100.0,0.0,0.0,,,-413.59999999999997,-81.5,227.0,376.75,423.1,,,,,,,,,,,402.5,580.7,25.0,,75.0,25.0,0.0,0.0,nm_inferred,4.0,100.0,,Lelystad Airport,52.453188,5.514622
EHLL,4.0,4.0,100.0,0.0,0.0,60.0,,434.5,756.25,2107.5,3386.75,3578.9,,,,,,,,,,,2107.5,3578.9,100.0,,100.0,0.0,0.0,3.0,3.0,100.0,0.0,0.0,,,46.4,65.0,96.0,138.0,163.2,,,,,,,,,,,96.0,163.2,0.0,,100.0,0.0,0.0,0.0,nm_inferred,4.0,100.0,,L10-A Heliport,53.40333,4.20056
EHMG,,,,,,,,,,,,,,,,,,,,,,,,,,,,,,1.0,1.0,100.0,0.0,0.0,,,30.0,30.0,30.0,30.0,30.0,,,,,,,,,,,30.0,30.0,0.0,,100.0,0.0,0.0,0.0,nm_inferred,1.0,100.0,,L9-FF-1 Heliport,53.61444,4.96028
EHMR,,,,,,,,,,,,,,,,,,,,,,,,,,,,,,2.0,2.0,100.0,0.0,0.0,,,1644.0,2079.0,2804.0,3529.0,3964.0,,,,,,,,,,,2804.0,3964.0,0.0,,50.0,0.0,50.0,0.0,nm_inferred,2.0,100.0,,L15-FA-1 Heliport,53.32944,4.83083
EHRD,92.0,91.0,98.91304347826087,0.0,0.0,600.0,,-1680.0,-1120.0,-680.0,-467.5,-125.0,,,,,,,,,,,715.0,1775.0,5.4945054945054945,,89.1304347826087,8.695652173913043,1.0869565217391304,96.0,95.0,98.95833333333333,0.0,0.0,,,438.6,507.0,538.0,577.0,1215.6000000000042,,,,,,,,,,,545.0,2326.200000000006,6.315789473684211,,85.41666666666667,12.5,1.0416666666666667,0.0,nm_inferred,96.0,98.9356884057971,,Rotterdam The Hague Airport,51.956902,4.43722
EHTE,1.0,1.0,100.0,0.0,0.0,600.0,,-415.0,-415.0,-415.0,-415.0,-415.0,,,,,,,,,,,415.0,415.0,0.0,,100.0,0.0,0.0,1.0,1.0,100.0,0.0,0.0,,,440.0,440.0,440.0,440.0,440.0,,,,,,,,,,,440.0,440.0,0.0,,100.0,0.0,0.0,0.0,nm_inferred,1.0,100.0,,Teuge Airport,52.242764,6.050004
EHTW,1.0,1.0,100.0,0.0,0.0,600.0,,-21.0,-21.0,-21.0,-21.0,-21.0,,,,,,,,,,,21.0,21.0,0.0,,100.0,0.0,0.0,2.0,2.0,100.0,0.0,0.0,,,298.6,326.5,373.0,419.5,447.4,,,,,,,,,,,373.0,447.4,0.0,,100.0,0.0,0.0,0.0,nm_inferred,2.0,100.0,,Twente Airport,52.275833,6.889167
EICK,122.0,122.0,100.0,0.0,99.18032786885246,540.0,5.0,-754.5,-663.75,-550.0,-455.0,-251.9999999999999,0.9,0.9814814814814815,1.0,1.0,1.0,0.9285714285714286,1.0,1.0,1.0,1.0,562.5,936.0000000000002,4.918032786885246,87.60330578512396,87.70491803278688,8.19672131147541,4.098360655737705,120.0,119.0,99.16666666666667,0.0,100.0,240.0,5.0,465.0,510.0,590.0,660.0,2058.0,1.0,1.0,1.0,1.0,1.0,1.0,1.0,1.0,1.0,1.0,595.0,2149.0000000000005,3.361344537815126,100.0,84.16666666666667,11.666666666666666,3.3333333333333335,100.0,apdf,122.0,99.58333333333334,0.9958333333333335,Cork International Airport,51.841301,-8.49111
EIDL,8.0,8.0,100.0,0.0,0.0,600.0,,93.5,98.75,127.5,143.75,171.5,,,,,,,,,,,127.5,171.5,100.0,,100.0,0.0,0.0,8.0,8.0,100.0,0.0,0.0,,,-61.49999999999999,-24.0,44.5,107.75,110.9,,,,,,,,,,,104.5,123.8,50.0,,87.5,0.0,12.5,0.0,nm_inferred,8.0,100.0,,Donegal Airport,55.0442008972168,-8.340999603271484
EIDW,1198.0,1193.0,99.58263772954925,0.0,99.91652754590984,867.0,618.5,-763.8,-424.0,-128.0,23.0,53.0,0.0,0.0,0.15596296048535246,0.4670248590563396,0.7857073890965985,0.0,0.047619047619047616,0.21621621621621623,0.4444444444444444,0.6536789297658865,220.0,1133.1999999999998,29.50544844928751,1.8456375838926173,82.8881469115192,15.358931552587647,1.335559265442404,1177.0,1173.0,99.66015293118097,0.0,99.8300764655905,402.0,5.0,224.8,321.0,466.0,595.0,686.5999999999999,0.3737166324435318,0.8027003484320558,1.0,1.0,1.0,0.6,0.8571428571428571,1.0,1.0,1.0,489.0,807.8,6.564364876385337,62.937660119555936,84.02718776550552,14.27357689039932,1.3593882752761257,99.91652754590984,apdf,1198.0,99.62139533036512,0.6058057824143824,Dublin Airport,53.428713,-6.262121
EIKN,34.0,34.0,100.0,0.0,0.0,600.0,,-2726.5,-885.0,-465.0,-326.25,-253.00000000000006,,,,,,,,,,,465.0,2726.4999999999995,0.0,,79.41176470588235,17.647058823529413,2.9411764705882355,33.0,33.0,100.0,0.0,0.0,,,244.00000000000003,500.0,600.0,670.0,2096.8,,,,,,,,,,,623.0,2153.2000000000003,6.0606060606060606,,75.75757575757575,21.21212121212121,3.0303030303030303,0.0,nm_inferred,34.0,100.0,,Ireland West Airport Knock,53.910439,-8.817002
EIKY,23.0,23.0,100.0,0.0,0.0,720.0,,6.000000000000001,10.0,30.0,55.0,64.0,,,,,,,,,,,30.0,64.0,100.0,,91.30434782608695,8.695652173913043,0.0,23.0,23.0,100.0,0.0,0.0,,,222.6,252.5,262.0,275.5,285.6,,,,,,,,,,,262.0,285.6,4.3478260869565215,,82.6086956521739,17.391304347826086,0.0,0.0,nm_inferred,23.0,100.0,,Kerry Airport,52.180901,-9.52378
EINN,107.0,107.0,100.0,0.0,0.0,600.0,,50.0,60.0,80.0,100.0,115.0,,,,,,,,,,,80.0,115.0,100.0,,88.78504672897196,9.345794392523365,1.8691588785046729,100.0,100.0,100.0,0.0,0.0,,,107.9,136.25,155.0,172.0,181.0,,,,,,,,,,,160.5,183.0,6.0,,87.0,11.0,2.0,0.0,nm_inferred,107.0,100.0,,Shannon Airport,52.702,-8.92482
EIWF,2.0,2.0,100.0,0.0,0.0,300.0,,0.5,1.25,2.5,3.75,4.5,,,,,,,,,,,2.5,4.5,100.0,,100.0,0.0,0.0,1.0,1.0,100.0,0.0,0.0,,,266.0,266.0,266.0,266.0,266.0,,,,,,,,,,,266.0,266.0,0.0,,100.0,0.0,0.0,0.0,nm_inferred,2.0,100.0,,Waterford Airport,52.187199,-7.08696
EKAH,36.0,36.0,100.0,0.0,0.0,600.0,,52.0,71.5,95.5,130.0,178.5,,,,,,,,,,,95.5,178.5,100.0,,91.66666666666667,8.333333333333334,0.0,35.0,35.0,100.0,0.0,0.0,,,-119.39999999999998,68.0,109.0,121.5,151.2,,,,,,,,,,,117.0,171.8,20.0,,88.57142857142857,11.428571428571429,0.0,0.0,nm_inferred,36.0,100.0,,Aarhus Airport,56.303331,10.618286
EKAR,,,,,,,,,,,,,,,,,,,,,,,,,,,,,,1.0,1.0,100.0,0.0,0.0,,,-3337.0,-3337.0,-3337.0,-3337.0,-3337.0,,,,,,,,,,,3337.0,3337.0,100.0,,100.0,0.0,0.0,0.0,nm_inferred,1.0,100.0,,South (Syd) Arne Helideck,56.08028,4.230389
EKBI,142.0,142.0,100.0,0.0,0.0,600.0,,10.0,25.0,40.0,50.0,65.0,,,,,,,,,,,40.0,65.0,100.0,,90.14084507042253,9.859154929577464,0.0,148.0,148.0,100.0,0.0,0.0,,,84.80000000000001,250.0,264.0,274.0,284.3,,,,,,,,,,,268.0,288.0,4.72972972972973,,91.21621621621621,8.783783783783784,0.0,0.0,nm_inferred,148.0,100.0,,Billund Airport,55.740335,9.157019
EKCH,1208.0,1202.0,99.50331125827815,0.0,99.91721854304636,683.0,690.0,28.0,31.0,35.0,43.0,47.90000000000009,0.0,0.0,0.0,0.0,0.0,0.0,0.0,0.0,0.0,0.0,35.0,48.0,99.08485856905158,0.08326394671107411,86.83774834437087,12.168874172185431,0.4966887417218543,1215.0,1205.0,99.17695473251028,0.0,99.83539094650206,317.0,63.0,118.4,256.0,262.0,265.0,269.0,0.31432789983463266,0.6461156250760212,0.7933130699088146,0.9387385398540373,1.0,0.4741854636591479,0.6923076923076923,0.8181818181818182,0.9,1.0,263.0,270.0,6.721991701244813,19.700748129675812,86.66666666666667,12.016460905349794,0.49382716049382713,99.91721854304636,apdf,1215.0,99.34013299539421,0.40639145316297637,Copenhagen Kastrup Airport,55.617900848389,12.656000137329
EKDF,,,,,,,,,,,,,,,,,,,,,,,,,,,,,,1.0,1.0,100.0,0.0,0.0,,,-2705.0,-2705.0,-2705.0,-2705.0,-2705.0,,,,,,,,,,,2705.0,2705.0,100.0,,100.0,0.0,0.0,0.0,nm_inferred,1.0,100.0,,Dan F Helideck,55.47809982299805,5.105527877807617
EKEB,8.0,8.0,100.0,0.0,0.0,300.0,,31.0,51.25,65.0,75.0,78.0,,,,,,,,,,,65.0,78.0,100.0,,87.5,0.0,12.5,8.0,8.0,100.0,0.0,0.0,,,174.5,200.0,242.5,277.5,305.4,,,,,,,,,,,242.5,305.4,0.0,,87.5,0.0,12.5,0.0,nm_inferred,8.0,100.0,,Esbjerg Airport,55.525902,8.5534
EKGC,2.0,2.0,100.0,0.0,0.0,120.0,,1788.5,1793.75,1802.5,1811.25,1816.5,,,,,,,,,,,1802.5,1816.5,100.0,,100.0,0.0,0.0,,,,,,,,,,,,,,,,,,,,,,,,,,,,,,0.0,nm_inferred,2.0,100.0,,Gorm C Helideck,55.57984924316406,4.758889198303223
EKHB,,,,,,,,,,,,,,,,,,,,,,,,,,,,,,1.0,1.0,100.0,0.0,0.0,,,-2560.0,-2560.0,-2560.0,-2560.0,-2560.0,,,,,,,,,,,2560.0,2560.0,100.0,,100.0,0.0,0.0,0.0,nm_inferred,1.0,100.0,,Halfdan B Helideck,55.538612365722656,5.033332824707031
EKKA,4.0,4.0,100.0,0.0,0.0,300.0,,-2.499999999999999,8.75,18.0,22.5,25.200000000000003,,,,,,,,,,,18.0,25.200000000000003,75.0,,100.0,0.0,0.0,4.0,4.0,100.0,0.0,0.0,,,0.7000000000000028,99.25,189.5,226.25,228.5,,,,,,,,,,,189.5,228.5,25.0,,100.0,0.0,0.0,0.0,nm_inferred,4.0,100.0,,Midtjyllands Airport / Air Base Karup,56.297139,9.104311
EKRK,3.0,3.0,100.0,0.0,0.0,300.0,,17.0,20.0,25.0,40.0,49.0,,,,,,,,,,,25.0,49.0,100.0,,100.0,0.0,0.0,7.0,7.0,100.0,0.0,0.0,,,185.6,205.5,217.0,282.0,301.0,,,,,,,,,,,217.0,301.0,0.0,,85.71428571428571,14.285714285714286,0.0,0.0,nm_inferred,7.0,100.0,,Copenhagen Roskilde Airport,55.585602,12.1314
EKRN,14.0,14.0,100.0,0.0,0.0,300.0,,181.5,227.5,252.5,313.75,335.5,,,,,,,,,,,252.5,335.5,100.0,,100.0,0.0,0.0,14.0,14.0,100.0,0.0,0.0,,,-75.0,6.25,20.0,33.75,208.50000000000023,,,,,,,,,,,30.0,231.00000000000014,21.428571428571427,,100.0,0.0,0.0,0.0,nm_inferred,14.0,100.0,,Bornholm Airport,55.063301,14.7596
EKSB,7.0,7.0,100.0,0.0,0.0,300.0,,15.000000000000002,25.0,25.0,52.5,64.0,,,,,,,,,,,25.0,64.0,100.0,,100.0,0.0,0.0,7.0,7.0,100.0,0.0,0.0,,,31.000000000000007,85.0,210.0,240.0,255.0,,,,,,,,,,,210.0,255.0,14.285714285714286,,100.0,0.0,0.0,0.0,nm_inferred,7.0,100.0,,Sønderborg Airport,54.96440124511719,9.791729927062988
EKSC,1.0,1.0,100.0,0.0,0.0,120.0,,1655.0,1655.0,1655.0,1655.0,1655.0,,,,,,,,,,,1655.0,1655.0,100.0,,100.0,0.0,0.0,,,,,,,,,,,,,,,,,,,,,,,,,,,,,,0.0,nm_inferred,1.0,100.0,,Skjold Helideck,55.53159332275391,4.906667232513428
EKSI,1.0,1.0,100.0,0.0,0.0,120.0,,2305.0,2305.0,2305.0,2305.0,2305.0,,,,,,,,,,,2305.0,2305.0,100.0,,100.0,0.0,0.0,,,,,,,,,,,,,,,,,,,,,,,,,,,,,,0.0,nm_inferred,1.0,100.0,,Siri Helideck,56.48271560668945,4.911110877990723
EKTE,,,,,,,,,,,,,,,,,,,,,,,,,,,,,,1.0,1.0,100.0,0.0,0.0,,,-2330.0,-2330.0,-2330.0,-2330.0,-2330.0,,,,,,,,,,,2330.0,2330.0,100.0,,100.0,0.0,0.0,0.0,nm_inferred,1.0,100.0,,Tyra E Helideck,55.72152328491211,4.802055835723877
EKVG,24.0,24.0,100.0,0.0,0.0,300.0,,1462.0,1608.75,1720.0,2040.0,3292.999999999999,,,,,,,,,,,1720.0,3292.999999999999,100.0,,100.0,0.0,0.0,25.0,25.0,100.0,0.0,0.0,,,-3761.7999999999997,-1978.0,-1719.0,-1543.0,-1437.6,,,,,,,,,,,1719.0,3761.8,100.0,,92.0,8.0,0.0,0.0,nm_inferred,25.0,100.0,,Vágar Airport,62.063256,-7.275782
EKYT,68.0,67.0,98.52941176470588,0.0,0.0,600.0,,5.0,15.0,30.0,45.0,65.0,,,,,,,,,,,30.0,65.0,94.02985074626865,,94.11764705882354,4.411764705882353,0.0,66.0,65.0,98.48484848484848,0.0,0.0,,,237.0,245.0,260.0,280.0,285.0,,,,,,,,,,,260.0,290.0,3.076923076923077,,93.93939393939394,4.545454545454546,0.0,0.0,nm_inferred,68.0,98.50713012477718,,Aalborg Airport,57.094763,9.84993
ELLX,314.0,314.0,100.0,0.0,42.35668789808918,600.0,640.0,-305.0,-25.0,-5.0,20.0,35.0,0.0,0.0,0.0,0.02976190476190476,0.4467948717948718,0.0,0.0,0.0,0.05555555555555555,0.4923076923076922,20.0,397.4999999999997,49.681528662420384,0.7518796992481203,86.30573248407643,13.05732484076433,0.6369426751592356,312.0,311.0,99.67948717948718,0.0,41.66666666666667,360.0,5.0,173.0,317.0,415.0,472.0,530.0,0.6938492063492063,1.0,1.0,1.0,1.0,0.8523809523809524,1.0,1.0,1.0,1.0,430.0,607.0,7.07395498392283,81.3953488372093,84.61538461538461,13.782051282051283,1.2820512820512822,42.35668789808918,nm_inferred,314.0,99.83974358974359,0.49919871794871795,Luxembourg-Findel International Airport,49.626845,6.212134
ENAL,48.0,48.0,100.0,0.0,0.0,300.0,,315.6,365.75,405.0,455.0,479.5,,,,,,,,,,,405.0,479.5,100.0,,97.91666666666667,2.0833333333333335,0.0,50.0,50.0,100.0,0.0,0.0,,,-739.1,-573.75,-445.0,-353.75,-308.4,,,,,,,,,,,445.0,739.1,98.0,,98.0,2.0,0.0,0.0,nm_inferred,50.0,100.0,,Ålesund Airport,62.560443,6.110845
ENAN,8.0,1.0,12.5,0.0,0.0,300.0,,1025.0,1025.0,1025.0,1025.0,1025.0,,,,,,,,,,,1025.0,1025.0,100.0,,12.5,0.0,0.0,9.0,0.0,0.0,0.0,0.0,,,,,,,,,,,,,,,,,,,,,,0.0,0.0,0.0,0.0,nm_inferred,9.0,6.25,,"Andøya Airport, Andenes",69.295193,16.139379
ENAT,22.0,16.0,72.72727272727273,0.0,0.0,480.0,,404.0,427.75,630.0,741.25,867.5,,,,,,,,,,,630.0,867.5,100.0,,72.72727272727273,0.0,0.0,22.0,14.0,63.63636363636363,0.0,0.0,,,-599.2,-542.5,-450.0,-421.25,-364.7,,,,,,,,,,,450.0,599.2,100.0,,59.09090909090909,4.545454545454546,0.0,0.0,nm_inferred,22.0,68.18181818181819,,Alta Airport,69.976097,23.3717
ENBE,2.0,1.0,50.0,0.0,0.0,60.0,,2574.0,2574.0,2574.0,2574.0,2574.0,,,,,,,,,,,2574.0,2574.0,100.0,,50.0,0.0,0.0,1.0,0.0,0.0,0.0,0.0,,,,,,,,,,,,,,,,,,,,,,0.0,0.0,0.0,0.0,nm_inferred,2.0,25.0,,Balder A FPU,59.190601,2.35806
ENBL,10.0,10.0,100.0,0.0,0.0,300.0,,307.0,316.25,340.0,382.5,424.0,,,,,,,,,,,340.0,424.0,100.0,,100.0,0.0,0.0,11.0,11.0,100.0,0.0,0.0,,,-423.0,-399.5,-386.0,-152.5,-148.0,,,,,,,,,,,386.0,423.0,100.0,,100.0,0.0,0.0,0.0,nm_inferred,11.0,100.0,,"Førde Airport, Bringeland",61.391102,5.75694
ENBN,15.0,15.0,100.0,0.0,0.0,300.0,,12.0,15.0,46.0,54.0,113.99999999999997,,,,,,,,,,,46.0,113.99999999999997,93.33333333333333,,93.33333333333333,6.666666666666667,0.0,14.0,14.0,100.0,0.0,0.0,,,232.6,242.75,254.0,279.25,295.90000000000003,,,,,,,,,,,254.0,295.90000000000003,0.0,,100.0,0.0,0.0,0.0,nm_inferred,15.0,100.0,,"Brønnøysund Airport, Brønnøy",65.461098,12.2175
ENBO,122.0,122.0,100.0,0.0,0.0,360.0,,15.0,29.0,40.0,54.75,106.30000000000004,,,,,,,,,,,40.0,106.30000000000004,99.18032786885246,,85.24590163934427,3.278688524590164,11.475409836065573,123.0,123.0,100.0,0.0,0.0,,,-129.2,-4.0,150.0,230.0,259.0,,,,,,,,,,,172.0,263.79999999999995,26.016260162601625,,86.99186991869918,0.0,13.008130081300813,0.0,nm_inferred,123.0,100.0,,Bodø Airport,67.269203,14.3653
ENBR,363.0,363.0,100.0,50.0,100.0,540.0,225.0,-585.0,-435.0,-270.0,-57.5,45.0,0.0,0.36904761904761907,0.5555555555555556,0.8680555555555556,0.966388888888889,0.043333333333333356,0.375,0.5625,0.875,1.0,275.0,603.0000000000001,20.385674931129476,14.057507987220447,92.56198347107438,2.203856749311295,5.234159779614325,359.0,358.0,99.72144846796657,5.0,99.72144846796658,180.0,5.0,295.0,366.25,420.0,480.0,571.5,1.0,1.0,1.0,1.0,1.0,1.0,1.0,1.0,1.0,1.0,422.5,583.0000000000001,1.1173184357541899,97.1590909090909,91.08635097493037,3.8997214484679668,4.735376044568246,100.0,apdf,363.0,99.86072423398329,0.7801619080779945,"Bergen Airport, Flesland",60.2934,5.21814
ENBS,3.0,0.0,0.0,0.0,0.0,300.0,,,,,,,,,,,,,,,,,,,,,0.0,0.0,0.0,,,,,,,,,,,,,,,,,,,,,,,,,,,,,,0.0,nm_inferred,3.0,0.0,,,,
ENBV,2.0,0.0,0.0,0.0,0.0,300.0,,,,,,,,,,,,,,,,,,,,,0.0,0.0,0.0,1.0,0.0,0.0,0.0,0.0,,,,,,,,,,,,,,,,,,,,,,0.0,0.0,0.0,0.0,nm_inferred,2.0,0.0,,,,
ENCN,38.0,38.0,100.0,0.0,0.0,600.0,,-771.0,-656.75,-520.0,-446.0,-407.59999999999997,,,,,,,,,,,520.0,771.0000000000001,0.0,,100.0,0.0,0.0,38.0,38.0,100.0,0.0,0.0,,,314.40000000000003,420.5,475.0,557.5,2001.0000000000007,,,,,,,,,,,484.5,2001.0000000000007,2.6315789473684212,,94.73684210526316,5.2631578947368425,0.0,0.0,nm_inferred,38.0,100.0,,Kristiansand Airport,58.204201,8.08537
ENDP,2.0,0.0,0.0,0.0,0.0,60.0,,,,,,,,,,,,,,,,,,,,,0.0,0.0,0.0,2.0,0.0,0.0,0.0,0.0,,,,,,,,,,,,,,,,,,,,,,0.0,0.0,0.0,0.0,nm_inferred,2.0,0.0,,Draupner Platform,58.188099,2.47111
ENDU,5.0,5.0,100.0,0.0,0.0,600.0,,347.0,350.0,370.0,390.0,393.0,,,,,,,,,,,370.0,393.0,100.0,,100.0,0.0,0.0,5.0,5.0,100.0,0.0,0.0,,,-732.8,-716.0,-714.0,-703.0,-324.99999999999994,,,,,,,,,,,714.0,732.8,100.0,,100.0,0.0,0.0,0.0,nm_inferred,5.0,100.0,,Bardufoss Airport,69.055801,18.5404
ENEV,42.0,36.0,85.71428571428571,0.0,0.0,600.0,,398.5,435.0,491.5,536.25,730.0,,,,,,,,,,,491.5,730.0,100.0,,78.57142857142857,2.380952380952381,4.761904761904762,42.0,39.0,92.85714285714286,0.0,0.0,,,-742.0,-637.5,-575.0,-530.5,-491.2,,,,,,,,,,,575.0,742.0000000000001,100.0,,88.0952380952381,0.0,4.761904761904762,0.0,nm_inferred,42.0,89.28571428571428,,Harstad/Narvik Airport,68.491302,16.678101
ENFB,4.0,3.0,75.0,0.0,0.0,60.0,,975.0,1005.0,1055.0,1138.0,1187.8,,,,,,,,,,,1055.0,1187.8,100.0,,75.0,0.0,0.0,1.0,1.0,100.0,0.0,0.0,,,-925.0,-925.0,-925.0,-925.0,-925.0,,,,,,,,,,,925.0,925.0,100.0,,100.0,0.0,0.0,0.0,nm_inferred,4.0,87.5,,Statfjord B,61.20639,1.82889
ENFL,26.0,15.0,57.69230769230769,0.0,0.0,300.0,,339.0,347.5,380.0,605.0,693.0,,,,,,,,,,,380.0,693.0,100.0,,57.69230769230769,0.0,0.0,26.0,22.0,84.61538461538461,0.0,0.0,,,-566.1,-426.25,-308.5,-111.75,-76.79999999999994,,,,,,,,,,,308.5,566.1000000000001,100.0,,84.61538461538461,0.0,0.0,0.0,nm_inferred,26.0,71.15384615384616,,Florø Airport,61.583599090576,5.0247201919556
ENGA,4.0,4.0,100.0,0.0,0.0,60.0,,1136.5,1183.75,1272.5,1363.25,1414.1,,,,,,,,,,,1272.5,1414.1,100.0,,100.0,0.0,0.0,4.0,4.0,100.0,0.0,0.0,,,-1065.7,-912.25,-804.0,-696.0,-543.0,,,,,,,,,,,804.0,1065.7,100.0,,100.0,0.0,0.0,0.0,nm_inferred,4.0,100.0,,Gullfaks A,61.17556,2.1875
ENGC,3.0,3.0,100.0,0.0,0.0,60.0,,706.2,807.0,975.0,1082.5,1147.0,,,,,,,,,,,975.0,1147.0,100.0,,100.0,0.0,0.0,4.0,3.0,75.0,0.0,0.0,,,-1574.4,-1372.5,-1036.0,-730.0,-546.4,,,,,,,,,,,1036.0,1574.4,100.0,,75.0,0.0,0.0,0.0,nm_inferred,4.0,87.5,,Gullfaks C Helipad,61.214063,2.270984
ENGM,917.0,913.0,99.56379498364231,8.0,99.67284623773173,660.0,515.0,-365.0,-210.0,-105.0,-75.0,-45.0,0.06060606060606061,0.10897435897435898,0.1590909090909091,0.3260732323232323,0.492929292929293,0.08877005347593585,0.125,0.1875,0.3514705882352941,0.5,110.0,439.00000000000034,4.381161007667032,0.33222591362126247,93.12977099236642,5.997818974918212,0.4362050163576881,915.0,912.0,99.67213114754098,2.0,99.78142076502732,240.0,5.0,220.0,250.0,385.0,470.0,545.0,0.6111111111111112,1.0,1.0,1.0,1.0,0.7233766233766235,1.0,1.0,1.0,1.0,395.0,565.0,4.057017543859649,80.39647577092511,93.11475409836065,6.120218579234972,0.4371584699453552,99.78142076502732,apdf,917.0,99.61796306559165,0.5914816557019504,Oslo-Gardermoen International Airport,60.193901,11.1004
ENHD,23.0,23.0,100.0,0.0,0.0,300.0,,190.6,200.0,221.0,397.0,504.00000000000006,,,,,,,,,,,221.0,504.00000000000006,100.0,,95.65217391304348,4.3478260869565215,0.0,23.0,23.0,100.0,0.0,0.0,,,-126.8,-96.5,58.0,81.5,100.4,,,,,,,,,,,90.0,126.8,43.47826086956522,,95.65217391304348,4.3478260869565215,0.0,0.0,nm_inferred,23.0,100.0,,"Haugesund Airport, Karmøy",59.345299,5.20836
ENHE,2.0,0.0,0.0,0.0,0.0,60.0,,,,,,,,,,,,,,,,,,,,,0.0,0.0,0.0,3.0,1.0,33.333333333333336,0.0,0.0,,,-2240.0,-2240.0,-2240.0,-2240.0,-2240.0,,,,,,,,,,,2240.0,2240.0,100.0,,33.333333333333336,0.0,0.0,0.0,nm_inferred,3.0,16.666666666666668,,Heidrun A Helipad,65.32556,7.31583
ENHF,19.0,16.0,84.21052631578948,0.0,0.0,300.0,,1087.5,1098.75,1172.5,1238.75,1287.5,,,,,,,,,,,1172.5,1287.5,100.0,,84.21052631578948,0.0,0.0,25.0,17.0,68.0,0.0,0.0,,,-833.2,-799.0,-787.0,-729.0,-670.2,,,,,,,,,,,787.0,833.2,100.0,,68.0,0.0,0.0,0.0,nm_inferred,25.0,76.10526315789474,,,,
ENHK,2.0,2.0,100.0,0.0,0.0,300.0,,638.0,642.5,650.0,657.5,662.0,,,,,,,,,,,650.0,662.0,100.0,,100.0,0.0,0.0,1.0,0.0,0.0,0.0,0.0,,,,,,,,,,,,,,,,,,,,,,0.0,0.0,0.0,0.0,nm_inferred,2.0,50.0,,,,
ENJS,9.0,5.0,55.55555555555556,0.0,0.0,60.0,,2561.0,2660.0,2690.0,2710.0,4342.0,,,,,,,,,,,2690.0,4342.0,100.0,,55.55555555555556,0.0,0.0,8.0,1.0,12.5,0.0,0.0,,,-3821.0,-3821.0,-3821.0,-3821.0,-3821.0,,,,,,,,,,,3821.0,3821.0,100.0,,12.5,0.0,0.0,0.0,nm_inferred,9.0,34.02777777777778,,Johan Sverdrup Helipad,58.83528,2.54556
ENKB,20.0,13.0,65.0,0.0,0.0,300.0,,242.0,290.0,370.0,460.0,685.0000000000001,,,,,,,,,,,370.0,685.0000000000001,100.0,,65.0,0.0,0.0,20.0,13.0,65.0,0.0,0.0,,,-511.2,-449.0,-388.0,-306.0,-167.59999999999994,,,,,,,,,,,388.0,511.2,100.0,,65.0,0.0,0.0,0.0,nm_inferred,20.0,65.0,,"Kristiansund Airport, Kvernberget",63.111801,7.82452
ENKR,25.0,11.0,44.0,0.0,0.0,300.0,,1100.0,1430.0,1765.0,2459.0,2782.0,,,,,,,,,,,1765.0,2782.0,100.0,,44.0,0.0,0.0,25.0,11.0,44.0,0.0,0.0,,,-2163.0,-2096.0,-1206.0,-1004.5,-893.0,,,,,,,,,,,1206.0,2163.0,100.0,,44.0,0.0,0.0,0.0,nm_inferred,25.0,44.0,,"Kirkenes Airport, Høybuktmoen",69.7258,29.8913
ENLA,2.0,1.0,50.0,0.0,0.0,60.0,,505.0,505.0,505.0,505.0,505.0,,,,,,,,,,,505.0,505.0,100.0,,0.0,0.0,50.0,2.0,0.0,0.0,0.0,0.0,,,,,,,,,,,,,,,,,,,,,,0.0,0.0,0.0,0.0,nm_inferred,2.0,25.0,,Ula Platform,57.111667,2.846667
ENLE,7.0,3.0,42.857142857142854,0.0,0.0,60.0,,3819.0,3870.0,3955.0,4142.5,4255.0,,,,,,,,,,,3955.0,4255.0,100.0,,42.857142857142854,0.0,0.0,7.0,2.0,28.571428571428573,0.0,0.0,,,-3796.6,-3164.5,-2111.0,-1057.5,-425.3999999999999,,,,,,,,,,,2111.0,3796.6,100.0,,28.571428571428573,0.0,0.0,0.0,nm_inferred,7.0,35.714285714285715,,Ekofisk Oil Pltf Helipad,56.5333,3.21667
ENLK,21.0,20.0,95.23809523809524,0.0,0.0,300.0,,143.50000000000034,466.25,630.0,903.75,999.0,,,,,,,,,,,732.5,1197.5000000000014,90.0,,76.19047619047619,0.0,19.047619047619047,20.0,19.0,95.0,0.0,0.0,,,-541.8,-476.5,-260.0,-111.0,1759.5999999999997,,,,,,,,,,,466.0,1912.3999999999999,78.94736842105263,,75.0,0.0,20.0,0.0,nm_inferred,21.0,95.11904761904762,,Leknes Airport,68.152496337891,13.609399795532
ENMH,3.0,1.0,33.333333333333336,0.0,0.0,300.0,,2580.0,2580.0,2580.0,2580.0,2580.0,,,,,,,,,,,2580.0,2580.0,100.0,,33.333333333333336,0.0,0.0,,,,,,,,,,,,,,,,,,,,,,,,,,,,,,0.0,nm_inferred,3.0,33.333333333333336,,,,
ENML,15.0,15.0,100.0,0.0,0.0,300.0,,300.0,382.5,410.0,477.5,538.0,,,,,,,,,,,410.0,538.0,100.0,,100.0,0.0,0.0,15.0,15.0,100.0,0.0,0.0,,,-519.4,-447.5,-346.0,-304.5,-224.8,,,,,,,,,,,346.0,519.4,100.0,,100.0,0.0,0.0,0.0,nm_inferred,15.0,100.0,,"Molde Airport, Årø",62.744701,7.2625
ENMS,9.0,9.0,100.0,0.0,0.0,300.0,,-721.9999999999998,115.0,130.0,135.0,163.0,,,,,,,,,,,130.0,934.0000000000007,88.88888888888889,,88.88888888888889,0.0,11.11111111111111,9.0,9.0,100.0,0.0,0.0,,,25.20000000000001,83.0,112.0,141.0,783.2000000000005,,,,,,,,,,,114.0,783.2000000000005,11.11111111111111,,88.88888888888889,0.0,11.11111111111111,0.0,nm_inferred,9.0,100.0,,"Mosjøen Airport, Kjærstad",65.783997,13.2149
ENNA,8.0,8.0,100.0,0.0,0.0,300.0,,1002.0,1177.5,1300.0,1457.5,1499.2,,,,,,,,,,,1300.0,1499.2,100.0,,100.0,0.0,0.0,8.0,7.0,87.5,0.0,0.0,,,-1114.4,-1005.5,-887.0,-834.5,-720.8,,,,,,,,,,,887.0,1114.4,100.0,,87.5,0.0,0.0,0.0,nm_inferred,8.0,93.75,,"Lakselv Airport, Banak",70.068802,24.973499
ENNM,5.0,5.0,100.0,0.0,0.0,300.0,,117.0,120.0,140.0,185.0,188.0,,,,,,,,,,,140.0,188.0,100.0,,60.0,20.0,20.0,5.0,4.0,80.0,0.0,0.0,,,37.6,56.5,96.5,522.75,1236.9000000000003,,,,,,,,,,,96.5,1236.9000000000003,0.0,,60.0,0.0,20.0,0.0,nm_inferred,5.0,90.0,,Namsos Airport,64.472198,11.5786
ENOA,8.0,7.0,87.5,0.0,0.0,60.0,,512.6,666.5,736.0,752.5,824.0,,,,,,,,,,,736.0,824.0,100.0,,87.5,0.0,0.0,8.0,8.0,100.0,0.0,0.0,,,-841.6,-593.5,-444.5,-380.75,-242.90000000000003,,,,,,,,,,,444.5,841.6,100.0,,100.0,0.0,0.0,0.0,nm_inferred,8.0,93.75,,Oseberg A Platform,60.491402,2.82556
ENOC,2.0,2.0,100.0,0.0,0.0,60.0,,-2573.7,-2054.25,-1188.5,-322.75,196.7000000000001,,,,,,,,,,,1731.5,2682.3,50.0,,50.0,0.0,50.0,2.0,1.0,50.0,0.0,0.0,,,4207.0,4207.0,4207.0,4207.0,4207.0,,,,,,,,,,,4207.0,4207.0,0.0,,0.0,0.0,50.0,0.0,nm_inferred,2.0,75.0,,Oseberg C Platform,60.6078,2.77444
ENOL,4.0,4.0,100.0,0.0,0.0,600.0,,38.5,45.25,64.5,81.25,83.5,,,,,,,,,,,64.5,83.5,100.0,,100.0,0.0,0.0,4.0,4.0,100.0,0.0,0.0,,,73.8,81.0,133.0,183.5,188.0,,,,,,,,,,,133.0,188.0,0.0,,100.0,0.0,0.0,0.0,nm_inferred,4.0,100.0,,Ørland Airport,63.69889831542969,9.604000091552734
ENOV,21.0,21.0,100.0,0.0,0.0,300.0,,575.0,630.0,705.0,735.0,810.0,,,,,,,,,,,705.0,810.0,100.0,,90.47619047619048,0.0,9.523809523809524,20.0,20.0,100.0,0.0,0.0,,,-408.1,-315.5,-206.5,-137.0,-116.19999999999997,,,,,,,,,,,206.5,408.1000000000001,100.0,,85.0,0.0,15.0,0.0,nm_inferred,21.0,100.0,,"Ørsta-Volda Airport, Hovden",62.180000305176,6.0741000175476
ENQA,3.0,3.0,100.0,0.0,0.0,60.0,,-1999.0,-1657.0,-1087.0,-933.0,-840.6,,,,,,,,,,,1087.0,1999.0,0.0,,0.0,0.0,100.0,3.0,3.0,100.0,0.0,0.0,,,1889.0,1917.5,1965.0,2108.5,2194.6,,,,,,,,,,,1965.0,2194.6,0.0,,0.0,0.0,100.0,0.0,nm_inferred,3.0,100.0,,Troll A Platform,60.645,3.72472
ENQB,2.0,2.0,100.0,0.0,0.0,60.0,,-2576.4,-2547.0,-2498.0,-2449.0,-2419.6,,,,,,,,,,,2498.0,2576.4,0.0,,0.0,0.0,100.0,3.0,3.0,100.0,0.0,0.0,,,289.2,712.5,1418.0,1852.0,2112.4,,,,,,,,,,,1418.0,2112.4,0.0,,33.333333333333336,0.0,66.66666666666667,0.0,nm_inferred,3.0,100.0,,Troll B FPU,60.773899,3.50139
ENQC,2.0,2.0,100.0,0.0,0.0,60.0,,-3943.6,-3229.0,-2038.0,-847.0,-132.39999999999992,,,,,,,,,,,2382.0,4012.4,50.0,,0.0,0.0,100.0,1.0,1.0,100.0,0.0,0.0,,,2616.0,2616.0,2616.0,2616.0,2616.0,,,,,,,,,,,2616.0,2616.0,0.0,,0.0,0.0,100.0,0.0,nm_inferred,2.0,100.0,,Troll C FPU,60.885799,3.60972
ENQD,1.0,1.0,100.0,0.0,0.0,60.0,,576.0,576.0,576.0,576.0,576.0,,,,,,,,,,,576.0,576.0,100.0,,100.0,0.0,0.0,1.0,1.0,100.0,0.0,0.0,,,-748.0,-748.0,-748.0,-748.0,-748.0,,,,,,,,,,,748.0,748.0,100.0,,100.0,0.0,0.0,0.0,nm_inferred,1.0,100.0,,Brage A Platform,60.541901,3.04583
ENQE,2.0,2.0,100.0,0.0,0.0,60.0,,558.9,939.75,1574.5,2209.25,2590.1,,,,,,,,,,,1574.5,2590.1,100.0,,50.0,50.0,0.0,2.0,2.0,100.0,0.0,0.0,,,-120.5,-47.75,73.5,194.75,267.5,,,,,,,,,,,242.5,301.3,50.0,,100.0,0.0,0.0,0.0,nm_inferred,2.0,100.0,,Oseberg East Helideck,60.700001,2.933611
ENQG,2.0,1.0,50.0,0.0,0.0,60.0,,1040.0,1040.0,1040.0,1040.0,1040.0,,,,,,,,,,,1040.0,1040.0,100.0,,50.0,0.0,0.0,2.0,2.0,100.0,0.0,0.0,,,-879.1,-832.75,-755.5,-678.25,-631.9,,,,,,,,,,,755.5,879.1,100.0,,100.0,0.0,0.0,0.0,nm_inferred,2.0,75.0,,Gullfaks B Helipad,61.202108,2.198832
ENQK,1.0,1.0,100.0,0.0,0.0,60.0,,825.0,825.0,825.0,825.0,825.0,,,,,,,,,,,825.0,825.0,100.0,,100.0,0.0,0.0,2.0,1.0,50.0,0.0,0.0,,,-393.0,-393.0,-393.0,-393.0,-393.0,,,,,,,,,,,393.0,393.0,100.0,,50.0,0.0,0.0,0.0,nm_inferred,2.0,75.0,,Kvitebjorn Helipad,61.08333,2.5
ENQL,1.0,1.0,100.0,0.0,0.0,60.0,,1210.0,1210.0,1210.0,1210.0,1210.0,,,,,,,,,,,1210.0,1210.0,100.0,,100.0,0.0,0.0,,,,,,,,,,,,,,,,,,,,,,,,,,,,,,0.0,nm_inferred,1.0,100.0,,Martin Linge B Helipad,60.49833,2.07333
ENQM,2.0,2.0,100.0,0.0,0.0,60.0,,915.5,953.75,1017.5,1081.25,1119.5,,,,,,,,,,,1017.5,1119.5,100.0,,100.0,0.0,0.0,3.0,3.0,100.0,0.0,0.0,,,-1150.0,-1147.0,-1142.0,-1046.0,-988.4,,,,,,,,,,,1142.0,1150.0,100.0,,100.0,0.0,0.0,0.0,nm_inferred,3.0,100.0,,Martin Linge A Helipad,60.5075,2.01472
ENQO,2.0,1.0,50.0,0.0,0.0,60.0,,715.0,715.0,715.0,715.0,715.0,,,,,,,,,,,715.0,715.0,100.0,,50.0,0.0,0.0,2.0,2.0,100.0,0.0,0.0,,,-1045.8,-1020.0,-977.0,-934.0,-908.2,,,,,,,,,,,977.0,1045.8,100.0,,100.0,0.0,0.0,0.0,nm_inferred,2.0,75.0,,Oseberg South Helideck,60.389702,2.795556
ENQR,2.0,2.0,100.0,0.0,0.0,60.0,,808.6,836.5,883.0,929.5,957.4,,,,,,,,,,,883.0,957.4,100.0,,100.0,0.0,0.0,1.0,0.0,0.0,0.0,0.0,,,,,,,,,,,,,,,,,,,,,,0.0,0.0,0.0,0.0,nm_inferred,2.0,50.0,,Snorre B Helipad,61.51667,2.21667
ENQS,4.0,3.0,75.0,0.0,0.0,60.0,,1114.0,1127.5,1150.0,1205.0,1238.0,,,,,,,,,,,1150.0,1238.0,100.0,,50.0,0.0,25.0,5.0,5.0,100.0,0.0,0.0,,,-1761.4,-1216.0,-1058.0,-840.0,-751.8,,,,,,,,,,,1058.0,1761.4,100.0,,100.0,0.0,0.0,0.0,nm_inferred,5.0,87.5,,Statfjord C Helipad,61.2961,1.90083
ENQV,4.0,2.0,50.0,0.0,0.0,60.0,,739.9,745.75,755.5,765.25,771.1,,,,,,,,,,,755.5,771.1,100.0,,50.0,0.0,0.0,3.0,0.0,0.0,0.0,0.0,,,,,,,,,,,,,,,,,,,,,,0.0,0.0,0.0,0.0,nm_inferred,4.0,25.0,,Visund A Helipad,61.36972,2.45722
ENQW,1.0,1.0,100.0,0.0,0.0,60.0,,850.0,850.0,850.0,850.0,850.0,,,,,,,,,,,850.0,850.0,100.0,,100.0,0.0,0.0,,,,,,,,,,,,,,,,,,,,,,,,,,,,,,0.0,nm_inferred,1.0,100.0,,Valemon Helipad,61.04,2.36694
ENRA,13.0,13.0,100.0,0.0,0.0,300.0,,87.0,105.0,135.0,165.0,188.0,,,,,,,,,,,135.0,198.0,92.3076923076923,,92.3076923076923,0.0,7.6923076923076925,13.0,13.0,100.0,0.0,0.0,,,40.400000000000006,79.0,93.0,132.0,153.4,,,,,,,,,,,95.0,153.4,7.6923076923076925,,84.61538461538461,7.6923076923076925,7.6923076923076925,0.0,nm_inferred,13.0,100.0,,"Mo i Rana Airport, Røssvoll",66.363899230957,14.301400184631
ENRM,5.0,4.0,80.0,0.0,0.0,300.0,,220.0,242.5,260.0,267.5,272.0,,,,,,,,,,,260.0,272.0,100.0,,60.0,0.0,20.0,6.0,6.0,100.0,0.0,0.0,,,-126.0,-48.25,-35.0,-2.25,670.0,,,,,,,,,,,44.5,766.0,66.66666666666667,,83.33333333333333,0.0,16.666666666666668,0.0,nm_inferred,6.0,90.0,,"Rørvik Airport, Ryum",64.838302612305,11.14610004425
ENRS,4.0,4.0,100.0,0.0,0.0,300.0,,175.0,220.0,262.5,285.0,294.0,,,,,,,,,,,262.5,294.0,100.0,,100.0,0.0,0.0,4.0,4.0,100.0,0.0,0.0,,,-172.0,-158.5,-96.0,-34.5,-22.799999999999997,,,,,,,,,,,96.0,172.0,100.0,,50.0,0.0,50.0,0.0,nm_inferred,4.0,100.0,,Røst Airport,67.526482,12.101575
ENSB,10.0,9.0,90.0,0.0,0.0,300.0,,4276.8,4385.0,4415.0,4511.0,5071.400000000001,,,,,,,,,,,4415.0,5071.400000000001,100.0,,90.0,0.0,0.0,10.0,10.0,100.0,0.0,0.0,,,-4449.7,-4393.5,-4348.5,-4217.0,-4096.7,,,,,,,,,,,4348.5,4449.7,100.0,,100.0,0.0,0.0,0.0,nm_inferred,10.0,95.0,,,,
ENSD,9.0,9.0,100.0,0.0,0.0,300.0,,516.2,555.0,610.0,705.0,780.6,,,,,,,,,,,610.0,780.6,100.0,,88.88888888888889,0.0,11.11111111111111,10.0,9.0,90.0,0.0,0.0,,,-612.2,-486.0,-383.0,-323.0,-305.0,,,,,,,,,,,383.0,612.2,100.0,,70.0,0.0,20.0,0.0,nm_inferred,10.0,95.0,,"Sandane Airport, Anda",61.830002,6.10583
ENSE,6.0,3.0,50.0,0.0,0.0,60.0,,897.0,952.5,1045.0,1060.0,1069.0,,,,,,,,,,,1045.0,1069.0,100.0,,50.0,0.0,0.0,8.0,0.0,0.0,0.0,0.0,,,,,,,,,,,,,,,,,,,,,,0.0,0.0,0.0,0.0,nm_inferred,8.0,25.0,,Snorre A Helipad,61.4489,2.1425
ENSF,1.0,1.0,100.0,0.0,0.0,60.0,,1278.0,1278.0,1278.0,1278.0,1278.0,,,,,,,,,,,1278.0,1278.0,100.0,,100.0,0.0,0.0,2.0,2.0,100.0,0.0,0.0,,,-1096.8,-1066.5,-1016.0,-965.5,-935.2,,,,,,,,,,,1016.0,1096.8,100.0,,100.0,0.0,0.0,0.0,nm_inferred,2.0,100.0,,Statfjord A Helipad,61.25518,1.85211
ENSG,18.0,17.0,94.44444444444444,0.0,0.0,300.0,,-3341.0,-2530.0,185.0,255.0,275.0,,,,,,,,,,,305.0,3341.0,52.94117647058823,,50.0,0.0,44.44444444444444,18.0,18.0,100.0,0.0,0.0,,,-172.4,-109.0,-40.0,2353.75,3279.7,,,,,,,,,,,206.5,3279.7,55.55555555555556,,55.55555555555556,0.0,44.44444444444444,0.0,nm_inferred,18.0,97.22222222222223,,"Sogndal Airport, Haukåsen",61.156101,7.13778
ENSH,17.0,16.0,94.11764705882354,0.0,0.0,300.0,,645.0,815.0,1070.0,1152.5,1162.5,,,,,,,,,,,1070.0,1162.5,100.0,,94.11764705882354,0.0,0.0,16.0,16.0,100.0,0.0,0.0,,,-607.5,-459.0,-345.0,-274.0,-230.0,,,,,,,,,,,345.0,607.5,100.0,,87.5,12.5,0.0,0.0,nm_inferred,17.0,97.05882352941177,,"Svolvær Airport, Helle",68.243301,14.6692
ENSK,17.0,13.0,76.47058823529412,0.0,0.0,300.0,,756.0,760.0,835.0,895.0,977.0,,,,,,,,,,,835.0,977.0,100.0,,70.58823529411765,0.0,5.882352941176471,17.0,14.0,82.3529411764706,0.0,0.0,,,-605.4,-401.0,-342.5,-279.5,-231.9,,,,,,,,,,,342.5,605.4000000000003,100.0,,70.58823529411765,5.882352941176471,5.882352941176471,0.0,nm_inferred,17.0,79.41176470588235,,"Stokmarknes Airport, Skagen",68.578827,15.033417
ENSL,4.0,2.0,50.0,0.0,0.0,60.0,,2769.5,2836.25,2947.5,3058.75,3125.5,,,,,,,,,,,2947.5,3125.5,100.0,,50.0,0.0,0.0,4.0,0.0,0.0,0.0,0.0,,,,,,,,,,,,,,,,,,,,,,0.0,0.0,0.0,0.0,nm_inferred,4.0,25.0,,Sleipner A Platform,58.366699,1.90694
ENSO,5.0,5.0,100.0,0.0,0.0,300.0,,79.8,84.0,114.0,119.0,125.6,,,,,,,,,,,114.0,125.6,100.0,,100.0,0.0,0.0,5.0,5.0,100.0,0.0,0.0,,,7.200000000000003,42.0,143.0,147.0,172.2,,,,,,,,,,,143.0,172.2,20.0,,100.0,0.0,0.0,0.0,nm_inferred,5.0,100.0,,"Stord Airport, Sørstokken",59.791901,5.34085
ENSR,4.0,0.0,0.0,0.0,0.0,300.0,,,,,,,,,,,,,,,,,,,,,0.0,0.0,0.0,4.0,0.0,0.0,0.0,0.0,,,,,,,,,,,,,,,,,,,,,,0.0,0.0,0.0,0.0,nm_inferred,4.0,0.0,,Sørkjosen Airport,69.786797,20.9594
ENSS,1.0,0.0,0.0,0.0,0.0,300.0,,,,,,,,,,,,,,,,,,,,,0.0,0.0,0.0,3.0,0.0,0.0,0.0,0.0,,,,,,,,,,,,,,,,,,,,,,0.0,0.0,0.0,0.0,nm_inferred,3.0,0.0,,,,
ENST,9.0,9.0,100.0,0.0,0.0,300.0,,-5011.0,-4240.0,-3465.0,-2898.0,-81.99999999999997,,,,,,,,,,,3465.0,5011.0,11.11111111111111,,22.22222222222222,0.0,77.77777777777777,9.0,9.0,100.0,0.0,0.0,,,297.4,2851.0,3108.0,4369.0,5014.6,,,,,,,,,,,3108.0,5014.6,0.0,,22.22222222222222,0.0,77.77777777777777,0.0,nm_inferred,9.0,100.0,,"Sandnessjøen Airport, Stokka",65.956802,12.4689
ENTC,128.0,109.0,85.15625,0.0,0.0,600.0,,299.8,334.0,428.0,640.0,775.0000000000001,,,,,,,,,,,428.0,775.0000000000001,100.0,,82.03125,0.78125,2.34375,127.0,109.0,85.8267716535433,0.0,0.0,,,-671.2,-534.0,-439.0,-354.0,-286.2,,,,,,,,,,,439.0,671.2,100.0,,81.10236220472441,3.937007874015748,0.7874015748031497,0.0,nm_inferred,128.0,85.49151082677164,,Tromsø Airport,69.683296,18.9189
ENTO,68.0,68.0,100.0,0.0,0.0,600.0,,-11.5,0.0,10.0,19.0,25.0,,,,,,,,,,,15.0,25.0,77.94117647058823,,89.70588235294117,8.823529411764707,1.4705882352941178,69.0,69.0,100.0,0.0,0.0,,,160.8,239.0,259.0,282.0,293.0,,,,,,,,,,,261.0,293.2,1.4492753623188406,,86.95652173913044,5.797101449275362,7.246376811594203,0.0,nm_inferred,69.0,100.0,,"Sandefjord Airport, Torp",59.186699,10.2586
ENUA,1.0,0.0,0.0,0.0,0.0,60.0,,,,,,,,,,,,,,,,,,,,,0.0,0.0,0.0,1.0,0.0,0.0,0.0,0.0,,,,,,,,,,,,,,,,,,,,,,0.0,0.0,0.0,0.0,nm_inferred,1.0,0.0,,Kristin FPU Helieck,64.993956,6.551342
ENUB,1.0,0.0,0.0,0.0,0.0,60.0,,,,,,,,,,,,,,,,,,,,,0.0,0.0,0.0,1.0,0.0,0.0,0.0,0.0,,,,,,,,,,,,,,,,,,,,,,0.0,0.0,0.0,0.0,nm_inferred,1.0,0.0,,Aasgard B FPU Helideck,65.110102,6.78943
ENUD,,,,,,,,,,,,,,,,,,,,,,,,,,,,,,1.0,0.0,0.0,0.0,0.0,,,,,,,,,,,,,,,,,,,,,,0.0,0.0,0.0,0.0,nm_inferred,1.0,0.0,,Njord A Helideck,64.27067,7.20011
ENUE,1.0,0.0,0.0,0.0,0.0,300.0,,,,,,,,,,,,,,,,,,,,,0.0,0.0,0.0,,,,,,,,,,,,,,,,,,,,,,,,,,,,,,0.0,nm_inferred,1.0,0.0,,Njord B Helideck,64.271111,7.201389
ENVA,199.0,198.0,99.49748743718592,7.0,100.0,420.0,25.0,-5017.499999999999,-570.0,-427.5,-305.0,-170.49999999999983,0.7222222222222222,0.8707912457912458,0.9621212121212122,1.0,1.0,0.75,0.8867521367521367,1.0,1.0,1.0,432.5,5017.500000000002,1.0101010101010102,54.45026178010471,83.41708542713567,1.0050251256281406,15.075376884422111,200.0,199.0,99.5,0.0,99.5,180.0,5.0,413.0,460.0,555.0,1605.0,5049.000000000003,1.0,1.0,1.0,1.0,1.0,1.0,1.0,1.0,1.0,1.0,555.0,5183.000000000002,1.0050251256281406,98.48484848484848,83.0,3.5,13.0,100.0,apdf,200.0,99.49874371859296,0.9949874371859296,"Trondheim Airport, Værnes",63.457802,10.924
ENVD,9.0,0.0,0.0,0.0,0.0,300.0,,,,,,,,,,,,,,,,,,,,,0.0,0.0,0.0,9.0,0.0,0.0,0.0,0.0,,,,,,,,,,,,,,,,,,,,,,0.0,0.0,0.0,0.0,nm_inferred,9.0,0.0,,Vadsø Airport,70.0653,29.8447
ENWA,2.0,2.0,100.0,0.0,0.0,60.0,,2887.0,2897.5,2915.0,2932.5,2943.0,,,,,,,,,,,2915.0,2943.0,100.0,,100.0,0.0,0.0,2.0,0.0,0.0,0.0,0.0,,,,,,,,,,,,,,,,,,,,,,0.0,0.0,0.0,0.0,nm_inferred,2.0,50.0,,Alvheim FPSO Helideck,59.566667,1.991667
ENWE,4.0,1.0,25.0,0.0,0.0,60.0,,2500.0,2500.0,2500.0,2500.0,2500.0,,,,,,,,,,,2500.0,2500.0,100.0,,25.0,0.0,0.0,5.0,0.0,0.0,0.0,0.0,,,,,,,,,,,,,,,,,,,,,,0.0,0.0,0.0,0.0,nm_inferred,5.0,12.5,,Edvard Grieg Helipad,58.8425,2.24722
ENWG,2.0,0.0,0.0,0.0,0.0,60.0,,,,,,,,,,,,,,,,,,,,,0.0,0.0,0.0,2.0,0.0,0.0,0.0,0.0,,,,,,,,,,,,,,,,,,,,,,0.0,0.0,0.0,0.0,nm_inferred,2.0,0.0,,Gudrun Helipad,58.845,1.74333
ENWI,2.0,0.0,0.0,0.0,0.0,60.0,,,,,,,,,,,,,,,,,,,,,0.0,0.0,0.0,2.0,0.0,0.0,0.0,0.0,,,,,,,,,,,,,,,,,,,,,,0.0,0.0,0.0,0.0,nm_inferred,2.0,0.0,,Ivar Aasen Helipad,58.92222,2.19778
ENWK,2.0,1.0,50.0,0.0,0.0,60.0,,3325.0,3325.0,3325.0,3325.0,3325.0,,,,,,,,,,,3325.0,3325.0,100.0,,50.0,0.0,0.0,2.0,0.0,0.0,0.0,0.0,,,,,,,,,,,,,,,,,,,,,,0.0,0.0,0.0,0.0,nm_inferred,2.0,25.0,,Gina Krog Helipad,58.57139,1.69528
ENWS,1.0,0.0,0.0,0.0,0.0,60.0,,,,,,,,,,,,,,,,,,,,,0.0,0.0,0.0,1.0,0.0,0.0,0.0,0.0,,,,,,,,,,,,,,,,,,,,,,0.0,0.0,0.0,0.0,nm_inferred,1.0,0.0,,Eldfisk S Helipad,56.37361,3.26278
ENXO,2.0,0.0,0.0,0.0,0.0,60.0,,,,,,,,,,,,,,,,,,,,,0.0,0.0,0.0,5.0,0.0,0.0,0.0,0.0,,,,,,,,,,,,,,,,,,,,,,0.0,0.0,0.0,0.0,nm_inferred,5.0,0.0,,Ringhorne Platform,59.266701,2.45
ENXW,3.0,0.0,0.0,0.0,0.0,60.0,,,,,,,,,,,,,,,,,,,,,0.0,0.0,0.0,3.0,0.0,0.0,0.0,0.0,,,,,,,,,,,,,,,,,,,,,,0.0,0.0,0.0,0.0,nm_inferred,3.0,0.0,,Grane Helipad,59.165,2.48667
ENZV,216.0,151.0,69.9074074074074,74.0,99.07407407407408,420.0,480.0,15.0,30.0,50.0,75.0,305.0,0.0,0.0,0.0,0.0,0.0,0.0,0.0,0.0,0.0,0.0,50.0,305.0,96.02649006622516,0.0,68.51851851851852,0.9259259259259259,0.46296296296296297,217.0,178.0,82.02764976958525,0.0,100.0,240.0,5.0,-188.0,180.0,260.0,280.0,315.0,0.0,0.6666666666666666,1.0,1.0,1.0,0.0,0.7777777777777778,1.0,1.0,1.0,265.0,330.0,19.10112359550562,65.1685393258427,78.3410138248848,2.304147465437788,1.3824884792626728,100.0,apdf,217.0,75.96752858849632,0.3798376429424816,"Stavanger Airport, Sola",58.876701,5.63778
EPBC,1.0,1.0,100.0,0.0,0.0,300.0,,210.0,210.0,210.0,210.0,210.0,,,,,,,,,,,210.0,210.0,100.0,,100.0,0.0,0.0,1.0,1.0,100.0,0.0,0.0,,,545.0,545.0,545.0,545.0,545.0,,,,,,,,,,,545.0,545.0,0.0,,100.0,0.0,0.0,0.0,nm_inferred,1.0,100.0,,Warsaw Babice Airport,52.269199,20.907203
EPBY,15.0,14.0,93.33333333333333,0.0,0.0,900.0,,-619.5,-480.0,-180.0,2000.0,2923.0,,,,,,,,,,,552.5,3209.0000000000005,42.857142857142854,,60.0,26.666666666666668,6.666666666666667,14.0,13.0,92.85714285714286,0.0,0.0,,,-2693.0,225.0,400.0,570.0,692.0000000000001,,,,,,,,,,,570.0,2693.0,23.076923076923077,,64.28571428571429,21.428571428571427,7.142857142857143,0.0,nm_inferred,15.0,93.0952380952381,,Ignacy Jan Paderewski Bydgoszcz Airport,53.096802,17.977699
EPGD,277.0,270.0,97.47292418772564,0.0,0.0,600.0,,0.0,15.0,30.0,1282.5,2777.0,,,,,,,,,,,30.0,2777.0,93.70370370370371,,77.61732851985559,19.494584837545126,0.36101083032490977,276.0,272.0,98.55072463768116,0.0,0.0,,,-1497.5,-325.0,237.5,275.0,294.5,,,,,,,,,,,275.0,1497.5000000000005,41.1764705882353,,83.69565217391305,14.855072463768115,0.0,0.0,nm_inferred,277.0,98.01182441270339,,Gdańsk Lech Wałęsa Airport,54.377602,18.4662
EPKK,425.0,424.0,99.76470588235294,0.0,0.0,600.0,,25.0,42.25,70.0,105.0,689.4999999999995,,,,,,,,,,,70.0,689.4999999999995,98.82075471698113,,79.05882352941177,20.235294117647058,0.47058823529411764,426.0,426.0,100.0,0.0,0.0,,,-677.5,46.25,235.0,265.0,275.0,,,,,,,,,,,250.0,685.0,19.953051643192488,,80.0469483568075,19.248826291079812,0.704225352112676,0.0,nm_inferred,426.0,99.88235294117646,,Kraków John Paul II International Airport,50.077702,19.7848
EPKT,268.0,266.0,99.25373134328358,0.0,0.0,780.0,,15.0,25.0,35.0,58.75,1038.0,,,,,,,,,,,35.0,1038.0,99.62406015037594,,78.35820895522389,20.52238805970149,0.373134328358209,260.0,257.0,98.84615384615384,0.0,0.0,,,-1475.0,165.0,215.0,240.0,260.0,,,,,,,,,,,235.0,1475.0000000000002,20.622568093385215,,79.23076923076923,19.23076923076923,0.38461538461538464,0.0,nm_inferred,268.0,99.04994259471871,,Katowice Wojciech Korfanty International Airport,50.476015,19.080705
EPLB,18.0,18.0,100.0,0.0,0.0,810.0,,48.5,55.0,77.5,403.75,1043.0000000000005,,,,,,,,,,,77.5,1043.0000000000005,100.0,,66.66666666666667,33.333333333333336,0.0,19.0,19.0,100.0,0.0,0.0,,,-1198.0,-962.5,-475.0,167.5,195.0,,,,,,,,,,,730.0,1217.9999999999998,63.1578947368421,,31.57894736842105,68.42105263157895,0.0,0.0,nm_inferred,19.0,100.0,,Lublin Airport,51.240157,22.713461
EPLL,13.0,13.0,100.0,0.0,0.0,900.0,,1.0000000000000009,10.0,35.0,60.0,1842.0,,,,,,,,,,,40.0,1842.0,92.3076923076923,,76.92307692307692,23.076923076923077,0.0,13.0,13.0,100.0,0.0,0.0,,,-1156.9999999999998,-40.0,175.0,230.0,239.0,,,,,,,,,,,215.0,1196.000000000001,38.46153846153846,,84.61538461538461,15.384615384615385,0.0,0.0,nm_inferred,13.0,100.0,,Łódź Władysław Reymont Airport,51.721901,19.3981
EPMO,116.0,116.0,100.0,0.0,0.0,900.0,,-5.0,4.75,25.0,718.75,1572.5,,,,,,,,,,,25.0,1572.5,83.62068965517241,,64.65517241379311,34.48275862068966,0.8620689655172413,120.0,120.0,100.0,0.0,0.0,,,-1775.0,112.0,272.0,281.25,292.1,,,,,,,,,,,280.0,1775.0000000000002,21.666666666666668,,73.33333333333333,25.833333333333332,0.8333333333333334,0.0,nm_inferred,120.0,100.0,,Warsaw Modlin Airport,52.451099,20.6518
EPPO,158.0,157.0,99.36708860759494,0.0,0.0,900.0,,-991.0,-695.0,-593.0,-500.0,1505.000000000005,,,,,,,,,,,635.0,2507.0,11.464968152866241,,84.17721518987342,13.291139240506329,1.8987341772151898,157.0,156.0,99.36305732484077,0.0,0.0,,,242.5,545.0,605.0,701.25,2005.0,,,,,,,,,,,627.5,2500.0,8.974358974358974,,88.53503184713375,8.9171974522293,1.910828025477707,0.0,nm_inferred,158.0,99.36507296621785,,Poznań-Ławica Airport,52.421598,16.823359
EPRA,2.0,2.0,100.0,0.0,0.0,600.0,,315.0,585.0,1035.0,1485.0,1755.0,,,,,,,,,,,1035.0,1755.0,100.0,,50.0,50.0,0.0,2.0,2.0,100.0,0.0,0.0,,,-1661.0,-1377.5,-905.0,-432.5,-148.99999999999997,,,,,,,,,,,945.0,1669.0,50.0,,50.0,50.0,0.0,0.0,nm_inferred,2.0,100.0,,Warsaw Radom Airport,51.38937,21.214742
EPRZ,43.0,42.0,97.67441860465117,0.0,0.0,300.0,,-418.4999999999999,-143.75,60.0,698.75,1037.0,,,,,,,,,,,382.5,1037.0,54.76190476190476,,39.53488372093023,58.13953488372093,0.0,39.0,39.0,100.0,0.0,0.0,,,-1201.0,-935.0,-85.0,115.0,383.00000000000017,,,,,,,,,,,515.0,1201.0,53.84615384615385,,41.02564102564103,58.97435897435897,0.0,0.0,nm_inferred,43.0,98.83720930232559,,Rzeszów-Jasionka Airport,50.109791,22.024155
EPSC,18.0,18.0,100.0,0.0,0.0,450.0,,-11.5,1.25,17.5,33.75,48.00000000000001,,,,,,,,,,,22.5,48.00000000000001,77.77777777777777,,83.33333333333333,11.11111111111111,5.555555555555555,18.0,18.0,100.0,0.0,0.0,,,97.00000000000001,177.5,244.5,268.75,298.0,,,,,,,,,,,244.5,298.0,0.0,,94.44444444444444,5.555555555555555,0.0,0.0,nm_inferred,18.0,100.0,,Solidarity Szczecin–Goleniów Airport,53.584702,14.9022
EPSY,5.0,5.0,100.0,0.0,0.0,300.0,,62.0,65.0,90.0,105.0,192.0,,,,,,,,,,,90.0,192.0,100.0,,80.0,20.0,0.0,4.0,4.0,100.0,0.0,0.0,,,77.5,88.75,102.5,118.75,134.5,,,,,,,,,,,102.5,134.5,0.0,,75.0,25.0,0.0,0.0,nm_inferred,5.0,100.0,,Olsztyn-Mazury Airport,53.481899,20.9377
EPWA,895.0,891.0,99.55307262569832,0.0,100.0,595.0,600.0,-23.0,-2.0,12.0,558.0,1812.0,0.0,0.0,0.0,0.0029358879501694855,0.04395604395604396,0.0,0.0,0.0,0.054804804804804805,0.125,18.0,1812.0,72.50280583613917,0.0,65.36312849162012,33.85474860335196,0.33519553072625696,892.0,888.0,99.55156950672645,0.0,99.88789237668162,255.0,5.0,-1715.8999999999999,-7.25,268.0,286.0,294.0,0.0,0.0,0.9357142857142857,1.0,1.0,0.5625,0.8333333333333334,1.0,1.0,1.0,285.0,1715.900000000001,25.45045045045045,58.73731679819617,66.14349775784753,33.18385650224215,0.2242152466367713,100.0,apdf,895.0,99.55232106621239,0.49776160533106195,Warsaw Chopin Airport,52.165699,20.9671
EPWR,211.0,211.0,100.0,0.0,0.0,900.0,,-1122.0,-865.0,-685.0,-498.0,95.0,,,,,,,,,,,745.0,1925.0,10.90047393364929,,85.78199052132702,12.796208530805687,1.4218009478672986,209.0,209.0,100.0,0.0,0.0,,,355.0,460.0,535.0,655.0,1908.0000000000007,,,,,,,,,,,560.0,2105.0000000000005,6.220095693779904,,86.60287081339713,11.961722488038278,1.4354066985645932,0.0,nm_inferred,211.0,100.0,,Copernicus Wrocław Airport,51.103719,16.882096
EPZG,4.0,4.0,100.0,0.0,0.0,300.0,,15.0,15.0,30.0,652.5,1746.0000000000005,,,,,,,,,,,30.0,1746.0000000000005,100.0,,75.0,25.0,0.0,4.0,4.0,100.0,0.0,0.0,,,-2336.5,-876.25,-5.0,102.5,188.00000000000003,,,,,,,,,,,155.0,2390.5000000000005,50.0,,75.0,25.0,0.0,0.0,nm_inferred,4.0,100.0,,Zielona Góra-Babimost Airport,52.1385,15.7986
ESDF,7.0,7.0,100.0,0.0,0.0,300.0,,117.6,130.0,155.0,160.0,178.0,,,,,,,,,,,155.0,178.0,100.0,,100.0,0.0,0.0,7.0,7.0,100.0,0.0,0.0,,,-160.4,-114.0,63.0,76.5,82.6,,,,,,,,,,,85.0,160.40000000000003,42.857142857142854,,100.0,0.0,0.0,0.0,nm_inferred,7.0,100.0,,Ronneby Airport,56.266701,15.265
ESGG,209.0,209.0,100.0,0.0,4.30622009569378,540.0,540.0,20.0,35.0,50.0,60.0,75.0,0.0,0.0,0.0,0.0,0.006666666666666672,0.0,0.0,0.0,0.0,0.020000000000000018,50.0,75.0,99.04306220095694,0.0,92.82296650717703,7.177033492822966,0.0,210.0,209.0,99.52380952380952,0.0,3.3333333333333335,240.0,5.0,99.4,230.0,251.0,263.0,272.0,0.4250000000000001,0.7291666666666667,1.0,1.0,1.0,0.8,0.8666666666666667,1.0,1.0,1.0,253.0,275.0,6.220095693779904,57.142857142857146,90.47619047619048,8.571428571428571,0.47619047619047616,4.30622009569378,nm_inferred,210.0,99.76190476190476,0.4988095238095238,Göteborg Landvetter Airport,57.6628,12.2798
ESGJ,1.0,1.0,100.0,0.0,0.0,300.0,,185.0,185.0,185.0,185.0,185.0,,,,,,,,,,,185.0,185.0,100.0,,100.0,0.0,0.0,1.0,1.0,100.0,0.0,0.0,,,-140.0,-140.0,-140.0,-140.0,-140.0,,,,,,,,,,,140.0,140.0,100.0,,100.0,0.0,0.0,0.0,nm_inferred,1.0,100.0,,Jönköping Airport,57.757598876953125,14.068699836730955
ESGT,4.0,1.0,25.0,0.0,0.0,600.0,,1745.0,1745.0,1745.0,1745.0,1745.0,,,,,,,,,,,1745.0,1745.0,100.0,,25.0,0.0,0.0,4.0,1.0,25.0,0.0,0.0,,,225.0,225.0,225.0,225.0,225.0,,,,,,,,,,,225.0,225.0,0.0,,25.0,0.0,0.0,0.0,nm_inferred,4.0,25.0,,Trollhättan-Vänersborg Airport,58.31809997558594,12.345000267028809
ESKM,7.0,1.0,14.285714285714286,0.0,0.0,300.0,,100.0,100.0,100.0,100.0,100.0,,,,,,,,,,,100.0,100.0,100.0,,14.285714285714286,0.0,0.0,7.0,1.0,14.285714285714286,0.0,0.0,,,-352.0,-352.0,-352.0,-352.0,-352.0,,,,,,,,,,,352.0,352.0,100.0,,14.285714285714286,0.0,0.0,0.0,nm_inferred,7.0,14.285714285714286,,Mora Airport,60.957901,14.5114
ESKN,10.0,10.0,100.0,0.0,0.0,570.0,,24.0,35.0,42.5,61.25,519.4999999999984,,,,,,,,,,,42.5,519.4999999999984,100.0,,80.0,20.0,0.0,9.0,9.0,100.0,0.0,0.0,,,101.0,213.0,248.0,252.0,262.6,,,,,,,,,,,248.0,262.6,11.11111111111111,,88.88888888888889,11.11111111111111,0.0,0.0,nm_inferred,10.0,100.0,,Stockholm Skavsta Airport,58.789656,16.911479
ESMK,2.0,2.0,100.0,0.0,0.0,450.0,,28.0,32.5,40.0,47.5,52.0,,,,,,,,,,,40.0,52.0,100.0,,50.0,50.0,0.0,1.0,1.0,100.0,0.0,0.0,,,217.0,217.0,217.0,217.0,217.0,,,,,,,,,,,217.0,217.0,0.0,,100.0,0.0,0.0,0.0,nm_inferred,2.0,100.0,,Kristianstad Airport,55.9217,14.0855
ESMQ,3.0,3.0,100.0,0.0,0.0,300.0,,116.6,131.0,155.0,265.0,331.0,,,,,,,,,,,155.0,331.0,100.0,,100.0,0.0,0.0,3.0,3.0,100.0,0.0,0.0,,,93.0,97.5,105.0,105.0,105.0,,,,,,,,,,,105.0,105.0,0.0,,100.0,0.0,0.0,0.0,nm_inferred,3.0,100.0,,Kalmar Airport,56.685501,16.2876
ESMS,41.0,41.0,100.0,0.0,0.0,600.0,,35.0,55.0,70.0,80.0,90.0,,,,,,,,,,,70.0,90.0,100.0,,90.2439024390244,9.75609756097561,0.0,42.0,42.0,100.0,0.0,0.0,,,110.00000000000001,158.5,196.0,222.75,237.6,,,,,,,,,,,203.0,241.0,4.761904761904762,,85.71428571428571,14.285714285714286,0.0,0.0,nm_inferred,42.0,100.0,,Malmö Sturup Airport,55.535564,13.376327
ESMT,3.0,3.0,100.0,0.0,0.0,300.0,,64.2,79.5,105.0,117.5,125.0,,,,,,,,,,,105.0,125.0,100.0,,100.0,0.0,0.0,4.0,4.0,100.0,0.0,0.0,,,-1294.1999999999998,-396.0,105.0,115.0,129.4,,,,,,,,,,,123.0,1366.8000000000002,25.0,,75.0,25.0,0.0,0.0,nm_inferred,4.0,100.0,,Halmstad Airport,56.69110107421875,12.820199966430664
ESMX,8.0,6.0,75.0,0.0,0.0,600.0,,35.0,43.75,72.5,93.75,2425.0,,,,,,,,,,,72.5,2425.0,100.0,,62.5,12.5,0.0,8.0,6.0,75.0,0.0,0.0,,,-2401.0,21.0,165.0,174.75,201.5,,,,,,,,,,,172.5,2501.0,33.333333333333336,,62.5,12.5,0.0,0.0,nm_inferred,8.0,75.0,,Växjö Kronoberg Airport,56.92910003662109,14.727999687194824
ESND,3.0,0.0,0.0,0.0,0.0,300.0,,,,,,,,,,,,,,,,,,,,,0.0,0.0,0.0,3.0,0.0,0.0,0.0,0.0,,,,,,,,,,,,,,,,,,,,,,0.0,0.0,0.0,0.0,nm_inferred,3.0,0.0,,Sveg Airport,62.047798,14.4229
ESNG,3.0,0.0,0.0,0.0,0.0,300.0,,,,,,,,,,,,,,,,,,,,,0.0,0.0,0.0,3.0,0.0,0.0,0.0,0.0,,,,,,,,,,,,,,,,,,,,,,0.0,0.0,0.0,0.0,nm_inferred,3.0,0.0,,Gällivare Airport,67.13240051269531,20.814599990844727
ESNK,4.0,0.0,0.0,0.0,0.0,300.0,,,,,,,,,,,,,,,,,,,,,0.0,0.0,0.0,4.0,0.0,0.0,0.0,0.0,,,,,,,,,,,,,,,,,,,,,,0.0,0.0,0.0,0.0,nm_inferred,4.0,0.0,,Kramfors-Sollefteå Höga Kusten Airport,63.048599,17.7689
ESNL,6.0,0.0,0.0,0.0,0.0,300.0,,,,,,,,,,,,,,,,,,,,,0.0,0.0,0.0,6.0,0.0,0.0,0.0,0.0,,,,,,,,,,,,,,,,,,,,,,0.0,0.0,0.0,0.0,nm_inferred,6.0,0.0,,Lycksele Airport,64.548302,18.7162
ESNN,5.0,5.0,100.0,0.0,0.0,300.0,,173.0,185.0,195.0,225.0,258.0,,,,,,,,,,,195.0,258.0,100.0,,100.0,0.0,0.0,5.0,5.0,100.0,0.0,0.0,,,-3841.0,-157.0,-97.0,-38.0,-16.4,,,,,,,,,,,97.0,3841.0000000000005,100.0,,80.0,20.0,0.0,0.0,nm_inferred,5.0,100.0,,Sundsvall-Härnösand Airport,62.528099060058594,17.443899154663086
ESNO,5.0,2.0,40.0,0.0,0.0,300.0,,263.3,268.25,276.5,284.75,289.7,,,,,,,,,,,276.5,289.7,100.0,,40.0,0.0,0.0,4.0,1.0,25.0,0.0,0.0,,,-446.0,-446.0,-446.0,-446.0,-446.0,,,,,,,,,,,446.0,446.0,100.0,,25.0,0.0,0.0,0.0,nm_inferred,5.0,32.5,,Örnsköldsvik Airport,63.40829849243164,18.989999771118164
ESNQ,5.0,5.0,100.0,0.0,0.0,600.0,,145.0,145.0,165.0,170.0,176.0,,,,,,,,,,,165.0,176.0,100.0,,100.0,0.0,0.0,5.0,5.0,100.0,0.0,0.0,,,-111.0,-84.0,-43.0,-5.0,11.200000000000003,,,,,,,,,,,43.0,111.0,80.0,,80.0,0.0,20.0,0.0,nm_inferred,5.0,100.0,,Kiruna Airport,67.821999,20.3368
ESNS,12.0,12.0,100.0,0.0,0.0,300.0,,168.0,195.0,250.0,277.5,331.5,,,,,,,,,,,250.0,331.5,100.0,,91.66666666666667,8.333333333333334,0.0,12.0,12.0,100.0,0.0,0.0,,,-62.3,-35.0,-15.0,17.0,41.60000000000001,,,,,,,,,,,31.5,76.7,58.333333333333336,,91.66666666666667,8.333333333333334,0.0,0.0,nm_inferred,12.0,100.0,,Skellefteå Airport,64.62480163574219,21.07690048217773
ESNU,30.0,29.0,96.66666666666667,0.0,0.0,600.0,,229.0,270.0,330.0,380.0,892.9999999999999,,,,,,,,,,,330.0,892.9999999999999,100.0,,90.0,6.666666666666667,0.0,32.0,32.0,100.0,0.0,0.0,,,-522.5,-462.25,-410.5,-369.75,-211.6,,,,,,,,,,,410.5,522.5,100.0,,96.875,3.125,0.0,0.0,nm_inferred,32.0,98.33333333333334,,Umeå Airport,63.791801,20.282801
ESNV,4.0,0.0,0.0,0.0,0.0,300.0,,,,,,,,,,,,,,,,,,,,,0.0,0.0,0.0,4.0,0.0,0.0,0.0,0.0,,,,,,,,,,,,,,,,,,,,,,0.0,0.0,0.0,0.0,nm_inferred,4.0,0.0,,Vilhelmina South Lapland Airport,64.579102,16.833599
ESNX,4.0,0.0,0.0,0.0,0.0,300.0,,,,,,,,,,,,,,,,,,,,,0.0,0.0,0.0,4.0,0.0,0.0,0.0,0.0,,,,,,,,,,,,,,,,,,,,,,0.0,0.0,0.0,0.0,nm_inferred,4.0,0.0,,Arvidsjaur Airport,65.59030151367188,19.28190040588379
ESNZ,9.0,9.0,100.0,0.0,0.0,600.0,,-256.0,-105.0,-65.0,-5.0,13.000000000000004,,,,,,,,,,,65.0,256.0,22.22222222222222,,100.0,0.0,0.0,9.0,9.0,100.0,0.0,0.0,,,52.200000000000045,355.0,423.0,443.0,851.2000000000003,,,,,,,,,,,442.0,1319.2000000000003,11.11111111111111,,100.0,0.0,0.0,0.0,nm_inferred,9.0,100.0,,Åre Östersund Airport,63.193546,14.504168
ESOE,3.0,3.0,100.0,0.0,0.0,300.0,,33.0,45.0,65.0,70.0,73.0,,,,,,,,,,,65.0,73.0,100.0,,100.0,0.0,0.0,4.0,4.0,100.0,0.0,0.0,,,-3758.5999999999995,-1302.5,116.5,178.75,192.70000000000002,,,,,,,,,,,186.5,3837.800000000001,25.0,,75.0,25.0,0.0,0.0,nm_inferred,4.0,100.0,,Örebro Airport,59.22370147705078,15.038000106811523
ESOH,3.0,2.0,66.66666666666667,0.0,0.0,300.0,,31.0,40.0,55.0,70.0,79.0,,,,,,,,,,,55.0,79.0,100.0,,66.66666666666667,0.0,0.0,3.0,1.0,33.333333333333336,0.0,0.0,,,213.0,213.0,213.0,213.0,213.0,,,,,,,,,,,213.0,213.0,0.0,,33.333333333333336,0.0,0.0,0.0,nm_inferred,3.0,50.0,,Hagfors Airport,60.0201,13.5789
ESOK,6.0,1.0,16.666666666666668,0.0,0.0,600.0,,155.0,155.0,155.0,155.0,155.0,,,,,,,,,,,155.0,155.0,100.0,,16.666666666666668,0.0,0.0,6.0,1.0,16.666666666666668,0.0,0.0,,,-4778.0,-4778.0,-4778.0,-4778.0,-4778.0,,,,,,,,,,,4778.0,4778.0,100.0,,0.0,16.666666666666668,0.0,0.0,nm_inferred,6.0,16.666666666666668,,Karlstad Airport,59.444698,13.3374
ESOW,3.0,3.0,100.0,0.0,0.0,900.0,,66.0,67.5,70.0,80.0,86.0,,,,,,,,,,,70.0,86.0,100.0,,100.0,0.0,0.0,3.0,3.0,100.0,0.0,0.0,,,196.6,205.0,219.0,227.5,232.6,,,,,,,,,,,219.0,232.6,0.0,,100.0,0.0,0.0,0.0,nm_inferred,3.0,100.0,,Stockholm Västerås Airport,59.589401,16.6336
ESPA,37.0,34.0,91.89189189189189,0.0,0.0,480.0,,146.5,160.0,177.5,200.0,215.0,,,,,,,,,,,177.5,215.0,100.0,,91.89189189189189,0.0,0.0,37.0,34.0,91.89189189189189,0.0,0.0,,,-114.0,-102.75,-75.0,-34.25,14.299999999999994,,,,,,,,,,,81.5,123.3,82.3529411764706,,91.89189189189189,0.0,0.0,0.0,nm_inferred,37.0,91.89189189189189,,Luleå Airport,65.5438,22.122
ESSA,888.0,866.0,97.52252252252252,0.0,1.9144144144144142,900.0,5.0,-1007.5,-775.0,-630.0,-510.0,-375.0,0.4800000000000001,0.9696969696969697,1.0,1.0,1.0,0.9833333333333334,1.0,1.0,1.0,1.0,665.0,1892.5,6.928406466512702,94.11764705882354,86.14864864864865,10.81081081081081,0.5630630630630631,883.0,854.0,96.71574178935447,0.0,2.0385050962627407,390.0,5.0,482.3,576.25,735.5,858.0,1016.7,0.0,1.0,1.0,1.0,1.0,1.0,1.0,1.0,1.0,1.0,769.0,1497.4,5.152224824355972,100.0,84.71121177802945,11.211778029445073,0.7927519818799547,2.0385050962627407,nm_inferred,888.0,97.1191321559385,0.971191321559385,Stockholm-Arlanda Airport,59.64849,17.928829
ESSB,41.0,37.0,90.2439024390244,0.0,0.0,300.0,,-1401.9999999999998,-245.0,-160.0,-15.0,5.0,,,,,,,,,,,160.0,1401.9999999999964,18.91891891891892,,80.48780487804878,2.4390243902439024,7.317073170731708,37.0,33.0,89.1891891891892,0.0,0.0,,,317.4,406.0,490.0,524.0,1823.6000000000001,,,,,,,,,,,490.0,1823.6000000000001,0.0,,72.97297297297297,5.405405405405405,10.81081081081081,0.0,nm_inferred,41.0,89.7165458141068,,Stockholm-Bromma Airport,59.354401,17.9417
ESSD,1.0,1.0,100.0,0.0,0.0,300.0,,50.0,50.0,50.0,50.0,50.0,,,,,,,,,,,50.0,50.0,100.0,,100.0,0.0,0.0,1.0,1.0,100.0,0.0,0.0,,,231.0,231.0,231.0,231.0,231.0,,,,,,,,,,,231.0,231.0,0.0,,100.0,0.0,0.0,0.0,nm_inferred,1.0,100.0,,Dala Airport,60.422001,15.5152
ESSL,7.0,7.0,100.0,0.0,0.0,480.0,,-38.8,-4.0,15.0,15.0,17.0,,,,,,,,,,,15.0,40.000000000000014,71.42857142857143,,100.0,0.0,0.0,7.0,7.0,100.0,0.0,0.0,,,265.6,273.0,282.0,296.0,313.8,,,,,,,,,,,282.0,313.8,0.0,,100.0,0.0,0.0,0.0,nm_inferred,7.0,100.0,,Linköping City Airport,58.404909,15.684499
ESSP,2.0,2.0,100.0,0.0,0.0,180.0,,546.5,1321.25,2612.5,3903.75,4678.5,,,,,,,,,,,2612.5,4678.5,100.0,,50.0,50.0,0.0,1.0,1.0,100.0,0.0,0.0,,,211.0,211.0,211.0,211.0,211.0,,,,,,,,,,,211.0,211.0,0.0,,100.0,0.0,0.0,0.0,nm_inferred,2.0,100.0,,Norrköping Airport,58.58629989624024,16.250600814819336
ESST,2.0,0.0,0.0,0.0,0.0,300.0,,,,,,,,,,,,,,,,,,,,,0.0,0.0,0.0,2.0,2.0,100.0,0.0,0.0,,,-290.2,-259.0,-207.0,-155.0,-123.8,,,,,,,,,,,207.0,290.2,100.0,,100.0,0.0,0.0,0.0,nm_inferred,2.0,50.0,,Torsby Airport,60.1576,12.9913
ESSV,28.0,27.0,96.42857142857143,0.0,0.0,300.0,,160.0,170.0,215.0,240.0,259.0,,,,,,,,,,,215.0,259.0,100.0,,85.71428571428571,0.0,10.714285714285714,28.0,27.0,96.42857142857143,0.0,0.0,,,-85.4,-44.5,19.0,77.0,149.4000000000001,,,,,,,,,,,68.0,193.80000000000013,40.74074074074074,,92.85714285714286,0.0,3.5714285714285716,0.0,nm_inferred,28.0,96.42857142857143,,Visby Airport,57.6628,18.346201
ESTA,12.0,12.0,100.0,0.0,0.0,300.0,,31.0,51.25,85.0,102.5,141.5,,,,,,,,,,,85.0,141.5,100.0,,75.0,16.666666666666668,8.333333333333334,12.0,12.0,100.0,0.0,0.0,,,113.2,134.5,153.0,179.5,188.2,,,,,,,,,,,153.0,188.2,0.0,,91.66666666666667,0.0,8.333333333333334,0.0,nm_inferred,12.0,100.0,,Ängelholm-Helsingborg Airport,56.29610061645508,12.847100257873535
ESUP,3.0,0.0,0.0,0.0,0.0,600.0,,,,,,,,,,,,,,,,,,,,,0.0,0.0,0.0,3.0,0.0,0.0,0.0,0.0,,,,,,,,,,,,,,,,,,,,,,0.0,0.0,0.0,0.0,nm_inferred,3.0,0.0,,Pajala Airport,67.244569,23.074894
ESUT,2.0,0.0,0.0,0.0,0.0,300.0,,,,,,,,,,,,,,,,,,,,,0.0,0.0,0.0,2.0,0.0,0.0,0.0,0.0,,,,,,,,,,,,,,,,,,,,,,0.0,0.0,0.0,0.0,nm_inferred,2.0,0.0,,Hemavan Airport,65.806099,15.0828
ETAR,2.0,2.0,100.0,0.0,0.0,750.0,,-8.0,-5.0,0.0,5.0,8.0,,,,,,,,,,,10.0,10.0,50.0,,50.0,50.0,0.0,,,,,,,,,,,,,,,,,,,,,,,,,,,,,,0.0,nm_inferred,2.0,100.0,,Ramstein Air Base,49.436901,7.60028
ETNL,3.0,3.0,100.0,0.0,0.0,600.0,,46.0,47.5,50.0,55.0,58.0,,,,,,,,,,,50.0,58.0,100.0,,100.0,0.0,0.0,3.0,3.0,100.0,0.0,0.0,,,-46.2,54.0,221.0,252.0,270.6,,,,,,,,,,,221.0,270.6,33.333333333333336,,100.0,0.0,0.0,0.0,nm_inferred,3.0,100.0,,Rostock-Laage Airport,53.918201,12.2783
ETSI,3.0,3.0,100.0,0.0,0.0,600.0,,-29.0,-20.0,-5.0,0.0,3.0000000000000004,,,,,,,,,,,5.0,29.0,33.333333333333336,,100.0,0.0,0.0,4.0,4.0,100.0,0.0,0.0,,,-932.4999999999999,-151.75,288.0,315.5,354.20000000000005,,,,,,,,,,,337.0,1131.1000000000001,25.0,,75.0,25.0,0.0,0.0,nm_inferred,4.0,100.0,,Ingolstadt Manching Airport,48.7156982421875,11.534000396728516
EVLA,1.0,1.0,100.0,0.0,0.0,600.0,,140.0,140.0,140.0,140.0,140.0,,,,,,,,,,,140.0,140.0,100.0,,0.0,100.0,0.0,1.0,1.0,100.0,0.0,0.0,,,180.0,180.0,180.0,180.0,180.0,,,,,,,,,,,180.0,180.0,0.0,,100.0,0.0,0.0,0.0,nm_inferred,1.0,100.0,,Liepāja International Airport,56.517502,21.096901
EVRA,283.0,282.0,99.64664310954063,0.0,98.58657243816255,720.0,720.0,30.500000000000007,45.0,65.0,85.0,3444.5,0.0,0.0,0.0,0.0,0.0,0.0,0.0,0.0,0.0,0.0,65.0,3444.5,100.0,0.0,72.43816254416961,26.85512367491166,0.35335689045936397,281.0,280.0,99.644128113879,0.0,93.23843416370107,240.0,5.0,-3225.0,235.0,270.0,290.0,305.0,0.0,0.6612103174603174,1.0,1.0,1.0,0.717857142857143,1.0,1.0,1.0,1.0,280.0,3224.9999999999995,18.928571428571427,82.06106870229007,77.93594306049822,21.352313167259787,0.35587188612099646,98.58657243816255,apdf,283.0,99.64538561170983,0.4982269280585491,Riga International Airport,56.920752,23.970711
EYKA,52.0,52.0,100.0,0.0,0.0,300.0,,-726.0,-435.0,-262.5,1772.5,3278.5,,,,,,,,,,,635.0,3356.5,36.53846153846154,,53.84615384615385,44.23076923076923,1.9230769230769231,52.0,52.0,100.0,0.0,0.0,,,-1897.2999999999995,443.25,572.5,667.5,2143.5,,,,,,,,,,,637.5,2808.2999999999993,15.384615384615385,,80.76923076923077,17.307692307692307,1.9230769230769231,0.0,nm_inferred,52.0,100.0,,Kaunas International Airport,54.963965,24.08582
EYPA,18.0,18.0,100.0,0.0,0.0,360.0,,-796.1,-481.25,-380.0,-257.5,-123.99999999999994,,,,,,,,,,,397.5,859.0,5.555555555555555,,94.44444444444444,5.555555555555555,0.0,18.0,18.0,100.0,0.0,0.0,,,387.0,442.5,585.0,613.75,905.0000000000003,,,,,,,,,,,595.0,1358.5000000000002,5.555555555555555,,94.44444444444444,5.555555555555555,0.0,0.0,nm_inferred,18.0,100.0,,Palanga International Airport,55.973202,21.093901
EYVI,203.0,202.0,99.50738916256158,0.0,0.0,600.0,,-774.5,-680.0,-567.5,1545.0,2695.0,,,,,,,,,,,695.0,2695.0,27.722772277227723,,64.03940886699507,35.467980295566505,0.0,198.0,198.0,100.0,0.0,0.0,,,-2303.4999999999995,451.25,537.5,625.0,763.0000000000001,,,,,,,,,,,607.5,2429.000000000001,21.21212121212121,,72.22222222222223,27.77777777777778,0.0,0.0,nm_inferred,203.0,99.7536945812808,,Vilnius International Airport,54.634102,25.285801
FACT,7.0,7.0,100.0,0.0,0.0,600.0,,29615.0,30694.5,32005.0,32275.0,32876.2,,,,,,,,,,,32005.0,32876.2,100.0,,100.0,0.0,0.0,9.0,8.0,88.88888888888889,0.0,0.0,,,-32688.3,-32393.25,-32264.0,-32204.75,-31769.0,,,,,,,,,,,32264.0,32688.3,100.0,,88.88888888888889,0.0,0.0,0.0,nm_inferred,9.0,94.44444444444444,,,,
FAOR,18.0,18.0,100.0,0.0,0.0,600.0,,27954.0,29303.75,30384.0,31218.75,31435.5,,,,,,,,,,,30384.0,31435.5,100.0,,100.0,0.0,0.0,23.0,23.0,100.0,0.0,0.0,,,-30748.4,-29946.5,-29386.0,-29124.0,-27564.0,,,,,,,,,,,29386.0,30748.4,100.0,,100.0,0.0,0.0,0.0,nm_inferred,23.0,100.0,,,,
FAPP,1.0,1.0,100.0,0.0,0.0,600.0,,32665.0,32665.0,32665.0,32665.0,32665.0,,,,,,,,,,,32665.0,32665.0,100.0,,100.0,0.0,0.0,,,,,,,,,,,,,,,,,,,,,,,,,,,,,,0.0,nm_inferred,1.0,100.0,,,,
FBSK,1.0,1.0,100.0,0.0,0.0,600.0,,33709.0,33709.0,33709.0,33709.0,33709.0,,,,,,,,,,,33709.0,33709.0,100.0,,100.0,0.0,0.0,1.0,1.0,100.0,0.0,0.0,,,-27150.0,-27150.0,-27150.0,-27150.0,-27150.0,,,,,,,,,,,27150.0,27150.0,100.0,,100.0,0.0,0.0,0.0,nm_inferred,1.0,100.0,,,,
FCBB,2.0,2.0,100.0,0.0,0.0,600.0,,19475.5,19791.25,20317.5,20843.75,21159.5,,,,,,,,,,,20317.5,21159.5,100.0,,100.0,0.0,0.0,4.0,4.0,100.0,0.0,0.0,,,-21707.4,-21081.0,-20624.0,-20240.0,-19745.0,,,,,,,,,,,20624.0,21707.4,100.0,,75.0,25.0,0.0,0.0,nm_inferred,4.0,100.0,,,,
FCPP,3.0,3.0,100.0,0.0,0.0,600.0,,20590.0,20956.0,21566.0,22010.0,22276.4,,,,,,,,,,,21566.0,22276.4,100.0,,100.0,0.0,0.0,,,,,,,,,,,,,,,,,,,,,,,,,,,,,,0.0,nm_inferred,3.0,100.0,,,,
FGSL,2.0,0.0,0.0,0.0,0.0,600.0,,,,,,,,,,,,,,,,,,,,,0.0,0.0,0.0,2.0,1.0,50.0,0.0,0.0,,,-15584.0,-15584.0,-15584.0,-15584.0,-15584.0,,,,,,,,,,,15584.0,15584.0,100.0,,50.0,0.0,0.0,0.0,nm_inferred,2.0,25.0,,,,
FHAW,1.0,1.0,100.0,0.0,0.0,0.0,,17380.0,17380.0,17380.0,17380.0,17380.0,,,,,,,,,,,17380.0,17380.0,100.0,,100.0,0.0,0.0,,,,,,,,,,,,,,,,,,,,,,,,,,,,,,0.0,nm_inferred,1.0,100.0,,,,
FIMP,11.0,11.0,100.0,0.0,0.0,600.0,,25015.0,25260.5,26860.0,27790.0,29105.0,,,,,,,,,,,26860.0,29105.0,100.0,,81.81818181818181,18.181818181818183,0.0,10.0,10.0,100.0,0.0,0.0,,,-29173.6,-28755.0,-26870.0,-26107.25,-25396.2,,,,,,,,,,,26870.0,29173.6,100.0,,100.0,0.0,0.0,0.0,nm_inferred,11.0,100.0,,,,
FKKD,4.0,4.0,100.0,0.0,0.0,600.0,,15979.5,16166.25,16665.5,17089.5,17140.8,,,,,,,,,,,16665.5,17140.8,100.0,,100.0,0.0,0.0,6.0,6.0,100.0,0.0,0.0,,,-17516.0,-15870.0,-15633.5,-14809.75,-14444.5,,,,,,,,,,,15633.5,17516.0,100.0,,100.0,0.0,0.0,0.0,nm_inferred,6.0,100.0,,,,
FKYS,5.0,5.0,100.0,0.0,0.0,600.0,,16391.0,16415.0,16575.0,17700.0,18228.0,,,,,,,,,,,16575.0,18228.0,100.0,,100.0,0.0,0.0,2.0,2.0,100.0,0.0,0.0,,,-15524.8,-15404.5,-15204.0,-15003.5,-14883.2,,,,,,,,,,,15204.0,15524.8,100.0,,100.0,0.0,0.0,0.0,nm_inferred,5.0,100.0,,,,
FMCZ,,,,,,,,,,,,,,,,,,,,,,,,,,,,,,2.0,2.0,100.0,0.0,0.0,,,-23642.8,-23240.5,-22570.0,-21899.5,-21497.2,,,,,,,,,,,22570.0,23642.8,100.0,,100.0,0.0,0.0,0.0,nm_inferred,2.0,100.0,,,,
FMEE,9.0,8.0,88.88888888888889,0.0,0.0,600.0,,24209.1,25200.75,26646.0,27388.5,28202.7,,,,,,,,,,,26646.0,28202.7,100.0,,77.77777777777777,11.11111111111111,0.0,10.0,10.0,100.0,0.0,0.0,,,-29073.6,-28481.25,-27990.0,-27578.0,-26409.5,,,,,,,,,,,27990.0,29073.6,100.0,,80.0,20.0,0.0,0.0,nm_inferred,10.0,94.44444444444444,,,,
FMMI,1.0,1.0,100.0,0.0,0.0,600.0,,30066.0,30066.0,30066.0,30066.0,30066.0,,,,,,,,,,,30066.0,30066.0,100.0,,100.0,0.0,0.0,1.0,1.0,100.0,0.0,0.0,,,-26165.0,-26165.0,-26165.0,-26165.0,-26165.0,,,,,,,,,,,26165.0,26165.0,100.0,,100.0,0.0,0.0,0.0,nm_inferred,1.0,100.0,,,,
FNBJ,11.0,11.0,100.0,0.0,0.0,600.0,,21199.0,21526.0,21965.0,22520.0,23306.0,,,,,,,,,,,21965.0,23306.0,100.0,,100.0,0.0,0.0,10.0,10.0,100.0,0.0,0.0,,,-22985.3,-21634.25,-21075.5,-20812.25,-20744.1,,,,,,,,,,,21075.5,22985.3,100.0,,100.0,0.0,0.0,0.0,nm_inferred,11.0,100.0,,,,
FNLU,2.0,2.0,100.0,0.0,0.0,600.0,,20416.0,20497.0,20632.0,20767.0,20848.0,,,,,,,,,,,20632.0,20848.0,100.0,,100.0,0.0,0.0,1.0,1.0,100.0,0.0,0.0,,,-21733.0,-21733.0,-21733.0,-21733.0,-21733.0,,,,,,,,,,,21733.0,21733.0,100.0,,100.0,0.0,0.0,0.0,nm_inferred,2.0,100.0,,,,
FOOL,2.0,2.0,100.0,0.0,0.0,600.0,,17050.5,17598.75,18512.5,19426.25,19974.5,,,,,,,,,,,18512.5,19974.5,100.0,,100.0,0.0,0.0,5.0,5.0,100.0,0.0,0.0,,,-19722.0,-19443.0,-17990.0,-17866.0,-17110.6,,,,,,,,,,,17990.0,19722.0,100.0,,100.0,0.0,0.0,0.0,nm_inferred,5.0,100.0,,,,
FPST,2.0,2.0,100.0,0.0,0.0,900.0,,16285.7,16525.25,16924.5,17323.75,17563.3,,,,,,,,,,,16924.5,17563.3,100.0,,100.0,0.0,0.0,2.0,2.0,100.0,0.0,0.0,,,-16667.4,-16558.5,-16377.0,-16195.5,-16086.6,,,,,,,,,,,16377.0,16667.4,100.0,,100.0,0.0,0.0,0.0,nm_inferred,2.0,100.0,,,,
FQMA,1.0,1.0,100.0,0.0,0.0,600.0,,32212.0,32212.0,32212.0,32212.0,32212.0,,,,,,,,,,,32212.0,32212.0,100.0,,100.0,0.0,0.0,1.0,1.0,100.0,0.0,0.0,,,-29700.0,-29700.0,-29700.0,-29700.0,-29700.0,,,,,,,,,,,29700.0,29700.0,100.0,,100.0,0.0,0.0,0.0,nm_inferred,1.0,100.0,,,,
FSIA,4.0,4.0,100.0,0.0,0.0,600.0,,17883.7,17991.25,18126.0,18384.0,18713.4,,,,,,,,,,,18126.0,18713.4,100.0,,75.0,25.0,0.0,1.0,1.0,100.0,0.0,0.0,,,-20553.0,-20553.0,-20553.0,-20553.0,-20553.0,,,,,,,,,,,20553.0,20553.0,100.0,,100.0,0.0,0.0,0.0,nm_inferred,4.0,100.0,,,,
FTTJ,2.0,1.0,50.0,0.0,0.0,600.0,,12527.0,12527.0,12527.0,12527.0,12527.0,,,,,,,,,,,12527.0,12527.0,100.0,,50.0,0.0,0.0,4.0,3.0,75.0,0.0,0.0,,,-19948.8,-17694.0,-13936.0,-12182.5,-11130.4,,,,,,,,,,,13936.0,19948.8,100.0,,75.0,0.0,0.0,0.0,nm_inferred,4.0,62.5,,,,
FVFA,1.0,1.0,100.0,0.0,0.0,900.0,,24705.0,24705.0,24705.0,24705.0,24705.0,,,,,,,,,,,24705.0,24705.0,100.0,,100.0,0.0,0.0,,,,,,,,,,,,,,,,,,,,,,,,,,,,,,0.0,nm_inferred,1.0,100.0,,,,
FVRG,,,,,,,,,,,,,,,,,,,,,,,,,,,,,,1.0,1.0,100.0,0.0,0.0,,,-22686.0,-22686.0,-22686.0,-22686.0,-22686.0,,,,,,,,,,,22686.0,22686.0,100.0,,100.0,0.0,0.0,0.0,nm_inferred,1.0,100.0,,,,
FYWH,4.0,4.0,100.0,0.0,0.0,570.0,,28164.0,28519.5,28821.0,28938.75,28963.5,,,,,,,,,,,28821.0,28963.5,100.0,,100.0,0.0,0.0,4.0,4.0,100.0,0.0,0.0,,,-28228.3,-27630.25,-26888.5,-26390.75,-26231.9,,,,,,,,,,,26888.5,28228.3,100.0,,100.0,0.0,0.0,0.0,nm_inferred,4.0,100.0,,,,
FZAA,4.0,4.0,100.0,0.0,0.0,600.0,,19831.6,19927.0,20337.5,20936.25,21370.5,,,,,,,,,,,20337.5,21370.5,100.0,,100.0,0.0,0.0,7.0,7.0,100.0,0.0,0.0,,,-20689.0,-20514.0,-20140.0,-20005.5,-19930.8,,,,,,,,,,,20140.0,20689.0,100.0,,100.0,0.0,0.0,0.0,nm_inferred,7.0,100.0,,,,
GABS,6.0,3.0,50.0,0.0,0.0,600.0,,8618.8,9094.0,9886.0,10012.0,10087.6,,,,,,,,,,,9886.0,10087.6,100.0,,50.0,0.0,0.0,4.0,1.0,25.0,0.0,0.0,,,-8958.0,-8958.0,-8958.0,-8958.0,-8958.0,,,,,,,,,,,8958.0,8958.0,100.0,,25.0,0.0,0.0,0.0,nm_inferred,6.0,37.5,,,,
GBYD,5.0,2.0,40.0,0.0,0.0,600.0,,11031.4,11815.0,13121.0,14427.0,15210.6,,,,,,,,,,,13121.0,15210.6,100.0,,40.0,0.0,0.0,4.0,3.0,75.0,0.0,0.0,,,-10008.2,-9960.5,-9881.0,-9858.0,-9844.2,,,,,,,,,,,9881.0,10008.2,100.0,,75.0,0.0,0.0,0.0,nm_inferred,5.0,57.5,,,,
GCFV,213.0,178.0,83.5680751173709,0.0,99.06103286384976,577.0,660.0,54.0,71.0,859.0,3999.75,4259.9,0.0,0.0,0.0,0.0,0.0,0.0,0.0,0.0,0.0,0.0,859.0,4259.9,100.0,0.0,49.29577464788732,33.80281690140845,0.4694835680751174,218.0,189.0,86.69724770642202,0.0,99.54128440366972,204.0,150.0,-4106.6,-3697.0,-868.0,88.0,128.0,0.0,0.0,0.0,0.4939271255060729,0.8446969696969698,0.0,0.0,0.0,0.625,0.8,868.0,4106.6,66.66666666666667,6.349206349206349,58.25688073394495,28.440366972477065,0.0,99.54128440366972,apdf,218.0,85.13266141189646,0.0,Fuerteventura Airport,28.4527,-13.8638
GCGM,12.0,8.0,66.66666666666667,0.0,0.0,300.0,,552.0,900.0,1009.5,1056.75,1132.2,,,,,,,,,,,1009.5,1132.2,100.0,,66.66666666666667,0.0,0.0,12.0,9.0,75.0,0.0,0.0,,,-1031.0,-640.0,-205.0,-175.0,-125.99999999999997,,,,,,,,,,,205.0,1031.0,88.88888888888889,,75.0,0.0,0.0,0.0,nm_inferred,12.0,70.83333333333334,,La Gomera Airport,28.0296,-17.2146
GCHI,24.0,23.0,95.83333333333333,0.0,0.0,300.0,,150.00000000000003,780.0,1200.0,1312.5,1392.0,,,,,,,,,,,1200.0,1392.0,100.0,,95.83333333333333,0.0,0.0,24.0,23.0,95.83333333333333,0.0,0.0,,,-1128.2,-967.5,-812.0,-98.5,142.60000000000016,,,,,,,,,,,812.0,1128.2,86.95652173913044,,95.83333333333333,0.0,0.0,0.0,nm_inferred,24.0,95.83333333333333,,El Hierro Airport,27.8148,-17.8871
GCLA,106.0,100.0,94.33962264150944,0.0,0.0,300.0,,70.0,128.75,222.5,950.0,1005.5,,,,,,,,,,,222.5,1005.5,100.0,,88.67924528301887,2.830188679245283,2.830188679245283,104.0,96.0,92.3076923076923,0.0,0.0,,,-597.0,-412.25,-298.0,71.75,159.5,,,,,,,,,,,333.0,634.0,62.5,,86.53846153846153,2.8846153846153846,2.8846153846153846,0.0,nm_inferred,106.0,93.32365747460088,,La Palma Airport,28.626499,-17.7556
GCLP,548.0,443.0,80.83941605839416,0.0,98.54014598540147,549.5,600.0,67.4,112.0,637.0,4439.0,4789.2,0.0,0.0,0.0,0.0,0.0,0.0,0.0,0.0,0.0,0.0,637.0,4789.2,100.0,0.0,50.0,30.291970802919707,0.5474452554744526,552.0,466.0,84.42028985507247,0.0,99.63768115942028,138.0,150.0,-4281.0,-1499.0,-786.5,-83.25,-13.5,0.0,0.0,0.0,0.0,0.0,0.0,0.0,0.0,0.0,0.0,786.5,4281.0,93.13304721030043,1.0775862068965518,65.76086956521739,18.115942028985508,0.5434782608695652,99.63768115942028,apdf,552.0,82.62985295673332,0.0,Gran Canaria Airport,27.9319,-15.3866
GCRR,283.0,240.0,84.80565371024736,0.0,99.29328621908127,513.0,540.0,33.0,47.0,257.0,3592.5,3887.2,0.0,0.0,0.0,0.0,0.0,0.0,0.0,0.0,0.0,0.0,257.0,3887.2,100.0,0.0,54.77031802120141,29.328621908127207,0.7067137809187279,292.0,257.0,88.01369863013699,0.0,100.0,139.0,65.0,-3821.4,-3572.0,-913.0,120.0,157.4,0.0,0.0,0.0,0.8317307692307693,1.0,0.0,0.0,0.5,1.0,1.0,952.0,3821.4,64.59143968871595,31.1284046692607,52.397260273972606,34.93150684931507,0.684931506849315,100.0,apdf,292.0,86.40967617019217,0.21602419042548043,César Manrique-Lanzarote Airport,28.945499,-13.6052
GCTS,294.0,273.0,92.85714285714286,0.0,100.0,642.0,660.0,212.4,359.0,640.0,774.0,4782.0,0.0,0.0,0.0,0.0,0.0,0.0,0.0,0.0,0.0,0.0,640.0,4782.0,100.0,0.0,66.66666666666667,26.19047619047619,0.0,305.0,289.0,94.75409836065573,0.0,96.39344262295081,238.0,240.0,-4840.8,-1045.0,-479.0,-313.0,-163.00000000000006,0.0,0.0,0.0,0.0,0.0,0.0,0.0,0.0,0.0,0.0,479.0,4840.799999999998,98.96193771626298,0.0,70.49180327868852,24.262295081967213,0.0,100.0,apdf,305.0,93.80562060889929,0.0,Tenerife Sur Airport,28.0445,-16.5725
GCXO,348.0,341.0,97.98850574712644,0.0,100.0,486.5,510.0,12.0,50.0,107.0,134.0,4729.0,0.0,0.0,0.0,0.0,0.0,0.0,0.0,0.0,0.0,0.0,107.0,4729.0,99.70674486803519,0.0,79.3103448275862,18.103448275862068,0.5747126436781609,346.0,299.0,86.41618497109826,0.0,100.0,164.0,70.0,-4310.4,-516.0,28.0,160.0,181.39999999999998,0.0,0.0,0.15343915343915343,0.9707896171140482,1.0,0.0,0.0,0.5714285714285714,1.0,1.0,180.0,4310.4,47.491638795986624,28.762541806020067,72.25433526011561,13.583815028901734,0.5780346820809249,100.0,apdf,348.0,92.20234535911234,0.2634352724546067,Tenerife Norte-Ciudad de La Laguna Airport,28.482752,-16.341707
GEML,53.0,53.0,100.0,0.0,0.0,300.0,,5.0,40.0,275.0,345.0,415.0,,,,,,,,,,,275.0,415.0,94.33962264150944,,98.11320754716981,1.8867924528301887,0.0,53.0,53.0,100.0,0.0,0.0,,,-314.6,-135.0,-39.0,222.0,255.8,,,,,,,,,,,209.0,314.6,54.716981132075475,,96.22641509433963,3.7735849056603774,0.0,0.0,nm_inferred,53.0,100.0,,Melilla Airport,35.2798,-2.95626
GFLL,1.0,0.0,0.0,0.0,0.0,600.0,,,,,,,,,,,,,,,,,,,,,0.0,0.0,0.0,3.0,2.0,66.66666666666667,0.0,0.0,,,-11375.1,-11337.75,-11275.5,-11213.25,-11175.9,,,,,,,,,,,11275.5,11375.1,100.0,,66.66666666666667,0.0,0.0,0.0,nm_inferred,3.0,33.333333333333336,,,,
GGOV,3.0,2.0,66.66666666666667,0.0,0.0,600.0,,11198.6,11235.5,11297.0,11358.5,11395.4,,,,,,,,,,,11297.0,11395.4,100.0,,66.66666666666667,0.0,0.0,2.0,2.0,100.0,0.0,0.0,,,-11152.3,-11073.25,-10941.5,-10809.75,-10730.7,,,,,,,,,,,10941.5,11152.3,100.0,,100.0,0.0,0.0,0.0,nm_inferred,3.0,83.33333333333334,,,,
GLRB,3.0,1.0,33.333333333333336,0.0,0.0,600.0,,12835.0,12835.0,12835.0,12835.0,12835.0,,,,,,,,,,,12835.0,12835.0,100.0,,33.333333333333336,0.0,0.0,2.0,1.0,50.0,0.0,0.0,,,-13241.0,-13241.0,-13241.0,-13241.0,-13241.0,,,,,,,,,,,13241.0,13241.0,100.0,,50.0,0.0,0.0,0.0,nm_inferred,3.0,41.66666666666667,,,,
GMAD,104.0,91.0,87.5,0.0,0.0,600.0,,1495.0,1855.0,2170.0,2422.5,2695.0,,,,,,,,,,,2170.0,2695.0,100.0,,77.88461538461539,8.653846153846153,0.9615384615384616,101.0,90.0,89.10891089108911,0.0,0.0,,,-2125.0,-1819.5,-1380.5,-1159.5,-953.2999999999996,,,,,,,,,,,1380.5,2125.0000000000005,100.0,,74.25742574257426,13.861386138613861,0.9900990099009901,0.0,nm_inferred,104.0,88.30445544554456,,Al Massira Airport,30.322478,-9.412003
GMAG,4.0,0.0,0.0,0.0,0.0,900.0,,,,,,,,,,,,,,,,,,,,,0.0,0.0,0.0,4.0,1.0,25.0,0.0,0.0,,,-4482.0,-4482.0,-4482.0,-4482.0,-4482.0,,,,,,,,,,,4482.0,4482.0,100.0,,25.0,0.0,0.0,0.0,nm_inferred,4.0,12.5,,,,
GMAT,1.0,1.0,100.0,0.0,0.0,720.0,,4155.0,4155.0,4155.0,4155.0,4155.0,,,,,,,,,,,4155.0,4155.0,100.0,,100.0,0.0,0.0,1.0,0.0,0.0,0.0,0.0,,,,,,,,,,,,,,,,,,,,,,0.0,0.0,0.0,0.0,nm_inferred,1.0,50.0,,Tan Tan Airport,28.447563,-11.161749
GMAZ,2.0,0.0,0.0,0.0,0.0,780.0,,,,,,,,,,,,,,,,,,,,,0.0,0.0,0.0,2.0,0.0,0.0,0.0,0.0,,,,,,,,,,,,,,,,,,,,,,0.0,0.0,0.0,0.0,nm_inferred,2.0,0.0,,Zagora Airport,30.265788,-5.860808
GMFF,58.0,55.0,94.82758620689656,0.0,0.0,900.0,,320.0,337.5,360.0,390.0,418.0,,,,,,,,,,,360.0,418.0,100.0,,94.82758620689656,0.0,0.0,59.0,58.0,98.30508474576271,0.0,0.0,,,-340.8,-252.0,-211.5,-167.25,-145.7,,,,,,,,,,,211.5,340.8000000000002,100.0,,98.30508474576271,0.0,0.0,0.0,nm_inferred,59.0,96.56633547632964,,Fes Saïss International Airport,33.927299,-4.97796
GMFK,6.0,0.0,0.0,0.0,0.0,480.0,,,,,,,,,,,,,,,,,,,,,0.0,0.0,0.0,5.0,3.0,60.0,0.0,0.0,,,-1716.8,-1713.5,-1708.0,-1485.0,-1351.2,,,,,,,,,,,1708.0,1716.8,100.0,,60.0,0.0,0.0,0.0,nm_inferred,6.0,30.0,,Moulay Ali Cherif Airport,31.9475002289,-4.39833021164
GMFO,28.0,28.0,100.0,0.0,0.0,660.0,,186.0,215.0,310.0,390.0,406.5,,,,,,,,,,,310.0,406.5,100.0,,100.0,0.0,0.0,30.0,30.0,100.0,0.0,0.0,,,-433.8,-235.5,-133.0,-57.5,15.100000000000087,,,,,,,,,,,161.0,433.8,86.66666666666667,,100.0,0.0,0.0,0.0,nm_inferred,30.0,100.0,,Oujda Angads Airport,34.789558,-1.926041
GMMA,1.0,1.0,100.0,0.0,0.0,600.0,,7076.0,7076.0,7076.0,7076.0,7076.0,,,,,,,,,,,7076.0,7076.0,100.0,,100.0,0.0,0.0,1.0,0.0,0.0,0.0,0.0,,,,,,,,,,,,,,,,,,,,,,0.0,0.0,0.0,0.0,nm_inferred,1.0,50.0,,,,
GMMB,1.0,0.0,0.0,0.0,0.0,600.0,,,,,,,,,,,,,,,,,,,,,0.0,0.0,0.0,1.0,0.0,0.0,0.0,0.0,,,,,,,,,,,,,,,,,,,,,,0.0,0.0,0.0,0.0,nm_inferred,1.0,0.0,,Ben Slimane Airport,33.655399,-7.22145
GMMD,3.0,3.0,100.0,0.0,0.0,900.0,,641.0,680.0,745.0,767.5,781.0,,,,,,,,,,,745.0,781.0,100.0,,100.0,0.0,0.0,3.0,3.0,100.0,0.0,0.0,,,-762.2,-653.0,-471.0,-460.5,-454.2,,,,,,,,,,,471.0,762.2,100.0,,100.0,0.0,0.0,0.0,nm_inferred,3.0,100.0,,Beni Mellal Airport,32.401895,-6.315905
GMME,75.0,75.0,100.0,0.0,0.0,720.0,,197.0,265.0,320.0,355.0,448.00000000000006,,,,,,,,,,,320.0,448.00000000000006,100.0,,96.0,4.0,0.0,76.0,75.0,98.6842105263158,0.0,0.0,,,-343.2,-277.0,-209.0,-36.5,226.60000000000005,,,,,,,,,,,236.0,351.4000000000001,77.33333333333333,,96.05263157894737,2.6315789473684212,0.0,0.0,nm_inferred,76.0,99.34210526315789,,Rabat-Salé Airport,34.051498,-6.75152
GMMH,11.0,5.0,45.45454545454545,0.0,0.0,480.0,,3860.0,5375.0,6069.0,6106.0,6477.4,,,,,,,,,,,6069.0,6477.4,100.0,,36.36363636363637,9.090909090909092,0.0,11.0,5.0,45.45454545454545,0.0,0.0,,,-6176.2,-5905.0,-5357.0,-3433.0,-3344.2,,,,,,,,,,,5357.0,6176.2,100.0,,45.45454545454545,0.0,0.0,0.0,nm_inferred,11.0,45.45454545454545,,,,
GMMI,11.0,11.0,100.0,0.0,0.0,600.0,,1075.0,1115.0,1255.0,1550.0,1640.0,,,,,,,,,,,1255.0,1640.0,100.0,,100.0,0.0,0.0,11.0,11.0,100.0,0.0,0.0,,,-1921.0,-1867.0,-1576.0,-1244.0,-1117.0,,,,,,,,,,,1576.0,1921.0,100.0,,100.0,0.0,0.0,0.0,nm_inferred,11.0,100.0,,Essaouira-Mogador Airport,31.397499,-9.68167
GMML,16.0,6.0,37.5,0.0,0.0,660.0,,554.5,1656.25,3692.5,3857.5,4152.5,,,,,,,,,,,3692.5,4152.5,100.0,,31.25,6.25,0.0,18.0,9.0,50.0,0.0,0.0,,,-3519.4,-3368.0,-1539.0,-765.0,-65.59999999999995,,,,,,,,,,,1539.0,3519.4,88.88888888888889,,44.44444444444444,5.555555555555555,0.0,0.0,nm_inferred,18.0,43.75,,Laayoune Hassan I International Airport,27.142467,-13.224947
GMMN,396.0,330.0,83.33333333333333,0.0,0.0,960.0,,44.49999999999999,176.25,415.0,598.75,1776.000000000007,,,,,,,,,,,415.0,1776.000000000007,99.6969696969697,,73.48484848484848,9.848484848484848,0.0,408.0,320.0,78.43137254901961,0.0,0.0,,,-4566.899999999994,-846.75,-562.0,210.25,263.1,,,,,,,,,,,562.0,4566.9000000000615,70.625,,67.40196078431373,11.029411764705882,0.0,0.0,nm_inferred,408.0,80.88235294117646,,Mohammed V International Airport,33.3675,-7.58997
GMMW,34.0,34.0,100.0,0.0,0.0,900.0,,48.0,75.0,190.0,230.0,266.3,,,,,,,,,,,190.0,266.3,97.05882352941177,,94.11764705882354,5.882352941176471,0.0,35.0,35.0,100.0,0.0,0.0,,,-263.0,-110.5,-30.0,42.5,196.60000000000002,,,,,,,,,,,76.0,263.00000000000006,68.57142857142857,,100.0,0.0,0.0,0.0,nm_inferred,35.0,100.0,,Nador Al Aaroui International Airport,34.9888,-3.02821
GMMX,300.0,288.0,96.0,0.0,0.0,780.0,,765.5,915.0,1040.0,1221.25,1596.5,,,,,,,,,,,1040.0,1596.5,100.0,,93.66666666666667,2.3333333333333335,0.0,301.0,288.0,95.68106312292359,0.0,0.0,,,-1315.8999999999999,-977.25,-808.0,-639.75,-111.79999999999973,,,,,,,,,,,808.0,1315.9000000000003,92.01388888888889,,89.70099667774086,5.980066445182724,0.0,0.0,nm_inferred,301.0,95.8405315614618,,Marrakesh Menara Airport,31.604807,-8.035788
GMMZ,6.0,3.0,50.0,0.0,0.0,840.0,,1354.2,1360.5,1371.0,2798.0,3654.2000000000003,,,,,,,,,,,1371.0,3654.2000000000003,100.0,,50.0,0.0,0.0,6.0,4.0,66.66666666666667,0.0,0.0,,,-3271.8,-2536.5,-1730.0,-1251.5,-1106.6,,,,,,,,,,,1730.0,3271.8,100.0,,66.66666666666667,0.0,0.0,0.0,nm_inferred,6.0,58.333333333333336,,Ouarzazate International Airport,30.9391,-6.90943
GMTA,4.0,4.0,100.0,0.0,0.0,720.0,,-22.199999999999996,12.0,59.0,119.0,176.60000000000002,,,,,,,,,,,66.0,176.60000000000002,75.0,,100.0,0.0,0.0,4.0,4.0,100.0,0.0,0.0,,,67.2,114.0,187.5,237.0,240.6,,,,,,,,,,,187.5,240.6,0.0,,100.0,0.0,0.0,0.0,nm_inferred,4.0,100.0,,Cherif Al Idrissi Airport,35.177101,-3.83952
GMTN,25.0,25.0,100.0,0.0,0.0,780.0,,-61.99999999999999,-30.0,-5.0,20.0,30.20000000000001,,,,,,,,,,,25.0,62.00000000000003,48.0,,100.0,0.0,0.0,25.0,25.0,100.0,0.0,0.0,,,206.2,240.0,271.0,322.0,365.80000000000007,,,,,,,,,,,271.0,365.80000000000007,0.0,,100.0,0.0,0.0,0.0,nm_inferred,25.0,100.0,,Sania Ramel Airport,35.594299,-5.32002
GMTT,109.0,106.0,97.24770642201835,0.0,0.0,900.0,,30.0,40.0,60.0,78.75,87.5,,,,,,,,,,,60.0,87.5,99.05660377358491,,94.4954128440367,0.9174311926605505,1.834862385321101,111.0,107.0,96.3963963963964,0.0,0.0,,,197.20000000000005,233.0,246.0,261.5,271.4,,,,,,,,,,,247.0,277.4,3.7383177570093458,,91.89189189189189,3.6036036036036037,0.9009009009009009,0.0,nm_inferred,111.0,96.82205140920738,,Tangier Ibn Battuta Airport,35.731741,-5.921459
GOBD,33.0,28.0,84.84848484848484,0.0,0.0,600.0,,8725.2,9160.5,9756.5,10312.75,12444.500000000002,,,,,,,,,,,9756.5,12444.500000000002,100.0,,81.81818181818181,3.0303030303030303,0.0,38.0,32.0,84.21052631578948,0.0,0.0,,,-15847.1,-10502.25,-9921.5,-9569.75,-9212.1,,,,,,,,,,,9921.5,15847.100000000011,100.0,,78.94736842105263,5.2631578947368425,0.0,0.0,nm_inferred,38.0,84.52950558213716,,,,
GOOY,1.0,1.0,100.0,0.0,0.0,600.0,,8713.0,8713.0,8713.0,8713.0,8713.0,,,,,,,,,,,8713.0,8713.0,100.0,,100.0,0.0,0.0,1.0,1.0,100.0,0.0,0.0,,,-9481.0,-9481.0,-9481.0,-9481.0,-9481.0,,,,,,,,,,,9481.0,9481.0,100.0,,100.0,0.0,0.0,0.0,nm_inferred,1.0,100.0,,,,
GQNO,10.0,4.0,40.0,0.0,0.0,600.0,,7673.4,7677.0,7846.5,9989.0,13544.000000000002,,,,,,,,,,,7846.5,13544.000000000002,100.0,,40.0,0.0,0.0,12.0,8.0,66.66666666666667,0.0,0.0,,,-14616.7,-10098.25,-8373.5,-7896.0,-6684.900000000001,,,,,,,,,,,8373.5,14616.7,100.0,,66.66666666666667,0.0,0.0,0.0,nm_inferred,12.0,53.333333333333336,,,,
GQPP,2.0,1.0,50.0,0.0,0.0,600.0,,5290.0,5290.0,5290.0,5290.0,5290.0,,,,,,,,,,,5290.0,5290.0,100.0,,50.0,0.0,0.0,2.0,1.0,50.0,0.0,0.0,,,-6354.0,-6354.0,-6354.0,-6354.0,-6354.0,,,,,,,,,,,6354.0,6354.0,100.0,,50.0,0.0,0.0,0.0,nm_inferred,2.0,50.0,,,,
GUCY,9.0,5.0,55.55555555555556,0.0,0.0,600.0,,10225.2,10242.0,10352.0,11487.0,11632.2,,,,,,,,,,,10352.0,11632.2,100.0,,55.55555555555556,0.0,0.0,6.0,3.0,50.0,0.0,0.0,,,-11069.2,-10819.0,-10402.0,-10292.0,-10226.0,,,,,,,,,,,10402.0,11069.2,100.0,,50.0,0.0,0.0,0.0,nm_inferred,9.0,52.77777777777778,,,,
GVAC,31.0,30.0,96.7741935483871,0.0,0.0,600.0,,6057.0,6112.5,6162.5,6425.0,7200.5000000000055,,,,,,,,,,,6162.5,7200.5000000000055,100.0,,77.41935483870968,19.35483870967742,0.0,30.0,30.0,100.0,0.0,0.0,,,-10719.9,-6893.75,-6571.5,-6462.5,-6318.5,,,,,,,,,,,6571.5,10719.9,100.0,,83.33333333333333,16.666666666666668,0.0,0.0,nm_inferred,31.0,98.38709677419355,,,,
GVBA,8.0,8.0,100.0,0.0,0.0,600.0,,6367.0,6418.75,6545.0,6633.75,8208.3,,,,,,,,,,,6545.0,8208.3,100.0,,62.5,37.5,0.0,15.0,15.0,100.0,0.0,0.0,,,-9446.0,-6915.0,-6795.0,-6673.0,-6380.0,,,,,,,,,,,6795.0,9445.999999999998,100.0,,80.0,20.0,0.0,0.0,nm_inferred,15.0,100.0,,,,
GVNP,9.0,9.0,100.0,0.0,0.0,600.0,,6904.0,6945.0,7080.0,7180.0,7957.6,,,,,,,,,,,7080.0,7957.6,100.0,,88.88888888888889,11.11111111111111,0.0,10.0,10.0,100.0,0.0,0.0,,,-11165.3,-7483.75,-7365.0,-7283.75,-7085.3,,,,,,,,,,,7365.0,11165.3,100.0,,90.0,10.0,0.0,0.0,nm_inferred,10.0,100.0,,,,
GVSV,6.0,6.0,100.0,0.0,0.0,0.0,,6149.0,6187.0,6271.5,6357.5,6512.5,,,,,,,,,,,6271.5,6512.5,100.0,,100.0,0.0,0.0,4.0,4.0,100.0,0.0,0.0,,,-7160.0,-7092.5,-6862.5,-6546.25,-6323.5,,,,,,,,,,,6862.5,7160.0,100.0,,100.0,0.0,0.0,0.0,nm_inferred,6.0,100.0,,,,
HAAB,50.0,49.0,98.0,0.0,0.0,600.0,,10275.2,10553.0,11077.0,12698.0,13369.0,,,,,,,,,,,11077.0,13369.0,100.0,,82.0,16.0,0.0,40.0,40.0,100.0,0.0,0.0,,,-13072.3,-11946.0,-10875.0,-10621.5,-10352.0,,,,,,,,,,,10875.0,13072.300000000001,100.0,,82.5,17.5,0.0,0.0,nm_inferred,50.0,99.0,,,,
HBBA,,,,,,,,,,,,,,,,,,,,,,,,,,,,,,1.0,1.0,100.0,0.0,0.0,,,-20665.0,-20665.0,-20665.0,-20665.0,-20665.0,,,,,,,,,,,20665.0,20665.0,100.0,,100.0,0.0,0.0,0.0,nm_inferred,1.0,100.0,,,,
HCMM,2.0,2.0,100.0,0.0,0.0,600.0,,15035.4,15130.5,15289.0,15447.5,15542.6,,,,,,,,,,,15289.0,15542.6,100.0,,100.0,0.0,0.0,1.0,1.0,100.0,0.0,0.0,,,-15000.0,-15000.0,-15000.0,-15000.0,-15000.0,,,,,,,,,,,15000.0,15000.0,100.0,,100.0,0.0,0.0,0.0,nm_inferred,2.0,100.0,,,,
HDAM,1.0,0.0,0.0,0.0,0.0,600.0,,,,,,,,,,,,,,,,,,,,,0.0,0.0,0.0,1.0,1.0,100.0,0.0,0.0,,,-10380.0,-10380.0,-10380.0,-10380.0,-10380.0,,,,,,,,,,,10380.0,10380.0,100.0,,100.0,0.0,0.0,0.0,nm_inferred,1.0,50.0,,,,
HEAL,7.0,7.0,100.0,0.0,0.0,300.0,,211.0,405.0,775.0,1720.0,2429.0,,,,,,,,,,,775.0,2429.0,100.0,,85.71428571428571,14.285714285714286,0.0,8.0,8.0,100.0,0.0,0.0,,,-2047.5,-1533.75,-947.0,-335.75,1.8999999999999977,,,,,,,,,,,947.0,2047.5,87.5,,75.0,25.0,0.0,0.0,nm_inferred,8.0,100.0,,El Alamein International Airport,30.924324,28.46161
HEAX,7.0,7.0,100.0,0.0,0.0,600.0,,19.0,52.5,100.0,601.0,801.0,,,,,,,,,,,100.0,801.0,100.0,,100.0,0.0,0.0,10.0,10.0,100.0,0.0,0.0,,,-405.69999999999993,91.25,243.0,277.75,537.6999999999999,,,,,,,,,,,271.5,910.5999999999996,20.0,,90.0,10.0,0.0,0.0,nm_inferred,10.0,100.0,,,,
HECA,255.0,255.0,100.0,0.0,0.0,900.0,,151.4,464.0,635.0,1244.0,3590.0,,,,,,,,,,,635.0,3590.0,99.6078431372549,,74.90196078431373,24.313725490196077,0.7843137254901961,241.0,240.0,99.5850622406639,0.0,0.0,,,-1254.1999999999998,-771.0,-539.5,-172.25,192.99999999999994,,,,,,,,,,,539.5,1254.1999999999998,81.66666666666667,,85.06224066390041,14.522821576763485,0.0,0.0,nm_inferred,255.0,99.79253112033194,,Cairo International Airport,30.111534,31.396694
HEGN,259.0,256.0,98.84169884169884,0.0,0.0,900.0,,1559.5,1892.5,2840.0,4857.5,6855.0,,,,,,,,,,,2840.0,6855.0,100.0,,69.11196911196912,29.72972972972973,0.0,265.0,259.0,97.73584905660377,0.0,0.0,,,-5127.4,-3826.5,-1607.0,-1253.0,-1083.3999999999999,,,,,,,,,,,1607.0,5127.400000000001,100.0,,73.9622641509434,23.77358490566038,0.0,0.0,nm_inferred,265.0,98.2887739491513,,Hurghada International Airport,27.176776,33.796692
HELX,2.0,2.0,100.0,0.0,0.0,300.0,,4079.0,4227.5,4475.0,4722.5,4871.0,,,,,,,,,,,4475.0,4871.0,100.0,,100.0,0.0,0.0,6.0,6.0,100.0,0.0,0.0,,,-6820.0,-5136.0,-4619.0,-3744.25,-2563.0,,,,,,,,,,,4619.0,6820.0,100.0,,50.0,50.0,0.0,0.0,nm_inferred,6.0,100.0,,,,
HEMA,77.0,77.0,100.0,0.0,0.0,300.0,,2715.8,2873.0,3911.0,5339.0,6278.600000000001,,,,,,,,,,,3911.0,6278.600000000001,100.0,,74.02597402597402,25.974025974025974,0.0,88.0,88.0,100.0,0.0,0.0,,,-5937.6,-4567.5,-3545.0,-2635.5,-2444.0,,,,,,,,,,,3545.0,5937.6,100.0,,76.13636363636364,23.863636363636363,0.0,0.0,nm_inferred,88.0,100.0,,,,
HEMM,9.0,9.0,100.0,0.0,0.0,600.0,,689.0,1335.0,1800.0,1890.0,1906.0,,,,,,,,,,,1800.0,1906.0,100.0,,77.77777777777777,22.22222222222222,0.0,9.0,9.0,100.0,0.0,0.0,,,-2588.0,-2171.0,-1900.0,-1667.0,-1474.3999999999999,,,,,,,,,,,1900.0,2588.0,100.0,,66.66666666666667,22.22222222222222,11.11111111111111,0.0,nm_inferred,9.0,100.0,,Mersa Matruh International Airport,31.324313,27.22227
HESH,158.0,155.0,98.10126582278481,0.0,0.0,1200.0,,830.0,897.5,995.0,1817.5,6730.999999999998,,,,,,,,,,,995.0,6730.999999999998,100.0,,55.063291139240505,43.037974683544306,0.0,161.0,154.0,95.65217391304348,0.0,0.0,,,-5095.3,-2818.0,-1045.5,-868.0,-758.5999999999999,,,,,,,,,,,1045.5,5095.3,100.0,,60.24844720496895,35.40372670807454,0.0,0.0,nm_inferred,161.0,96.87671986791415,,Sharm El Sheikh International Airport,27.977272,34.394717
HESN,,,,,,,,,,,,,,,,,,,,,,,,,,,,,,2.0,2.0,100.0,0.0,0.0,,,-5468.5,-5146.75,-4610.5,-4074.25,-3752.5,,,,,,,,,,,4610.5,5468.5,100.0,,50.0,50.0,0.0,0.0,nm_inferred,2.0,100.0,,,,
HESX,9.0,9.0,100.0,0.0,0.0,600.0,,129.6,215.0,429.0,475.0,1092.0000000000005,,,,,,,,,,,429.0,1092.0000000000005,100.0,,100.0,0.0,0.0,10.0,10.0,100.0,0.0,0.0,,,-2753.3,-2405.0,-1097.5,-623.25,-24.800000000000043,,,,,,,,,,,1097.5,2753.2999999999997,90.0,,90.0,10.0,0.0,0.0,nm_inferred,10.0,100.0,,Sphinx International Airport,30.108179,30.895728
HHAS,2.0,2.0,100.0,0.0,0.0,600.0,,7425.9,7461.75,7521.5,7581.25,7617.1,,,,,,,,,,,7521.5,7617.1,100.0,,100.0,0.0,0.0,3.0,3.0,100.0,0.0,0.0,,,-8061.4,-8035.0,-7991.0,-7964.0,-7947.8,,,,,,,,,,,7991.0,8061.4,100.0,,100.0,0.0,0.0,0.0,nm_inferred,3.0,100.0,,,,
HKJK,37.0,36.0,97.29729729729729,0.0,0.0,600.0,,14152.5,14592.5,18312.5,23597.5,23960.0,,,,,,,,,,,18312.5,23960.0,100.0,,86.48648648648648,10.81081081081081,0.0,26.0,26.0,100.0,0.0,0.0,,,-18240.5,-17783.5,-16299.0,-15927.75,-15355.5,,,,,,,,,,,16299.0,18240.5,100.0,,88.46153846153847,11.538461538461538,0.0,0.0,nm_inferred,37.0,98.64864864864865,,,,
HKMO,6.0,6.0,100.0,0.0,0.0,750.0,,15545.0,15891.25,16012.5,16373.75,18320.0,,,,,,,,,,,16012.5,18320.0,100.0,,83.33333333333333,16.666666666666668,0.0,3.0,3.0,100.0,0.0,0.0,,,-17755.4,-17493.5,-17057.0,-16950.5,-16886.6,,,,,,,,,,,17057.0,17755.4,100.0,,66.66666666666667,33.333333333333336,0.0,0.0,nm_inferred,6.0,100.0,,,,
HLLB,20.0,20.0,100.0,0.0,0.0,600.0,,429.8,577.0,845.0,1399.75,2053.8,,,,,,,,,,,845.0,2053.8,100.0,,100.0,0.0,0.0,19.0,18.0,94.73684210526316,0.0,0.0,,,-1437.2999999999997,-616.0,-420.5,159.25,440.50000000000006,,,,,,,,,,,498.0,1437.3000000000009,72.22222222222223,,94.73684210526316,0.0,0.0,0.0,nm_inferred,20.0,97.36842105263159,,Benina International Airport,32.096802,20.269501
HLLM,23.0,23.0,100.0,0.0,0.0,600.0,,-725.0,-414.0,-31.0,696.0,4193.6,,,,,,,,,,,520.0,4193.6,47.82608695652174,,73.91304347826087,26.08695652173913,0.0,22.0,21.0,95.45454545454545,0.0,0.0,,,-648.0,247.0,298.0,663.0,982.0,,,,,,,,,,,548.0,1246.0,23.80952380952381,,86.36363636363636,9.090909090909092,0.0,0.0,nm_inferred,23.0,97.72727272727272,,Mitiga International Airport,32.89177,13.287878
HLLQ,1.0,0.0,0.0,0.0,0.0,0.0,,,,,,,,,,,,,,,,,,,,,0.0,0.0,0.0,,,,,,,,,,,,,,,,,,,,,,,,,,,,,,0.0,nm_inferred,1.0,0.0,,Al Abraq International Airport,32.789036,21.954864
HLMS,4.0,4.0,100.0,0.0,0.0,0.0,,-625.5999999999999,-221.5,5.5,8.25,8.7,,,,,,,,,,,8.5,629.2000000000002,75.0,,100.0,0.0,0.0,3.0,3.0,100.0,0.0,0.0,,,55.400000000000006,141.5,285.0,293.5,298.6,,,,,,,,,,,285.0,298.6,33.333333333333336,,100.0,0.0,0.0,0.0,nm_inferred,4.0,100.0,,Misrata International Airport,32.325001,15.061
HRYR,5.0,5.0,100.0,0.0,0.0,600.0,,18641.4,22110.0,22399.0,23502.0,23572.8,,,,,,,,,,,22399.0,23572.8,100.0,,100.0,0.0,0.0,10.0,10.0,100.0,0.0,0.0,,,-22525.0,-21837.0,-21165.5,-18109.0,-17092.0,,,,,,,,,,,21165.5,22525.0,100.0,,80.0,20.0,0.0,0.0,nm_inferred,10.0,100.0,,,,
HSPN,2.0,2.0,100.0,0.0,0.0,600.0,,5738.9,5770.25,5822.5,5874.75,5906.1,,,,,,,,,,,5822.5,5906.1,100.0,,100.0,0.0,0.0,2.0,2.0,100.0,0.0,0.0,,,-5345.2,-5326.0,-5294.0,-5262.0,-5242.8,,,,,,,,,,,5294.0,5345.2,100.0,,100.0,0.0,0.0,0.0,nm_inferred,2.0,100.0,,,,
HSSK,1.0,1.0,100.0,0.0,0.0,600.0,,6636.0,6636.0,6636.0,6636.0,6636.0,,,,,,,,,,,6636.0,6636.0,100.0,,100.0,0.0,0.0,,,,,,,,,,,,,,,,,,,,,,,,,,,,,,0.0,nm_inferred,1.0,100.0,,,,
HTDA,4.0,4.0,100.0,0.0,0.0,600.0,,16388.1,16445.25,17154.5,17871.5,17942.6,,,,,,,,,,,17154.5,17942.6,100.0,,100.0,0.0,0.0,3.0,3.0,100.0,0.0,0.0,,,-18576.2,-18542.0,-18485.0,-18266.5,-18135.4,,,,,,,,,,,18485.0,18576.2,100.0,,66.66666666666667,33.333333333333336,0.0,0.0,nm_inferred,4.0,100.0,,,,
HTKJ,3.0,3.0,100.0,0.0,0.0,600.0,,16348.6,16373.5,16415.0,16679.0,16837.4,,,,,,,,,,,16415.0,16837.4,100.0,,66.66666666666667,33.333333333333336,0.0,10.0,10.0,100.0,0.0,0.0,,,-19228.5,-18257.5,-17279.0,-16790.5,-16682.1,,,,,,,,,,,17279.0,19228.499999999996,100.0,,100.0,0.0,0.0,0.0,nm_inferred,10.0,100.0,,,,
HTZA,4.0,4.0,100.0,0.0,0.0,600.0,,17469.1,17481.25,17539.5,18492.75,20115.9,,,,,,,,,,,17539.5,20115.9,100.0,,100.0,0.0,0.0,4.0,3.0,75.0,0.0,0.0,,,-20574.8,-19883.0,-18730.0,-18385.0,-18178.0,,,,,,,,,,,18730.0,20574.8,100.0,,75.0,0.0,0.0,0.0,nm_inferred,4.0,87.5,,,,
HUEN,8.0,8.0,100.0,0.0,0.0,600.0,,15162.4,15410.5,18892.5,22295.75,22503.2,,,,,,,,,,,18892.5,22503.2,100.0,,87.5,12.5,0.0,2.0,2.0,100.0,0.0,0.0,,,-20952.4,-20063.5,-18582.0,-17100.5,-16211.6,,,,,,,,,,,18582.0,20952.4,100.0,,100.0,0.0,0.0,0.0,nm_inferred,8.0,100.0,,,,
KADS,,,,,,,,,,,,,,,,,,,,,,,,,,,,,,1.0,1.0,100.0,0.0,0.0,,,-27304.0,-27304.0,-27304.0,-27304.0,-27304.0,,,,,,,,,,,27304.0,27304.0,100.0,,100.0,0.0,0.0,0.0,nm_inferred,1.0,100.0,,,,
KALB,,,,,,,,,,,,,,,,,,,,,,,,,,,,,,1.0,1.0,100.0,0.0,0.0,,,-18855.0,-18855.0,-18855.0,-18855.0,-18855.0,,,,,,,,,,,18855.0,18855.0,100.0,,100.0,0.0,0.0,0.0,nm_inferred,1.0,100.0,,,,
KATL,88.0,88.0,100.0,0.0,0.0,600.0,,21835.0,22255.0,22570.0,23493.75,24483.5,,,,,,,,,,,22570.0,24483.5,100.0,,82.95454545454545,17.045454545454547,0.0,113.0,113.0,100.0,0.0,0.0,,,-26510.6,-25968.0,-25521.0,-25040.0,-24634.2,,,,,,,,,,,25521.0,26510.6,100.0,,77.87610619469027,22.123893805309734,0.0,0.0,nm_inferred,113.0,100.0,,,,
KATW,1.0,1.0,100.0,0.0,0.0,600.0,,23385.0,23385.0,23385.0,23385.0,23385.0,,,,,,,,,,,23385.0,23385.0,100.0,,100.0,0.0,0.0,,,,,,,,,,,,,,,,,,,,,,,,,,,,,,0.0,nm_inferred,1.0,100.0,,,,
KAUS,9.0,9.0,100.0,0.0,0.0,600.0,,26045.0,26075.0,26235.0,26505.0,26836.0,,,,,,,,,,,26235.0,26836.0,100.0,,88.88888888888889,11.11111111111111,0.0,8.0,8.0,100.0,0.0,0.0,,,-30261.3,-30048.75,-29861.0,-29630.5,-29195.8,,,,,,,,,,,29861.0,30261.3,100.0,,37.5,62.5,0.0,0.0,nm_inferred,9.0,100.0,,,,
KBCT,,,,,,,,,,,,,,,,,,,,,,,,,,,,,,2.0,2.0,100.0,0.0,0.0,,,-26051.5,-26004.25,-25925.5,-25846.75,-25799.5,,,,,,,,,,,25925.5,26051.5,100.0,,100.0,0.0,0.0,0.0,nm_inferred,2.0,100.0,,,,
KBDL,2.0,2.0,100.0,0.0,0.0,600.0,,17129.0,17210.0,17345.0,17480.0,17561.0,,,,,,,,,,,17345.0,17561.0,100.0,,100.0,0.0,0.0,3.0,3.0,100.0,0.0,0.0,,,-20931.2,-20774.0,-20512.0,-20394.0,-20323.2,,,,,,,,,,,20512.0,20931.2,100.0,,100.0,0.0,0.0,0.0,nm_inferred,3.0,100.0,,,,
KBED,2.0,2.0,100.0,0.0,0.0,600.0,,16087.0,16210.0,16415.0,16620.0,16743.0,,,,,,,,,,,16415.0,16743.0,100.0,,100.0,0.0,0.0,3.0,3.0,100.0,0.0,0.0,,,-19991.2,-19973.5,-19944.0,-19649.5,-19472.8,,,,,,,,,,,19944.0,19991.2,100.0,,66.66666666666667,33.333333333333336,0.0,0.0,nm_inferred,3.0,100.0,,,,
KBGR,4.0,4.0,100.0,0.0,0.0,600.0,,16412.2,16468.0,16619.5,16939.5,17298.6,,,,,,,,,,,16619.5,17298.6,100.0,,100.0,0.0,0.0,5.0,5.0,100.0,0.0,0.0,,,-21170.0,-19619.0,-19198.0,-18346.0,-18255.4,,,,,,,,,,,19198.0,21170.0,100.0,,60.0,40.0,0.0,0.0,nm_inferred,5.0,100.0,,,,
KBNA,6.0,6.0,100.0,0.0,0.0,600.0,,21520.0,21587.5,21685.0,22303.75,22617.5,,,,,,,,,,,21685.0,22617.5,100.0,,83.33333333333333,16.666666666666668,0.0,8.0,8.0,100.0,0.0,0.0,,,-27258.1,-25693.0,-24701.5,-23346.0,-21556.8,,,,,,,,,,,24701.5,27258.1,100.0,,87.5,12.5,0.0,0.0,nm_inferred,8.0,100.0,,,,
KBOS,131.0,131.0,100.0,0.0,0.0,1140.0,,15760.0,16112.5,16705.0,17252.5,17985.0,,,,,,,,,,,16705.0,17985.0,100.0,,90.07633587786259,9.923664122137405,0.0,146.0,139.0,95.20547945205479,0.0,0.0,,,-22932.8,-20794.5,-19630.0,-18715.5,-18217.8,,,,,,,,,,,19630.0,22932.8,100.0,,82.1917808219178,13.013698630136986,0.0,0.0,nm_inferred,146.0,97.6027397260274,,,,
KBWI,8.0,8.0,100.0,0.0,0.0,1200.0,,17656.7,17850.5,18269.5,18715.0,19006.0,,,,,,,,,,,18269.5,19006.0,100.0,,100.0,0.0,0.0,7.0,7.0,100.0,0.0,0.0,,,-21307.8,-21080.0,-20734.0,-19467.5,-18881.6,,,,,,,,,,,20734.0,21307.8,100.0,,100.0,0.0,0.0,0.0,nm_inferred,8.0,100.0,,,,
KCHS,1.0,1.0,100.0,0.0,0.0,600.0,,22770.0,22770.0,22770.0,22770.0,22770.0,,,,,,,,,,,22770.0,22770.0,100.0,,100.0,0.0,0.0,1.0,1.0,100.0,0.0,0.0,,,-24541.0,-24541.0,-24541.0,-24541.0,-24541.0,,,,,,,,,,,24541.0,24541.0,100.0,,100.0,0.0,0.0,0.0,nm_inferred,1.0,100.0,,,,
KCLE,2.0,2.0,100.0,0.0,0.0,600.0,,19904.5,19933.75,19982.5,20031.25,20060.5,,,,,,,,,,,19982.5,20060.5,100.0,,100.0,0.0,0.0,4.0,4.0,100.0,0.0,0.0,,,-23563.7,-23126.75,-22559.5,-22054.5,-21729.6,,,,,,,,,,,22559.5,23563.7,100.0,,100.0,0.0,0.0,0.0,nm_inferred,4.0,100.0,,,,
KCLT,25.0,25.0,100.0,0.0,0.0,1380.0,,20368.0,20745.0,21210.0,21570.0,21999.0,,,,,,,,,,,21210.0,21999.0,100.0,,92.0,8.0,0.0,33.0,33.0,100.0,0.0,0.0,,,-25285.6,-24248.0,-23918.0,-23655.0,-23286.2,,,,,,,,,,,23918.0,25285.600000000002,100.0,,78.78787878787878,21.21212121212121,0.0,0.0,nm_inferred,33.0,100.0,,,,
KCVG,16.0,16.0,100.0,0.0,0.0,600.0,,20065.0,20436.25,20665.0,21133.75,21365.0,,,,,,,,,,,20665.0,21365.0,100.0,,100.0,0.0,0.0,17.0,17.0,100.0,0.0,0.0,,,-24628.6,-24131.0,-23926.0,-23508.0,-22945.0,,,,,,,,,,,23926.0,24628.6,100.0,,35.294117647058826,64.70588235294117,0.0,0.0,nm_inferred,17.0,100.0,,,,
KDEN,33.0,33.0,100.0,0.0,0.0,600.0,,24097.0,24640.0,25205.0,25500.0,25769.0,,,,,,,,,,,25205.0,25769.0,100.0,,81.81818181818181,18.181818181818183,0.0,35.0,35.0,100.0,0.0,0.0,,,-27755.0,-27156.5,-26822.0,-26443.0,-24349.2,,,,,,,,,,,26822.0,27755.0,100.0,,45.714285714285715,54.285714285714285,0.0,0.0,nm_inferred,35.0,100.0,,,,
KDFW,52.0,51.0,98.07692307692308,0.0,0.0,1200.0,,24955.0,25265.0,25765.0,26795.0,27375.0,,,,,,,,,,,25765.0,27375.0,100.0,,88.46153846153847,9.615384615384615,0.0,63.0,63.0,100.0,0.0,0.0,,,-31938.0,-29649.0,-29043.0,-28425.5,-27975.6,,,,,,,,,,,29043.0,31938.0,100.0,,55.55555555555556,44.44444444444444,0.0,0.0,nm_inferred,63.0,99.03846153846155,,,,
KDTW,33.0,33.0,100.0,0.0,0.0,600.0,,19184.0,19460.0,19710.0,19950.0,20311.0,,,,,,,,,,,19710.0,20311.0,100.0,,87.87878787878788,12.121212121212121,0.0,40.0,40.0,100.0,0.0,0.0,,,-23760.899999999998,-22865.5,-22262.5,-21901.5,-21218.6,,,,,,,,,,,22262.5,23760.9,100.0,,57.5,42.5,0.0,0.0,nm_inferred,40.0,100.0,,,,
KEWR,165.0,165.0,100.0,0.0,0.0,600.0,,17119.0,17530.0,18010.0,18925.0,19380.0,,,,,,,,,,,18010.0,19380.0,100.0,,95.75757575757575,4.242424242424242,0.0,193.0,190.0,98.44559585492227,0.0,0.0,,,-24724.8,-22498.25,-21544.5,-20622.0,-20256.8,,,,,,,,,,,21544.5,24724.8,100.0,,73.57512953367876,24.870466321243523,0.0,0.0,nm_inferred,193.0,99.22279792746113,,,,
KFOK,,,,,,,,,,,,,,,,,,,,,,,,,,,,,,1.0,1.0,100.0,0.0,0.0,,,-19251.0,-19251.0,-19251.0,-19251.0,-19251.0,,,,,,,,,,,19251.0,19251.0,100.0,,100.0,0.0,0.0,0.0,nm_inferred,1.0,100.0,,,,
KFTW,,,,,,,,,,,,,,,,,,,,,,,,,,,,,,2.0,2.0,100.0,0.0,0.0,,,-33321.4,-33026.5,-32535.0,-32043.5,-31748.6,,,,,,,,,,,32535.0,33321.4,100.0,,50.0,50.0,0.0,0.0,nm_inferred,2.0,100.0,,,,
KGPI,,,,,,,,,,,,,,,,,,,,,,,,,,,,,,1.0,1.0,100.0,0.0,0.0,,,-26310.0,-26310.0,-26310.0,-26310.0,-26310.0,,,,,,,,,,,26310.0,26310.0,100.0,,0.0,100.0,0.0,0.0,nm_inferred,1.0,100.0,,,,
KGRK,,,,,,,,,,,,,,,,,,,,,,,,,,,,,,1.0,1.0,100.0,0.0,0.0,,,-29233.0,-29233.0,-29233.0,-29233.0,-29233.0,,,,,,,,,,,29233.0,29233.0,100.0,,100.0,0.0,0.0,0.0,nm_inferred,1.0,100.0,,,,
KGSP,2.0,2.0,100.0,0.0,0.0,600.0,,21054.5,21233.75,21532.5,21831.25,22010.5,,,,,,,,,,,21532.5,22010.5,100.0,,100.0,0.0,0.0,2.0,2.0,100.0,0.0,0.0,,,-24450.5,-24301.25,-24052.5,-23803.75,-23654.5,,,,,,,,,,,24052.5,24450.5,100.0,,50.0,50.0,0.0,0.0,nm_inferred,2.0,100.0,,,,
KHIF,1.0,1.0,100.0,0.0,0.0,600.0,,25835.0,25835.0,25835.0,25835.0,25835.0,,,,,,,,,,,25835.0,25835.0,100.0,,100.0,0.0,0.0,,,,,,,,,,,,,,,,,,,,,,,,,,,,,,0.0,nm_inferred,1.0,100.0,,,,
KHPN,3.0,3.0,100.0,0.0,0.0,600.0,,18007.0,18092.5,18235.0,18252.5,18263.0,,,,,,,,,,,18235.0,18263.0,100.0,,33.333333333333336,0.0,66.66666666666667,2.0,2.0,100.0,0.0,0.0,,,-20006.4,-19795.5,-19444.0,-19092.5,-18881.6,,,,,,,,,,,19444.0,20006.4,100.0,,50.0,50.0,0.0,0.0,nm_inferred,3.0,100.0,,,,
KHSV,1.0,1.0,100.0,0.0,0.0,600.0,,22620.0,22620.0,22620.0,22620.0,22620.0,,,,,,,,,,,22620.0,22620.0,100.0,,100.0,0.0,0.0,,,,,,,,,,,,,,,,,,,,,,,,,,,,,,0.0,nm_inferred,1.0,100.0,,,,
KIAD,113.0,113.0,100.0,0.0,0.0,1200.0,,18488.0,18760.0,19310.0,20090.0,20952.0,,,,,,,,,,,19310.0,20952.0,100.0,,87.61061946902655,12.389380530973451,0.0,139.0,139.0,100.0,0.0,0.0,,,-24069.0,-23068.0,-22309.0,-21644.5,-21280.8,,,,,,,,,,,22309.0,24069.0,100.0,,79.13669064748201,20.863309352517987,0.0,0.0,nm_inferred,139.0,100.0,,,,
KIAH,39.0,39.0,100.0,0.0,0.0,600.0,,25135.0,25327.5,25975.0,27287.5,28190.0,,,,,,,,,,,25975.0,28190.0,100.0,,87.17948717948718,12.820512820512821,0.0,38.0,38.0,100.0,0.0,0.0,,,-30999.9,-30167.0,-29743.5,-29277.0,-28915.1,,,,,,,,,,,29743.5,30999.9,100.0,,28.94736842105263,71.05263157894737,0.0,0.0,nm_inferred,39.0,100.0,,,,
KILM,1.0,1.0,100.0,0.0,0.0,600.0,,20250.0,20250.0,20250.0,20250.0,20250.0,,,,,,,,,,,20250.0,20250.0,100.0,,100.0,0.0,0.0,,,,,,,,,,,,,,,,,,,,,,,,,,,,,,0.0,nm_inferred,1.0,100.0,,,,
KIND,3.0,3.0,100.0,0.0,0.0,600.0,,20869.0,21017.5,21265.0,21505.0,21649.0,,,,,,,,,,,21265.0,21649.0,100.0,,100.0,0.0,0.0,6.0,6.0,100.0,0.0,0.0,,,-25103.5,-24958.0,-24528.0,-24050.0,-23941.5,,,,,,,,,,,24528.0,25103.5,100.0,,50.0,50.0,0.0,0.0,nm_inferred,6.0,100.0,,,,
KISP,1.0,1.0,100.0,0.0,0.0,600.0,,18050.0,18050.0,18050.0,18050.0,18050.0,,,,,,,,,,,18050.0,18050.0,100.0,,100.0,0.0,0.0,,,,,,,,,,,,,,,,,,,,,,,,,,,,,,0.0,nm_inferred,1.0,100.0,,,,
KIWA,1.0,1.0,100.0,0.0,0.0,1200.0,,30840.0,30840.0,30840.0,30840.0,30840.0,,,,,,,,,,,30840.0,30840.0,100.0,,100.0,0.0,0.0,,,,,,,,,,,,,,,,,,,,,,,,,,,,,,0.0,nm_inferred,1.0,100.0,,,,
KJAX,,,,,,,,,,,,,,,,,,,,,,,,,,,,,,1.0,1.0,100.0,0.0,0.0,,,-26020.0,-26020.0,-26020.0,-26020.0,-26020.0,,,,,,,,,,,26020.0,26020.0,100.0,,100.0,0.0,0.0,0.0,nm_inferred,1.0,100.0,,,,
KJFK,303.0,303.0,100.0,0.0,0.0,1800.0,,16947.0,17340.0,17820.0,18522.5,19222.0,,,,,,,,,,,17820.0,19222.0,100.0,,90.0990099009901,9.900990099009901,0.0,339.0,336.0,99.11504424778761,0.0,0.0,,,-23533.5,-21715.5,-20680.5,-20111.75,-19677.0,,,,,,,,,,,20680.5,23533.5,100.0,,77.5811209439528,21.238938053097346,0.2949852507374631,0.0,nm_inferred,339.0,99.5575221238938,,,,
KLAS,20.0,20.0,100.0,0.0,0.0,600.0,,28344.0,28778.75,29132.5,29456.25,30436.5,,,,,,,,,,,29132.5,30436.5,100.0,,70.0,30.0,0.0,16.0,16.0,100.0,0.0,0.0,,,-32456.0,-31857.5,-31723.0,-31076.5,-30861.5,,,,,,,,,,,31723.0,32456.0,100.0,,25.0,75.0,0.0,0.0,nm_inferred,20.0,100.0,,,,
KLAX,95.0,95.0,100.0,0.0,0.0,1320.0,,30027.0,30332.5,30995.0,31610.0,32758.000000000004,,,,,,,,,,,30995.0,32758.000000000004,100.0,,77.89473684210526,22.105263157894736,0.0,94.0,94.0,100.0,0.0,0.0,,,-34110.4,-33418.75,-32938.5,-32462.0,-31988.2,,,,,,,,,,,32938.5,34110.4,100.0,,38.297872340425535,61.702127659574465,0.0,0.0,nm_inferred,95.0,100.0,,,,
KMCI,,,,,,,,,,,,,,,,,,,,,,,,,,,,,,1.0,1.0,100.0,0.0,0.0,,,-28285.0,-28285.0,-28285.0,-28285.0,-28285.0,,,,,,,,,,,28285.0,28285.0,100.0,,100.0,0.0,0.0,0.0,nm_inferred,1.0,100.0,,,,
KMCO,30.0,30.0,100.0,0.0,0.0,600.0,,23020.5,23400.0,23880.0,24486.25,25170.5,,,,,,,,,,,23880.0,25170.5,100.0,,93.33333333333333,6.666666666666667,0.0,34.0,34.0,100.0,0.0,0.0,,,-27451.2,-26953.75,-26148.5,-25589.0,-25321.0,,,,,,,,,,,26148.5,27451.2,100.0,,82.3529411764706,17.647058823529413,0.0,0.0,nm_inferred,34.0,100.0,,,,
KMEM,12.0,12.0,100.0,0.0,0.0,600.0,,22588.0,22813.75,23110.0,23231.25,23332.5,,,,,,,,,,,23110.0,23332.5,100.0,,91.66666666666667,8.333333333333334,0.0,16.0,16.0,100.0,0.0,0.0,,,-27106.5,-26898.0,-26549.0,-26155.0,-25977.5,,,,,,,,,,,26549.0,27106.5,100.0,,43.75,56.25,0.0,0.0,nm_inferred,16.0,100.0,,,,
KMIA,73.0,73.0,100.0,0.0,0.0,600.0,,22651.0,23410.0,23880.0,24595.0,25253.0,,,,,,,,,,,23880.0,25253.0,100.0,,93.15068493150685,6.8493150684931505,0.0,66.0,66.0,100.0,0.0,0.0,,,-28142.5,-27292.25,-26560.5,-25641.0,-24651.0,,,,,,,,,,,26560.5,28142.5,100.0,,78.78787878787878,21.21212121212121,0.0,0.0,nm_inferred,73.0,100.0,,,,
KMLB,3.0,3.0,100.0,0.0,0.0,600.0,,22834.0,22892.5,22990.0,23005.0,23014.0,,,,,,,,,,,22990.0,23014.0,100.0,,100.0,0.0,0.0,4.0,4.0,100.0,0.0,0.0,,,-27117.5,-27101.75,-26728.0,-26275.75,-26118.7,,,,,,,,,,,26728.0,27117.5,100.0,,100.0,0.0,0.0,0.0,nm_inferred,4.0,100.0,,,,
KMSP,32.0,32.0,100.0,0.0,0.0,600.0,,19572.1,20967.5,21562.5,22038.75,22381.0,,,,,,,,,,,21562.5,22381.0,100.0,,90.625,9.375,0.0,36.0,36.0,100.0,0.0,0.0,,,-24537.5,-23984.75,-23455.5,-22888.75,-20135.0,,,,,,,,,,,23455.5,24537.5,100.0,,41.666666666666664,58.333333333333336,0.0,0.0,nm_inferred,36.0,100.0,,,,
KMSY,3.0,3.0,100.0,0.0,0.0,600.0,,24211.0,24235.0,24275.0,24370.0,24427.0,,,,,,,,,,,24275.0,24427.0,100.0,,100.0,0.0,0.0,2.0,2.0,100.0,0.0,0.0,,,-28019.9,-27961.25,-27863.5,-27765.75,-27707.1,,,,,,,,,,,27863.5,28019.9,100.0,,50.0,50.0,0.0,0.0,nm_inferred,3.0,100.0,,,,
KOAK,,,,,,,,,,,,,,,,,,,,,,,,,,,,,,1.0,1.0,100.0,0.0,0.0,,,-33557.0,-33557.0,-33557.0,-33557.0,-33557.0,,,,,,,,,,,33557.0,33557.0,100.0,,0.0,100.0,0.0,0.0,nm_inferred,1.0,100.0,,,,
KOPF,1.0,1.0,100.0,0.0,0.0,600.0,,24540.0,24540.0,24540.0,24540.0,24540.0,,,,,,,,,,,24540.0,24540.0,100.0,,100.0,0.0,0.0,1.0,1.0,100.0,0.0,0.0,,,-27437.0,-27437.0,-27437.0,-27437.0,-27437.0,,,,,,,,,,,27437.0,27437.0,100.0,,100.0,0.0,0.0,0.0,nm_inferred,1.0,100.0,,,,
KORD,154.0,154.0,100.0,0.0,0.0,1440.0,,19756.5,20141.25,20797.5,21648.75,23186.0,,,,,,,,,,,20797.5,23186.0,100.0,,83.11688311688312,16.883116883116884,0.0,182.0,182.0,100.0,0.0,0.0,,,-25478.2,-24007.25,-23131.5,-22500.25,-21896.3,,,,,,,,,,,23131.5,25478.200000000004,100.0,,50.0,50.0,0.0,0.0,nm_inferred,182.0,100.0,,,,
KPBI,1.0,1.0,100.0,0.0,0.0,600.0,,23810.0,23810.0,23810.0,23810.0,23810.0,,,,,,,,,,,23810.0,23810.0,100.0,,100.0,0.0,0.0,,,,,,,,,,,,,,,,,,,,,,,,,,,,,,0.0,nm_inferred,1.0,100.0,,,,
KPDX,8.0,8.0,100.0,0.0,0.0,600.0,,24028.6,26014.0,26802.5,27695.0,28065.5,,,,,,,,,,,26802.5,28065.5,100.0,,75.0,25.0,0.0,8.0,8.0,100.0,0.0,0.0,,,-28794.8,-28589.75,-28431.5,-27564.0,-26449.5,,,,,,,,,,,28431.5,28794.8,100.0,,75.0,25.0,0.0,0.0,nm_inferred,8.0,100.0,,,,
KPHL,57.0,57.0,100.0,0.0,0.0,1980.0,,17620.0,17865.0,18485.0,18945.0,19337.0,,,,,,,,,,,18485.0,19337.0,100.0,,92.98245614035088,7.017543859649122,0.0,68.0,68.0,100.0,0.0,0.0,,,-22915.0,-22039.5,-21013.5,-20622.0,-20260.7,,,,,,,,,,,21013.5,22915.000000000004,100.0,,85.29411764705883,14.705882352941176,0.0,0.0,nm_inferred,68.0,100.0,,,,
KPHX,7.0,7.0,100.0,0.0,0.0,600.0,,28673.0,28947.5,29205.0,29335.0,29471.0,,,,,,,,,,,29205.0,29471.0,100.0,,100.0,0.0,0.0,8.0,8.0,100.0,0.0,0.0,,,-31285.5,-31107.0,-30969.5,-30738.25,-30191.8,,,,,,,,,,,30969.5,31285.5,100.0,,25.0,75.0,0.0,0.0,nm_inferred,8.0,100.0,,,,
KPIT,5.0,5.0,100.0,0.0,0.0,600.0,,18453.2,18590.0,18710.0,18840.0,19191.0,,,,,,,,,,,18710.0,19191.0,100.0,,80.0,20.0,0.0,7.0,7.0,100.0,0.0,0.0,,,-22353.8,-21874.5,-21240.0,-20030.0,-18650.2,,,,,,,,,,,21240.0,22353.8,100.0,,100.0,0.0,0.0,0.0,nm_inferred,7.0,100.0,,,,
KPWK,1.0,1.0,100.0,0.0,0.0,600.0,,20865.0,20865.0,20865.0,20865.0,20865.0,,,,,,,,,,,20865.0,20865.0,100.0,,100.0,0.0,0.0,,,,,,,,,,,,,,,,,,,,,,,,,,,,,,0.0,nm_inferred,1.0,100.0,,,,
KRDU,12.0,12.0,100.0,0.0,0.0,600.0,,19683.0,19741.5,20552.5,21160.0,21383.5,,,,,,,,,,,20552.5,21383.5,100.0,,83.33333333333333,16.666666666666668,0.0,14.0,14.0,100.0,0.0,0.0,,,-24221.6,-23750.75,-22619.0,-21830.75,-20932.8,,,,,,,,,,,22619.0,24221.6,100.0,,92.85714285714286,7.142857142857143,0.0,0.0,nm_inferred,14.0,100.0,,,,
KRSW,1.0,1.0,100.0,0.0,0.0,1320.0,,24820.0,24820.0,24820.0,24820.0,24820.0,,,,,,,,,,,24820.0,24820.0,100.0,,100.0,0.0,0.0,1.0,1.0,100.0,0.0,0.0,,,-27659.0,-27659.0,-27659.0,-27659.0,-27659.0,,,,,,,,,,,27659.0,27659.0,100.0,,100.0,0.0,0.0,0.0,nm_inferred,1.0,100.0,,,,
KSAN,10.0,10.0,100.0,0.0,0.0,600.0,,30159.5,30285.0,30650.0,30995.0,31138.0,,,,,,,,,,,30650.0,31138.0,100.0,,60.0,40.0,0.0,10.0,10.0,100.0,0.0,0.0,,,-33847.8,-33312.75,-33022.5,-32718.75,-32570.9,,,,,,,,,,,33022.5,33847.8,100.0,,20.0,80.0,0.0,0.0,nm_inferred,10.0,100.0,,,,
KSDF,7.0,7.0,100.0,0.0,0.0,600.0,,20216.0,20312.5,20630.0,20880.0,21347.0,,,,,,,,,,,20630.0,21347.0,100.0,,100.0,0.0,0.0,5.0,5.0,100.0,0.0,0.0,,,-25226.0,-24638.0,-23859.0,-23788.0,-23425.6,,,,,,,,,,,23859.0,25226.0,100.0,,0.0,100.0,0.0,0.0,nm_inferred,7.0,100.0,,,,
KSEA,48.0,48.0,100.0,0.0,0.0,600.0,,23341.2,26417.5,26962.5,27526.25,28227.5,,,,,,,,,,,26962.5,28227.5,100.0,,62.5,37.5,0.0,52.0,52.0,100.0,0.0,0.0,,,-29273.7,-28826.5,-28179.5,-27330.5,-25491.0,,,,,,,,,,,28179.5,29273.7,100.0,,61.53846153846154,38.46153846153846,0.0,0.0,nm_inferred,52.0,100.0,,,,
KSFO,81.0,81.0,100.0,0.0,0.0,1500.0,,29190.0,29580.0,30085.0,30740.0,32275.0,,,,,,,,,,,30085.0,32275.0,100.0,,66.66666666666667,33.333333333333336,0.0,78.0,78.0,100.0,0.0,0.0,,,-33671.8,-32838.5,-32401.0,-31950.75,-31538.9,,,,,,,,,,,32401.0,33671.799999999996,100.0,,51.282051282051285,48.717948717948715,0.0,0.0,nm_inferred,81.0,100.0,,,,
KSJC,2.0,2.0,100.0,0.0,0.0,600.0,,29772.0,29880.0,30060.0,30240.0,30348.0,,,,,,,,,,,30060.0,30348.0,100.0,,50.0,50.0,0.0,1.0,1.0,100.0,0.0,0.0,,,-29735.0,-29735.0,-29735.0,-29735.0,-29735.0,,,,,,,,,,,29735.0,29735.0,100.0,,100.0,0.0,0.0,0.0,nm_inferred,2.0,100.0,,,,
KSLC,7.0,7.0,100.0,0.0,0.0,600.0,,26859.0,27177.5,27215.0,27990.0,28095.0,,,,,,,,,,,27215.0,28095.0,100.0,,71.42857142857143,28.571428571428573,0.0,9.0,9.0,100.0,0.0,0.0,,,-29941.0,-29639.0,-29380.0,-29122.0,-28619.8,,,,,,,,,,,29380.0,29941.0,100.0,,11.11111111111111,88.88888888888889,0.0,0.0,nm_inferred,9.0,100.0,,,,
KSTL,2.0,2.0,100.0,0.0,0.0,750.0,,21702.0,21765.0,21870.0,21975.0,22038.0,,,,,,,,,,,21870.0,22038.0,100.0,,100.0,0.0,0.0,4.0,4.0,100.0,0.0,0.0,,,-25645.5,-25053.75,-24659.5,-24473.25,-24255.9,,,,,,,,,,,24659.5,25645.5,100.0,,75.0,25.0,0.0,0.0,nm_inferred,4.0,100.0,,,,
KTEB,5.0,5.0,100.0,0.0,0.0,600.0,,18132.0,18600.0,18975.0,19425.0,19899.0,,,,,,,,,,,18975.0,19899.0,100.0,,100.0,0.0,0.0,12.0,12.0,100.0,0.0,0.0,,,-22497.5,-21647.75,-20969.5,-20293.25,-19611.2,,,,,,,,,,,20969.5,22497.5,100.0,,83.33333333333333,16.666666666666668,0.0,0.0,nm_inferred,12.0,100.0,,,,
KTPA,10.0,10.0,100.0,0.0,0.0,930.0,,24042.5,24193.75,24675.0,25187.5,25567.0,,,,,,,,,,,24675.0,25567.0,100.0,,100.0,0.0,0.0,13.0,13.0,100.0,0.0,0.0,,,-28109.4,-27663.0,-27278.0,-26573.0,-26463.2,,,,,,,,,,,27278.0,28109.4,100.0,,84.61538461538461,15.384615384615385,0.0,0.0,nm_inferred,13.0,100.0,,,,
KTYQ,1.0,1.0,100.0,0.0,0.0,600.0,,22015.0,22015.0,22015.0,22015.0,22015.0,,,,,,,,,,,22015.0,22015.0,100.0,,100.0,0.0,0.0,,,,,,,,,,,,,,,,,,,,,,,,,,,,,,0.0,nm_inferred,1.0,100.0,,,,
KVNY,1.0,1.0,100.0,0.0,0.0,600.0,,30540.0,30540.0,30540.0,30540.0,30540.0,,,,,,,,,,,30540.0,30540.0,100.0,,100.0,0.0,0.0,,,,,,,,,,,,,,,,,,,,,,,,,,,,,,0.0,nm_inferred,1.0,100.0,,,,
LATI,415.0,413.0,99.51807228915662,0.0,0.0,900.0,,95.0,370.0,530.0,695.0,794.0,,,,,,,,,,,530.0,795.0,99.75786924939467,,91.80722891566265,7.469879518072289,0.24096385542168675,419.0,418.0,99.76133651551312,0.0,0.0,,,-948.9,-782.5,-637.0,-500.25,84.90000000000026,,,,,,,,,,,637.0,948.9000000000001,89.47368421052632,,87.11217183770883,12.649164677804295,0.0,0.0,nm_inferred,419.0,99.63970440233487,,Tirana International Airport Mother Teresa,41.4147,19.7206
LBBG,91.0,88.0,96.7032967032967,0.0,0.0,300.0,,-561.5,-75.0,90.0,125.0,171.79999999999998,,,,,,,,,,,125.0,813.7999999999993,67.04545454545455,,68.13186813186813,28.571428571428573,0.0,92.0,90.0,97.82608695652173,0.0,0.0,,,-322.09999999999997,-125.75,95.0,436.5,638.1,,,,,,,,,,,207.5,638.1,35.55555555555556,,77.17391304347827,20.652173913043477,0.0,0.0,nm_inferred,92.0,97.26469182990922,,Burgas Airport,42.569917,27.515173
LBPD,7.0,7.0,100.0,0.0,0.0,600.0,,280.8,294.5,327.0,362.0,389.40000000000003,,,,,,,,,,,327.0,389.40000000000003,100.0,,100.0,0.0,0.0,6.0,6.0,100.0,0.0,0.0,,,-722.0,-476.25,-437.5,-293.0,-228.5,,,,,,,,,,,437.5,722.0,100.0,,100.0,0.0,0.0,0.0,nm_inferred,7.0,100.0,,Plovdiv International Airport,42.067799,24.8508
LBSF,295.0,295.0,100.0,0.0,0.0,960.0,,-243.99999999999997,-37.5,20.0,45.0,65.0,,,,,,,,,,,45.0,314.00000000000034,72.54237288135593,,91.1864406779661,8.813559322033898,0.0,301.0,301.0,100.0,0.0,0.0,,,240.0,298.0,455.0,547.0,627.0,,,,,,,,,,,468.0,637.0,2.990033222591362,,89.70099667774086,10.299003322259136,0.0,0.0,nm_inferred,301.0,100.0,,Sofia Airport,42.696357,23.417671
LBWN,78.0,77.0,98.71794871794872,0.0,0.0,600.0,,116.0,145.0,180.0,210.0,240.0,,,,,,,,,,,180.0,240.0,100.0,,82.05128205128206,16.666666666666668,0.0,75.0,75.0,100.0,0.0,0.0,,,-267.0,-106.0,-49.0,-9.5,32.2000000000001,,,,,,,,,,,67.0,267.00000000000006,78.66666666666667,,89.33333333333333,9.333333333333334,1.3333333333333333,0.0,nm_inferred,78.0,99.35897435897436,,Varna Airport,43.232101,27.8251
LCLK,325.0,318.0,97.84615384615384,0.0,0.0,600.0,,-648.0,-27.5,110.0,168.75,1532.9,,,,,,,,,,,155.0,1781.000000000001,74.52830188679245,,78.46153846153847,18.153846153846153,1.2307692307692308,328.0,325.0,99.08536585365853,0.0,0.0,,,-541.0,-55.0,115.0,335.0,520.0,,,,,,,,,,,250.0,1275.0000000000132,31.076923076923077,,80.79268292682927,17.378048780487806,0.9146341463414634,0.0,nm_inferred,328.0,98.46575984990619,,Larnaca International Airport,34.875099,33.624901
LCPH,123.0,121.0,98.3739837398374,0.0,0.0,720.0,,-25.0,21.0,70.0,395.0,2255.0,,,,,,,,,,,125.0,2255.0,86.77685950413223,,75.60975609756098,22.764227642276424,0.0,133.0,132.0,99.24812030075188,0.0,0.0,,,-959.9999999999998,-5.0,110.0,247.5,429.5,,,,,,,,,,,207.5,960.0000000000009,26.515151515151516,,75.18796992481202,24.06015037593985,0.0,0.0,nm_inferred,133.0,98.81105202029464,,Paphos International Airport,34.717999,32.485699
LDDU,195.0,195.0,100.0,0.0,0.0,600.0,,-904.0,-690.0,-520.0,-342.5,-115.0,,,,,,,,,,,550.0,1216.999999999999,8.205128205128204,,84.61538461538461,14.35897435897436,1.0256410256410255,190.0,189.0,99.47368421052632,0.0,0.0,,,386.8,454.0,514.0,577.0,718.8000000000006,,,,,,,,,,,524.0,2039.8000000000004,5.8201058201058204,,81.05263157894737,17.36842105263158,1.0526315789473684,0.0,nm_inferred,195.0,99.73684210526315,,Dubrovnik Ruđer Bošković Airport,42.562247,18.265543
LDLO,8.0,3.0,37.5,0.0,0.0,300.0,,155.0,156.5,159.0,249.0,303.0,,,,,,,,,,,159.0,303.0,100.0,,37.5,0.0,0.0,6.0,3.0,50.0,0.0,0.0,,,66.8,78.5,98.0,99.5,100.4,,,,,,,,,,,98.0,100.4,0.0,,50.0,0.0,0.0,0.0,nm_inferred,8.0,43.75,,Lošinj Airport,44.566985,14.393883
LDOS,3.0,3.0,100.0,0.0,0.0,300.0,,80.0,89.0,104.0,106.5,108.0,,,,,,,,,,,104.0,108.0,100.0,,100.0,0.0,0.0,4.0,4.0,100.0,0.0,0.0,,,-113.79999999999998,-35.5,32.0,88.25,146.3,,,,,,,,,,,111.0,179.3,25.0,,100.0,0.0,0.0,0.0,nm_inferred,4.0,100.0,,Osijek Airport,45.462355,18.811278
LDPL,50.0,49.0,98.0,0.0,0.0,420.0,,-427.99999999999994,35.0,60.0,100.0,2358.0000000000005,,,,,,,,,,,85.0,2523.0000000000005,81.63265306122449,,84.0,12.0,2.0,50.0,49.0,98.0,0.0,0.0,,,-18.199999999999985,155.0,225.0,261.0,544.8000000000001,,,,,,,,,,,237.0,578.2,12.244897959183673,,84.0,8.0,6.0,0.0,nm_inferred,50.0,98.0,,Pula Airport,44.893501,13.9222
LDRI,15.0,15.0,100.0,0.0,0.0,300.0,,51.6,75.0,101.0,130.5,154.39999999999998,,,,,,,,,,,101.0,154.39999999999998,100.0,,80.0,20.0,0.0,17.0,16.0,94.11764705882354,0.0,0.0,,,-293.5,-31.5,23.0,86.5,138.5,,,,,,,,,,,50.5,340.0,31.25,,64.70588235294117,23.529411764705884,5.882352941176471,0.0,nm_inferred,17.0,97.05882352941177,,Rijeka Airport,45.216376,14.57085
LDSB,8.0,8.0,100.0,0.0,0.0,300.0,,132.0,173.25,379.5,696.25,917.1999999999999,,,,,,,,,,,379.5,917.1999999999999,100.0,,100.0,0.0,0.0,9.0,9.0,100.0,0.0,0.0,,,-631.6,-503.0,-302.0,-233.0,166.00000000000003,,,,,,,,,,,302.0,631.6,77.77777777777777,,100.0,0.0,0.0,0.0,nm_inferred,9.0,100.0,,Brač Airport,43.284454,16.678362
LDSP,210.0,210.0,100.0,0.0,0.0,540.0,,390.0,477.0,545.0,610.0,849.9999999999955,,,,,,,,,,,545.0,849.9999999999955,100.0,,84.76190476190476,15.238095238095237,0.0,209.0,208.0,99.52153110047847,0.0,0.0,,,-933.1999999999999,-546.5,-385.5,-252.5,-123.39999999999998,,,,,,,,,,,385.5,933.2000000000004,94.23076923076923,,80.86124401913875,18.660287081339714,0.0,0.0,nm_inferred,210.0,99.76076555023923,,Split Saint Jerome Airport,43.538898,16.298
LDZA,206.0,202.0,98.05825242718447,0.0,31.55339805825243,600.0,660.0,90.0,111.25,135.0,175.0,225.0,0.0,0.0,0.0,0.0,0.0,0.0,0.0,0.0,0.0,0.0,135.0,225.0,100.0,0.0,86.89320388349515,9.70873786407767,1.4563106796116505,206.0,203.0,98.54368932038835,0.0,32.5242718446602,240.0,240.0,-292.4,-196.0,-105.0,89.5,140.0,0.0,0.0,0.0,0.0,0.4366666666666666,0.0,0.0,0.0,0.0,0.5,134.0,292.4000000000001,70.93596059113301,0.0,91.74757281553399,5.339805825242719,1.4563106796116505,32.5242718446602,nm_inferred,206.0,98.30097087378641,0.0,Zagreb Franjo Tuđman International Airport,45.742901,16.0688
LDZD,113.0,112.0,99.11504424778761,0.0,0.0,660.0,,60.0,115.0,170.0,220.0,295.0,,,,,,,,,,,170.0,420.00000000000057,98.21428571428571,,82.30088495575221,13.274336283185841,3.5398230088495577,112.0,112.0,100.0,0.0,0.0,,,-330.4,-142.0,95.0,187.25,223.10000000000005,,,,,,,,,,,180.5,412.40000000000003,40.17857142857143,,83.03571428571429,13.392857142857142,3.5714285714285716,0.0,nm_inferred,113.0,99.5575221238938,,Zadar Airport,44.096986,15.353565
LEAL,648.0,647.0,99.84567901234568,0.0,99.22839506172839,712.5,720.0,23.0,27.0,34.0,46.0,71.0,0.0,0.0,0.0,0.0,0.0,0.0,0.0,0.0,0.0,0.0,34.0,71.0,100.0,0.0,89.50617283950618,10.185185185185185,0.15432098765432098,650.0,650.0,100.0,0.0,99.6923076923077,192.0,150.0,-256.0,-119.25,30.5,149.0,206.10000000000002,0.0,0.0,0.14738950633238562,0.7021752335469817,1.0,0.0,0.0,0.2,0.75,1.0,139.5,256.4000000000001,43.53846153846154,15.123456790123457,90.61538461538461,9.23076923076923,0.15384615384615385,99.6923076923077,apdf,650.0,99.92283950617283,0.09992283950617284,Alicante-Elche Miguel Hernández Airport,38.2822,-0.558156
LEAM,44.0,44.0,100.0,0.0,0.0,300.0,,-68.5,-31.25,-5.0,25.0,50.0,,,,,,,,,,,30.0,187.00000000000003,43.18181818181818,,93.18181818181819,6.818181818181818,0.0,46.0,46.0,100.0,0.0,0.0,,,109.0,252.25,282.0,344.0,451.5,,,,,,,,,,,285.0,464.5,6.521739130434782,,97.82608695652173,2.1739130434782608,0.0,0.0,nm_inferred,46.0,100.0,,Almería Airport,36.843899,-2.3701
LEAS,77.0,77.0,100.0,0.0,0.0,300.0,,25.0,50.0,70.0,110.0,207.00000000000003,,,,,,,,,,,70.0,207.00000000000003,100.0,,96.1038961038961,3.896103896103896,0.0,77.0,77.0,100.0,0.0,0.0,,,-289.2,-252.0,-187.0,116.0,189.8,,,,,,,,,,,202.0,289.20000000000005,74.02597402597402,,98.7012987012987,1.2987012987012987,0.0,0.0,nm_inferred,77.0,100.0,,Asturias Airport,43.563599,-6.03462
LEBA,2.0,2.0,100.0,0.0,0.0,600.0,,70.5,71.25,72.5,73.75,74.5,,,,,,,,,,,72.5,74.5,100.0,,100.0,0.0,0.0,2.0,2.0,100.0,0.0,0.0,,,83.4,85.5,89.0,92.5,94.6,,,,,,,,,,,89.0,94.6,0.0,,100.0,0.0,0.0,0.0,nm_inferred,2.0,100.0,,Córdoba Airport,37.841999,-4.84888
LEBB,249.0,248.0,99.59839357429719,0.0,99.59839357429718,544.0,570.0,246.7,276.75,330.0,385.25,425.1000000000001,0.0,0.0,0.0,0.0,0.0,0.0,0.0,0.0,0.0,0.0,330.0,425.1000000000001,100.0,0.0,95.18072289156626,4.417670682730924,0.0,244.0,244.0,100.0,0.0,99.18032786885246,173.5,180.0,-604.8,-468.25,-370.5,-273.75,-212.2999999999998,0.0,0.0,0.0,0.0,0.0,0.0,0.0,0.0,0.0,0.0,370.5,604.8000000000001,99.59016393442623,0.0,93.85245901639344,5.737704918032787,0.4098360655737705,99.59839357429718,apdf,249.0,99.79919678714859,0.0,Bilbao Airport,43.301102,-2.91061
LEBL,1661.0,1659.0,99.87959060806743,0.0,99.81938591210114,956.0,190.0,-1336.2,-1087.0,-742.0,-364.5,-112.0,0.15858764639715503,0.43383232560869317,0.8739415411643714,0.9793853771126498,1.0,0.212406015037594,0.4416894664842681,0.8193473193473193,0.9696969696969697,1.0,769.0,1397.0,4.3399638336347195,31.159420289855074,93.19686935580975,6.562311860325106,0.12040939193257075,1643.0,1640.0,99.81740718198418,0.0,99.39135727328059,181.0,5.0,305.0,413.75,465.0,538.0,635.0,1.0,1.0,1.0,1.0,1.0,0.875,1.0,1.0,1.0,1.0,467.0,650.1000000000001,1.2195121951219512,85.15337423312883,92.45283018867924,7.121119902617163,0.24345709068776628,99.81938591210114,apdf,1661.0,99.84849889502581,0.908295494027595,Josep Tarradellas Barcelona-El Prat Airport,41.2971,2.07846
LEBZ,7.0,7.0,100.0,0.0,0.0,300.0,,110.0,122.5,170.0,185.0,249.00000000000006,,,,,,,,,,,170.0,249.00000000000006,100.0,,85.71428571428571,14.285714285714286,0.0,7.0,7.0,100.0,0.0,0.0,,,-529.4,-398.0,-251.0,-142.0,-117.8,,,,,,,,,,,251.0,529.4000000000001,100.0,,85.71428571428571,14.285714285714286,0.0,0.0,nm_inferred,7.0,100.0,,Badajoz Airport,38.8913,-6.82133
LECH,14.0,14.0,100.0,0.0,0.0,810.0,,55.0,55.0,74.5,90.0,109.00000000000003,,,,,,,,,,,74.5,109.00000000000003,100.0,,92.85714285714286,7.142857142857143,0.0,14.0,14.0,100.0,0.0,0.0,,,-54.9,136.75,165.0,189.75,198.20000000000002,,,,,,,,,,,165.0,198.20000000000002,21.428571428571427,,100.0,0.0,0.0,0.0,nm_inferred,14.0,100.0,,Castellón-Costa Azahar Airport,40.213889,0.073333
LECO,35.0,34.0,97.14285714285714,0.0,0.0,300.0,,-604.5,-526.25,-457.5,-347.5,-227.00000000000003,,,,,,,,,,,457.5,604.5,0.0,,97.14285714285714,0.0,0.0,34.0,34.0,100.0,0.0,0.0,,,430.3,498.5,540.0,570.0,613.4,,,,,,,,,,,540.0,613.4,0.0,,91.17647058823529,5.882352941176471,2.9411764705882355,0.0,nm_inferred,35.0,98.57142857142857,,A Coruña Airport,43.302101,-8.37726
LECU,5.0,5.0,100.0,0.0,0.0,300.0,,-4747.0,-1420.0,-640.0,-490.0,-310.0,,,,,,,,,,,640.0,4747.0,0.0,,80.0,0.0,20.0,2.0,2.0,100.0,0.0,0.0,,,1102.0,2110.0,3790.0,5470.0,6478.0,,,,,,,,,,,3790.0,6478.0,0.0,,50.0,0.0,50.0,0.0,nm_inferred,5.0,100.0,,Madrid-Cuatro Vientos Airport,40.370701,-3.78514
LEDA,3.0,3.0,100.0,0.0,0.0,900.0,,176.0,192.5,220.0,322.5,384.0,,,,,,,,,,,220.0,384.0,100.0,,100.0,0.0,0.0,4.0,4.0,100.0,0.0,0.0,,,-927.1999999999999,-654.5,-458.5,-381.75,-323.7,,,,,,,,,,,458.5,927.2,100.0,,75.0,25.0,0.0,0.0,nm_inferred,4.0,100.0,,Lleida-Alguaire Airport,41.728185,0.535023
LEGE,105.0,105.0,100.0,0.0,0.0,540.0,,70.0,90.0,115.0,135.0,155.0,,,,,,,,,,,115.0,155.0,100.0,,91.42857142857143,8.571428571428571,0.0,107.0,107.0,100.0,0.0,0.0,,,-104.99999999999999,17.0,166.0,218.0,232.0,,,,,,,,,,,179.0,234.4,22.429906542056074,,87.85046728971963,11.214953271028037,0.9345794392523364,0.0,nm_inferred,107.0,100.0,,Girona-Costa Brava Airport,41.904639,2.761774
LEGR,43.0,43.0,100.0,0.0,0.0,300.0,,197.0,225.0,255.0,282.5,397.00000000000006,,,,,,,,,,,255.0,397.00000000000006,100.0,,90.69767441860465,9.30232558139535,0.0,42.0,42.0,100.0,0.0,0.0,,,-549.5,-326.75,-247.5,-124.25,2.3999999999999773,,,,,,,,,,,247.5,549.5,88.0952380952381,,92.85714285714286,7.142857142857143,0.0,0.0,nm_inferred,43.0,100.0,,F.G.L. Airport Granada-Jaén Airport,37.188702,-3.77736
LEIB,516.0,510.0,98.83720930232558,0.0,99.8062015503876,498.0,5.0,-1526.4999999999998,-905.5,-697.5,-544.5,-337.0,0.8820905232504105,1.0,1.0,1.0,1.0,0.9122529644268774,1.0,1.0,1.0,1.0,705.5,1681.2000000000016,2.7450980392156863,86.44400785854617,91.27906976744185,6.395348837209302,1.1627906976744187,515.0,511.0,99.22330097087378,0.0,100.0,184.0,5.0,453.0,498.5,549.0,603.5,815.0,1.0,1.0,1.0,1.0,1.0,0.875,1.0,1.0,1.0,1.0,551.0,891.0,0.9784735812133072,85.12720156555773,91.6504854368932,6.601941747572815,0.970873786407767,100.0,apdf,516.0,99.03025513659968,0.9903025513659968,Ibiza Airport,38.872898,1.37312
LEJR,48.0,48.0,100.0,0.0,0.0,420.0,,0.5000000000000027,23.75,35.0,55.0,71.50000000000003,,,,,,,,,,,35.0,71.50000000000003,89.58333333333333,,89.58333333333333,10.416666666666666,0.0,47.0,47.0,100.0,0.0,0.0,,,216.00000000000003,252.0,263.0,275.0,285.6,,,,,,,,,,,263.0,285.6,2.127659574468085,,91.48936170212765,8.51063829787234,0.0,0.0,nm_inferred,48.0,100.0,,Jerez Airport,36.744598,-6.06011
LELN,3.0,3.0,100.0,0.0,0.0,300.0,,141.0,150.0,165.0,182.5,193.0,,,,,,,,,,,165.0,193.0,100.0,,100.0,0.0,0.0,3.0,3.0,100.0,0.0,0.0,,,17.0,20.0,25.0,80.0,113.0,,,,,,,,,,,25.0,113.0,0.0,,100.0,0.0,0.0,0.0,nm_inferred,3.0,100.0,,León Airport,42.590709,-5.653406
LEMD,1827.0,1825.0,99.89053092501368,0.0,99.78106185002737,982.0,780.0,-550.0,-345.0,-187.0,4.0,18.0,0.0,0.0,0.18134715025906736,0.35185185185185186,0.5588235294117647,0.0,0.0,0.19444444444444445,0.35294117647058826,0.5185185185185185,212.0,617.0,32.54794520547945,0.7138934651290499,92.11822660098522,7.553366174055829,0.21893814997263272,1813.0,1799.0,99.22779922779922,0.0,98.73138444567016,474.0,40.0,269.0,279.0,460.0,552.0,693.0,0.4908187331536388,0.7131641207885023,0.9342989628423792,1.0,1.0,0.5392857142857143,0.7241379310344828,0.9090909090909091,1.0,1.0,466.0,734.0,2.445803224013341,41.1036036036036,87.92057363485935,11.141753998896856,0.1654715940430226,99.78106185002737,apdf,1827.0,99.55916507640646,0.5493352921513841,Adolfo Suárez Madrid–Barajas Airport,40.493407,-3.572249
LEMG,905.0,902.0,99.66850828729282,0.0,99.77900552486187,702.0,720.0,33.0,37.0,41.0,47.75,66.0,0.0,0.0,0.0,0.0,0.0,0.0,0.0,0.0,0.0,0.0,41.0,66.0,99.88913525498891,0.0,90.05524861878453,9.392265193370166,0.22099447513812154,908.0,908.0,100.0,0.0,99.22907488986785,247.0,105.0,101.0,133.0,147.0,164.0,207.0,0.23344947735191637,0.3717948717948718,0.5765027322404371,0.8901098901098901,1.0,0.2777777777777778,0.4117647058823529,0.625,0.8571428571428571,1.0,148.0,213.30000000000007,6.387665198237886,21.420643729189788,89.31718061674009,10.462555066079295,0.22026431718061673,99.77900552486187,apdf,908.0,99.8342541436464,0.311982044198895,Málaga-Costa del Sol Airport,36.6749,-4.49911
LEMH,226.0,225.0,99.5575221238938,0.0,0.0,600.0,,10.0,45.0,175.0,355.0,473.0,,,,,,,,,,,215.0,493.0,90.66666666666667,,89.82300884955752,7.964601769911504,1.7699115044247788,228.0,227.0,99.56140350877193,0.0,0.0,,,-287.2,-108.0,192.0,263.0,317.6,,,,,,,,,,,238.0,411.20000000000005,33.480176211453745,,90.78947368421052,8.771929824561404,0.0,0.0,nm_inferred,228.0,99.55946281633287,,Menorca Airport,39.862598,4.21865
LEMI,36.0,36.0,100.0,0.0,0.0,900.0,,57.5,76.5,104.0,141.25,240.0,,,,,,,,,,,104.0,240.0,100.0,,75.0,25.0,0.0,35.0,35.0,100.0,0.0,0.0,,,-537.2,-268.0,-103.0,124.5,149.6,,,,,,,,,,,149.0,537.2,65.71428571428571,,82.85714285714286,17.142857142857142,0.0,0.0,nm_inferred,36.0,100.0,,Region of Murcia International Airport,37.802852,-1.124884
LEPA,1503.0,1496.0,99.53426480372588,0.0,99.73386560212909,774.0,780.0,21.0,61.0,118.0,169.0,212.0,0.0,0.0,0.0,0.0,0.0,0.0,0.0,0.0,0.0,0.0,118.0,214.0,99.79946524064171,0.0,90.35262807717898,8.449767132401863,0.7318695941450433,1513.0,1507.0,99.60343688037013,0.0,99.47124917382683,253.0,125.0,-167.0,-55.0,180.0,329.0,602.0,0.0,0.0,0.6247464503042597,1.0,1.0,0.0,0.0,0.5555555555555556,1.0,1.0,238.0,642.8000000000002,30.126078301260783,28.68579052701801,90.81295439524125,8.460013218770655,0.3304692663582287,99.73386560212909,apdf,1513.0,99.568850842048,0.27658014122791114,Palma de Mallorca Airport,39.551701,2.73881
LEPP,14.0,14.0,100.0,0.0,0.0,300.0,,91.5,153.75,257.5,342.5,367.5,,,,,,,,,,,257.5,367.5,100.0,,100.0,0.0,0.0,11.0,11.0,100.0,0.0,0.0,,,-362.0,-293.0,-189.0,-150.5,-114.0,,,,,,,,,,,219.0,362.0,90.9090909090909,,90.9090909090909,9.090909090909092,0.0,0.0,nm_inferred,14.0,100.0,,Pamplona Airport,42.77,-1.64633
LERJ,4.0,4.0,100.0,0.0,0.0,300.0,,170.5,208.75,270.0,311.25,313.5,,,,,,,,,,,270.0,313.5,100.0,,100.0,0.0,0.0,4.0,4.0,100.0,0.0,0.0,,,-515.6,-381.5,-263.5,-189.75,-135.29999999999998,,,,,,,,,,,263.5,515.6,100.0,,100.0,0.0,0.0,0.0,nm_inferred,4.0,100.0,,,,
LERS,66.0,66.0,100.0,0.0,0.0,900.0,,210.0,230.0,250.0,275.0,332.5,,,,,,,,,,,250.0,332.5,100.0,,83.33333333333333,16.666666666666668,0.0,68.0,68.0,100.0,0.0,0.0,,,-387.1,-213.75,-178.0,-18.5,34.60000000000001,,,,,,,,,,,179.5,387.1,77.94117647058823,,86.76470588235294,11.764705882352942,1.4705882352941178,0.0,nm_inferred,68.0,100.0,,Reus Airport,41.147509,1.168354
LESA,,,,,,,,,,,,,,,,,,,,,,,,,,,,,,1.0,1.0,100.0,0.0,0.0,,,-420.0,-420.0,-420.0,-420.0,-420.0,,,,,,,,,,,420.0,420.0,100.0,,100.0,0.0,0.0,0.0,nm_inferred,1.0,100.0,,Salamanca Airport,40.952099,-5.50199
LESB,1.0,1.0,100.0,0.0,0.0,300.0,,1560.0,1560.0,1560.0,1560.0,1560.0,,,,,,,,,,,1560.0,1560.0,100.0,,100.0,0.0,0.0,,,,,,,,,,,,,,,,,,,,,,,,,,,,,,0.0,nm_inferred,1.0,100.0,,Son Bonet Airfield,39.5989,2.70278
LESO,26.0,26.0,100.0,0.0,0.0,420.0,,140.0,157.5,182.5,297.5,385.0,,,,,,,,,,,182.5,385.0,100.0,,92.3076923076923,7.6923076923076925,0.0,25.0,25.0,100.0,0.0,0.0,,,-572.4,-317.0,-265.0,-45.0,-2.799999999999983,,,,,,,,,,,265.0,572.4000000000001,88.0,,96.0,4.0,0.0,0.0,nm_inferred,26.0,100.0,,San Sebastián Airport,43.356499,-1.79061
LEST,99.0,99.0,100.0,0.0,0.0,900.0,,94.0,112.5,130.0,150.0,172.00000000000003,,,,,,,,,,,130.0,172.00000000000003,100.0,,97.97979797979798,1.0101010101010102,1.0101010101010102,99.0,99.0,100.0,0.0,0.0,,,-129.2,-34.5,48.0,92.0,121.0,,,,,,,,,,,70.0,143.8,35.35353535353536,,92.92929292929293,6.0606060606060606,1.0101010101010102,0.0,nm_inferred,99.0,100.0,,Santiago-Rosalía de Castro Airport,42.896301,-8.41514
LESU,4.0,4.0,100.0,0.0,0.0,300.0,,454.5,528.75,597.5,647.5,688.0,,,,,,,,,,,597.5,688.0,100.0,,100.0,0.0,0.0,5.0,5.0,100.0,0.0,0.0,,,-506.0,-500.0,-460.0,-440.0,-392.0,,,,,,,,,,,460.0,506.0,100.0,,100.0,0.0,0.0,0.0,nm_inferred,5.0,100.0,,Pirineus - la Seu d'Urgel Airport,42.3386,1.40917
LEVC,395.0,394.0,99.74683544303798,0.0,99.74683544303798,666.0,460.0,-546.0,-339.0,-134.5,-20.25,-4.0,0.007310004293688278,0.031117397454031116,0.2281303602058319,0.48559670781893005,0.8305412271326115,0.041666666666666664,0.08695652173913043,0.26666666666666666,0.5,0.7746031746031747,143.0,568.0999999999999,6.852791878172589,2.7989821882951653,92.9113924050633,6.582278481012659,0.25316455696202533,395.0,394.0,99.74683544303798,0.0,99.24050632911391,237.0,5.0,303.1,348.0,373.0,464.5,517.0999999999999,0.9764150943396226,1.0,1.0,1.0,1.0,0.8571428571428571,1.0,1.0,1.0,1.0,374.0,521.7,0.7614213197969543,78.00511508951406,91.89873417721519,7.341772151898734,0.5063291139240507,99.74683544303798,apdf,395.0,99.74683544303798,0.6317299578059072,Valencia Airport,39.489162,-0.480961
LEVD,4.0,4.0,100.0,0.0,0.0,510.0,,186.0,217.5,367.5,521.25,559.5,,,,,,,,,,,367.5,559.5,100.0,,75.0,25.0,0.0,5.0,5.0,100.0,0.0,0.0,,,-386.2,-76.0,-21.0,92.0,104.0,,,,,,,,,,,92.0,400.6,60.0,,80.0,20.0,0.0,0.0,nm_inferred,5.0,100.0,,Valladolid Airport,41.7061,-4.85194
LEVT,30.0,30.0,100.0,0.0,0.0,600.0,,159.0,190.0,232.5,277.5,411.00000000000017,,,,,,,,,,,232.5,411.00000000000017,100.0,,96.66666666666667,3.3333333333333335,0.0,33.0,33.0,100.0,0.0,0.0,,,-338.59999999999997,-233.0,-111.0,-38.0,5.0,,,,,,,,,,,111.0,338.6,81.81818181818181,,93.93939393939394,6.0606060606060606,0.0,0.0,nm_inferred,33.0,100.0,,Vitoria Airport,42.882801,-2.72447
LEVX,37.0,36.0,97.29729729729729,0.0,0.0,300.0,,125.0,143.75,165.0,190.0,205.0,,,,,,,,,,,165.0,205.0,100.0,,94.5945945945946,2.7027027027027026,0.0,36.0,36.0,100.0,0.0,0.0,,,-304.0,-144.75,-107.0,-71.25,-26.0,,,,,,,,,,,107.0,304.0,94.44444444444444,,91.66666666666667,8.333333333333334,0.0,0.0,nm_inferred,37.0,98.64864864864865,,Vigo Airport,42.2318,-8.62677
LEXJ,39.0,39.0,100.0,0.0,0.0,300.0,,220.0,237.5,280.0,330.0,665.000000000003,,,,,,,,,,,280.0,665.000000000003,100.0,,87.17948717948718,10.256410256410257,2.5641025641025643,39.0,39.0,100.0,0.0,0.0,,,-596.0,-475.5,-321.0,-238.5,-205.59999999999997,,,,,,,,,,,321.0,596.0,100.0,,89.74358974358974,10.256410256410257,0.0,0.0,nm_inferred,39.0,100.0,,Seve Ballesteros-Santander Airport,43.427101,-3.82001
LEZG,33.0,32.0,96.96969696969697,0.0,0.0,480.0,,-354.0,-231.25,15.0,36.25,50.0,,,,,,,,,,,50.0,368.50000000000006,59.375,,81.81818181818181,15.151515151515152,0.0,31.0,30.0,96.7741935483871,0.0,0.0,,,294.3,426.75,528.0,565.25,764.5000000000001,,,,,,,,,,,540.5,912.5000000000002,6.666666666666667,,77.41935483870968,19.35483870967742,0.0,0.0,nm_inferred,33.0,96.87194525904204,,Zaragoza Airport,41.666199,-1.04155
LEZL,310.0,309.0,99.6774193548387,0.0,99.67741935483872,600.5,75.0,-834.0,-682.0,-522.0,-342.0,-14.0,0.0405084054820049,0.5786067625556263,0.8951630630270573,1.0,1.0,0.2716783216783217,0.6083074534161491,0.8928571428571429,1.0,1.0,544.0,899.5999999999999,6.472491909385114,35.38961038961039,90.96774193548387,7.419354838709677,1.2903225806451613,314.0,314.0,100.0,0.0,99.36305732484077,228.0,5.0,299.3,401.25,444.0,493.0,541.7,1.0,1.0,1.0,1.0,1.0,0.8888888888888888,1.0,1.0,1.0,1.0,449.5,568.0999999999999,3.1847133757961785,86.21794871794872,84.71337579617834,14.012738853503185,1.2738853503184713,99.67741935483872,apdf,314.0,99.83870967741936,0.9449020737327188,Seville Airport,37.417999,-5.89311
LFAQ,1.0,1.0,100.0,0.0,0.0,600.0,,-1890.0,-1890.0,-1890.0,-1890.0,-1890.0,,,,,,,,,,,1890.0,1890.0,0.0,,100.0,0.0,0.0,1.0,1.0,100.0,0.0,0.0,,,745.0,745.0,745.0,745.0,745.0,,,,,,,,,,,745.0,745.0,0.0,,0.0,100.0,0.0,0.0,nm_inferred,1.0,100.0,,Albert Bray airport,49.970049,2.693939
LFAT,2.0,2.0,100.0,0.0,0.0,300.0,,81.0,97.5,125.0,152.5,169.0,,,,,,,,,,,125.0,169.0,100.0,,50.0,50.0,0.0,2.0,2.0,100.0,0.0,0.0,,,40.9,54.25,76.5,98.75,112.1,,,,,,,,,,,76.5,112.1,0.0,,100.0,0.0,0.0,0.0,nm_inferred,2.0,100.0,,Le Touquet-Côte d'Opale Airport,50.518284,1.621656
LFBA,1.0,1.0,100.0,0.0,0.0,600.0,,147.0,147.0,147.0,147.0,147.0,,,,,,,,,,,147.0,147.0,100.0,,100.0,0.0,0.0,1.0,1.0,100.0,0.0,0.0,,,115.0,115.0,115.0,115.0,115.0,,,,,,,,,,,115.0,115.0,0.0,,100.0,0.0,0.0,0.0,nm_inferred,1.0,100.0,,Agen La Garenne airport,44.174171,0.59309
LFBD,224.0,223.0,99.55357142857143,0.0,0.0,480.0,,-764.0,-630.0,-530.0,-327.5,-90.0,,,,,,,,,,,535.0,774.0,5.381165919282512,,93.30357142857143,4.464285714285714,1.7857142857142858,223.0,221.0,99.10313901345292,0.0,0.0,,,396.0,476.0,532.0,591.0,699.0,,,,,,,,,,,533.0,702.0,0.45248868778280543,,92.82511210762331,4.484304932735426,1.7937219730941705,0.0,nm_inferred,224.0,99.32835522101217,,Bordeaux–Mérignac Airport,44.82865,-0.715356
LFBE,14.0,14.0,100.0,0.0,0.0,900.0,,53.0,75.0,87.5,93.75,122.50000000000003,,,,,,,,,,,87.5,122.50000000000003,100.0,,92.85714285714286,7.142857142857143,0.0,14.0,14.0,100.0,0.0,0.0,,,142.2,147.5,158.0,177.0,190.1,,,,,,,,,,,158.0,190.1,7.142857142857143,,85.71428571428571,14.285714285714286,0.0,0.0,nm_inferred,14.0,100.0,,Bergerac Dordogne-Périgord airport,44.825298,0.518611
LFBH,17.0,17.0,100.0,0.0,0.0,720.0,,190.0,205.0,240.0,275.0,318.0,,,,,,,,,,,240.0,318.0,100.0,,100.0,0.0,0.0,16.0,16.0,100.0,0.0,0.0,,,-426.5,-361.75,-216.5,-133.5,-98.5,,,,,,,,,,,216.5,426.5,100.0,,100.0,0.0,0.0,0.0,nm_inferred,17.0,100.0,,La Rochelle Île de Ré Airport,46.179199,-1.19528
LFBI,4.0,4.0,100.0,0.0,0.0,900.0,,180.5,196.25,207.5,216.25,227.5,,,,,,,,,,,207.5,227.5,100.0,,100.0,0.0,0.0,4.0,4.0,100.0,0.0,0.0,,,-165.39999999999998,-106.0,-59.5,-32.5,-8.199999999999989,,,,,,,,,,,59.5,165.40000000000003,75.0,,100.0,0.0,0.0,0.0,nm_inferred,4.0,100.0,,Poitiers-Biard Airport,46.5877,0.306666
LFBL,20.0,20.0,100.0,0.0,0.0,600.0,,183.5,208.75,242.5,317.5,367.50000000000017,,,,,,,,,,,242.5,367.50000000000017,100.0,,85.0,15.0,0.0,20.0,20.0,100.0,0.0,0.0,,,-554.6,-468.25,-300.5,-236.5,-207.29999999999995,,,,,,,,,,,300.5,554.6,100.0,,80.0,20.0,0.0,0.0,nm_inferred,20.0,100.0,,Limoges Airport,45.862801,1.17944
LFBN,2.0,2.0,100.0,0.0,0.0,600.0,,-4031.5,-3328.75,-2157.5,-986.25,-283.4999999999999,,,,,,,,,,,2342.5,4068.5,50.0,,50.0,0.0,50.0,1.0,1.0,100.0,0.0,0.0,,,4610.0,4610.0,4610.0,4610.0,4610.0,,,,,,,,,,,4610.0,4610.0,0.0,,0.0,0.0,100.0,0.0,nm_inferred,2.0,100.0,,Niort - Marais Poitevin Airport,46.313477,-0.394529
LFBO,262.0,262.0,100.0,0.0,98.47328244274809,600.0,90.0,-775.0,-625.0,-500.0,-305.0,-165.99999999999994,0.2983974358974359,0.5088541666666666,0.8809523809523809,0.9809027777777778,1.0,0.34500000000000003,0.5,0.875,0.9583333333333334,1.0,505.0,830.5000000000002,2.6717557251908395,32.55813953488372,91.22137404580153,5.7251908396946565,3.053435114503817,266.0,266.0,100.0,0.0,96.99248120300751,240.0,5.0,392.5,496.25,565.0,638.75,770.0,1.0,1.0,1.0,1.0,1.0,1.0,1.0,1.0,1.0,1.0,565.0,770.0,0.0,95.34883720930233,96.2406015037594,0.7518796992481203,3.007518796992481,98.47328244274809,apdf,266.0,100.0,0.9375,Toulouse-Blagnac Airport,43.629101,1.36382
LFBP,12.0,12.0,100.0,0.0,0.0,600.0,,-277.5,-176.25,17.5,45.0,63.00000000000001,,,,,,,,,,,72.5,277.5,58.333333333333336,,100.0,0.0,0.0,12.0,12.0,100.0,0.0,0.0,,,76.60000000000002,280.0,382.5,528.0,540.9,,,,,,,,,,,382.5,540.9,8.333333333333334,,91.66666666666667,8.333333333333334,0.0,0.0,nm_inferred,12.0,100.0,,Pau Pyrénées Airport,43.380001,-0.418611
LFBT,20.0,20.0,100.0,0.0,0.0,600.0,,-21.99999999999995,27.5,37.5,176.25,194.00000000000006,,,,,,,,,,,60.0,251.50000000000017,90.0,,100.0,0.0,0.0,21.0,21.0,100.0,0.0,0.0,,,-80.0,14.0,311.0,519.0,535.0,,,,,,,,,,,311.0,535.0,19.047619047619047,,90.47619047619048,9.523809523809524,0.0,0.0,nm_inferred,21.0,100.0,,Tarbes-Lourdes-Pyrénées Airport,43.178699,-0.006439
LFBZ,56.0,56.0,100.0,0.0,0.0,480.0,,95.0,113.75,145.0,166.25,192.5,,,,,,,,,,,145.0,192.5,100.0,,100.0,0.0,0.0,57.0,57.0,100.0,0.0,0.0,,,-156.2,-30.0,53.0,75.0,95.19999999999999,,,,,,,,,,,71.0,156.2,33.333333333333336,,96.49122807017544,3.508771929824561,0.0,0.0,nm_inferred,57.0,100.0,,Biarritz Pays Basque airport,43.468372,-1.523223
LFCR,8.0,8.0,100.0,0.0,0.0,300.0,,53.5,58.75,75.0,95.0,1168.9999999999993,,,,,,,,,,,75.0,1168.9999999999993,100.0,,100.0,0.0,0.0,7.0,7.0,100.0,0.0,0.0,,,96.40000000000002,185.0,192.0,198.0,203.6,,,,,,,,,,,192.0,203.6,14.285714285714286,,100.0,0.0,0.0,0.0,nm_inferred,8.0,100.0,,Rodez–Aveyron Airport,44.407902,2.48267
LFEC,3.0,0.0,0.0,0.0,0.0,300.0,,,,,,,,,,,,,,,,,,,,,0.0,0.0,0.0,3.0,0.0,0.0,0.0,0.0,,,,,,,,,,,,,,,,,,,,,,0.0,0.0,0.0,0.0,nm_inferred,3.0,0.0,,Ouessant Airport,48.4632,-5.06358
LFGA,1.0,1.0,100.0,0.0,0.0,300.0,,20.0,20.0,20.0,20.0,20.0,,,,,,,,,,,20.0,20.0,100.0,,100.0,0.0,0.0,1.0,1.0,100.0,0.0,0.0,,,72.0,72.0,72.0,72.0,72.0,,,,,,,,,,,72.0,72.0,0.0,,100.0,0.0,0.0,0.0,nm_inferred,1.0,100.0,,Colmar Houssen airport,48.109901,7.35901
LFGJ,5.0,5.0,100.0,0.0,0.0,600.0,,39.0,60.0,85.0,90.0,105.0,,,,,,,,,,,85.0,105.0,100.0,,100.0,0.0,0.0,5.0,5.0,100.0,0.0,0.0,,,217.8,219.0,228.0,252.0,260.4,,,,,,,,,,,228.0,260.4,0.0,,80.0,20.0,0.0,0.0,nm_inferred,5.0,100.0,,Dole Tavaux Airport,47.038955,5.427589
LFHP,1.0,1.0,100.0,0.0,0.0,180.0,,130.0,130.0,130.0,130.0,130.0,,,,,,,,,,,130.0,130.0,100.0,,100.0,0.0,0.0,1.0,1.0,100.0,0.0,0.0,,,64.0,64.0,64.0,64.0,64.0,,,,,,,,,,,64.0,64.0,0.0,,100.0,0.0,0.0,0.0,nm_inferred,1.0,100.0,,Le Puy-Loudes Airfield,45.0807,3.76289
LFJL,3.0,3.0,100.0,0.0,0.0,300.0,,27.0,30.0,35.0,55.0,67.0,,,,,,,,,,,35.0,67.0,100.0,,100.0,0.0,0.0,2.0,2.0,100.0,0.0,0.0,,,252.9,255.75,260.5,265.25,268.1,,,,,,,,,,,260.5,268.1,0.0,,100.0,0.0,0.0,0.0,nm_inferred,3.0,100.0,,Metz-Nancy-Lorraine Airport,48.982101,6.25132
LFJR,2.0,2.0,100.0,0.0,0.0,600.0,,1.0,10.0,25.0,40.0,49.0,,,,,,,,,,,30.0,50.0,50.0,,100.0,0.0,0.0,2.0,2.0,100.0,0.0,0.0,,,243.3,246.75,252.5,258.25,261.7,,,,,,,,,,,252.5,261.7,0.0,,100.0,0.0,0.0,0.0,nm_inferred,2.0,100.0,,Angers Marcé airport,47.560299,-0.312222
LFKB,92.0,89.0,96.73913043478261,0.0,0.0,360.0,,104.0,120.0,145.0,180.0,216.0,,,,,,,,,,,145.0,216.0,100.0,,95.65217391304348,1.0869565217391304,0.0,91.0,89.0,97.8021978021978,0.0,0.0,,,-219.2,-113.0,-32.0,77.0,164.0,,,,,,,,,,,105.0,264.8,56.17977528089887,,96.7032967032967,1.098901098901099,0.0,0.0,nm_inferred,92.0,97.2706641184902,,Bastia-Poretta International airport,42.5527,9.48373
LFKC,33.0,33.0,100.0,0.0,0.0,360.0,,31.0,60.0,65.0,90.0,115.0,,,,,,,,,,,65.0,115.0,100.0,,96.96969696969697,0.0,3.0303030303030303,32.0,32.0,100.0,0.0,0.0,,,37.2,116.75,205.0,253.75,277.1,,,,,,,,,,,211.5,277.1,6.25,,96.875,0.0,3.125,0.0,nm_inferred,33.0,100.0,,Calvi Sainte Catherine Airport,42.530422,8.792984
LFKF,79.0,78.0,98.73417721518987,0.0,0.0,600.0,,120.0,136.25,160.0,185.0,215.0,,,,,,,,,,,160.0,215.0,100.0,,91.13924050632912,3.7974683544303796,3.7974683544303796,80.0,78.0,97.5,0.0,0.0,,,-351.3,-276.75,-83.5,95.25,148.79999999999998,,,,,,,,,,,178.5,351.3,55.12820512820513,,95.0,2.5,0.0,0.0,nm_inferred,80.0,98.11708860759494,,Figari Sud-Corse Airport,41.50185,9.097092
LFKJ,86.0,86.0,100.0,0.0,0.0,300.0,,60.0,76.25,92.5,105.0,125.0,,,,,,,,,,,92.5,125.0,100.0,,98.83720930232558,1.1627906976744187,0.0,87.0,87.0,100.0,0.0,0.0,,,45.59999999999999,139.5,169.0,189.0,229.80000000000007,,,,,,,,,,,169.0,229.80000000000007,8.045977011494253,,98.85057471264368,1.1494252873563218,0.0,0.0,nm_inferred,87.0,100.0,,Ajaccio Napoléon Bonaparte airport,41.923599,8.80292
LFLB,3.0,3.0,100.0,0.0,0.0,300.0,,93.0,97.5,105.0,112.5,117.0,,,,,,,,,,,105.0,117.0,100.0,,100.0,0.0,0.0,4.0,4.0,100.0,0.0,0.0,,,-131.5,19.25,127.5,157.25,166.70000000000002,,,,,,,,,,,162.5,214.3,25.0,,75.0,0.0,25.0,0.0,nm_inferred,4.0,100.0,,Chambéry Aix les Bains airport,45.6381,5.88023
LFLC,13.0,13.0,100.0,0.0,0.0,480.0,,-369.0,-210.0,-145.0,-95.0,-25.999999999999943,,,,,,,,,,,145.0,369.0000000000001,7.6923076923076925,,100.0,0.0,0.0,13.0,13.0,100.0,0.0,0.0,,,374.6,422.0,434.0,452.0,473.6,,,,,,,,,,,434.0,473.6,0.0,,100.0,0.0,0.0,0.0,nm_inferred,13.0,100.0,,Clermont-Ferrand Auvergne airport,45.786701,3.16917
LFLD,,,,,,,,,,,,,,,,,,,,,,,,,,,,,,1.0,1.0,100.0,0.0,0.0,,,-641.0,-641.0,-641.0,-641.0,-641.0,,,,,,,,,,,641.0,641.0,100.0,,100.0,0.0,0.0,0.0,nm_inferred,1.0,100.0,,Bourges airport,47.060158,2.369633
LFLL,373.0,373.0,100.0,0.0,100.0,540.0,25.0,-824.0,-660.0,-540.0,-445.0,-300.99999999999994,0.5016666666666667,0.8846153846153846,0.9583333333333334,1.0,1.0,0.5600000000000002,0.9090909090909091,1.0,1.0,1.0,545.0,849.0,1.3404825737265416,61.394101876675606,96.51474530831099,2.9490616621983916,0.5361930294906166,372.0,372.0,100.0,0.0,99.73118279569893,300.0,5.0,530.0,585.0,655.0,720.0,840.0,1.0,1.0,1.0,1.0,1.0,1.0,1.0,1.0,1.0,1.0,660.0,875.0,1.3440860215053763,99.46091644204851,92.74193548387096,6.451612903225806,0.8064516129032258,100.0,apdf,373.0,100.0,1.0,Lyon Saint-Exupéry Airport,45.725996,5.090139
LFLP,1.0,1.0,100.0,0.0,0.0,300.0,,75.0,75.0,75.0,75.0,75.0,,,,,,,,,,,75.0,75.0,100.0,,100.0,0.0,0.0,2.0,2.0,100.0,0.0,0.0,,,-60.1,-49.75,-32.5,-15.25,-4.899999999999999,,,,,,,,,,,34.5,60.5,50.0,,100.0,0.0,0.0,0.0,nm_inferred,2.0,100.0,,Annecy Meythet airport,45.928947,6.0987
LFLS,5.0,5.0,100.0,0.0,0.0,600.0,,32.0,35.0,55.0,55.0,58.0,,,,,,,,,,,55.0,58.0,100.0,,80.0,0.0,20.0,4.0,4.0,100.0,0.0,0.0,,,101.20000000000002,188.5,239.5,243.0,244.8,,,,,,,,,,,239.5,244.8,0.0,,100.0,0.0,0.0,0.0,nm_inferred,5.0,100.0,,Grenoble Alpes Isère Airport,45.3629,5.32937
LFLU,1.0,1.0,100.0,0.0,0.0,600.0,,70.0,70.0,70.0,70.0,70.0,,,,,,,,,,,70.0,70.0,100.0,,100.0,0.0,0.0,,,,,,,,,,,,,,,,,,,,,,,,,,,,,,0.0,nm_inferred,1.0,100.0,,Valence-Chabeuil Airport,44.9216,4.9699
LFLW,4.0,4.0,100.0,0.0,0.0,600.0,,241.5,243.75,285.0,341.25,370.5,,,,,,,,,,,285.0,370.5,100.0,,100.0,0.0,0.0,4.0,4.0,100.0,0.0,0.0,,,-328.6,-262.0,-206.5,-173.5,-147.39999999999998,,,,,,,,,,,206.5,328.6,100.0,,100.0,0.0,0.0,0.0,nm_inferred,4.0,100.0,,Aurillac airport,44.891399,2.42194
LFLX,4.0,4.0,100.0,0.0,0.0,600.0,,222.5,233.75,242.5,323.75,465.50000000000006,,,,,,,,,,,242.5,465.50000000000006,100.0,,100.0,0.0,0.0,5.0,5.0,100.0,0.0,0.0,,,-492.4,-334.0,-279.0,-195.0,-192.0,,,,,,,,,,,279.0,492.40000000000003,100.0,,100.0,0.0,0.0,0.0,nm_inferred,5.0,100.0,,Châteauroux Déols airport,46.860221,1.728326
LFLY,11.0,11.0,100.0,0.0,0.0,600.0,,-3105.0,-1280.0,-610.0,-447.5,-230.0,,,,,,,,,,,715.0,3105.0,9.090909090909092,,81.81818181818181,0.0,18.181818181818183,10.0,10.0,100.0,0.0,0.0,,,290.9,411.0,498.5,520.0,1559.4999999999968,,,,,,,,,,,498.5,1559.4999999999968,0.0,,70.0,10.0,20.0,0.0,nm_inferred,11.0,100.0,,Lyon Bron Airport,45.727947,4.943991
LFMD,78.0,78.0,100.0,0.0,0.0,600.0,,-5.0,5.0,20.0,35.0,50.0,,,,,,,,,,,25.0,51.499999999999986,88.46153846153847,,91.02564102564102,6.410256410256411,2.5641025641025643,81.0,81.0,100.0,0.0,0.0,,,355.0,435.0,488.0,569.0,844.0,,,,,,,,,,,490.0,903.0,1.2345679012345678,,88.88888888888889,8.641975308641975,2.4691358024691357,0.0,nm_inferred,81.0,100.0,,Cannes Mandelieu Airport,43.547998,6.955176
LFMK,14.0,14.0,100.0,0.0,0.0,720.0,,65.0,80.0,90.0,111.25,118.5,,,,,,,,,,,90.0,118.5,100.0,,100.0,0.0,0.0,14.0,14.0,100.0,0.0,0.0,,,-0.09999999999999964,41.0,72.5,121.25,134.0,,,,,,,,,,,83.0,134.0,14.285714285714286,,85.71428571428571,14.285714285714286,0.0,0.0,nm_inferred,14.0,100.0,,Carcassonne Salvaza Airport,43.216,2.30632
LFML,450.0,449.0,99.77777777777777,0.0,25.77777777777778,630.0,660.0,20.0,30.0,45.0,60.0,75.0,0.0,0.0,0.0,0.0,0.0,0.0,0.0,0.0,0.0,0.0,45.0,75.0,96.88195991091314,0.0,94.66666666666667,4.222222222222222,0.8888888888888888,450.0,448.0,99.55555555555556,0.0,24.0,300.0,5.0,213.7,244.0,303.0,413.25,507.90000000000003,0.995,1.0,1.0,1.0,1.0,1.0,1.0,1.0,1.0,1.0,307.0,530.6,1.5625,92.5925925925926,93.11111111111111,5.111111111111111,1.3333333333333333,25.77777777777778,nm_inferred,450.0,99.66666666666666,0.4983333333333333,Marseille Provence Airport,43.438088,5.2125
LFMN,815.0,814.0,99.87730061349693,0.0,99.87730061349693,660.0,475.0,-473.49999999999994,-305.0,-210.0,-10.0,25.0,0.0,0.01282051282051282,0.32142857142857145,0.45454545454545453,0.7173076923076928,0.0,0.038461538461538464,0.34615384615384615,0.5,0.7130952380952386,220.0,515.0,22.604422604422606,3.4440344403444034,90.920245398773,5.889570552147239,3.067484662576687,819.0,818.0,99.87789987789988,0.0,99.75579975579976,240.0,5.0,415.0,530.0,595.0,693.75,943.0000000000007,1.0,1.0,1.0,1.0,1.0,1.0,1.0,1.0,1.0,1.0,600.0,1088.0000000000007,1.8337408312958434,96.07843137254902,89.74358974358974,7.326007326007326,2.808302808302808,99.87730061349693,apdf,819.0,99.8776002456984,0.6722530785768163,Nice-Côte d'Azur Airport,43.658401,7.21587
LFMP,18.0,18.0,100.0,0.0,0.0,300.0,,-625.5,-86.25,47.5,90.0,164.00000000000003,,,,,,,,,,,102.5,625.5,66.66666666666667,,83.33333333333333,16.666666666666668,0.0,18.0,18.0,100.0,0.0,0.0,,,-33.0,92.5,262.5,470.0,503.7,,,,,,,,,,,262.5,503.7,16.666666666666668,,100.0,0.0,0.0,0.0,nm_inferred,18.0,100.0,,Perpignan-Rivesaltes (Llabanère) Airport,42.740398,2.87067
LFMQ,10.0,10.0,100.0,0.0,0.0,600.0,,3.0000000000000018,13.75,27.5,50.0,55.0,,,,,,,,,,,40.0,55.5,90.0,,100.0,0.0,0.0,8.0,8.0,100.0,0.0,0.0,,,138.3,170.25,194.0,294.75,304.8,,,,,,,,,,,194.0,304.8,0.0,,87.5,0.0,12.5,0.0,nm_inferred,10.0,100.0,,Le Castellet Airport,43.252499,5.78519
LFMT,75.0,75.0,100.0,0.0,0.0,600.0,,-284.0,62.5,90.0,112.5,125.0,,,,,,,,,,,100.0,355.0000000000006,85.33333333333333,,98.66666666666667,1.3333333333333333,0.0,77.0,77.0,100.0,0.0,0.0,,,25.400000000000006,152.0,176.0,214.0,387.6,,,,,,,,,,,176.0,387.6,5.194805194805195,,97.40259740259741,1.2987012987012987,1.2987012987012987,0.0,nm_inferred,77.0,100.0,,Montpellier-Méditerranée Airport,43.576199,3.96301
LFMU,13.0,12.0,92.3076923076923,0.0,0.0,900.0,,60.5,65.0,170.0,235.0,2360.500000000001,,,,,,,,,,,170.0,2360.500000000001,100.0,,69.23076923076923,23.076923076923077,0.0,13.0,12.0,92.3076923076923,0.0,0.0,,,-40.9,2.75,94.5,152.75,278.90000000000003,,,,,,,,,,,107.0,278.90000000000003,25.0,,92.3076923076923,0.0,0.0,0.0,nm_inferred,13.0,92.3076923076923,,Béziers Vias airport,43.323502,3.3539
LFMV,14.0,14.0,100.0,0.0,0.0,300.0,,-114.0,-47.5,25.0,58.75,72.00000000000001,,,,,,,,,,,62.5,114.00000000000003,71.42857142857143,,100.0,0.0,0.0,17.0,17.0,100.0,0.0,0.0,,,303.2,315.0,336.0,429.0,473.8,,,,,,,,,,,336.0,473.8,0.0,,76.47058823529412,17.647058823529413,5.882352941176471,0.0,nm_inferred,17.0,100.0,,Avignon Caumont airport,43.907299,4.90183
LFNC,,,,,,,,,,,,,,,,,,,,,,,,,,,,,,1.0,1.0,100.0,0.0,0.0,,,-510.0,-510.0,-510.0,-510.0,-510.0,,,,,,,,,,,510.0,510.0,100.0,,100.0,0.0,0.0,0.0,nm_inferred,1.0,100.0,,Mont-Dauphin Saint-Crépin Airfield,44.701698,6.60028
LFOB,171.0,171.0,100.0,0.0,0.0,900.0,,40.0,55.0,75.0,95.0,135.0,,,,,,,,,,,75.0,135.0,100.0,,87.13450292397661,11.695906432748538,1.1695906432748537,171.0,171.0,100.0,0.0,0.0,,,31.0,96.0,133.0,154.5,219.0,,,,,,,,,,,139.0,245.0,8.771929824561404,,85.96491228070175,14.035087719298245,0.0,0.0,nm_inferred,171.0,100.0,,Beauvais-Tillé airport,49.454399,2.11278
LFOH,1.0,1.0,100.0,0.0,0.0,300.0,,245.0,245.0,245.0,245.0,245.0,,,,,,,,,,,245.0,245.0,100.0,,0.0,100.0,0.0,1.0,1.0,100.0,0.0,0.0,,,-225.0,-225.0,-225.0,-225.0,-225.0,,,,,,,,,,,225.0,225.0,100.0,,100.0,0.0,0.0,0.0,nm_inferred,1.0,100.0,,Le Havre-Octeville Airport,49.534038,0.088406
LFOK,6.0,6.0,100.0,0.0,0.0,300.0,,73.0,142.0,277.5,305.0,395.0,,,,,,,,,,,277.5,395.0,100.0,,66.66666666666667,16.666666666666668,16.666666666666668,8.0,6.0,75.0,0.0,0.0,,,-217.5,-197.5,-193.0,19.25,94.5,,,,,,,,,,,193.0,217.5,66.66666666666667,,62.5,12.5,0.0,0.0,nm_inferred,8.0,87.5,,Chalons Vatry airport,48.77333,4.20611
LFOT,8.0,8.0,100.0,0.0,0.0,900.0,,132.1,176.5,245.0,338.75,407.0,,,,,,,,,,,245.0,407.0,100.0,,100.0,0.0,0.0,9.0,9.0,100.0,0.0,0.0,,,16.8,27.0,40.0,47.0,74.00000000000001,,,,,,,,,,,40.0,74.00000000000001,11.11111111111111,,100.0,0.0,0.0,0.0,nm_inferred,9.0,100.0,,Tours Val de Loire Airport,47.432201,0.727606
LFOV,,,,,,,,,,,,,,,,,,,,,,,,,,,,,,1.0,1.0,100.0,0.0,0.0,,,138.0,138.0,138.0,138.0,138.0,,,,,,,,,,,138.0,138.0,0.0,,100.0,0.0,0.0,0.0,nm_inferred,1.0,100.0,,Laval-Entrammes Airport,48.032208,-0.743999
LFOZ,1.0,1.0,100.0,0.0,0.0,300.0,,140.0,140.0,140.0,140.0,140.0,,,,,,,,,,,140.0,140.0,100.0,,100.0,0.0,0.0,1.0,1.0,100.0,0.0,0.0,,,70.0,70.0,70.0,70.0,70.0,,,,,,,,,,,70.0,70.0,0.0,,100.0,0.0,0.0,0.0,nm_inferred,1.0,100.0,,Orléans–Saint-Denis-de-l'Hôtel Airport,47.897758,2.164478
LFPB,253.0,248.0,98.02371541501977,0.0,0.0,600.0,,-154.49999999999994,5.0,25.0,45.0,65.0,,,,,,,,,,,40.0,356.0000000000002,79.83870967741936,,84.18972332015811,12.648221343873518,1.1857707509881423,235.0,233.0,99.14893617021276,0.0,0.0,,,251.2,270.0,288.0,307.0,327.6,,,,,,,,,,,289.0,328.8,1.7167381974248928,,91.06382978723404,3.8297872340425534,4.25531914893617,0.0,nm_inferred,253.0,98.58632579261626,,Paris-Le Bourget International Airport,48.962276,2.436539
LFPG,2005.0,2001.0,99.80049875311721,0.0,100.0,900.0,840.0,0.0,20.0,35.0,55.0,1565.0,0.0,0.0,0.0,0.0,0.0,0.0,0.0,0.0,0.0,0.038461538461538464,40.0,1655.0,90.55472263868066,0.29985007496251875,81.79551122194513,17.855361596009974,0.14962593516209477,1918.0,1917.0,99.94786235662148,0.0,99.84358706986444,540.0,215.0,235.0,290.0,315.0,370.0,535.0,0.31666666666666665,0.455971734036321,0.59375,0.7916666666666666,1.0,0.36363636363636365,0.5,0.625,0.8333333333333334,1.0,320.0,585.0,3.8601982263954095,17.398119122257054,88.63399374348279,11.209593326381647,0.10427528675703858,100.0,apdf,2005.0,99.87418055486935,0.31210681423396675,Charles de Gaulle International Airport,49.00896,2.554117
LFPM,,,,,,,,,,,,,,,,,,,,,,,,,,,,,,2.0,1.0,50.0,0.0,0.0,,,228.0,228.0,228.0,228.0,228.0,,,,,,,,,,,228.0,228.0,0.0,,50.0,0.0,0.0,0.0,nm_inferred,2.0,50.0,,Melun-Villaroche Airfield,48.604698,2.67112
LFPO,966.0,964.0,99.79296066252589,1.0,100.0,660.0,35.0,-1125.0,-830.0,-670.0,-550.0,-440.0,0.7305555555555555,0.9027777777777778,0.9537037037037037,1.0,1.0,0.8333333333333334,0.9166666666666666,0.9642857142857143,1.0,1.0,685.0,1375.5000000000007,4.771784232365145,64.797507788162,94.92753623188406,4.658385093167702,0.2070393374741201,969.0,963.0,99.38080495356037,0.0,100.0,300.0,5.0,520.0,575.0,650.0,737.5,894.0000000000003,1.0,1.0,1.0,1.0,1.0,1.0,1.0,1.0,1.0,1.0,650.0,930.0,1.0384215991692627,99.27310488058151,95.76883384932921,3.4055727554179565,0.20639834881320948,100.0,apdf,969.0,99.58688280804313,0.9780854561504236,Paris-Orly Airport,48.729499,2.358963
LFPT,2.0,2.0,100.0,0.0,0.0,300.0,,61.5,71.25,87.5,103.75,113.5,,,,,,,,,,,87.5,113.5,100.0,,100.0,0.0,0.0,2.0,1.0,50.0,0.0,0.0,,,79.0,79.0,79.0,79.0,79.0,,,,,,,,,,,79.0,79.0,0.0,,50.0,0.0,0.0,0.0,nm_inferred,2.0,75.0,,Pontoise-Cormeilles Aerodrome,49.096064,2.035543
LFQQ,58.0,58.0,100.0,0.0,0.0,300.0,,25.0,36.25,50.0,70.0,226.50000000000193,,,,,,,,,,,50.0,226.50000000000193,100.0,,91.37931034482759,8.620689655172415,0.0,61.0,61.0,100.0,0.0,0.0,,,36.0,174.0,197.0,216.0,229.0,,,,,,,,,,,206.0,242.0,8.19672131147541,,86.88524590163935,11.475409836065573,1.639344262295082,0.0,nm_inferred,61.0,100.0,,Lille Airport,50.566564,3.102429
LFRB,48.0,43.0,89.58333333333333,0.0,0.0,600.0,,21.0,32.5,45.0,57.5,65.0,,,,,,,,,,,45.0,65.0,100.0,,89.58333333333333,0.0,0.0,48.0,43.0,89.58333333333333,0.0,0.0,,,67.40000000000003,252.0,269.0,291.5,301.8,,,,,,,,,,,269.0,301.8,4.651162790697675,,89.58333333333333,0.0,0.0,0.0,nm_inferred,48.0,89.58333333333333,,Brest Bretagne airport,48.447899,-4.41854
LFRC,,,,,,,,,,,,,,,,,,,,,,,,,,,,,,1.0,1.0,100.0,0.0,0.0,,,257.0,257.0,257.0,257.0,257.0,,,,,,,,,,,257.0,257.0,0.0,,0.0,100.0,0.0,0.0,nm_inferred,1.0,100.0,,Cherbourg Manche airport,49.650101,-1.47028
LFRD,3.0,2.0,66.66666666666667,0.0,0.0,300.0,,75.0,75.0,75.0,75.0,75.0,,,,,,,,,,,75.0,75.0,100.0,,33.333333333333336,33.333333333333336,0.0,3.0,2.0,66.66666666666667,0.0,0.0,,,228.4,230.5,234.0,237.5,239.6,,,,,,,,,,,234.0,239.6,0.0,,66.66666666666667,0.0,0.0,0.0,nm_inferred,3.0,66.66666666666667,,Dinard Pleurtuit Saint-Malo airport,48.5877,-2.07996
LFRG,5.0,5.0,100.0,0.0,0.0,300.0,,48.0,60.0,90.0,175.0,184.0,,,,,,,,,,,90.0,184.0,100.0,,100.0,0.0,0.0,5.0,5.0,100.0,0.0,0.0,,,111.0,141.0,207.0,228.0,249.6,,,,,,,,,,,207.0,249.6,0.0,,100.0,0.0,0.0,0.0,nm_inferred,5.0,100.0,,Deauville Normandie airport,49.365237,0.154481
LFRH,5.0,5.0,100.0,0.0,0.0,480.0,,86.0,95.0,105.0,110.0,113.0,,,,,,,,,,,105.0,113.0,100.0,,100.0,0.0,0.0,5.0,5.0,100.0,0.0,0.0,,,86.8,115.0,124.0,125.0,128.6,,,,,,,,,,,124.0,128.6,0.0,,100.0,0.0,0.0,0.0,nm_inferred,5.0,100.0,,Lorient South Brittany (Bretagne Sud) Airport,47.760601,-3.44
LFRI,1.0,1.0,100.0,0.0,0.0,300.0,,270.0,270.0,270.0,270.0,270.0,,,,,,,,,,,270.0,270.0,100.0,,100.0,0.0,0.0,1.0,1.0,100.0,0.0,0.0,,,-146.0,-146.0,-146.0,-146.0,-146.0,,,,,,,,,,,146.0,146.0,100.0,,100.0,0.0,0.0,0.0,nm_inferred,1.0,100.0,,La Roche-sur-Yon Les Ajoncs Airport,46.7019,-1.37863
LFRK,25.0,25.0,100.0,0.0,0.0,300.0,,97.0,115.0,140.0,155.0,179.2,,,,,,,,,,,140.0,179.2,100.0,,92.0,4.0,4.0,25.0,25.0,100.0,0.0,0.0,,,-65.99999999999997,35.0,66.0,81.0,89.0,,,,,,,,,,,74.0,117.00000000000006,20.0,,96.0,4.0,0.0,0.0,nm_inferred,25.0,100.0,,Caen Carpiquet airport,49.17678,-0.454883
LFRM,10.0,10.0,100.0,0.0,0.0,300.0,,15.0,25.0,45.0,53.75,55.0,,,,,,,,,,,45.0,55.0,100.0,,100.0,0.0,0.0,11.0,11.0,100.0,0.0,0.0,,,-29.0,249.5,283.0,292.5,297.0,,,,,,,,,,,286.0,300.0,18.181818181818183,,90.9090909090909,9.090909090909092,0.0,0.0,nm_inferred,11.0,100.0,,Le Mans-Arnage Airport,47.948604,0.201702
LFRN,26.0,26.0,100.0,0.0,0.0,300.0,,-1737.5,-655.0,-475.0,-330.0,-192.5,,,,,,,,,,,475.0,1737.5,0.0,,100.0,0.0,0.0,26.0,26.0,100.0,0.0,0.0,,,443.0,466.25,519.0,668.25,2151.0,,,,,,,,,,,519.0,2151.0,0.0,,100.0,0.0,0.0,0.0,nm_inferred,26.0,100.0,,Rennes-Saint-Jacques Airport,48.0695,-1.73479
LFRS,262.0,262.0,100.0,0.0,0.0,600.0,,15.0,25.0,45.0,60.0,79.50000000000003,,,,,,,,,,,45.0,79.50000000000003,98.85496183206106,,96.56488549618321,3.053435114503817,0.3816793893129771,258.0,258.0,100.0,0.0,0.0,,,215.7,239.25,263.5,284.0,296.3,,,,,,,,,,,264.0,297.0,1.937984496124031,,96.12403100775194,3.10077519379845,0.7751937984496124,0.0,nm_inferred,262.0,100.0,,Nantes Atlantique Airport,47.153198,-1.61073
LFRV,,,,,,,,,,,,,,,,,,,,,,,,,,,,,,1.0,1.0,100.0,0.0,0.0,,,207.0,207.0,207.0,207.0,207.0,,,,,,,,,,,207.0,207.0,0.0,,100.0,0.0,0.0,0.0,nm_inferred,1.0,100.0,,Vannes-Meucon Airport,47.723301,-2.71856
LFRZ,5.0,5.0,100.0,0.0,0.0,600.0,,-2224.0,-340.0,-280.0,-90.0,249.00000000000006,,,,,,,,,,,340.0,2278.0,20.0,,80.0,20.0,0.0,4.0,4.0,100.0,0.0,0.0,,,432.3,441.75,473.5,500.25,500.7,,,,,,,,,,,473.5,500.7,0.0,,100.0,0.0,0.0,0.0,nm_inferred,5.0,100.0,,Saint-Nazaire-Montoir Airport,47.31142,-2.152634
LFSB,345.0,344.0,99.71014492753623,0.0,12.46376811594203,660.0,660.0,5.0,20.0,35.0,50.0,73.49999999999994,0.0,0.0,0.0,0.0,0.0,0.0,0.0,0.0,0.0,0.0,35.0,73.49999999999994,97.38372093023256,0.0,90.72463768115942,8.405797101449275,0.5797101449275363,344.0,343.0,99.70930232558139,0.0,13.953488372093023,180.0,5.0,160.0,223.0,244.0,263.5,305.0,0.7458333333333333,1.0,1.0,1.0,1.0,0.8333333333333334,1.0,1.0,1.0,1.0,247.0,315.8,7.288629737609329,85.41666666666667,89.53488372093024,10.174418604651162,0.0,13.953488372093023,nm_inferred,345.0,99.70972362655881,0.49854861813279405,EuroAirport Basel–Mulhouse–Freiburg,47.60068,7.521117
LFSD,17.0,16.0,94.11764705882354,0.0,0.0,420.0,,52.5,65.0,90.0,100.0,105.0,,,,,,,,,,,90.0,105.0,100.0,,94.11764705882354,0.0,0.0,10.0,9.0,90.0,0.0,0.0,,,102.2,157.0,161.0,186.0,207.4,,,,,,,,,,,161.0,207.4,0.0,,90.0,0.0,0.0,0.0,nm_inferred,17.0,92.05882352941177,,Dijon Longvic airport,47.268902,5.09
LFSL,4.0,4.0,100.0,0.0,0.0,300.0,,240.0,262.5,277.5,282.5,287.0,,,,,,,,,,,277.5,287.0,100.0,,100.0,0.0,0.0,4.0,4.0,100.0,0.0,0.0,,,-177.5,-170.75,-156.5,-134.5,-113.8,,,,,,,,,,,156.5,177.5,100.0,,100.0,0.0,0.0,0.0,nm_inferred,4.0,100.0,,Brive Souillac airport,45.039722,1.485556
LFSN,1.0,1.0,100.0,0.0,0.0,300.0,,100.0,100.0,100.0,100.0,100.0,,,,,,,,,,,100.0,100.0,100.0,,100.0,0.0,0.0,1.0,1.0,100.0,0.0,0.0,,,185.0,185.0,185.0,185.0,185.0,,,,,,,,,,,185.0,185.0,0.0,,100.0,0.0,0.0,0.0,nm_inferred,1.0,100.0,,Nancy-Essey Airport,48.692101,6.23046
LFST,45.0,45.0,100.0,0.0,0.0,420.0,,27.0,35.0,50.0,65.0,80.0,,,,,,,,,,,50.0,80.0,97.77777777777777,,100.0,0.0,0.0,45.0,45.0,100.0,0.0,0.0,,,225.4,242.0,256.0,272.0,282.2,,,,,,,,,,,256.0,282.2,2.2222222222222223,,100.0,0.0,0.0,0.0,nm_inferred,45.0,100.0,,Strasbourg Airport,48.5383,7.62823
LFTH,55.0,55.0,100.0,0.0,0.0,360.0,,34.0,55.0,100.0,140.0,175.0,,,,,,,,,,,100.0,178.0,96.36363636363636,,96.36363636363636,1.8181818181818181,1.8181818181818181,58.0,58.0,100.0,0.0,0.0,,,-116.19999999999999,-8.75,105.5,251.25,275.20000000000005,,,,,,,,,,,134.5,275.20000000000005,25.862068965517242,,96.55172413793103,1.7241379310344827,1.7241379310344827,0.0,nm_inferred,58.0,100.0,,Toulon-Hyères Airport,43.097301,6.14603
LFTW,8.0,8.0,100.0,0.0,0.0,900.0,,43.5,52.5,60.0,86.25,94.5,,,,,,,,,,,60.0,94.5,100.0,,100.0,0.0,0.0,8.0,8.0,100.0,0.0,0.0,,,147.9,191.25,196.5,206.25,224.4,,,,,,,,,,,196.5,224.4,0.0,,100.0,0.0,0.0,0.0,nm_inferred,8.0,100.0,,Nîmes-Arles-Camargue Airport,43.757401,4.41635
LFTZ,22.0,21.0,95.45454545454545,0.0,0.0,300.0,,5.0,20.0,45.0,60.0,115.0,,,,,,,,,,,45.0,115.0,95.23809523809524,,72.72727272727273,9.090909090909092,13.636363636363637,20.0,19.0,95.0,0.0,0.0,,,261.8,269.5,296.0,320.0,406.4,,,,,,,,,,,296.0,406.4,0.0,,90.0,0.0,5.0,0.0,nm_inferred,22.0,95.22727272727272,,La Môle Airport,43.205399,6.482
LGAL,15.0,15.0,100.0,0.0,0.0,300.0,,75.00000000000001,136.0,170.0,257.5,1240.9999999999995,,,,,,,,,,,170.0,1240.9999999999995,93.33333333333333,,100.0,0.0,0.0,15.0,15.0,100.0,0.0,0.0,,,35.80000000000001,87.5,103.0,145.0,146.0,,,,,,,,,,,108.0,162.79999999999998,6.666666666666667,,100.0,0.0,0.0,0.0,nm_inferred,15.0,100.0,,Alexandroupoli Democritus Airport,40.8559,25.956301
LGAV,1345.0,1326.0,98.58736059479554,0.0,99.92565055762081,900.0,75.0,-1487.5,-1105.0,-792.5,-555.0,-330.0,0.5468253968253969,0.7850877192982456,0.9264705882352942,0.9942528735632183,1.0,0.5833333333333334,0.7894736842105263,0.9230769230769231,1.0,1.0,825.0,1590.0,2.7903469079939667,42.716981132075475,88.99628252788104,8.327137546468402,1.2639405204460967,1344.0,1322.0,98.36309523809524,0.0,100.0,300.0,5.0,430.0,500.0,580.0,683.75,825.0,1.0,1.0,1.0,1.0,1.0,1.0,1.0,1.0,1.0,1.0,580.0,825.0,0.37821482602118,98.03328290468987,88.91369047619048,8.110119047619047,1.3392857142857142,100.0,apdf,1345.0,98.47522791644539,0.9468771915042826,Athens Eleftherios Venizelos International Airport,37.936401,23.9445
LGBL,2.0,2.0,100.0,0.0,0.0,300.0,,172.5,213.75,282.5,351.25,392.5,,,,,,,,,,,282.5,392.5,100.0,,100.0,0.0,0.0,3.0,3.0,100.0,0.0,0.0,,,-325.2,-279.0,-202.0,-125.5,-79.6,,,,,,,,,,,202.0,325.2,100.0,,66.66666666666667,33.333333333333336,0.0,0.0,nm_inferred,3.0,100.0,,Nea Anchialos National Airport,39.219601,22.7943
LGHI,24.0,23.0,95.83333333333333,0.0,0.0,300.0,,196.0,292.5,390.0,512.5,615.6,,,,,,,,,,,390.0,615.6,100.0,,95.83333333333333,0.0,0.0,23.0,23.0,100.0,0.0,0.0,,,-292.0,-228.5,-190.0,-163.5,-122.79999999999998,,,,,,,,,,,190.0,292.0,95.65217391304348,,95.65217391304348,0.0,4.3478260869565215,0.0,nm_inferred,24.0,97.91666666666666,,Chios Island National Airport,38.34320068359375,26.140600204467773
LGIK,8.0,8.0,100.0,0.0,0.0,600.0,,-311.5,-136.75,25.0,258.25,294.7,,,,,,,,,,,267.5,317.1,50.0,,100.0,0.0,0.0,8.0,8.0,100.0,0.0,0.0,,,-236.29999999999998,-148.25,248.0,422.25,514.5,,,,,,,,,,,292.5,514.5,37.5,,100.0,0.0,0.0,0.0,nm_inferred,8.0,100.0,,Ikaria Airport,37.6827011108,26.3470993042
LGIO,10.0,10.0,100.0,0.0,0.0,300.0,,132.4,191.25,237.5,351.25,486.4999999999996,,,,,,,,,,,237.5,486.4999999999996,100.0,,100.0,0.0,0.0,10.0,10.0,100.0,0.0,0.0,,,-802.6,-578.5,-79.5,-21.5,67.29999999999976,,,,,,,,,,,206.0,802.5999999999999,90.0,,100.0,0.0,0.0,0.0,nm_inferred,10.0,100.0,,Ioannina King Pyrrhus National Airport,39.6964,20.8225
LGIR,443.0,437.0,98.64559819413093,0.0,0.0,600.0,,365.0,400.0,435.0,480.0,777.0000000000002,,,,,,,,,,,435.0,777.0000000000002,100.0,,85.77878103837472,12.866817155756207,0.0,463.0,457.0,98.70410367170626,0.0,0.0,,,-595.0,-441.0,-348.0,-233.0,-172.19999999999993,,,,,,,,,,,348.0,595.0000000000002,99.56236323851203,,85.7451403887689,12.742980561555076,0.2159827213822894,0.0,nm_inferred,463.0,98.67485093291859,,Heraklion International Nikos Kazantzakis Airport,35.339699,25.1803
LGKC,4.0,4.0,100.0,0.0,0.0,300.0,,300.0,345.0,370.0,503.75,744.5000000000001,,,,,,,,,,,370.0,744.5000000000001,100.0,,100.0,0.0,0.0,4.0,4.0,100.0,0.0,0.0,,,-68.5,-66.25,-37.5,60.0,186.00000000000006,,,,,,,,,,,67.5,210.00000000000003,75.0,,100.0,0.0,0.0,0.0,nm_inferred,4.0,100.0,,Kithira Airport,36.273978,23.016719
LGKF,55.0,55.0,100.0,0.0,0.0,600.0,,-600.6,-292.5,-55.0,55.5,281.0,,,,,,,,,,,145.0,771.8000000000001,36.36363636363637,,81.81818181818181,18.181818181818183,0.0,56.0,56.0,100.0,0.0,0.0,,,246.0,284.5,320.5,484.25,632.5,,,,,,,,,,,330.5,729.5,3.5714285714285716,,80.35714285714286,19.642857142857142,0.0,0.0,nm_inferred,56.0,100.0,,Kefallinia Airport,38.12009811401367,20.5004997253418
LGKJ,3.0,0.0,0.0,0.0,0.0,300.0,,,,,,,,,,,,,,,,,,,,,0.0,0.0,0.0,3.0,0.0,0.0,0.0,0.0,,,,,,,,,,,,,,,,,,,,,,0.0,0.0,0.0,0.0,nm_inferred,3.0,0.0,,Kastelorizo Airport,36.141701,29.576401
LGKL,40.0,39.0,97.5,0.0,0.0,480.0,,43.0,105.0,175.0,332.5,397.0,,,,,,,,,,,175.0,397.0,97.43589743589743,,80.0,17.5,0.0,40.0,39.0,97.5,0.0,0.0,,,-302.6,-125.5,41.0,96.5,116.4,,,,,,,,,,,103.0,302.6000000000001,46.15384615384615,,87.5,10.0,0.0,0.0,nm_inferred,40.0,97.5,,Kalamata Airport,37.06829833984375,22.02549934387207
LGKO,172.0,171.0,99.4186046511628,0.0,0.0,600.0,,-350.0,-175.0,5.0,50.0,85.0,,,,,,,,,,,60.0,460.0,52.046783625730995,,86.04651162790698,13.372093023255815,0.0,182.0,180.0,98.9010989010989,0.0,0.0,,,222.70000000000002,253.75,299.0,342.75,474.5,,,,,,,,,,,302.0,488.3999999999999,2.2222222222222223,,79.67032967032966,19.23076923076923,0.0,0.0,nm_inferred,182.0,99.15985177613085,,"Kos International Airport ""Ippokratis""",36.794523,27.09115
LGKP,23.0,20.0,86.95652173913044,0.0,0.0,300.0,,376.5,393.75,517.5,733.75,998.3000000000003,,,,,,,,,,,517.5,998.3000000000003,100.0,,86.95652173913044,0.0,0.0,23.0,20.0,86.95652173913044,0.0,0.0,,,-724.6,-560.75,-356.0,-267.0,-231.1,,,,,,,,,,,356.0,724.6000000000001,100.0,,82.6086956521739,4.3478260869565215,0.0,0.0,nm_inferred,23.0,86.95652173913044,,Karpathos Airport,35.421398,27.146
LGKR,251.0,251.0,100.0,0.0,0.0,900.0,,85.0,267.5,450.0,540.0,730.0,,,,,,,,,,,450.0,730.0,99.60159362549801,,84.4621513944223,15.53784860557769,0.0,255.0,255.0,100.0,0.0,0.0,,,-847.2,-664.0,-328.0,100.0,186.2,,,,,,,,,,,415.0,847.2,65.49019607843137,,82.74509803921569,17.254901960784313,0.0,0.0,nm_inferred,255.0,100.0,,Corfu Ioannis Kapodistrias International Airport,39.60145,19.912179
LGKS,6.0,0.0,0.0,0.0,0.0,300.0,,,,,,,,,,,,,,,,,,,,,0.0,0.0,0.0,6.0,0.0,0.0,0.0,0.0,,,,,,,,,,,,,,,,,,,,,,0.0,0.0,0.0,0.0,nm_inferred,6.0,0.0,,Kasos Airport,35.4213981628,26.9099998474
LGKV,18.0,17.0,94.44444444444444,0.0,0.0,480.0,,-165.4,-40.0,35.0,1397.0,2866.2000000000007,,,,,,,,,,,110.0,2866.2000000000007,58.8235294117647,,77.77777777777777,16.666666666666668,0.0,17.0,17.0,100.0,0.0,0.0,,,217.4,230.0,255.0,306.0,682.4,,,,,,,,,,,255.0,682.4,0.0,,94.11764705882354,5.882352941176471,0.0,0.0,nm_inferred,18.0,97.22222222222223,,Kavala Alexander the Great International Airport,40.9133,24.6192
LGKY,3.0,3.0,100.0,0.0,0.0,300.0,,57.6,153.0,312.0,408.5,466.4,,,,,,,,,,,312.0,466.4,66.66666666666667,,100.0,0.0,0.0,3.0,3.0,100.0,0.0,0.0,,,97.0,107.5,125.0,137.5,145.0,,,,,,,,,,,125.0,145.0,0.0,,100.0,0.0,0.0,0.0,nm_inferred,3.0,100.0,,Kalymnos Airport,36.9632987976,26.9405994415
LGKZ,,,,,,,,,,,,,,,,,,,,,,,,,,,,,,1.0,1.0,100.0,0.0,0.0,,,26.0,26.0,26.0,26.0,26.0,,,,,,,,,,,26.0,26.0,0.0,,100.0,0.0,0.0,0.0,nm_inferred,1.0,100.0,,Kozani National Airport Filippos,40.286098,21.840799
LGLE,6.0,3.0,50.0,0.0,0.0,300.0,,264.0,270.0,280.0,302.5,316.0,,,,,,,,,,,280.0,316.0,100.0,,50.0,0.0,0.0,6.0,3.0,50.0,0.0,0.0,,,-174.2,-173.0,-171.0,-110.5,-74.19999999999999,,,,,,,,,,,171.0,174.2,100.0,,50.0,0.0,0.0,0.0,nm_inferred,6.0,50.0,,Leros Airport,37.184898,26.800301
LGLM,15.0,15.0,100.0,0.0,0.0,300.0,,-46.0,-30.0,0.0,40.0,72.6,,,,,,,,,,,40.0,72.6,53.333333333333336,,93.33333333333333,0.0,6.666666666666667,15.0,15.0,100.0,0.0,0.0,,,-49.999999999999986,56.5,118.0,210.0,217.0,,,,,,,,,,,118.0,217.0,13.333333333333334,,100.0,0.0,0.0,0.0,nm_inferred,15.0,100.0,,Limnos Airport,39.917098999,25.236299514799995
LGMK,124.0,124.0,100.0,0.0,0.0,660.0,,-703.5,-377.5,-150.0,26.25,74.00000000000006,,,,,,,,,,,190.0,789.9000000000002,39.516129032258064,,91.93548387096774,4.838709677419355,3.225806451612903,124.0,124.0,100.0,0.0,0.0,,,222.6,267.25,382.5,495.0,577.7,,,,,,,,,,,388.0,579.4,1.6129032258064515,,87.09677419354838,8.064516129032258,4.838709677419355,0.0,nm_inferred,124.0,100.0,,Mykonos Island National Airport,37.435101,25.348101
LGML,25.0,25.0,100.0,0.0,0.0,300.0,,260.40000000000003,345.0,355.0,390.0,413.0,,,,,,,,,,,355.0,413.0,100.0,,96.0,0.0,4.0,16.0,16.0,100.0,0.0,0.0,,,63.0,137.0,176.5,186.0,193.5,,,,,,,,,,,176.5,193.5,6.25,,100.0,0.0,0.0,0.0,nm_inferred,25.0,100.0,,Milos Airport,36.696899,24.4769
LGMT,44.0,42.0,95.45454545454545,0.0,0.0,300.0,,-404.0,-263.75,-137.5,7.5,35.0,,,,,,,,,,,137.5,404.0,28.571428571428573,,72.72727272727273,15.909090909090908,6.818181818181818,43.0,42.0,97.67441860465117,0.0,0.0,,,248.4,302.75,432.5,564.75,1627.9999999999986,,,,,,,,,,,432.5,1627.9999999999986,4.761904761904762,,86.04651162790698,4.651162790697675,6.976744186046512,0.0,nm_inferred,44.0,96.56448202959831,,Mytilene International Airport,39.057406,26.598629
LGNX,37.0,37.0,100.0,0.0,0.0,300.0,,-172.2,20.0,250.0,425.0,584.9999999999998,,,,,,,,,,,265.0,584.9999999999998,75.67567567567568,,100.0,0.0,0.0,35.0,35.0,100.0,0.0,0.0,,,217.8,256.0,291.0,344.5,381.8,,,,,,,,,,,291.0,381.8,0.0,,100.0,0.0,0.0,0.0,nm_inferred,37.0,100.0,,Naxos Island National Airport,37.0811,25.368099
LGPA,46.0,45.0,97.82608695652173,0.0,0.0,300.0,,77.0,95.0,175.0,255.0,478.0,,,,,,,,,,,175.0,478.0,97.77777777777777,,97.82608695652173,0.0,0.0,45.0,44.0,97.77777777777777,0.0,0.0,,,162.8,265.5,368.5,436.25,486.6000000000001,,,,,,,,,,,368.5,486.6000000000001,4.545454545454546,,97.77777777777777,0.0,0.0,0.0,nm_inferred,46.0,97.80193236714976,,Paros National Airport,37.020495,25.113195
LGPL,4.0,4.0,100.0,0.0,0.0,600.0,,86.5,88.75,97.5,131.25,178.50000000000003,,,,,,,,,,,97.5,178.50000000000003,100.0,,100.0,0.0,0.0,4.0,4.0,100.0,0.0,0.0,,,-323.0,-170.0,-60.0,-0.75,60.90000000000003,,,,,,,,,,,93.5,328.1,75.0,,75.0,0.0,25.0,0.0,nm_inferred,4.0,100.0,,Astypalaia Airport,36.5798988342,26.3757991791
LGPZ,59.0,59.0,100.0,0.0,0.0,600.0,,-64.2,17.0,268.0,731.0,970.8000000000002,,,,,,,,,,,273.0,970.8000000000002,84.7457627118644,,77.96610169491525,22.033898305084747,0.0,60.0,60.0,100.0,0.0,0.0,,,-1121.7,-707.75,-98.0,256.75,305.30000000000007,,,,,,,,,,,295.5,1121.7,53.333333333333336,,81.66666666666667,18.333333333333332,0.0,0.0,nm_inferred,60.0,100.0,,Aktion National Airport,38.925499,20.765301
LGRP,360.0,353.0,98.05555555555556,0.0,0.0,600.0,,-1006.6,-755.0,-572.0,-386.0,-159.5999999999998,,,,,,,,,,,595.0,1250.6000000000001,6.515580736543909,,78.05555555555556,19.166666666666668,0.8333333333333334,374.0,365.0,97.59358288770053,0.0,0.0,,,416.8,517.0,604.0,725.0,869.0000000000001,,,,,,,,,,,611.0,894.8000000000001,2.191780821917808,,77.27272727272727,19.25133689839572,1.0695187165775402,0.0,nm_inferred,374.0,97.82456922162805,,"Rhodes International Airport ""Diagoras""",36.405399,28.086201
LGRX,11.0,11.0,100.0,0.0,0.0,300.0,,225.0,275.0,380.0,767.5,929.0,,,,,,,,,,,380.0,929.0,100.0,,63.63636363636363,36.36363636363637,0.0,11.0,11.0,100.0,0.0,0.0,,,-661.0,-507.5,-315.0,-113.5,-60.0,,,,,,,,,,,315.0,661.0,90.9090909090909,,90.9090909090909,9.090909090909092,0.0,0.0,nm_inferred,11.0,100.0,,Patras Araxos Agamemnon Airport,38.1511,21.4256
LGSA,222.0,222.0,100.0,0.0,0.0,780.0,,-85.0,-30.0,30.0,124.25,220.0,,,,,,,,,,,80.0,249.50000000000003,64.41441441441441,,85.58558558558559,13.963963963963964,0.45045045045045046,228.0,227.0,99.56140350877193,0.0,0.0,,,-226.79999999999995,62.5,201.0,232.0,290.0,,,,,,,,,,,211.0,356.20000000000005,19.823788546255507,,80.70175438596492,18.859649122807017,0.0,0.0,nm_inferred,228.0,99.78070175438597,,Chania International Airport,35.531207,24.150673
LGSK,47.0,47.0,100.0,0.0,0.0,720.0,,95.00000000000001,135.0,185.0,237.5,386.99999999999994,,,,,,,,,,,185.0,386.99999999999994,100.0,,72.34042553191489,25.53191489361702,2.127659574468085,46.0,46.0,100.0,0.0,0.0,,,-95.0,-32.0,10.0,76.0,157.5,,,,,,,,,,,47.5,186.0,45.65217391304348,,82.6086956521739,17.391304347826086,0.0,0.0,nm_inferred,47.0,100.0,,Skiathos Island National Airport,39.177101,23.5037
LGSM,38.0,38.0,100.0,0.0,0.0,360.0,,94.0,125.0,182.5,245.0,585.5000000000003,,,,,,,,,,,182.5,585.5000000000003,100.0,,81.57894736842105,18.42105263157895,0.0,39.0,39.0,100.0,0.0,0.0,,,-328.4,-224.5,-90.0,20.0,107.00000000000021,,,,,,,,,,,127.0,328.40000000000003,66.66666666666667,,84.61538461538461,15.384615384615385,0.0,0.0,nm_inferred,39.0,100.0,,Samos Airport,37.689999,26.911699
LGSO,2.0,2.0,100.0,0.0,0.0,450.0,,43.0,47.5,55.0,62.5,67.0,,,,,,,,,,,55.0,67.0,100.0,,50.0,50.0,0.0,3.0,3.0,100.0,0.0,0.0,,,278.8,292.0,314.0,319.5,322.8,,,,,,,,,,,314.0,322.8,0.0,,100.0,0.0,0.0,0.0,nm_inferred,3.0,100.0,,Syros Airport,37.4227981567,24.9508991241
LGSR,136.0,130.0,95.58823529411765,0.0,0.0,600.0,,195.0,235.0,270.0,355.0,486.0000000000001,,,,,,,,,,,270.0,486.0000000000001,100.0,,88.97058823529412,5.147058823529412,1.4705882352941178,138.0,133.0,96.3768115942029,0.0,0.0,,,-273.0,-82.0,11.0,101.0,126.6,,,,,,,,,,,96.0,273.0,46.61654135338346,,81.8840579710145,13.768115942028986,0.7246376811594203,0.0,nm_inferred,138.0,95.98252344416028,,Santorini International Airport,36.400045,25.478638
LGST,7.0,4.0,57.142857142857146,0.0,0.0,300.0,,673.5,851.25,970.0,1025.0,1088.0,,,,,,,,,,,970.0,1088.0,100.0,,42.857142857142854,14.285714285714286,0.0,7.0,4.0,57.142857142857146,0.0,0.0,,,-508.5,-492.75,-409.5,-310.0,-265.0,,,,,,,,,,,409.5,508.5,100.0,,57.142857142857146,0.0,0.0,0.0,nm_inferred,7.0,57.142857142857146,,Sitia Airport,35.21609878540039,26.101299285888672
LGSY,4.0,4.0,100.0,0.0,0.0,300.0,,-304.5,-221.25,-87.5,6.75,18.900000000000006,,,,,,,,,,,101.0,304.50000000000006,50.0,,100.0,0.0,0.0,4.0,4.0,100.0,0.0,0.0,,,238.5,258.75,293.5,662.5,1284.4000000000003,,,,,,,,,,,293.5,1284.4000000000003,0.0,,100.0,0.0,0.0,0.0,nm_inferred,4.0,100.0,,Skiros Airport,38.9676017761,24.4871997833
LGTS,302.0,300.0,99.33774834437087,0.0,0.0,600.0,,-615.5,-475.0,-220.0,-68.75,60.0,,,,,,,,,,,232.5,650.0,21.666666666666668,,90.06622516556291,8.940397350993377,0.33112582781456956,303.0,300.0,99.00990099009901,0.0,0.0,,,138.60000000000002,305.5,457.0,528.25,611.3000000000001,,,,,,,,,,,460.0,626.8000000000002,4.333333333333333,,87.7887788778878,10.561056105610561,0.6600660066006601,0.0,nm_inferred,303.0,99.17382466723494,,Thessaloniki Macedonia International Airport,40.51928,22.970009
LGZA,129.0,129.0,100.0,0.0,0.0,720.0,,-60.0,-40.0,5.0,51.0,121.00000000000001,,,,,,,,,,,44.0,127.00000000000003,52.713178294573645,,81.3953488372093,18.6046511627907,0.0,126.0,126.0,100.0,0.0,0.0,,,202.5,225.25,241.5,258.0,324.5,,,,,,,,,,,242.0,346.5,1.5873015873015872,,77.77777777777777,22.22222222222222,0.0,0.0,nm_inferred,129.0,100.0,,Zakynthos International Airport Dionysios Solomos,37.7509,20.8843
LHBP,607.0,605.0,99.67051070840198,0.0,99.17627677100495,653.0,30.0,-1092.0,-765.0,-630.0,-535.0,-363.9999999999998,0.7388520311055523,0.8925727934485896,0.9580815187772997,1.0,1.0,0.85,0.9090909090909091,0.9583333333333334,1.0,1.0,650.0,1499.0000000000014,5.454545454545454,60.333333333333336,83.36079077429983,14.168039538714991,2.1416803953871497,613.0,610.0,99.51060358890702,0.0,99.510603588907,255.0,5.0,355.0,480.0,540.0,645.0,871.5000000000003,1.0,1.0,1.0,1.0,1.0,1.0,1.0,1.0,1.0,1.0,565.0,2170.0,7.049180327868853,98.68204283360791,82.54486133768353,14.845024469820554,2.1207177814029365,99.510603588907,apdf,613.0,99.5905571486545,0.9751575387472421,Budapest Liszt Ferenc International Airport,47.43018,19.262393
LHDC,10.0,10.0,100.0,0.0,0.0,660.0,,-5.6999999999999975,30.25,66.0,81.0,958.3999999999999,,,,,,,,,,,74.0,958.3999999999999,90.0,,80.0,20.0,0.0,7.0,7.0,100.0,0.0,0.0,,,135.0,178.0,217.0,225.0,231.8,,,,,,,,,,,217.0,231.8,0.0,,100.0,0.0,0.0,0.0,nm_inferred,10.0,100.0,,Debrecen International Airport,47.489469,21.616278
LHSM,5.0,5.0,100.0,0.0,0.0,300.0,,36.2,38.0,80.0,90.0,111.0,,,,,,,,,,,80.0,111.0,100.0,,100.0,0.0,0.0,2.0,2.0,100.0,0.0,0.0,,,-154.0,-107.5,-30.0,47.5,94.0,,,,,,,,,,,155.0,179.0,50.0,,100.0,0.0,0.0,0.0,nm_inferred,5.0,100.0,,Hévíz–Balaton Airport,46.686391,17.159084
LIBC,14.0,14.0,100.0,0.0,0.0,300.0,,145.0,191.25,200.0,223.75,230.0,,,,,,,,,,,200.0,230.0,100.0,,100.0,0.0,0.0,14.0,14.0,100.0,0.0,0.0,,,-267.6,-206.25,-142.5,160.0,284.8,,,,,,,,,,,232.5,302.0,71.42857142857143,,92.85714285714286,7.142857142857143,0.0,0.0,nm_inferred,14.0,100.0,,Crotone Sant'Anna Pythagoras Airport,38.9972,17.0802
LIBD,286.0,285.0,99.65034965034965,0.0,0.0,480.0,,-934.0,-690.0,-560.0,-405.0,42.99999999999997,,,,,,,,,,,575.0,1018.9999999999998,15.43859649122807,,91.95804195804196,6.293706293706293,1.3986013986013985,286.0,286.0,100.0,0.0,0.0,,,312.5,501.25,590.0,673.75,1352.5,,,,,,,,,,,592.5,1874.0,2.4475524475524475,,90.55944055944056,8.041958041958042,1.3986013986013985,0.0,nm_inferred,286.0,99.82517482517483,,Bari Karol Wojtyła International Airport,41.138901,16.760599
LIBF,7.0,7.0,100.0,0.0,0.0,240.0,,-422.0,-357.5,-353.0,15.0,60.000000000000014,,,,,,,,,,,353.0,422.00000000000006,28.571428571428573,,100.0,0.0,0.0,6.0,6.0,100.0,0.0,0.0,,,445.0,519.5,675.5,709.25,710.0,,,,,,,,,,,675.5,710.0,0.0,,100.0,0.0,0.0,0.0,nm_inferred,7.0,100.0,,Foggia Gino Lisa Airport,41.433596,15.534566
LIBG,2.0,2.0,100.0,0.0,0.0,420.0,,85.5,93.75,107.5,121.25,129.5,,,,,,,,,,,107.5,129.5,100.0,,100.0,0.0,0.0,2.0,2.0,100.0,0.0,0.0,,,1.4000000000000021,26.0,67.0,108.0,132.6,,,,,,,,,,,82.0,135.6,50.0,,100.0,0.0,0.0,0.0,nm_inferred,2.0,100.0,,Taranto-Grottaglie Marcello Arlotta Airport,40.517502,17.4032
LIBP,53.0,53.0,100.0,0.0,0.0,420.0,,15.0,25.0,40.0,60.0,86.00000000000009,,,,,,,,,,,40.0,86.00000000000009,98.11320754716981,,84.90566037735849,15.09433962264151,0.0,52.0,52.0,100.0,0.0,0.0,,,236.0,289.25,310.0,336.25,424.9,,,,,,,,,,,310.0,434.4,3.8461538461538463,,88.46153846153847,11.538461538461538,0.0,0.0,nm_inferred,53.0,100.0,,Abruzzo Airport,42.431079,14.182981
LIBR,144.0,144.0,100.0,0.0,0.0,600.0,,-610.5,-486.25,-222.5,5.0,35.0,,,,,,,,,,,272.5,655.0,29.86111111111111,,84.02777777777777,13.88888888888889,2.0833333333333335,144.0,144.0,100.0,0.0,0.0,,,257.3,340.0,447.0,546.25,664.5000000000006,,,,,,,,,,,450.5,705.0,2.0833333333333335,,90.27777777777777,7.638888888888889,2.0833333333333335,0.0,nm_inferred,144.0,100.0,,Brindisi Airport,40.6576,17.947001
LICA,127.0,127.0,100.0,0.0,0.0,480.0,,35.0,50.0,65.0,80.0,102.00000000000003,,,,,,,,,,,65.0,102.00000000000003,100.0,,95.2755905511811,3.1496062992125986,1.5748031496062993,127.0,127.0,100.0,0.0,0.0,,,99.6,150.0,185.0,225.0,265.0,,,,,,,,,,,190.0,282.0,6.299212598425197,,93.7007874015748,6.299212598425197,0.0,0.0,nm_inferred,127.0,100.0,,Lamezia Terme Sant'Eufemia International Airport,38.906214,16.246007
LICB,20.0,20.0,100.0,0.0,0.0,420.0,,39.9,61.25,72.5,90.0,111.00000000000001,,,,,,,,,,,72.5,111.00000000000001,100.0,,100.0,0.0,0.0,19.0,18.0,94.73684210526316,0.0,0.0,,,242.0,257.5,292.5,315.0,326.5,,,,,,,,,,,292.5,326.5,0.0,,94.73684210526316,0.0,0.0,0.0,nm_inferred,20.0,97.36842105263159,,Comiso Airport,36.99583,14.60889
LICC,431.0,429.0,99.53596287703016,0.0,99.76798143851508,720.0,720.0,105.0,135.0,170.0,200.0,230.99999999999994,0.0,0.0,0.0,0.0,0.0,0.0,0.0,0.0,0.0,0.0,170.0,230.99999999999994,99.76689976689977,0.0,91.64733178654292,7.65661252900232,0.23201856148491878,429.0,428.0,99.76689976689977,0.0,99.76689976689977,300.0,275.0,-252.99999999999997,-35.0,30.0,70.0,106.50000000000006,0.0,0.0,0.07291666666666667,0.20833333333333334,0.36666666666666664,0.0,0.0,0.125,0.25,0.4166666666666667,65.0,305.0,39.7196261682243,0.468384074941452,89.97668997668998,9.557109557109557,0.2331002331002331,99.76798143851508,apdf,431.0,99.65143132196496,0.062282144576228105,Catania-Fontanarossa Airport,37.466801,15.0664
LICD,34.0,34.0,100.0,0.0,0.0,300.0,,-789.6999999999999,-593.0,-362.5,-97.0,11.7,,,,,,,,,,,444.0,1188.2999999999997,20.58823529411765,,97.05882352941177,0.0,2.9411764705882355,33.0,33.0,100.0,0.0,0.0,,,400.8,452.0,560.0,604.0,1087.6000000000001,,,,,,,,,,,560.0,1087.6000000000001,0.0,,96.96969696969697,0.0,3.0303030303030303,0.0,nm_inferred,34.0,100.0,,Lampedusa Airport,35.497898,12.6181
LICG,22.0,22.0,100.0,0.0,0.0,240.0,,-27.4,16.25,37.5,124.75,242.00000000000017,,,,,,,,,,,42.5,242.00000000000017,81.81818181818181,,90.9090909090909,9.090909090909092,0.0,21.0,21.0,100.0,0.0,0.0,,,-267.0,-50.0,195.0,260.0,320.0,,,,,,,,,,,235.0,365.0,28.571428571428573,,95.23809523809524,4.761904761904762,0.0,0.0,nm_inferred,22.0,100.0,,Pantelleria Airport,36.816502,11.9689
LICJ,347.0,345.0,99.42363112391931,0.0,0.0,720.0,,36.99999999999999,80.0,105.0,140.0,220.0,,,,,,,,,,,110.0,283.0000000000001,93.04347826086956,,94.81268011527378,4.034582132564841,0.5763688760806917,347.0,344.0,99.13544668587896,0.0,0.0,,,-353.5,-245.0,-165.0,175.0,260.0,,,,,,,,,,,215.0,365.0,68.8953488372093,,95.38904899135447,3.170028818443804,0.5763688760806917,0.0,nm_inferred,347.0,99.27953890489914,,Falcone–Borsellino Airport,38.175999,13.091
LICR,33.0,33.0,100.0,0.0,0.0,300.0,,-1230.0,-650.0,-500.0,-405.0,-191.39999999999995,,,,,,,,,,,505.0,1445.0000000000002,6.0606060606060606,,87.87878787878788,6.0606060606060606,6.0606060606060606,33.0,33.0,100.0,0.0,0.0,,,501.2,545.0,590.0,729.0,1833.0000000000002,,,,,,,,,,,590.0,1833.0000000000002,0.0,,87.87878787878788,6.0606060606060606,6.0606060606060606,0.0,nm_inferred,33.0,100.0,,Reggio Calabria Airport,38.071201,15.6516
LICT,57.0,57.0,100.0,0.0,0.0,900.0,,15.0,35.0,55.0,90.0,277.99999999999994,,,,,,,,,,,55.0,277.99999999999994,98.24561403508773,,92.98245614035088,7.017543859649122,0.0,56.0,56.0,100.0,0.0,0.0,,,-5.0,155.0,240.0,265.0,295.0,,,,,,,,,,,245.0,382.5,12.5,,94.64285714285714,5.357142857142857,0.0,0.0,nm_inferred,57.0,100.0,,Vincenzo Florio Airport Trapani-Birgi,37.9114,12.488
LIEA,82.0,81.0,98.78048780487805,0.0,0.0,600.0,,-255.0,-190.0,-120.0,-25.0,10.0,,,,,,,,,,,120.0,260.0,14.814814814814815,,95.1219512195122,3.658536585365854,0.0,83.0,83.0,100.0,0.0,0.0,,,349.6,408.5,433.0,460.0,486.99999999999994,,,,,,,,,,,433.0,486.99999999999994,0.0,,96.3855421686747,3.6144578313253013,0.0,0.0,nm_inferred,83.0,99.39024390243902,,Alghero-Fertilia Airport,40.632099,8.29077
LIEE,223.0,223.0,100.0,0.0,0.0,600.0,,60.0,85.0,280.0,415.0,493.0000000000001,,,,,,,,,,,280.0,493.0000000000001,100.0,,96.8609865470852,3.1390134529147984,0.0,223.0,223.0,100.0,0.0,0.0,,,-485.0,-312.5,-100.0,237.5,295.0,,,,,,,,,,,260.0,485.0,55.15695067264574,,98.20627802690584,1.7937219730941705,0.0,0.0,nm_inferred,223.0,100.0,,Cagliari Elmas Airport,39.251499,9.05428
LIEO,302.0,298.0,98.67549668874172,0.0,0.0,600.0,,18.500000000000014,200.0,255.0,325.0,405.0,,,,,,,,,,,280.0,503.0000000000001,92.28187919463087,,94.70198675496688,2.980132450331126,0.9933774834437086,302.0,301.0,99.66887417218543,0.0,0.0,,,-435.0,-305.0,-170.0,10.0,340.0,,,,,,,,,,,235.0,565.0,74.08637873754152,,94.03973509933775,4.304635761589404,1.3245033112582782,0.0,nm_inferred,302.0,99.17218543046357,,Olbia Costa Smeralda Airport,40.898953,9.518457
LIMC,969.0,969.0,100.0,0.0,100.0,900.0,900.0,25.0,35.0,50.0,70.0,80.0,0.0,0.0,0.0,0.0,0.0,0.0,0.0,0.0,0.0,0.0,55.0,85.0,97.11042311661507,0.0,89.88648090815273,10.010319917440661,0.10319917440660474,970.0,967.0,99.69072164948453,0.0,99.79381443298969,360.0,65.0,211.00000000000009,260.0,285.0,315.0,361.9999999999999,0.3925757575757576,0.575,0.8,1.0,1.0,0.45,0.625,0.8333333333333334,1.0,1.0,290.0,415.0,3.9296794208893484,39.79274611398964,88.04123711340206,11.443298969072165,0.20618556701030927,100.0,apdf,970.0,99.84536082474227,0.41602233676975947,Milan Malpensa International Airport,45.6306,8.72811
LIME,525.0,524.0,99.80952380952381,0.0,19.047619047619047,720.0,720.0,-5.0,10.0,25.0,40.0,63.49999999999994,0.0,0.0,0.0,0.0,0.0,0.0,0.0,0.0,0.0,0.0,25.0,63.49999999999994,88.74045801526718,0.0,87.80952380952381,11.238095238095237,0.7619047619047619,520.0,520.0,100.0,0.0,16.538461538461537,300.0,17.5,203.9,240.0,273.5,295.0,315.0,0.35833333333333334,0.6984126984126984,0.9388888888888889,1.0,1.0,0.4722222222222222,0.75,1.0,1.0,1.0,275.0,320.0,3.076923076923077,56.97674418604651,90.1923076923077,9.23076923076923,0.5769230769230769,19.047619047619047,nm_inferred,525.0,99.9047619047619,0.4995238095238095,Il Caravaggio International Airport,45.669362,9.708851
LIMF,181.0,180.0,99.4475138121547,0.0,96.68508287292818,540.0,75.0,-767.0,-571.25,-485.0,-383.75,-307.00000000000017,0.625,0.8036616161616161,0.8888888888888888,1.0,1.0,0.6033333333333334,0.7872023809523809,0.8888888888888888,1.0,1.0,487.5,801.0,2.2222222222222223,29.885057471264368,92.81767955801105,4.972375690607735,1.6574585635359116,185.0,185.0,100.0,0.0,98.91891891891892,420.0,5.0,427.0,530.0,575.0,625.0,748.0,0.9003030303030303,1.0,1.0,1.0,1.0,0.9,1.0,1.0,1.0,1.0,575.0,904.9999999999994,1.6216216216216217,84.69945355191257,92.97297297297297,5.405405405405405,1.6216216216216217,98.91891891891892,apdf,185.0,99.72375690607734,0.9418354818907304,Turin Airport,45.200802,7.64963
LIMG,7.0,7.0,100.0,0.0,0.0,480.0,,73.0,95.0,110.0,192.5,367.0000000000001,,,,,,,,,,,110.0,367.0000000000001,100.0,,100.0,0.0,0.0,9.0,9.0,100.0,0.0,0.0,,,67.2,167.0,200.0,210.0,226.4,,,,,,,,,,,200.0,226.4,0.0,,100.0,0.0,0.0,0.0,nm_inferred,9.0,100.0,,Riviera Villanova d'Albenga International Airport,44.050598,8.12743
LIMJ,82.0,82.0,100.0,0.0,0.0,600.0,,50.0,70.0,80.0,105.0,124.50000000000003,,,,,,,,,,,80.0,124.50000000000003,100.0,,97.5609756097561,2.4390243902439024,0.0,81.0,81.0,100.0,0.0,0.0,,,190.0,219.0,260.0,290.0,320.0,,,,,,,,,,,260.0,320.0,2.4691358024691357,,98.76543209876543,1.2345679012345678,0.0,0.0,nm_inferred,82.0,100.0,,Genoa Cristoforo Colombo Airport,44.412039,8.840732
LIML,497.0,492.0,98.99396378269617,0.0,100.0,840.0,840.0,10.0,25.0,40.0,55.0,65.0,0.0,0.0,0.0,0.0,0.0,0.0,0.0,0.0,0.0,0.0,40.0,65.0,96.7479674796748,0.0,91.34808853118712,7.042253521126761,0.6036217303822937,486.0,476.0,97.94238683127573,0.0,99.79423868312757,300.0,5.0,202.5,300.0,335.0,365.0,427.5,0.6150000000000001,0.9916666666666667,1.0,1.0,1.0,0.7,1.0,1.0,1.0,1.0,335.0,445.0,2.100840336134454,83.15789473684211,91.35802469135803,5.349794238683128,1.2345679012345678,100.0,apdf,497.0,98.46817530698596,0.49234087653492975,Milano Linate Airport,45.445099,9.27674
LIMP,17.0,17.0,100.0,0.0,0.0,300.0,,59.8,75.0,85.0,105.0,114.0,,,,,,,,,,,85.0,114.0,100.0,,94.11764705882354,5.882352941176471,0.0,17.0,17.0,100.0,0.0,0.0,,,53.0,60.0,130.0,175.0,197.0,,,,,,,,,,,130.0,197.0,5.882352941176471,,94.11764705882354,5.882352941176471,0.0,0.0,nm_inferred,17.0,100.0,,Parma Airport,44.826351,10.29705
LIMZ,11.0,10.0,90.9090909090909,0.0,0.0,480.0,,19.9,26.0,37.5,48.75,56.49999999999999,,,,,,,,,,,37.5,56.49999999999999,100.0,,90.9090909090909,0.0,0.0,10.0,10.0,100.0,0.0,0.0,,,183.4,208.5,228.5,251.25,335.69999999999993,,,,,,,,,,,228.5,335.69999999999993,0.0,,100.0,0.0,0.0,0.0,nm_inferred,11.0,95.45454545454545,,Cuneo International Airport,44.547458,7.623045
LIPB,38.0,38.0,100.0,0.0,0.0,420.0,,170.5,221.25,270.0,300.0,350.0,,,,,,,,,,,270.0,350.0,100.0,,97.36842105263158,2.6315789473684212,0.0,38.0,38.0,100.0,0.0,0.0,,,-306.0,-185.0,-145.0,-66.0,14.500000000000064,,,,,,,,,,,160.0,306.0000000000001,86.84210526315789,,100.0,0.0,0.0,0.0,nm_inferred,38.0,100.0,,Bolzano Airport,46.459245,11.326125
LIPE,390.0,390.0,100.0,0.0,95.12820512820512,600.0,600.0,-6.0,29.0,54.0,167.75,554.0,0.0,0.0,0.0,0.0,0.01,0.0,0.0,0.0,0.0,0.03571428571428571,61.0,555.5000000000003,88.97435897435898,0.0,88.2051282051282,11.538461538461538,0.2564102564102564,392.0,392.0,100.0,0.0,93.36734693877551,229.0,5.0,202.2,242.0,262.0,274.0,290.90000000000003,0.5563804909133537,0.8331940600383223,1.0,1.0,1.0,0.6153846153846154,0.8333333333333334,1.0,1.0,1.0,263.5,292.90000000000003,3.316326530612245,66.39344262295081,93.11224489795919,6.63265306122449,0.25510204081632654,95.12820512820512,apdf,392.0,100.0,0.5,Bologna Guglielmo Marconi Airport,44.5354,11.2887
LIPH,86.0,86.0,100.0,0.0,0.0,600.0,,10.0,20.0,40.0,55.0,75.0,,,,,,,,,,,40.0,75.0,97.67441860465117,,88.37209302325581,11.627906976744185,0.0,85.0,85.0,100.0,0.0,0.0,,,192.60000000000002,256.0,285.0,310.0,325.0,,,,,,,,,,,285.0,328.00000000000006,3.5294117647058822,,94.11764705882354,5.882352941176471,0.0,0.0,nm_inferred,86.0,100.0,,Treviso Airport,45.648399,12.1944
LIPK,8.0,8.0,100.0,0.0,0.0,600.0,,-3707.0,-1535.0,-422.5,-258.75,-219.0,,,,,,,,,,,422.5,3706.9999999999995,0.0,,87.5,0.0,12.5,7.0,7.0,100.0,0.0,0.0,,,458.0,495.0,565.0,605.0,3282.0000000000023,,,,,,,,,,,565.0,3282.0000000000023,0.0,,85.71428571428571,0.0,14.285714285714286,0.0,nm_inferred,8.0,100.0,,Forlì-Luigi Ridolfi International Airport,44.194801,12.0701
LIPN,,,,,,,,,,,,,,,,,,,,,,,,,,,,,,1.0,1.0,100.0,0.0,0.0,,,-225.0,-225.0,-225.0,-225.0,-225.0,,,,,,,,,,,225.0,225.0,100.0,,100.0,0.0,0.0,0.0,nm_inferred,1.0,100.0,,Verona-Boscomantico Airfield,45.472,10.9279
LIPO,30.0,30.0,100.0,0.0,0.0,480.0,,105.0,125.0,152.5,211.25,507.0000000000005,,,,,,,,,,,152.5,507.0000000000005,100.0,,80.0,20.0,0.0,32.0,32.0,100.0,0.0,0.0,,,-120.0,23.75,93.0,150.0,163.60000000000002,,,,,,,,,,,125.0,180.70000000000002,21.875,,90.625,6.25,3.125,0.0,nm_inferred,32.0,100.0,,Brescia Gabriele d'Annunzio Airport,45.428902,10.3306
LIPQ,64.0,64.0,100.0,0.0,0.0,600.0,,-682.0,-556.25,-445.0,-358.75,-170.4999999999999,,,,,,,,,,,475.0,747.5000000000001,4.6875,,96.875,3.125,0.0,62.0,62.0,100.0,0.0,0.0,,,419.3,480.75,524.0,570.0,903.4999999999998,,,,,,,,,,,525.0,1887.4999999999984,1.6129032258064515,,95.16129032258064,4.838709677419355,0.0,0.0,nm_inferred,64.0,100.0,,Trieste Airport,45.827862,13.466672
LIPR,31.0,31.0,100.0,0.0,0.0,600.0,,15.0,47.5,70.0,87.5,2155.0,,,,,,,,,,,70.0,2155.0,93.54838709677419,,80.64516129032258,19.35483870967742,0.0,27.0,27.0,100.0,0.0,0.0,,,-921.3999999999999,235.0,255.0,312.5,362.0,,,,,,,,,,,285.0,1228.0000000000045,11.11111111111111,,77.77777777777777,22.22222222222222,0.0,0.0,nm_inferred,31.0,100.0,,Federico Fellini International Airport,44.020024,12.612198
LIPV,,,,,,,,,,,,,,,,,,,,,,,,,,,,,,1.0,1.0,100.0,0.0,0.0,,,187.0,187.0,187.0,187.0,187.0,,,,,,,,,,,187.0,187.0,0.0,,100.0,0.0,0.0,0.0,nm_inferred,1.0,100.0,,Venice-Lido Giovanni Nicelli Airfield,45.428779,12.388733
LIPX,165.0,165.0,100.0,0.0,0.0,900.0,,57.000000000000014,80.0,100.0,125.0,155.0,,,,,,,,,,,100.0,155.0,99.39393939393939,,93.33333333333333,5.454545454545454,1.2121212121212122,163.0,163.0,100.0,0.0,0.0,,,59.2,112.0,140.0,165.0,194.00000000000006,,,,,,,,,,,145.0,200.0,6.134969325153374,,91.41104294478528,7.975460122699387,0.6134969325153374,0.0,nm_inferred,165.0,100.0,,Verona Villafranca Valerio Catullo Airport,45.394955,10.887303
LIPY,30.0,30.0,100.0,0.0,0.0,300.0,,54.5,75.0,117.5,158.75,1517.5000000000018,,,,,,,,,,,117.5,1517.5000000000018,100.0,,83.33333333333333,16.666666666666668,0.0,31.0,31.0,100.0,0.0,0.0,,,115.0,152.5,205.0,245.0,270.0,,,,,,,,,,,215.0,285.0,3.225806451612903,,93.54838709677419,6.451612903225806,0.0,0.0,nm_inferred,31.0,100.0,,Marche Airport,43.616299,13.3623
LIPZ,442.0,439.0,99.32126696832579,0.0,100.0,660.0,660.0,-15.0,5.0,25.0,45.0,100.99999999999994,0.0,0.0,0.0,0.0,0.02606837606837604,0.0,0.0,0.0,0.0,0.0625,30.0,522.9999999999998,78.35990888382688,2.5056947608200457,85.06787330316742,13.800904977375566,0.45248868778280543,432.0,429.0,99.30555555555556,0.0,100.0,300.0,10.0,235.0,295.0,310.0,335.0,397.99999999999955,0.43299663299663305,0.7833333333333333,0.9666666666666667,1.0,1.0,0.5544444444444445,0.8333333333333334,1.0,1.0,1.0,315.0,541.0,3.4965034965034967,58.50815850815851,88.42592592592592,10.416666666666666,0.46296296296296297,100.0,apdf,442.0,99.31341126194067,0.4965670563097034,Venice Marco Polo Airport,45.505299,12.3519
LIQS,3.0,3.0,100.0,0.0,0.0,60.0,,115.0,197.5,335.0,347.5,355.0,,,,,,,,,,,335.0,355.0,100.0,,100.0,0.0,0.0,3.0,3.0,100.0,0.0,0.0,,,-120.0,-15.0,160.0,182.5,196.0,,,,,,,,,,,190.0,202.0,33.333333333333336,,100.0,0.0,0.0,0.0,nm_inferred,3.0,100.0,,Siena-Ampugnano Airport,43.254942,11.255084
LIRA,149.0,149.0,100.0,0.0,100.0,660.0,660.0,0.0,10.0,30.0,45.0,61.000000000000085,0.0,0.0,0.0,0.0,0.0,0.0,0.0,0.0,0.0,0.03380952380952385,30.0,61.000000000000085,90.60402684563758,0.0,88.59060402684564,11.409395973154362,0.0,148.0,148.0,100.0,0.0,99.32432432432432,360.0,15.0,295.0,315.0,335.0,355.0,370.0,0.5166666666666667,0.6869212962962963,0.9583333333333334,1.0,1.0,0.55,0.7361111111111112,1.0,1.0,1.0,340.0,375.0,1.3513513513513513,57.142857142857146,92.56756756756756,6.081081081081081,1.3513513513513513,100.0,apdf,149.0,100.0,0.5,Ciampino–G. B. Pastine International Airport,41.798769,12.595331
LIRF,1475.0,1472.0,99.79661016949153,0.0,98.77966101694915,1080.0,1080.0,-10.0,0.0,20.0,35.0,45.0,0.0,0.0,0.0,0.0,0.006944444444444444,0.0,0.0,0.0,0.0,0.027777777777777776,20.0,50.0,83.15217391304348,0.0,88.33898305084746,11.11864406779661,0.3389830508474576,1456.0,1452.0,99.72527472527473,0.0,96.97802197802197,600.0,252.5,295.0,310.0,330.0,350.0,365.0,0.31470588235294117,0.4362980769230769,0.5666666666666667,0.6979166666666666,0.875,0.3333333333333333,0.46153846153846156,0.6,0.75,0.9166666666666666,330.0,365.0,0.7575757575757576,8.652482269503546,92.03296703296704,7.3489010989010985,0.3434065934065934,98.77966101694915,apdf,1475.0,99.76094244738313,0.2992828273421494,Rome–Fiumicino Leonardo da Vinci International Airport,41.804532,12.251998
LIRI,23.0,23.0,100.0,0.0,0.0,420.0,,165.0,182.5,195.0,237.5,287.0,,,,,,,,,,,195.0,287.0,100.0,,91.30434782608695,8.695652173913043,0.0,24.0,24.0,100.0,0.0,0.0,,,-297.0,-165.0,-74.5,-8.0,45.699999999999974,,,,,,,,,,,80.0,296.99999999999994,79.16666666666667,,95.83333333333333,4.166666666666667,0.0,0.0,nm_inferred,24.0,100.0,,Salerno Costa d'Amalfi Airport,40.620399,14.9113
LIRJ,4.0,4.0,100.0,0.0,0.0,60.0,,140.5,156.25,167.5,173.75,180.5,,,,,,,,,,,167.5,180.5,100.0,,100.0,0.0,0.0,5.0,5.0,100.0,0.0,0.0,,,106.2,180.0,200.0,225.0,234.0,,,,,,,,,,,200.0,234.0,0.0,,100.0,0.0,0.0,0.0,nm_inferred,5.0,100.0,,Marina di Campo Airport,42.760871,10.239811
LIRN,470.0,466.0,99.14893617021276,1.0,99.7872340425532,660.0,660.0,175.0,190.0,210.0,235.0,305.0,0.0,0.0,0.0,0.0,0.0,0.0,0.0,0.0,0.0,0.0,210.0,305.0,99.35622317596567,0.21551724137931033,89.7872340425532,9.148936170212766,0.2127659574468085,467.0,465.0,99.57173447537473,0.0,99.78586723768737,240.0,240.0,-545.0,-395.0,-275.0,-195.0,-145.0,0.0,0.0,0.0,0.0,0.0,0.0,0.0,0.0,0.0,0.0,275.0,545.0,98.49462365591398,0.21551724137931033,89.72162740899357,9.635974304068522,0.21413276231263384,99.7872340425532,apdf,470.0,99.36033532279374,0.0,Naples International Airport,40.886002,14.2908
LIRP,247.0,246.0,99.59514170040485,0.0,0.0,900.0,,0.0,25.0,45.0,123.75,177.5,,,,,,,,,,,50.0,177.5,90.65040650406505,,91.49797570850203,7.6923076923076925,0.4048582995951417,250.0,249.0,99.6,0.0,0.0,,,-110.39999999999999,30.0,251.0,267.0,279.20000000000005,,,,,,,,,,,254.0,286.0,18.87550200803213,,88.0,11.6,0.0,0.0,nm_inferred,250.0,99.59757085020243,,Pisa International Airport,43.683899,10.3927
LIRQ,214.0,213.0,99.53271028037383,0.0,0.0,1200.0,,130.0,155.0,180.0,210.0,245.0,,,,,,,,,,,180.0,253.0000000000001,99.53051643192488,,92.05607476635514,6.074766355140187,1.4018691588785046,207.0,206.0,99.51690821256038,0.0,0.0,,,-353.0,-156.25,-60.0,103.75,160.0,,,,,,,,,,,119.5,356.0,63.592233009708735,,94.20289855072464,4.830917874396135,0.4830917874396135,0.0,nm_inferred,214.0,99.5248092464671,,"Florence Airport, Peretola",43.808558,11.202822
LIRS,8.0,8.0,100.0,0.0,0.0,600.0,,-896.9999999999999,-491.25,-415.0,-278.75,-246.5,,,,,,,,,,,415.0,896.9999999999998,0.0,,100.0,0.0,0.0,8.0,8.0,100.0,0.0,0.0,,,474.0,517.5,540.0,591.25,749.4999999999999,,,,,,,,,,,540.0,749.4999999999999,0.0,,87.5,0.0,12.5,0.0,nm_inferred,8.0,100.0,,Grosseto Corrado Baccarini Air Base / Grosseto Airport,42.759701,11.0719
LIRZ,35.0,35.0,100.0,0.0,0.0,240.0,,-927.9999999999999,-700.0,-525.0,-320.0,240.00000000000125,,,,,,,,,,,590.0,2797.0000000000005,11.428571428571429,,82.85714285714286,11.428571428571429,5.714285714285714,36.0,36.0,100.0,0.0,0.0,,,562.5,686.25,735.0,1930.0,2404.0,,,,,,,,,,,735.0,2404.0,0.0,,94.44444444444444,0.0,5.555555555555555,0.0,nm_inferred,36.0,100.0,,Perugia San Francesco d'Assisi – Umbria International Airport,43.095901,12.5132
LJLJ,92.0,90.0,97.82608695652173,0.0,41.30434782608695,660.0,600.0,34.9,46.0,70.0,95.75,120.50000000000004,0.0,0.0,0.0,0.0,0.0,0.0,0.0,0.0,0.0,0.0,70.0,120.50000000000004,100.0,0.0,84.78260869565217,10.869565217391305,2.1739130434782608,92.0,90.0,97.82608695652173,0.0,26.08695652173913,181.5,5.0,38.00000000000003,248.25,269.0,284.75,293.20000000000005,0.9128120478053486,1.0,1.0,1.0,1.0,1.0,1.0,1.0,1.0,1.0,273.0,307.30000000000047,10.0,91.30434782608695,82.6086956521739,14.130434782608695,1.0869565217391304,41.30434782608695,nm_inferred,92.0,97.82608695652173,0.48913043478260865,Ljubljana Jože Pučnik Airport,46.223701,14.4576
LJMB,1.0,1.0,100.0,0.0,0.0,300.0,,90.0,90.0,90.0,90.0,90.0,,,,,,,,,,,90.0,90.0,100.0,,100.0,0.0,0.0,,,,,,,,,,,,,,,,,,,,,,,,,,,,,,0.0,nm_inferred,1.0,100.0,,Maribor Edvard Rusjan Airport,46.4799,15.6861
LJPZ,3.0,3.0,100.0,0.0,0.0,300.0,,-25.0,-10.0,15.0,40.0,55.0,,,,,,,,,,,35.0,59.0,66.66666666666667,,100.0,0.0,0.0,3.0,3.0,100.0,0.0,0.0,,,167.8,185.5,215.0,251.0,272.6,,,,,,,,,,,215.0,272.6,0.0,,100.0,0.0,0.0,0.0,nm_inferred,3.0,100.0,,Portorož Airport,45.47201,13.615951
LKCS,5.0,5.0,100.0,0.0,0.0,300.0,,-439.0,-355.0,-350.0,-230.0,763.0000000000001,,,,,,,,,,,355.0,1053.0,20.0,,80.0,0.0,20.0,5.0,5.0,100.0,0.0,0.0,,,-2727.0,504.0,541.0,595.0,641.8,,,,,,,,,,,595.0,3197.8,20.0,,80.0,20.0,0.0,0.0,nm_inferred,5.0,100.0,,České Budějovice South Bohemian Airport,48.948171,14.42832
LKHS,1.0,1.0,100.0,0.0,0.0,300.0,,-320.0,-320.0,-320.0,-320.0,-320.0,,,,,,,,,,,320.0,320.0,0.0,,100.0,0.0,0.0,,,,,,,,,,,,,,,,,,,,,,,,,,,,,,0.0,nm_inferred,1.0,100.0,,Hosín Airfield,49.040001,14.495
LKKB,,,,,,,,,,,,,,,,,,,,,,,,,,,,,,1.0,1.0,100.0,0.0,0.0,,,-813.0,-813.0,-813.0,-813.0,-813.0,,,,,,,,,,,813.0,813.0,100.0,,0.0,0.0,100.0,0.0,nm_inferred,1.0,100.0,,Prague–Kbely Air Base,50.121399,14.5436
LKKV,3.0,3.0,100.0,0.0,0.0,300.0,,44.0,50.0,60.0,87.5,104.0,,,,,,,,,,,60.0,104.0,100.0,,100.0,0.0,0.0,2.0,2.0,100.0,0.0,0.0,,,127.8,139.5,159.0,178.5,190.2,,,,,,,,,,,159.0,190.2,0.0,,100.0,0.0,0.0,0.0,nm_inferred,3.0,100.0,,Karlovy Vary Airport,50.202999,12.915
LKMB,,,,,,,,,,,,,,,,,,,,,,,,,,,,,,1.0,1.0,100.0,0.0,0.0,,,328.0,328.0,328.0,328.0,328.0,,,,,,,,,,,328.0,328.0,0.0,,100.0,0.0,0.0,0.0,nm_inferred,1.0,100.0,,Mladá Boleslav Airfield,50.3983,14.8983
LKMH,2.0,2.0,100.0,0.0,0.0,600.0,,40.5,41.25,42.5,43.75,44.5,,,,,,,,,,,42.5,44.5,100.0,,100.0,0.0,0.0,1.0,1.0,100.0,0.0,0.0,,,442.0,442.0,442.0,442.0,442.0,,,,,,,,,,,442.0,442.0,0.0,,100.0,0.0,0.0,0.0,nm_inferred,2.0,100.0,,Mnichovo Hradiště Airport,50.540199,15.0066
LKMT,40.0,40.0,100.0,0.0,0.0,300.0,,54.5,65.0,77.5,110.0,580.0000000000005,,,,,,,,,,,77.5,580.0000000000005,100.0,,92.5,7.5,0.0,40.0,39.0,97.5,0.0,0.0,,,-136.99999999999997,122.5,195.0,249.0,284.00000000000006,,,,,,,,,,,205.0,322.0,15.384615384615385,,80.0,17.5,0.0,0.0,nm_inferred,40.0,98.75,,Leoš Janáček Airport Ostrava,49.696301,18.111099
LKPD,14.0,14.0,100.0,0.0,0.0,600.0,,-867.5,-445.0,-140.0,-25.0,34.00000000000002,,,,,,,,,,,165.0,1633.0000000000011,21.428571428571427,,92.85714285714286,7.142857142857143,0.0,15.0,15.0,100.0,0.0,0.0,,,333.0,412.5,558.0,609.0,626.8,,,,,,,,,,,558.0,626.8,0.0,,100.0,0.0,0.0,0.0,nm_inferred,15.0,100.0,,Pardubice Airport,50.015049,15.73981
LKPM,,,,,,,,,,,,,,,,,,,,,,,,,,,,,,1.0,1.0,100.0,0.0,0.0,,,349.0,349.0,349.0,349.0,349.0,,,,,,,,,,,349.0,349.0,0.0,,100.0,0.0,0.0,0.0,nm_inferred,1.0,100.0,,Příbram Airfield,49.7201,14.1006
LKPR,668.0,664.0,99.40119760479043,0.0,100.0,720.0,37.5,-1183.5,-826.25,-635.0,-433.75,-255.0,0.4595833333333333,0.6590073529411764,0.9444444444444444,1.0,1.0,0.53125,0.7,0.9583333333333334,1.0,1.0,647.5,1403.5000000000002,4.367469879518072,54.51807228915663,90.5688622754491,7.634730538922156,1.1976047904191616,670.0,663.0,98.95522388059702,0.0,100.0,240.0,5.0,446.0,525.0,575.0,642.5,763.0000000000007,1.0,1.0,1.0,1.0,1.0,1.0,1.0,1.0,1.0,1.0,585.0,844.0000000000003,3.770739064856712,98.34087481146305,89.1044776119403,8.955223880597014,0.8955223880597015,100.0,apdf,670.0,99.17821074269372,0.971119980188876,Václav Havel Airport Prague,50.100874,14.259911
LKTB,54.0,54.0,100.0,0.0,0.0,300.0,,-357.0,-208.75,-145.0,-36.25,40.0,,,,,,,,,,,150.0,370.50000000000006,16.666666666666668,,90.74074074074075,5.555555555555555,3.7037037037037037,57.0,57.0,100.0,0.0,0.0,,,263.20000000000005,407.0,475.0,545.0,628.0,,,,,,,,,,,475.0,642.0,1.7543859649122806,,94.73684210526316,1.7543859649122806,3.508771929824561,0.0,nm_inferred,57.0,100.0,,Brno-Tuřany Airport,49.151276,16.693972
LKVO,1.0,1.0,100.0,0.0,0.0,600.0,,5.0,5.0,5.0,5.0,5.0,,,,,,,,,,,5.0,5.0,100.0,,100.0,0.0,0.0,,,,,,,,,,,,,,,,,,,,,,,,,,,,,,0.0,nm_inferred,1.0,100.0,,Vodochody Airport,50.216599,14.3958
LLBG,460.0,442.0,96.08695652173913,0.0,0.0,900.0,,-1183.5,-908.75,-685.0,-386.25,-215.49999999999983,,,,,,,,,,,735.0,1568.5000000000023,7.013574660633484,,85.65217391304348,9.347826086956522,1.0869565217391304,441.0,419.0,95.01133786848072,0.0,0.0,,,351.6,495.0,595.0,685.0,1019.9999999999994,,,,,,,,,,,612.0,1723.7999999999993,6.443914081145585,,82.08616780045351,12.471655328798185,0.45351473922902497,0.0,nm_inferred,460.0,95.54914719510992,,Ben Gurion International Airport,32.011398,34.8867
LLER,26.0,21.0,80.76923076923077,0.0,0.0,600.0,,485.0,545.0,560.0,630.0,825.0,,,,,,,,,,,560.0,825.0,100.0,,76.92307692307692,3.8461538461538463,0.0,23.0,18.0,78.26086956521739,0.0,0.0,,,-672.5,-535.25,-452.5,-371.25,-337.5,,,,,,,,,,,452.5,672.5,100.0,,78.26086956521739,0.0,0.0,0.0,nm_inferred,26.0,79.51505016722408,,Ramon International Airport,29.727009,35.014116
LLHA,29.0,26.0,89.65517241379311,0.0,0.0,300.0,,-251.0,-95.0,157.5,638.75,1142.0,,,,,,,,,,,251.0,1142.0,61.53846153846154,,82.75862068965517,6.896551724137931,0.0,33.0,29.0,87.87878787878788,0.0,0.0,,,294.2,324.0,488.0,546.0,607.6,,,,,,,,,,,500.0,614.1999999999999,3.4482758620689653,,84.84848484848484,3.0303030303030303,0.0,0.0,nm_inferred,33.0,88.76698014629049,,Uri Michaeli Haifa International Airport,32.810219,35.043719
LMML,352.0,351.0,99.7159090909091,0.0,1.7045454545454544,480.0,65.0,-1000.0,-715.0,-535.0,-317.5,-65.0,0.0,0.16287878787878787,0.7215909090909091,0.9479166666666666,1.0,0.6704545454545454,0.7589285714285714,0.8511904761904762,0.9791666666666666,1.0,575.0,2155.0,9.116809116809117,33.333333333333336,87.2159090909091,11.647727272727273,0.8522727272727273,360.0,358.0,99.44444444444444,0.0,2.2222222222222223,240.0,5.0,414.7,493.0,547.0,673.5,972.3,0.0,0.0,1.0,1.0,1.0,1.0,1.0,1.0,1.0,1.0,551.5,1077.1000000000001,3.0726256983240225,100.0,90.0,8.055555555555555,1.3888888888888888,2.2222222222222223,nm_inferred,360.0,99.58017676767676,0.9217093742484368,Malta International Airport,35.845932,14.491546
LOAN,1.0,1.0,100.0,0.0,0.0,300.0,,20.0,20.0,20.0,20.0,20.0,,,,,,,,,,,20.0,20.0,100.0,,100.0,0.0,0.0,,,,,,,,,,,,,,,,,,,,,,,,,,,,,,0.0,nm_inferred,1.0,100.0,,Wiener Neustadt East Airport,47.8433,16.260099
LOAV,1.0,1.0,100.0,0.0,0.0,600.0,,0.0,0.0,0.0,0.0,0.0,,,,,,,,,,,0.0,0.0,100.0,,100.0,0.0,0.0,1.0,1.0,100.0,0.0,0.0,,,270.0,270.0,270.0,270.0,270.0,,,,,,,,,,,270.0,270.0,0.0,,100.0,0.0,0.0,0.0,nm_inferred,1.0,100.0,,Vöslau-Kottingbrunn Airfield,47.965,16.26
LOIJ,2.0,2.0,100.0,0.0,0.0,600.0,,116.5,117.25,118.5,119.75,120.5,,,,,,,,,,,118.5,120.5,100.0,,100.0,0.0,0.0,,,,,,,,,,,,,,,,,,,,,,,,,,,,,,0.0,nm_inferred,2.0,100.0,,Sankt Johann Airfield,47.5201,12.4497
LOLW,1.0,1.0,100.0,0.0,0.0,600.0,,-8605.0,-8605.0,-8605.0,-8605.0,-8605.0,,,,,,,,,,,8605.0,8605.0,0.0,,0.0,0.0,100.0,1.0,1.0,100.0,0.0,0.0,,,2665.0,2665.0,2665.0,2665.0,2665.0,,,,,,,,,,,2665.0,2665.0,0.0,,0.0,0.0,100.0,0.0,nm_inferred,1.0,100.0,,Wels Airfield,48.182513,14.039283
LOWG,38.0,34.0,89.47368421052632,0.0,0.0,240.0,,-813.9,-582.5,-442.5,-365.0,-301.0,,,,,,,,,,,442.5,813.8999999999999,2.9411764705882355,,84.21052631578948,2.6315789473684212,2.6315789473684212,40.0,38.0,95.0,0.0,0.0,,,370.5,461.25,501.5,534.5,860.0000000000027,,,,,,,,,,,501.5,860.0000000000027,0.0,,87.5,5.0,2.5,0.0,nm_inferred,40.0,92.23684210526315,,Graz Airport,46.9911,15.4396
LOWI,34.0,34.0,100.0,0.0,0.0,300.0,,-618.5,-396.25,-257.5,-172.5,16.999999999999993,,,,,,,,,,,262.5,675.5,14.705882352941176,,91.17647058823529,5.882352941176471,2.9411764705882355,38.0,38.0,100.0,0.0,0.0,,,270.0,453.75,490.0,518.5,543.3000000000001,,,,,,,,,,,492.5,562.7000000000002,5.2631578947368425,,89.47368421052632,7.894736842105263,2.6315789473684212,0.0,nm_inferred,38.0,100.0,,Innsbruck Airport,47.260201,11.344
LOWK,9.0,9.0,100.0,0.0,0.0,240.0,,133.0,150.0,160.0,175.0,602.0000000000003,,,,,,,,,,,160.0,602.0000000000003,100.0,,88.88888888888889,11.11111111111111,0.0,11.0,11.0,100.0,0.0,0.0,,,-245.0,-87.5,-5.0,15.0,55.0,,,,,,,,,,,45.0,245.0,63.63636363636363,,72.72727272727273,18.181818181818183,9.090909090909092,0.0,nm_inferred,11.0,100.0,,Klagenfurt Airport,46.642502,14.3377
LOWL,25.0,25.0,100.0,0.0,0.0,300.0,,-783.0,-550.0,-360.0,-173.0,-110.99999999999997,,,,,,,,,,,360.0,783.0000000000002,8.0,,100.0,0.0,0.0,25.0,25.0,100.0,0.0,0.0,,,410.0,475.0,501.0,630.0,678.0,,,,,,,,,,,575.0,689.0,4.0,,92.0,4.0,4.0,0.0,nm_inferred,25.0,100.0,,Linz-Hörsching Airport,48.235362,14.188128
LOWS,102.0,102.0,100.0,0.0,0.0,300.0,,-4.499999999999993,20.0,40.0,50.0,79.00000000000006,,,,,,,,,,,40.0,94.50000000000003,89.2156862745098,,94.11764705882354,5.882352941176471,0.0,94.0,93.0,98.93617021276596,0.0,0.0,,,276.0,298.0,325.0,355.0,459.4,,,,,,,,,,,330.0,509.0,7.526881720430108,,86.17021276595744,9.574468085106384,3.1914893617021276,0.0,nm_inferred,102.0,99.46808510638297,,Salzburg Airport,47.793301,13.0043
LOWW,1070.0,1068.0,99.81308411214954,0.0,99.90654205607477,540.0,30.0,-810.0,-640.0,-485.0,-340.0,-215.0,0.4365740740740741,0.7939814814814814,0.9523809523809523,1.0,1.0,0.5,0.8333333333333334,0.9615384615384616,1.0,1.0,512.5,943.0000000000007,4.868913857677903,54.2642924086223,88.69158878504673,10.373831775700934,0.7476635514018691,1057.0,1055.0,99.81078524124882,0.0,100.0,300.0,5.0,462.0,535.0,610.0,700.0,838.0000000000001,1.0,1.0,1.0,1.0,1.0,1.0,1.0,1.0,1.0,1.0,625.0,933.0000000000001,4.170616113744076,96.58767772511848,88.93093661305582,9.933774834437086,0.9460737937559129,100.0,apdf,1070.0,99.81193467669918,0.9789247439445496,Vienna International Airport,48.110298,16.5697
LPAZ,14.0,13.0,92.85714285714286,0.0,0.0,360.0,,306.0,460.0,490.0,625.0,666.0,,,,,,,,,,,490.0,666.0,100.0,,92.85714285714286,0.0,0.0,13.0,13.0,100.0,0.0,0.0,,,-1003.9999999999998,-134.0,25.0,50.0,74.0,,,,,,,,,,,75.0,1004.0000000000007,38.46153846153846,,92.3076923076923,7.6923076923076925,0.0,0.0,nm_inferred,14.0,96.42857142857143,,Santa Maria Airport,36.97140121459961,-25.17060089111328
LPBJ,3.0,3.0,100.0,0.0,0.0,300.0,,56.0,72.5,100.0,105.0,108.0,,,,,,,,,,,100.0,108.0,100.0,,100.0,0.0,0.0,4.0,4.0,100.0,0.0,0.0,,,-289.6,-164.5,-64.5,-29.25,-20.699999999999996,,,,,,,,,,,64.5,289.6,100.0,,100.0,0.0,0.0,0.0,nm_inferred,4.0,100.0,,Beja Airport / Airbase,38.078899,-7.9324
LPCS,29.0,29.0,100.0,0.0,0.0,360.0,,-5.0,25.0,35.0,50.0,86.0,,,,,,,,,,,40.0,86.0,82.75862068965517,,89.65517241379311,6.896551724137931,3.4482758620689653,27.0,27.0,100.0,0.0,0.0,,,252.4,290.0,305.0,334.0,350.0,,,,,,,,,,,305.0,350.0,0.0,,92.5925925925926,3.7037037037037037,3.7037037037037037,0.0,nm_inferred,29.0,100.0,,Cascais Airport,38.724998,-9.35523
LPEV,,,,,,,,,,,,,,,,,,,,,,,,,,,,,,1.0,1.0,100.0,0.0,0.0,,,49.0,49.0,49.0,49.0,49.0,,,,,,,,,,,49.0,49.0,0.0,,100.0,0.0,0.0,0.0,nm_inferred,1.0,100.0,,Évora Airfield,38.533501,-7.88964
LPFL,7.0,7.0,100.0,0.0,0.0,600.0,,2881.0,2905.0,2995.0,3130.0,3393.0,,,,,,,,,,,2995.0,3393.0,100.0,,100.0,0.0,0.0,5.0,0.0,0.0,0.0,0.0,,,,,,,,,,,,,,,,,,,,,,0.0,0.0,0.0,0.0,nm_inferred,7.0,50.0,,,,
LPFR,398.0,398.0,100.0,0.0,93.21608040201005,600.0,45.0,-853.0,-660.0,-520.0,-260.0,-121.99999999999989,0.2222222222222222,0.46825396825396826,0.9523809523809523,1.0,1.0,0.2777777777777778,0.5,0.9473684210526315,1.0,1.0,525.0,911.5,3.5175879396984926,48.78706199460917,94.22110552763819,4.773869346733668,1.0050251256281406,397.0,397.0,100.0,0.0,94.96221662468514,300.0,5.0,435.0,510.0,565.0,610.0,690.0,1.0,1.0,1.0,1.0,1.0,1.0,1.0,1.0,1.0,1.0,565.0,710.0,1.2594458438287153,98.40848806366047,91.183879093199,7.8085642317380355,1.0075566750629723,94.96221662468514,apdf,398.0,100.0,0.9736842105263157,Faro - Gago Coutinho International Airport,37.015909,-7.970939
LPGR,3.0,3.0,100.0,0.0,0.0,600.0,,1959.0,1965.0,1975.0,2025.0,2055.0,,,,,,,,,,,1975.0,2055.0,100.0,,100.0,0.0,0.0,2.0,0.0,0.0,0.0,0.0,,,,,,,,,,,,,,,,,,,,,,0.0,0.0,0.0,0.0,nm_inferred,3.0,50.0,,,,
LPHR,15.0,14.0,93.33333333333333,0.0,0.0,300.0,,1796.5,1826.25,2007.5,3481.25,5447.0,,,,,,,,,,,2007.5,5447.0,100.0,,93.33333333333333,0.0,0.0,16.0,4.0,25.0,0.0,0.0,,,-6885.5,-6496.25,-6130.0,-5491.25,-4611.5,,,,,,,,,,,6130.0,6885.5,100.0,,25.0,0.0,0.0,0.0,nm_inferred,16.0,59.166666666666664,,,,
LPLA,36.0,36.0,100.0,0.0,0.0,300.0,,1185.0,1218.75,1312.5,2923.75,4757.5,,,,,,,,,,,1312.5,4757.5,100.0,,100.0,0.0,0.0,37.0,14.0,37.83783783783784,0.0,0.0,,,-6071.2,-5722.0,-5421.5,-3767.25,-2588.6999999999994,,,,,,,,,,,5421.5,6071.2,100.0,,32.432432432432435,5.405405405405405,0.0,0.0,nm_inferred,37.0,68.91891891891892,,,,
LPMA,162.0,162.0,100.0,0.0,0.0,480.0,,-964.5,-752.5,-555.0,-417.5,-155.0,,,,,,,,,,,575.0,1118.0,6.172839506172839,,88.88888888888889,10.493827160493828,0.6172839506172839,161.0,160.0,99.37888198757764,0.0,0.0,,,405.0,488.75,540.0,605.0,681.0,,,,,,,,,,,540.0,741.4999999999999,1.875,,90.6832298136646,8.074534161490684,0.6211180124223602,0.0,nm_inferred,162.0,99.68944099378882,,Cristiano Ronaldo International Airport,32.697812,-16.774613
LPPD,143.0,67.0,46.85314685314685,0.0,0.0,300.0,,66.0,157.5,4195.0,4567.5,4707.0,,,,,,,,,,,4195.0,4707.0,100.0,,41.95804195804196,4.195804195804196,0.6993006993006993,140.0,139.0,99.28571428571429,0.0,0.0,,,-5254.0,-3720.0,235.0,260.0,275.0,,,,,,,,,,,270.0,5254.0,32.37410071942446,,68.57142857142857,30.0,0.7142857142857143,0.0,nm_inferred,143.0,73.06943056943058,,João Paulo II Airport,37.7411994934,-25.6979007721
LPPI,12.0,12.0,100.0,0.0,0.0,600.0,,1686.0,1706.25,1725.0,1803.75,4882.500000000001,,,,,,,,,,,1725.0,4882.500000000001,100.0,,100.0,0.0,0.0,15.0,2.0,13.333333333333334,0.0,0.0,,,-6771.5,-6638.75,-6417.5,-6196.25,-6063.5,,,,,,,,,,,6417.5,6771.5,100.0,,13.333333333333334,0.0,0.0,0.0,nm_inferred,15.0,56.666666666666664,,,,
LPPM,4.0,4.0,100.0,0.0,0.0,600.0,,-27.5,-20.75,-9.5,4.75,16.900000000000006,,,,,,,,,,,21.0,29.900000000000002,25.0,,75.0,0.0,25.0,4.0,4.0,100.0,0.0,0.0,,,566.0,575.0,605.0,634.75,643.3,,,,,,,,,,,605.0,643.3,0.0,,75.0,0.0,25.0,0.0,nm_inferred,4.0,100.0,,Portimão Airport,37.1493,-8.58396
LPPR,557.0,556.0,99.82046678635548,0.0,93.53680430879713,618.0,630.0,20.0,35.0,50.0,65.0,75.0,0.0,0.0,0.0,0.0,0.0,0.0,0.0,0.0,0.0,0.0,50.0,75.0,99.82014388489209,0.0,92.45960502692998,7.1813285457809695,0.17953321364452424,540.0,540.0,100.0,0.0,95.18518518518519,360.0,5.0,414.5,535.0,600.0,675.0,775.0,1.0,1.0,1.0,1.0,1.0,1.0,1.0,1.0,1.0,1.0,600.0,790.0,0.5555555555555556,93.57976653696498,93.88888888888889,6.111111111111111,0.0,95.18518518518519,apdf,557.0,99.91023339317775,0.49955116696588875,Francisco de Sá Carneiro Airport,41.2481002808,-8.68138980865
LPPS,14.0,13.0,92.85714285714286,0.0,0.0,360.0,,16.0,25.0,35.0,40.0,40.0,,,,,,,,,,,35.0,40.0,100.0,,85.71428571428571,7.142857142857143,0.0,14.0,14.0,100.0,0.0,0.0,,,252.2,261.75,278.5,286.75,296.4,,,,,,,,,,,278.5,296.4,0.0,,92.85714285714286,7.142857142857143,0.0,0.0,nm_inferred,14.0,96.42857142857143,,Porto Santo Airport,33.0733985901,-16.3500003815
LPPT,970.0,970.0,100.0,0.0,99.89690721649484,840.0,60.0,-1120.5,-945.0,-795.0,-645.0,-479.4999999999999,0.5997916666666667,0.8872549019607843,0.9464285714285714,0.9924242424242424,1.0,0.5949404761904762,0.85,0.9444444444444444,1.0,1.0,805.0,1155.0,2.783505154639175,48.297213622291025,92.78350515463917,7.010309278350515,0.20618556701030927,981.0,978.0,99.69418960244649,0.0,99.89806320081549,360.0,5.0,525.0,580.0,650.0,718.75,841.5000000000003,1.0,1.0,1.0,1.0,1.0,1.0,1.0,1.0,1.0,1.0,655.0,901.5000000000003,2.2494887525562373,98.36233367451382,91.74311926605505,7.747196738022426,0.2038735983690112,99.89806320081549,apdf,981.0,99.84709480122325,0.9707356439007816,Lisbon Humberto Delgado Airport,38.7813,-9.13592
LPSJ,4.0,4.0,100.0,0.0,0.0,600.0,,1589.0,1737.5,1830.0,1858.75,1892.5,,,,,,,,,,,1830.0,1892.5,100.0,,100.0,0.0,0.0,5.0,0.0,0.0,0.0,0.0,,,,,,,,,,,,,,,,,,,,,,0.0,0.0,0.0,0.0,nm_inferred,5.0,50.0,,,,
LPVZ,4.0,4.0,100.0,0.0,0.0,600.0,,-1162.8,-1057.5,-683.0,-236.75,-2.2999999999998977,,,,,,,,,,,683.0,1162.8,25.0,,100.0,0.0,0.0,4.0,4.0,100.0,0.0,0.0,,,-4637.799999999999,-1684.0,614.5,1303.75,1360.9,,,,,,,,,,,1335.5,5044.6,50.0,,100.0,0.0,0.0,0.0,nm_inferred,4.0,100.0,,Aerodromo Goncalves Lobato (Viseu Airport),40.725498,-7.88899
LQBK,12.0,12.0,100.0,0.0,0.0,300.0,,195.5,207.5,222.5,235.0,284.5,,,,,,,,,,,222.5,284.5,100.0,,83.33333333333333,16.666666666666668,0.0,12.0,12.0,100.0,0.0,0.0,,,-110.4,-90.0,-65.0,-16.25,55.0,,,,,,,,,,,65.0,110.4,75.0,,91.66666666666667,8.333333333333334,0.0,0.0,nm_inferred,12.0,100.0,,Banja Luka International Airport,44.941399,17.297501
LQMO,10.0,10.0,100.0,0.0,0.0,300.0,,214.0,246.25,346.5,411.25,552.4999999999999,,,,,,,,,,,346.5,552.4999999999999,100.0,,90.0,10.0,0.0,10.0,10.0,100.0,0.0,0.0,,,-940.0,-740.0,-537.5,-282.5,-1.7763568394002505e-14,,,,,,,,,,,537.5,940.0,90.0,,90.0,10.0,0.0,0.0,nm_inferred,10.0,100.0,,Mostar International Airport,43.282489,17.846101
LQSA,79.0,79.0,100.0,0.0,0.0,600.0,,155.0,175.0,190.0,220.0,251.0,,,,,,,,,,,195.0,255.0,98.73417721518987,,91.13924050632912,7.594936708860759,1.2658227848101267,81.0,81.0,100.0,0.0,0.0,,,-205.0,-161.0,-105.0,-45.0,-15.0,,,,,,,,,,,111.0,210.0,95.06172839506173,,91.35802469135803,7.407407407407407,1.2345679012345678,0.0,nm_inferred,81.0,100.0,,Sarajevo International Airport,43.8246,18.331499
LQTZ,20.0,20.0,100.0,0.0,0.0,600.0,,13.500000000000002,28.75,67.5,88.75,138.30000000000027,,,,,,,,,,,67.5,138.30000000000027,95.0,,65.0,30.0,5.0,20.0,20.0,100.0,0.0,0.0,,,-123.6,75.0,100.0,151.25,173.00000000000006,,,,,,,,,,,116.0,229.0000000000004,15.0,,90.0,5.0,5.0,0.0,nm_inferred,20.0,100.0,,Tuzla International Airport,44.459858,18.723627
LRBC,11.0,11.0,100.0,0.0,0.0,600.0,,155.0,165.0,185.0,212.5,280.0,,,,,,,,,,,185.0,280.0,100.0,,90.9090909090909,0.0,9.090909090909092,12.0,12.0,100.0,0.0,0.0,,,-484.0,-268.75,-150.0,0.0,4.500000000000002,,,,,,,,,,,150.0,484.00000000000006,83.33333333333333,,100.0,0.0,0.0,0.0,nm_inferred,12.0,100.0,,Bacău George Enescu International  Airport,46.5219,26.910299
LRBM,3.0,3.0,100.0,0.0,0.0,360.0,,337.0,407.5,525.0,595.0,637.0,,,,,,,,,,,525.0,637.0,100.0,,100.0,0.0,0.0,3.0,3.0,100.0,0.0,0.0,,,-265.0,-220.0,-145.0,-110.0,-89.0,,,,,,,,,,,145.0,265.0,100.0,,100.0,0.0,0.0,0.0,nm_inferred,3.0,100.0,,Maramureș International Airport,47.658444,23.464445
LRBS,46.0,46.0,100.0,0.0,0.0,900.0,,20.0,30.0,50.0,70.0,107.5,,,,,,,,,,,50.0,107.5,100.0,,80.43478260869566,19.565217391304348,0.0,44.0,44.0,100.0,0.0,0.0,,,267.2,275.0,287.5,301.25,315.0,,,,,,,,,,,290.0,315.0,4.545454545454546,,81.81818181818181,18.181818181818183,0.0,0.0,nm_inferred,46.0,100.0,,Bucharest Băneasa Aurel Vlaicu International Airport,44.503133,26.102944
LRBV,19.0,19.0,100.0,0.0,0.0,180.0,,-845.0,-667.5,-590.0,-502.5,-356.00000000000006,,,,,,,,,,,590.0,844.9999999999999,0.0,,94.73684210526316,5.2631578947368425,0.0,17.0,17.0,100.0,0.0,0.0,,,335.0,505.0,525.0,550.0,956.0000000000003,,,,,,,,,,,525.0,956.0000000000003,0.0,,88.23529411764706,11.764705882352942,0.0,0.0,nm_inferred,19.0,100.0,,Brașov-Ghimbav International Airport,45.70558,25.522871
LRCK,7.0,6.0,85.71428571428571,0.0,0.0,300.0,,290.0,343.75,442.5,1212.5,1770.0,,,,,,,,,,,442.5,1770.0,100.0,,71.42857142857143,14.285714285714286,0.0,7.0,6.0,85.71428571428571,0.0,0.0,,,-769.5,-715.0,-435.0,-162.5,-37.5,,,,,,,,,,,435.0,769.5,83.33333333333333,,71.42857142857143,14.285714285714286,0.0,0.0,nm_inferred,7.0,85.71428571428571,,Mihail Kogălniceanu International Airport,44.362202,28.4883
LRCL,119.0,117.0,98.31932773109244,0.0,0.0,600.0,,170.0,190.0,230.0,255.0,323.0000000000001,,,,,,,,,,,230.0,323.0000000000001,100.0,,89.91596638655462,8.403361344537815,0.0,116.0,114.0,98.27586206896552,0.0,0.0,,,-317.0,-208.75,-60.0,45.0,79.4,,,,,,,,,,,85.0,317.0,64.03508771929825,,85.34482758620689,12.931034482758621,0.0,0.0,nm_inferred,119.0,98.29759490002898,,Avram Iancu Cluj International Airport,46.786042,23.685733
LRCV,20.0,20.0,100.0,0.0,0.0,420.0,,344.5,386.25,412.5,451.25,510.5,,,,,,,,,,,412.5,510.5,100.0,,95.0,5.0,0.0,20.0,20.0,100.0,0.0,0.0,,,-684.7,-632.75,-482.5,-403.75,-325.59999999999997,,,,,,,,,,,482.5,684.7,100.0,,80.0,20.0,0.0,0.0,nm_inferred,20.0,100.0,,Craiova International Airport,44.3181,23.888599
LRIA,60.0,60.0,100.0,0.0,0.0,600.0,,324.5,358.75,442.5,522.5,765.0000000000006,,,,,,,,,,,442.5,765.0000000000006,100.0,,91.66666666666667,8.333333333333334,0.0,60.0,60.0,100.0,0.0,0.0,,,-1392.9999999999995,-605.0,-492.5,-398.75,-353.5,,,,,,,,,,,492.5,1393.0000000000014,100.0,,86.66666666666667,13.333333333333334,0.0,0.0,nm_inferred,60.0,100.0,,Iaşi International Airport,47.179633,27.621431
LROD,16.0,16.0,100.0,0.0,0.0,420.0,,-287.5,-172.5,-155.0,-106.25,85.0,,,,,,,,,,,162.5,395.0,12.5,,81.25,18.75,0.0,16.0,16.0,100.0,0.0,0.0,,,365.0,435.0,492.5,510.0,530.0,,,,,,,,,,,497.5,1350.0,6.25,,75.0,25.0,0.0,0.0,nm_inferred,16.0,100.0,,Oradea International Airport,47.025299,21.9025
LROP,509.0,507.0,99.60707269155206,11.0,23.37917485265226,600.0,510.0,20.0,30.0,50.0,70.0,85.0,0.0,0.0,0.0,0.0,0.0,0.0,0.0,0.0,0.0,0.0,50.0,85.0,98.81656804733728,0.0,87.62278978388998,11.787819253438114,0.19646365422396855,511.0,509.0,99.60861056751467,7.0,23.874755381604697,360.0,55.0,175.0,270.0,285.0,305.0,320.0,0.1880952380952384,0.6666666666666666,0.8333333333333334,1.0,1.0,0.6138888888888889,0.7142857142857143,0.9166666666666666,1.0,1.0,290.0,325.0,4.322200392927308,41.5929203539823,89.23679060665361,10.176125244618396,0.19569471624266144,23.874755381604697,nm_inferred,511.0,99.60784162953337,0.4565359408020279,Bucharest Henri Coandă International Airport,44.571792,26.103285
LRSB,19.0,19.0,100.0,0.0,0.0,660.0,,249.0,270.0,295.0,320.0,378.99999999999994,,,,,,,,,,,295.0,378.99999999999994,100.0,,89.47368421052632,10.526315789473685,0.0,22.0,22.0,100.0,0.0,0.0,,,-503.1,-456.25,-375.0,-255.0,-115.0,,,,,,,,,,,375.0,503.1,100.0,,81.81818181818181,18.181818181818183,0.0,0.0,nm_inferred,22.0,100.0,,Sibiu International Airport,45.785841,24.086666
LRSM,1.0,1.0,100.0,0.0,0.0,300.0,,1220.0,1220.0,1220.0,1220.0,1220.0,,,,,,,,,,,1220.0,1220.0,100.0,,0.0,100.0,0.0,1.0,1.0,100.0,0.0,0.0,,,-255.0,-255.0,-255.0,-255.0,-255.0,,,,,,,,,,,255.0,255.0,100.0,,100.0,0.0,0.0,0.0,nm_inferred,1.0,100.0,,Satu Mare International Airport,47.7033,22.8857
LRSV,27.0,27.0,100.0,0.0,0.0,300.0,,379.0,400.0,435.0,600.0,1426.0000000000039,,,,,,,,,,,435.0,1426.0000000000039,100.0,,85.18518518518519,14.814814814814815,0.0,27.0,27.0,100.0,0.0,0.0,,,-1395.3999999999999,-537.5,-435.0,-377.5,-341.99999999999994,,,,,,,,,,,435.0,1395.4000000000037,100.0,,85.18518518518519,14.814814814814815,0.0,0.0,nm_inferred,27.0,100.0,,Suceava Ștefan cel Mare International Airport,47.6875,26.354099
LRTM,11.0,11.0,100.0,0.0,0.0,480.0,,50.0,55.0,70.0,80.0,80.0,,,,,,,,,,,70.0,80.0,100.0,,81.81818181818181,18.181818181818183,0.0,11.0,11.0,100.0,0.0,0.0,,,-20.0,-5.0,10.0,207.5,255.0,,,,,,,,,,,65.0,293.0,45.45454545454545,,90.9090909090909,9.090909090909092,0.0,0.0,nm_inferred,11.0,100.0,,Târgu Mureş Transilvania International Airport,46.467701,24.4125
LRTR,67.0,65.0,97.01492537313433,0.0,0.0,600.0,,155.0,160.0,190.0,220.0,248.0,,,,,,,,,,,190.0,248.0,100.0,,94.02985074626865,2.985074626865672,0.0,66.0,64.0,96.96969696969697,0.0,0.0,,,-257.0,-177.5,-110.0,-65.0,-24.399999999999977,,,,,,,,,,,110.5,257.0,93.75,,90.9090909090909,6.0606060606060606,0.0,0.0,nm_inferred,67.0,96.99231117141565,,Timișoara Traian Vuia International Airport,45.809898,21.3379
LSGC,,,,,,,,,,,,,,,,,,,,,,,,,,,,,,2.0,1.0,50.0,0.0,0.0,,,105.0,105.0,105.0,105.0,105.0,,,,,,,,,,,105.0,105.0,0.0,,0.0,50.0,0.0,0.0,nm_inferred,2.0,50.0,,Les Eplatures Airport,47.0839004517,6.792840003970001
LSGG,609.0,607.0,99.67159277504105,0.0,100.0,660.0,600.0,-239.0,20.0,40.0,60.0,75.0,0.0,0.0,0.0,0.0,0.4411111111111108,0.0,0.0,0.0,0.0,0.4,50.0,370.0,85.00823723228996,0.0,92.28243021346469,6.568144499178982,0.8210180623973727,600.0,599.0,99.83333333333333,0.0,100.0,240.0,5.0,280.0,300.0,330.0,415.0,481.0000000000002,0.8194444444444444,1.0,1.0,1.0,1.0,0.9166666666666666,1.0,1.0,1.0,1.0,335.0,491.0000000000002,2.003338898163606,88.14691151919867,91.83333333333333,7.333333333333333,0.6666666666666666,100.0,apdf,609.0,99.75246305418719,0.49876231527093595,Geneva International Airport,46.238098,6.10895
LSGK,1.0,1.0,100.0,0.0,0.0,300.0,,185.0,185.0,185.0,185.0,185.0,,,,,,,,,,,185.0,185.0,100.0,,100.0,0.0,0.0,3.0,3.0,100.0,0.0,0.0,,,67.8,102.0,159.0,1337.0,2043.8000000000002,,,,,,,,,,,159.0,2043.8000000000002,0.0,,100.0,0.0,0.0,0.0,nm_inferred,3.0,100.0,,Saanen Airfield,46.486525,7.248359
LSGL,9.0,9.0,100.0,0.0,0.0,300.0,,-1870.8,-586.0,-205.0,-145.0,-102.99999999999997,,,,,,,,,,,205.0,1870.8000000000004,11.11111111111111,,77.77777777777777,0.0,22.22222222222222,6.0,6.0,100.0,0.0,0.0,,,-1162.5,242.5,367.5,537.5,2975.5,,,,,,,,,,,500.0,3960.5,16.666666666666668,,66.66666666666667,16.666666666666668,16.666666666666668,0.0,nm_inferred,9.0,100.0,,Lausanne la Blécherette Airport,46.54509,6.616629
LSGS,15.0,15.0,100.0,0.0,0.0,300.0,,147.0,170.0,190.0,237.5,371.99999999999994,,,,,,,,,,,190.0,371.99999999999994,100.0,,86.66666666666667,13.333333333333334,0.0,11.0,11.0,100.0,0.0,0.0,,,-49.0,-27.5,10.0,22.5,87.0,,,,,,,,,,,25.0,131.0,45.45454545454545,,90.9090909090909,9.090909090909092,0.0,0.0,nm_inferred,15.0,100.0,,Sion Airport,46.219166,7.326944
LSMP,3.0,3.0,100.0,0.0,0.0,600.0,,-269.4,-249.0,-215.0,380.0,737.0,,,,,,,,,,,283.0,836.6,33.333333333333336,,66.66666666666667,0.0,33.333333333333336,4.0,4.0,100.0,0.0,0.0,,,582.5,593.75,612.5,1265.0,2417.0000000000005,,,,,,,,,,,612.5,2417.0000000000005,0.0,,50.0,25.0,25.0,0.0,nm_inferred,4.0,100.0,,Payerne Air Base,46.8432,6.91506
LSZA,14.0,14.0,100.0,0.0,0.0,300.0,,49.5,76.25,87.5,125.0,151.00000000000003,,,,,,,,,,,87.5,151.00000000000003,100.0,,85.71428571428571,7.142857142857143,7.142857142857143,16.0,16.0,100.0,0.0,0.0,,,102.5,145.75,157.5,171.25,297.5,,,,,,,,,,,157.5,297.5,0.0,,87.5,6.25,6.25,0.0,nm_inferred,16.0,100.0,,Lugano Airport,46.004299,8.91058
LSZB,18.0,18.0,100.0,0.0,0.0,300.0,,-2384.5,-642.5,-262.5,-131.25,-68.49999999999996,,,,,,,,,,,292.5,2437.000000000001,5.555555555555555,,83.33333333333333,5.555555555555555,11.11111111111111,19.0,19.0,100.0,0.0,0.0,,,399.4,479.5,512.0,583.0,1219.7999999999984,,,,,,,,,,,512.0,1219.7999999999984,0.0,,94.73684210526316,0.0,5.2631578947368425,0.0,nm_inferred,19.0,100.0,,Bern Airport,46.912736,7.498819
LSZC,,,,,,,,,,,,,,,,,,,,,,,,,,,,,,1.0,1.0,100.0,0.0,0.0,,,575.0,575.0,575.0,575.0,575.0,,,,,,,,,,,575.0,575.0,0.0,,100.0,0.0,0.0,0.0,nm_inferred,1.0,100.0,,Buochs Airport,46.974444,8.396944
LSZH,1193.0,1191.0,99.83235540653814,0.0,23.051131601005867,660.0,5.0,-2885.0,-1080.0,-770.0,-585.0,-265.0,0.5292603738278604,0.9696272399241637,1.0,1.0,1.0,0.9333333333333333,1.0,1.0,1.0,1.0,825.0,2975.0,9.06801007556675,87.95620437956204,85.24727577535624,13.663034367141659,0.9220452640402347,1184.0,1182.0,99.83108108108108,0.0,22.719594594594593,337.0,5.0,235.40000000000003,521.25,603.5,717.0,987.6000000000004,1.0,1.0,1.0,1.0,1.0,1.0,1.0,1.0,1.0,1.0,645.0,1392.9,9.72927241962775,93.3085501858736,84.88175675675676,14.02027027027027,0.9290540540540541,23.051131601005867,nm_inferred,1193.0,99.8317182438096,0.9983171824380961,Zürich Airport,47.458056,8.548056
LSZM,1.0,1.0,100.0,0.0,0.0,300.0,,0.0,0.0,0.0,0.0,0.0,,,,,,,,,,,0.0,0.0,100.0,,100.0,0.0,0.0,,,,,,,,,,,,,,,,,,,,,,,,,,,,,,0.0,nm_inferred,1.0,100.0,,Mollis Airfield,47.078353,9.064662
LSZR,21.0,21.0,100.0,0.0,0.0,300.0,,-330.0,-285.0,-155.0,-100.0,-50.0,,,,,,,,,,,180.0,335.0,9.523809523809524,,85.71428571428571,4.761904761904762,9.523809523809524,21.0,21.0,100.0,0.0,0.0,,,258.0,416.0,483.0,525.0,573.0,,,,,,,,,,,501.0,649.0,4.761904761904762,,80.95238095238095,9.523809523809524,9.523809523809524,0.0,nm_inferred,21.0,100.0,,Sankt Gallen Altenrhein Airport,47.485001,9.56077
LSZS,3.0,3.0,100.0,0.0,0.0,300.0,,-2490.0,-1500.0,150.0,160.0,166.0,,,,,,,,,,,170.0,2554.0,66.66666666666667,,33.333333333333336,33.333333333333336,33.333333333333336,3.0,3.0,100.0,0.0,0.0,,,50.8,67.0,94.0,3342.0,5290.8,,,,,,,,,,,94.0,5290.8,0.0,,66.66666666666667,0.0,33.333333333333336,0.0,nm_inferred,3.0,100.0,,Engadin Airport,46.5341,9.88411
LTAC,368.0,286.0,77.71739130434783,0.0,0.0,600.0,,665.0,710.0,795.0,982.5,1802.5,,,,,,,,,,,795.0,1802.5,100.0,,74.45652173913044,2.989130434782609,0.2717391304347826,365.0,279.0,76.43835616438356,0.0,0.0,,,-1766.0,-1242.5,-825.0,-687.5,-608.9999999999999,,,,,,,,,,,825.0,1766.0,100.0,,74.79452054794521,1.36986301369863,0.273972602739726,0.0,nm_inferred,368.0,77.0778737343657,,Esenboğa International Airport,40.128101,32.995098
LTAI,1373.0,1343.0,97.8150036416606,0.0,0.0,960.0,,-65.0,-25.0,20.0,995.0,2488.999999999992,,,,,,,,,,,110.0,2584.9999999999964,63.51451973194341,,77.34887108521485,20.320466132556447,0.14566642388929352,1349.0,1290.0,95.62638991845812,0.0,0.0,,,-1625.5,-1170.0,45.0,300.0,330.0,,,,,,,,,,,335.0,1625.5000000000007,48.604651162790695,,75.68569310600445,19.866567828020756,0.07412898443291327,0.0,nm_inferred,1373.0,96.72069678005936,,Antalya International Airport,36.898701,30.800501
LTAJ,77.0,67.0,87.01298701298701,0.0,0.0,300.0,,1887.0,2537.5,2690.0,2850.0,3185.0,,,,,,,,,,,2690.0,3185.0,100.0,,84.41558441558442,2.5974025974025974,0.0,78.0,66.0,84.61538461538461,0.0,0.0,,,-3297.5,-2947.5,-2707.5,-2555.0,-1917.5,,,,,,,,,,,2707.5,3297.5,100.0,,82.05128205128206,1.2820512820512822,1.2820512820512822,0.0,nm_inferred,78.0,85.8141858141858,,Gaziantep Oğuzeli International Airport,36.947201,37.478699
LTAL,3.0,3.0,100.0,0.0,0.0,0.0,,888.0,1072.5,1380.0,1777.5,2016.0,,,,,,,,,,,1380.0,2016.0,100.0,,100.0,0.0,0.0,2.0,2.0,100.0,0.0,0.0,,,-1585.0,-1435.0,-1185.0,-935.0,-785.0,,,,,,,,,,,1185.0,1585.0,100.0,,100.0,0.0,0.0,0.0,nm_inferred,3.0,100.0,,Kastamonu Airport,41.314201,33.795799
LTAN,32.0,32.0,100.0,0.0,0.0,300.0,,515.0,612.5,705.0,818.5,1089.0000000000002,,,,,,,,,,,705.0,1089.0000000000002,100.0,,93.75,6.25,0.0,31.0,31.0,100.0,0.0,0.0,,,-1260.0,-992.5,-870.0,-800.0,-470.0,,,,,,,,,,,870.0,1260.0,100.0,,93.54838709677419,6.451612903225806,0.0,0.0,nm_inferred,32.0,100.0,,Konya Airport,37.979,32.561901
LTAP,5.0,4.0,80.0,0.0,0.0,300.0,,913.5,1158.75,1305.0,1853.75,2823.5000000000005,,,,,,,,,,,1305.0,2823.5000000000005,100.0,,80.0,0.0,0.0,8.0,8.0,100.0,0.0,0.0,,,-2242.5,-1556.25,-1392.5,-1260.5,-1182.5,,,,,,,,,,,1392.5,2242.5,100.0,,100.0,0.0,0.0,0.0,nm_inferred,8.0,90.0,,Amasya Merzifon Airport,40.829399,35.521999
LTAR,14.0,14.0,100.0,0.0,0.0,300.0,,802.5,1625.0,1867.5,2020.0,2351.0,,,,,,,,,,,1867.5,2351.0,100.0,,100.0,0.0,0.0,14.0,14.0,100.0,0.0,0.0,,,-1923.5,-1875.0,-1697.5,-1067.5,-845.9999999999999,,,,,,,,,,,1697.5,1923.5,100.0,,100.0,0.0,0.0,0.0,nm_inferred,14.0,100.0,,Sivas Nuri Demirağ Airport,39.813801,36.9035
LTAS,4.0,4.0,100.0,0.0,0.0,300.0,,372.0,390.0,405.0,417.5,431.0,,,,,,,,,,,405.0,431.0,100.0,,100.0,0.0,0.0,4.0,4.0,100.0,0.0,0.0,,,-600.5,-593.75,-443.0,-279.25,-249.1,,,,,,,,,,,443.0,600.5,100.0,,100.0,0.0,0.0,0.0,nm_inferred,4.0,100.0,,Zonguldak Çaycuma Airport,41.506401,32.0886
LTAT,24.0,21.0,87.5,0.0,0.0,300.0,,2430.0,2495.0,2547.0,2592.0,2735.0,,,,,,,,,,,2547.0,2735.0,100.0,,87.5,0.0,0.0,24.0,20.0,83.33333333333333,0.0,0.0,,,-2690.5,-2545.0,-2462.5,-2346.25,-2272.5,,,,,,,,,,,2462.5,2690.5,100.0,,83.33333333333333,0.0,0.0,0.0,nm_inferred,24.0,85.41666666666666,,Malatya Erhaç Airport,38.4352989197,38.0909996033
LTAU,65.0,63.0,96.92307692307692,0.0,0.0,600.0,,1413.8,1493.5,1593.0,1647.5,1744.4,,,,,,,,,,,1593.0,1744.4,100.0,,92.3076923076923,4.615384615384615,0.0,64.0,62.0,96.875,0.0,0.0,,,-1785.5,-1700.0,-1625.0,-1525.0,-1415.5,,,,,,,,,,,1625.0,1785.5,100.0,,96.875,0.0,0.0,0.0,nm_inferred,65.0,96.89903846153845,,Kayseri Erkilet International Airport,38.770401,35.495399
LTAW,5.0,5.0,100.0,0.0,0.0,300.0,,706.0,880.0,1620.0,1820.0,2351.0,,,,,,,,,,,1620.0,2351.0,100.0,,100.0,0.0,0.0,5.0,5.0,100.0,0.0,0.0,,,-1830.0,-1755.0,-1630.0,-1595.0,-1577.0,,,,,,,,,,,1630.0,1830.0,100.0,,100.0,0.0,0.0,0.0,nm_inferred,5.0,100.0,,Tokat Airport,40.32472,36.39056
LTAY,12.0,12.0,100.0,0.0,0.0,300.0,,455.5,572.5,590.0,632.5,673.0,,,,,,,,,,,590.0,673.0,100.0,,100.0,0.0,0.0,12.0,10.0,83.33333333333333,0.0,0.0,,,-1181.0,-867.5,-780.0,-650.0,-598.0,,,,,,,,,,,780.0,1180.9999999999998,100.0,,83.33333333333333,0.0,0.0,0.0,nm_inferred,12.0,91.66666666666666,,Çardak Airport,37.7855987549,29.7012996674
LTAZ,28.0,26.0,92.85714285714286,0.0,0.0,300.0,,1145.0,1237.5,1300.0,1436.25,1712.5,,,,,,,,,,,1300.0,1712.5,100.0,,89.28571428571429,3.5714285714285716,0.0,27.0,27.0,100.0,0.0,0.0,,,-1589.0,-1505.0,-1165.0,-1090.0,-1050.0,,,,,,,,,,,1165.0,1589.0,100.0,,96.29629629629629,3.7037037037037037,0.0,0.0,nm_inferred,28.0,96.42857142857143,,Nevşehir Kapadokya Airport,38.7719,34.5345
LTBA,55.0,50.0,90.9090909090909,0.0,0.0,1200.0,,-314.5,-237.5,-165.0,-105.0,-53.49999999999991,,,,,,,,,,,182.5,377.0,10.0,,72.72727272727273,9.090909090909092,9.090909090909092,58.0,53.0,91.37931034482759,0.0,0.0,,,247.0,440.0,585.0,690.0,874.0000000000001,,,,,,,,,,,590.0,898.0,5.660377358490566,,77.58620689655173,1.7241379310344827,12.068965517241379,0.0,nm_inferred,58.0,91.14420062695925,,İstanbul Atatürk Airport,40.971913,28.823714
LTBH,5.0,4.0,80.0,0.0,0.0,300.0,,4.000000000000014,107.5,165.0,172.5,186.0,,,,,,,,,,,165.0,186.0,75.0,,80.0,0.0,0.0,8.0,7.0,87.5,0.0,0.0,,,-112.39999999999998,52.5,165.0,190.0,197.0,,,,,,,,,,,185.0,244.40000000000003,14.285714285714286,,87.5,0.0,0.0,0.0,nm_inferred,8.0,83.75,,Çanakkale Airport,40.1376991272,26.4267997742
LTBJ,377.0,373.0,98.93899204244032,0.0,0.0,780.0,,80.0,100.0,120.0,170.0,244.00000000000006,,,,,,,,,,,120.0,245.0,99.73190348525469,,89.65517241379311,9.018567639257295,0.26525198938992045,378.0,374.0,98.94179894179894,0.0,0.0,,,-483.2,-333.75,-235.0,-91.25,85.0,,,,,,,,,,,237.5,485.0,86.63101604278074,,89.68253968253968,8.994708994708995,0.26455026455026454,0.0,nm_inferred,378.0,98.94039549211962,,Adnan Menderes International Airport,38.2924,27.157
LTBR,5.0,4.0,80.0,0.0,0.0,300.0,,48.0,52.5,60.0,72.5,86.0,,,,,,,,,,,60.0,86.0,100.0,,80.0,0.0,0.0,6.0,4.0,66.66666666666667,0.0,0.0,,,71.5,73.75,85.0,102.5,116.0,,,,,,,,,,,85.0,116.0,0.0,,66.66666666666667,0.0,0.0,0.0,nm_inferred,6.0,73.33333333333334,,Bursa Yenişehir Airport,40.255199,29.562599
LTBS,209.0,207.0,99.04306220095694,0.0,0.0,720.0,,220.0,245.0,290.0,432.5,613.0000000000001,,,,,,,,,,,290.0,613.0000000000001,99.51690821256038,,82.29665071770334,16.74641148325359,0.0,216.0,210.0,97.22222222222223,0.0,0.0,,,-735.9999999999998,-418.75,-315.0,-143.75,-74.00000000000006,,,,,,,,,,,315.0,735.9999999999993,94.28571428571429,,76.38888888888889,20.37037037037037,0.46296296296296297,0.0,nm_inferred,216.0,98.13264221158958,,Dalaman International Airport,36.7131,28.7925
LTBY,2.0,2.0,100.0,0.0,0.0,720.0,,162.5,173.75,192.5,211.25,222.5,,,,,,,,,,,192.5,222.5,100.0,,50.0,50.0,0.0,3.0,3.0,100.0,0.0,0.0,,,-333.0,-225.0,-45.0,-25.0,-12.999999999999998,,,,,,,,,,,45.0,333.0,100.0,,100.0,0.0,0.0,0.0,nm_inferred,3.0,100.0,,Hasan Polatkan Airport,39.811644,30.519268
LTBZ,5.0,5.0,100.0,0.0,0.0,0.0,,233.8,244.0,275.0,400.0,425.8,,,,,,,,,,,275.0,425.8,100.0,,100.0,0.0,0.0,5.0,5.0,100.0,0.0,0.0,,,-832.0,-820.0,-295.0,-225.0,-186.0,,,,,,,,,,,295.0,832.0,100.0,,100.0,0.0,0.0,0.0,nm_inferred,5.0,100.0,,Zafer Airport,39.111107,30.130405
LTCA,31.0,25.0,80.64516129032258,0.0,0.0,300.0,,1126.0,2515.0,2890.0,3040.0,3147.0,,,,,,,,,,,2890.0,3147.0,100.0,,74.19354838709677,6.451612903225806,0.0,32.0,26.0,81.25,0.0,0.0,,,-3435.0,-3182.5,-3005.0,-2833.75,-2765.0,,,,,,,,,,,3005.0,3435.0,100.0,,81.25,0.0,0.0,0.0,nm_inferred,32.0,80.94758064516128,,Elazığ Airport,38.597974,39.28348
LTCB,22.0,20.0,90.9090909090909,0.0,0.0,300.0,,-1453.5,-410.0,112.5,3420.0,3567.0,,,,,,,,,,,1587.5,3567.0,55.0,,63.63636363636363,27.272727272727273,0.0,22.0,20.0,90.9090909090909,0.0,0.0,,,-3089.0,-2813.75,-2462.5,-1607.5,313.0000000000002,,,,,,,,,,,2462.5,3089.0000000000005,75.0,,27.272727272727273,63.63636363636363,0.0,0.0,nm_inferred,22.0,90.9090909090909,,Ordu–Giresun Airport,40.966872,38.085995
LTCC,59.0,47.0,79.66101694915254,0.0,0.0,300.0,,3113.0,3260.0,3395.0,3475.0,3753.0,,,,,,,,,,,3395.0,3753.0,100.0,,74.57627118644068,5.084745762711864,0.0,60.0,47.0,78.33333333333333,0.0,0.0,,,-3718.0,-3495.0,-3365.0,-3190.0,-2865.0,,,,,,,,,,,3365.0,3718.0,100.0,,76.66666666666667,1.6666666666666667,0.0,0.0,nm_inferred,60.0,78.99717514124293,,Diyarbakır Airport,37.893902,40.201
LTCD,13.0,13.0,100.0,0.0,0.0,300.0,,440.0,455.0,495.0,600.0,4064.0,,,,,,,,,,,495.0,4064.0,100.0,,84.61538461538461,15.384615384615385,0.0,13.0,13.0,100.0,0.0,0.0,,,-2642.0,-1120.0,-885.0,-790.0,-731.0,,,,,,,,,,,885.0,2642.000000000001,100.0,,92.3076923076923,7.6923076923076925,0.0,0.0,nm_inferred,13.0,100.0,,Erzincan Airport,39.7102012634,39.5270004272
LTCE,23.0,20.0,86.95652173913044,0.0,0.0,300.0,,569.0,593.75,622.5,716.25,4371.500000000001,,,,,,,,,,,622.5,4371.500000000001,100.0,,78.26086956521739,8.695652173913043,0.0,24.0,22.0,91.66666666666667,0.0,0.0,,,-3400.0,-3167.5,-782.5,-523.75,-485.0,,,,,,,,,,,782.5,3400.0000000000005,100.0,,87.5,4.166666666666667,0.0,0.0,nm_inferred,24.0,89.31159420289856,,Erzurum International Airport,39.956501,41.1702
LTCF,14.0,14.0,100.0,0.0,0.0,300.0,,648.0,665.0,764.0,856.75,1132.2000000000003,,,,,,,,,,,764.0,1132.2000000000003,100.0,,71.42857142857143,28.571428571428573,0.0,14.0,14.0,100.0,0.0,0.0,,,-4195.1,-3968.5,-1422.5,-1043.75,-837.7999999999998,,,,,,,,,,,1422.5,4195.1,100.0,,78.57142857142857,21.428571428571427,0.0,0.0,nm_inferred,14.0,100.0,,Kars Airport,40.562198638916016,43.1150016784668
LTCG,111.0,100.0,90.09009009009009,0.0,0.0,300.0,,-899.0,-625.0,57.5,242.5,3858.0000000000005,,,,,,,,,,,495.0,3858.0000000000005,53.0,,51.351351351351354,38.73873873873874,0.0,113.0,112.0,99.11504424778761,0.0,0.0,,,-3148.0,-2756.25,12.5,546.25,649.5,,,,,,,,,,,1582.0,3148.0,50.0,,54.86725663716814,44.24778761061947,0.0,0.0,nm_inferred,113.0,94.60256716893885,,Trabzon International Airport,40.995098,39.7897
LTCI,38.0,28.0,73.6842105263158,0.0,0.0,300.0,,1995.0,2110.0,4132.5,4398.75,4915.5,,,,,,,,,,,4132.5,4915.5,100.0,,65.78947368421052,7.894736842105263,0.0,38.0,29.0,76.3157894736842,0.0,0.0,,,-4516.0,-4290.0,-4130.0,-4015.0,-2276.0,,,,,,,,,,,4130.0,4516.0,100.0,,71.05263157894737,5.2631578947368425,0.0,0.0,nm_inferred,38.0,75.0,,Van Ferit Melen Airport,38.46820068359375,43.332298278808594
LTCJ,22.0,18.0,81.81818181818181,0.0,0.0,300.0,,3563.5,3712.5,3785.0,3860.0,3879.0,,,,,,,,,,,3785.0,3879.0,100.0,,72.72727272727273,9.090909090909092,0.0,22.0,17.0,77.27272727272727,0.0,0.0,,,-3613.0,-3492.0,-3441.0,-3281.0,-3166.8,,,,,,,,,,,3441.0,3613.0,100.0,,68.18181818181819,9.090909090909092,0.0,0.0,nm_inferred,22.0,79.54545454545453,,Batman Airport,37.929001,41.1166
LTCK,14.0,11.0,78.57142857142857,0.0,0.0,300.0,,1220.0,1320.0,1705.0,4260.0,4465.0,,,,,,,,,,,1705.0,4465.0,100.0,,64.28571428571429,14.285714285714286,0.0,14.0,12.0,85.71428571428571,0.0,0.0,,,-3989.4,-3955.5,-3815.5,-3667.25,-3646.4,,,,,,,,,,,3815.5,3989.4,100.0,,85.71428571428571,0.0,0.0,0.0,nm_inferred,14.0,82.14285714285714,,Muş Airport,38.74779891967773,41.66120147705078
LTCM,4.0,4.0,100.0,0.0,0.0,300.0,,1066.0,1075.0,1567.5,2211.25,2492.5,,,,,,,,,,,1567.5,2492.5,100.0,,75.0,25.0,0.0,4.0,4.0,100.0,0.0,0.0,,,-2291.0,-2210.0,-1945.0,-1655.0,-1529.0,,,,,,,,,,,1945.0,2291.0,100.0,,75.0,25.0,0.0,0.0,nm_inferred,4.0,100.0,,Sinop Airport,42.018313,35.071774
LTCN,13.0,10.0,76.92307692307692,0.0,0.0,300.0,,2277.5,2363.75,2472.5,2521.25,2756.0,,,,,,,,,,,2472.5,2756.0,100.0,,76.92307692307692,0.0,0.0,13.0,10.0,76.92307692307692,0.0,0.0,,,-3153.5,-2940.0,-2672.5,-2601.25,-2590.0,,,,,,,,,,,2672.5,3153.4999999999995,100.0,,76.92307692307692,0.0,0.0,0.0,nm_inferred,13.0,76.92307692307692,,Kahramanmaraş Airport,37.5388259888,36.9535217285
LTCO,9.0,9.0,100.0,0.0,0.0,300.0,,1254.0,1305.0,1390.0,1475.0,1961.0,,,,,,,,,,,1390.0,1961.0,100.0,,66.66666666666667,33.333333333333336,0.0,9.0,9.0,100.0,0.0,0.0,,,-1848.1999999999998,-1107.0,-1049.0,-950.0,-917.4,,,,,,,,,,,1049.0,1848.2000000000007,100.0,,100.0,0.0,0.0,0.0,nm_inferred,9.0,100.0,,Ağrı Airport,39.655642,43.025742
LTCP,10.0,7.0,70.0,0.0,0.0,300.0,,2690.0,2762.5,2900.0,3010.0,3117.0,,,,,,,,,,,2900.0,3117.0,100.0,,70.0,0.0,0.0,10.0,7.0,70.0,0.0,0.0,,,-3446.0,-3202.5,-3005.0,-2935.0,-2810.0,,,,,,,,,,,3005.0,3446.0,100.0,,70.0,0.0,0.0,0.0,nm_inferred,10.0,70.0,,Adıyaman Airport,37.7314,38.468899
LTCR,25.0,22.0,88.0,0.0,0.0,300.0,,3531.5,3606.25,3710.0,3818.75,3962.5,,,,,,,,,,,3710.0,3962.5,100.0,,88.0,0.0,0.0,26.0,22.0,84.61538461538461,0.0,0.0,,,-3973.5,-3878.75,-3790.0,-3647.5,-3556.0,,,,,,,,,,,3790.0,3973.5,100.0,,84.61538461538461,0.0,0.0,0.0,nm_inferred,26.0,86.3076923076923,,Mardin Airport,37.2233009338,40.6316986084
LTCS,25.0,17.0,68.0,0.0,0.0,300.0,,2857.0,3015.0,3145.0,3310.0,3660.0,,,,,,,,,,,3145.0,3660.0,100.0,,68.0,0.0,0.0,25.0,19.0,76.0,0.0,0.0,,,-3989.6,-3577.5,-3360.0,-3065.0,-2939.0,,,,,,,,,,,3360.0,3989.6,100.0,,76.0,0.0,0.0,0.0,nm_inferred,25.0,72.0,,Şanlıurfa GAP Airport,37.445663,38.895592
LTCT,9.0,8.0,88.88888888888889,0.0,0.0,300.0,,533.0,642.5,1187.5,1521.5,3141.1999999999994,,,,,,,,,,,1187.5,3141.1999999999994,100.0,,55.55555555555556,33.333333333333336,0.0,9.0,8.0,88.88888888888889,0.0,0.0,,,-4309.5,-2081.25,-1347.5,-1243.75,-1147.0,,,,,,,,,,,1347.5,4309.5,100.0,,77.77777777777777,11.11111111111111,0.0,0.0,nm_inferred,9.0,88.88888888888889,,Iğdır Airport,39.976627,43.876648
LTCV,8.0,5.0,62.5,0.0,0.0,300.0,,4323.4,4330.0,4335.0,4410.0,4450.8,,,,,,,,,,,4335.0,4450.8,100.0,,62.5,0.0,0.0,8.0,6.0,75.0,0.0,0.0,,,-4127.0,-3978.0,-3859.5,-3731.25,-2483.5,,,,,,,,,,,3859.5,4127.0,100.0,,75.0,0.0,0.0,0.0,nm_inferred,8.0,68.75,,Şırnak Şerafettin Elçi Airport,37.3647,42.0582
LTDA,32.0,27.0,84.375,0.0,0.0,300.0,,1404.0,1970.0,2470.0,2677.5,2781.0,,,,,,,,,,,2470.0,2781.0,100.0,,84.375,0.0,0.0,33.0,28.0,84.84848484848484,0.0,0.0,,,-3105.0,-2882.5,-2650.0,-2303.75,-1670.0,,,,,,,,,,,2650.0,3105.0,100.0,,84.84848484848484,0.0,0.0,0.0,nm_inferred,33.0,84.61174242424242,,Hatay Airport,36.36079,36.285589
LTDB,112.0,101.0,90.17857142857143,0.0,0.0,300.0,,905.0,1100.0,1935.0,2200.0,2450.0,,,,,,,,,,,1935.0,2450.0,100.0,,90.17857142857143,0.0,0.0,112.0,103.0,91.96428571428571,0.0,0.0,,,-2342.0,-2105.0,-1780.0,-1367.5,-1061.0,,,,,,,,,,,1800.0,2409.0,99.02912621359224,,87.5,3.5714285714285716,0.8928571428571429,0.0,nm_inferred,112.0,91.07142857142857,,Çukurova International Airport,36.891478,35.071235
LTFC,2.0,2.0,100.0,0.0,0.0,300.0,,476.5,493.75,522.5,551.25,568.5,,,,,,,,,,,522.5,568.5,100.0,,100.0,0.0,0.0,2.0,2.0,100.0,0.0,0.0,,,-1235.0,-1197.5,-1135.0,-1072.5,-1035.0,,,,,,,,,,,1135.0,1235.0,100.0,,100.0,0.0,0.0,0.0,nm_inferred,2.0,100.0,,Süleyman Demirel International Airport,37.8554,30.368401
LTFD,16.0,15.0,93.75,0.0,0.0,300.0,,-71.99999999999999,-15.0,10.0,27.5,43.99999999999999,,,,,,,,,,,25.0,96.0,60.0,,93.75,0.0,0.0,16.0,15.0,93.75,0.0,0.0,,,158.0,202.5,225.0,265.0,273.0,,,,,,,,,,,225.0,273.0,6.666666666666667,,93.75,0.0,0.0,0.0,nm_inferred,16.0,93.75,,Balıkesir Koca Seyit Airport,39.552533,27.010192
LTFE,195.0,191.0,97.94871794871794,0.0,0.0,600.0,,95.0,120.0,160.0,200.0,240.0,,,,,,,,,,,160.0,245.0,99.47643979057591,,88.2051282051282,8.717948717948717,1.0256410256410255,202.0,197.0,97.52475247524752,0.0,0.0,,,-53.999999999999986,45.0,110.0,140.0,160.0,,,,,,,,,,,120.0,165.0,20.304568527918782,,85.64356435643565,11.386138613861386,0.49504950495049505,0.0,nm_inferred,202.0,97.73673521198273,,Milas Bodrum International Airport,37.249314,27.66401
LTFG,33.0,32.0,96.96969696969697,0.0,0.0,600.0,,-64.0,-21.25,15.0,1236.25,2774.0000000000027,,,,,,,,,,,65.0,2774.0000000000027,62.5,,72.72727272727273,24.242424242424242,0.0,33.0,31.0,93.93939393939394,0.0,0.0,,,-1615.0,-342.5,245.0,272.5,285.0,,,,,,,,,,,275.0,1615.0,32.25806451612903,,75.75757575757575,18.181818181818183,0.0,0.0,nm_inferred,33.0,95.45454545454545,,Gazipaşa-Alanya Airport,36.298832,32.297017
LTFH,44.0,43.0,97.72727272727273,0.0,0.0,600.0,,-39.99999999999999,37.5,355.0,2852.5,3137.0,,,,,,,,,,,355.0,3137.0,88.37209302325581,,61.36363636363637,36.36363636363637,0.0,47.0,47.0,100.0,0.0,0.0,,,-2309.0,-1895.0,-1475.0,230.0,252.0,,,,,,,,,,,1475.0,2308.9999999999995,63.829787234042556,,72.34042553191489,27.659574468085108,0.0,0.0,nm_inferred,47.0,98.86363636363637,,Samsun-Çarşamba Airport,41.253988,36.567546
LTFJ,1146.0,1142.0,99.65095986038395,0.0,0.0,900.0,,20.0,35.0,55.0,75.0,139.50000000000045,,,,,,,,,,,55.0,140.0,99.47460595446584,,86.47469458987784,13.089005235602095,0.08726003490401396,1163.0,1146.0,98.53826311263973,0.0,0.0,,,-20.0,175.0,225.0,250.0,275.0,,,,,,,,,,,230.0,295.0,12.216404886561955,,88.65004299226139,9.888220120378332,0.0,0.0,nm_inferred,1163.0,99.09461148651184,,Istanbul Sabiha Gökçen International Airport,40.898602,29.3092
LTFM,2134.0,2095.0,98.17244611059044,0.0,99.76569821930646,900.0,900.0,75.0,95.0,120.0,160.0,283.0000000000007,0.0,0.0,0.0,0.0,0.0,0.0,0.0,0.0,0.0,0.0,120.0,283.0000000000007,99.95226730310263,0.0,78.63167760074977,19.400187441424556,0.14058106841611998,2130.0,2076.0,97.46478873239437,0.0,99.85915492957747,720.0,530.0,-1355.0,200.0,225.0,245.0,265.0,0.0,0.17790678524374176,0.2708333333333333,0.38333333333333336,0.5232683982683983,0.15217391304347827,0.21428571428571427,0.3125,0.4444444444444444,0.5714285714285714,235.0,1535.0,14.836223506743737,1.4932562620423893,77.98122065727699,19.389671361502348,0.09389671361502347,99.85915492957747,apdf,2134.0,97.8186174214924,0.1528415897210819,İstanbul Airport,41.274874,28.732136
LTFO,38.0,30.0,78.94736842105263,0.0,0.0,300.0,,-614.5,-11.25,45.0,85.0,4046.0,,,,,,,,,,,75.0,4046.0,73.33333333333333,,55.26315789473684,23.68421052631579,0.0,39.0,38.0,97.43589743589743,0.0,0.0,,,-3665.0,-3358.75,-3015.0,-526.25,539.3,,,,,,,,,,,3015.0,3665.0000000000014,73.6842105263158,,46.15384615384615,51.282051282051285,0.0,0.0,nm_inferred,39.0,88.19163292847503,,Rize–Artvin Airport,41.179766,40.848802
LUKK,199.0,187.0,93.96984924623115,0.0,0.0,900.0,,473.0,532.5,720.0,2532.5,3682.0,,,,,,,,,,,720.0,3682.0,100.0,,79.39698492462311,14.57286432160804,0.0,198.0,193.0,97.47474747474747,0.0,0.0,,,-1074.0,-735.0,-600.0,-448.0,-347.1999999999999,,,,,,,,,,,600.0,1074.0,100.0,,88.38383838383838,9.090909090909092,0.0,0.0,nm_inferred,199.0,95.7222983604893,,Chişinău International Airport,46.92774,28.931704
LWOH,9.0,9.0,100.0,0.0,0.0,540.0,,315.0,890.0,985.0,1135.0,2868.0,,,,,,,,,,,985.0,2868.0,100.0,,77.77777777777777,22.22222222222222,0.0,9.0,9.0,100.0,0.0,0.0,,,-924.0,-890.0,-880.0,-780.0,-581.9999999999999,,,,,,,,,,,880.0,924.0,100.0,,100.0,0.0,0.0,0.0,nm_inferred,9.0,100.0,,Ohrid St. Paul the Apostle Airport,41.18,20.7423
LWSK,110.0,109.0,99.0909090909091,0.0,0.0,600.0,,310.0,475.0,580.0,690.0,953.0000000000002,,,,,,,,,,,580.0,1017.0000000000002,99.08256880733946,,90.9090909090909,7.2727272727272725,0.9090909090909091,113.0,113.0,100.0,0.0,0.0,,,-885.0,-680.0,-560.0,-345.0,-187.00000000000003,,,,,,,,,,,560.0,893.0,99.11504424778761,,91.15044247787611,7.964601769911504,0.8849557522123894,0.0,nm_inferred,113.0,99.54545454545455,,Skopje International Airport,41.958087,21.622581
LXGB,18.0,18.0,100.0,0.0,0.0,540.0,,-33.0,-12.5,9.0,43.75,482.0000000000002,,,,,,,,,,,35.0,482.0000000000002,61.111111111111114,,83.33333333333333,16.666666666666668,0.0,19.0,19.0,100.0,0.0,0.0,,,410.8,459.5,518.0,558.5,644.9999999999998,,,,,,,,,,,518.0,644.9999999999998,0.0,,89.47368421052632,5.2631578947368425,5.2631578947368425,0.0,nm_inferred,19.0,100.0,,Gibraltar Airport,36.151679,-5.34978
LYBE,406.0,403.0,99.26108374384236,0.0,0.0,600.0,,-853.0,-640.0,-470.0,-262.5,-85.0,,,,,,,,,,,490.0,964.0,4.714640198511166,,91.6256157635468,7.142857142857143,0.49261083743842365,411.0,405.0,98.54014598540147,0.0,0.0,,,346.20000000000005,452.0,542.0,635.0,704.0,,,,,,,,,,,555.0,732.6000000000003,2.4691358024691357,,89.05109489051095,8.75912408759124,0.7299270072992701,0.0,nm_inferred,411.0,98.90061486462191,,Belgrade Nikola Tesla Airport,44.818401,20.309099
LYKV,1.0,1.0,100.0,0.0,0.0,600.0,,160.0,160.0,160.0,160.0,160.0,,,,,,,,,,,160.0,160.0,100.0,,100.0,0.0,0.0,1.0,1.0,100.0,0.0,0.0,,,-71.0,-71.0,-71.0,-71.0,-71.0,,,,,,,,,,,71.0,71.0,100.0,,100.0,0.0,0.0,0.0,nm_inferred,1.0,100.0,,Morava Airport,43.817519,20.586662
LYNI,17.0,17.0,100.0,0.0,0.0,600.0,,149.0,160.0,190.0,210.0,234.0,,,,,,,,,,,190.0,234.0,100.0,,100.0,0.0,0.0,18.0,17.0,94.44444444444444,0.0,0.0,,,-237.8,-222.0,-138.0,4.0,43.8,,,,,,,,,,,138.0,237.8,70.58823529411765,,94.44444444444444,0.0,0.0,0.0,nm_inferred,18.0,97.22222222222223,,Niš Constantine the Great Airport,43.336538,21.856242
LYPG,100.0,95.0,95.0,0.0,0.0,600.0,,197.0,415.0,505.0,590.0,770.0,,,,,,,,,,,505.0,770.0,100.0,,80.0,14.0,1.0,102.0,97.0,95.09803921568627,0.0,0.0,,,-894.1999999999999,-577.0,-465.0,-368.0,-117.39999999999998,,,,,,,,,,,465.0,894.2000000000003,97.9381443298969,,82.3529411764706,12.745098039215685,0.0,0.0,nm_inferred,102.0,95.04901960784314,,Podgorica Airport / Podgorica Golubovci Airbase,42.359402,19.2519
LYTV,78.0,76.0,97.43589743589743,0.0,0.0,600.0,,112.5,258.75,415.0,615.0,862.5,,,,,,,,,,,415.0,862.5,100.0,,84.61538461538461,12.820512820512821,0.0,79.0,76.0,96.20253164556962,0.0,0.0,,,-1139.5,-778.0,-544.0,-370.75,180.5,,,,,,,,,,,544.0,1139.5,85.52631578947368,,69.62025316455696,26.582278481012658,0.0,0.0,nm_inferred,79.0,96.81921454073353,,Tivat Airport,42.404701,18.723301
LZHL,1.0,1.0,100.0,0.0,0.0,0.0,,25.0,25.0,25.0,25.0,25.0,,,,,,,,,,,25.0,25.0,100.0,,100.0,0.0,0.0,,,,,,,,,,,,,,,,,,,,,,,,,,,,,,0.0,nm_inferred,1.0,100.0,,Holič Airfield,48.8103,17.1338
LZIB,167.0,167.0,100.0,0.0,93.41317365269461,600.0,97.5,-825.0,-630.0,-520.0,-395.0,-190.0,0.3611111111111111,0.7286931818181818,0.85625,0.9539141414141414,1.0,0.4,0.71875,0.8693181818181819,0.9480263157894736,1.0,525.0,991.0000000000002,4.790419161676646,25.0,91.61676646706587,6.586826347305389,1.7964071856287425,170.0,170.0,100.0,0.0,92.3529411764706,240.0,5.0,415.0,476.25,545.0,602.5,797.9999999999995,1.0,1.0,1.0,1.0,1.0,1.0,1.0,1.0,1.0,1.0,547.5,977.4999999999987,1.1764705882352942,98.08917197452229,91.17647058823529,6.470588235294118,2.3529411764705883,93.41317365269461,apdf,170.0,100.0,0.9346590909090909,M. R. Štefánik Airport,48.1702,17.2127
LZKZ,37.0,37.0,100.0,0.0,0.0,600.0,,33.0,60.0,70.0,110.0,432.9999999999996,,,,,,,,,,,70.0,432.9999999999996,100.0,,81.08108108108108,18.91891891891892,0.0,38.0,38.0,100.0,0.0,0.0,,,19.10000000000001,228.75,259.0,268.75,278.0,,,,,,,,,,,262.0,284.6,10.526315789473685,,86.84210526315789,10.526315789473685,2.6315789473684212,0.0,nm_inferred,38.0,100.0,,Košice International Airport,48.663101,21.2411
LZPP,2.0,2.0,100.0,0.0,0.0,450.0,,75.0,75.0,75.0,75.0,75.0,,,,,,,,,,,75.0,75.0,100.0,,100.0,0.0,0.0,,,,,,,,,,,,,,,,,,,,,,,,,,,,,,0.0,nm_inferred,2.0,100.0,,Piešťany Airport,48.62519836425781,17.828399658203125
LZTT,3.0,3.0,100.0,0.0,0.0,660.0,,101.0,102.5,105.0,120.0,129.0,,,,,,,,,,,105.0,129.0,100.0,,100.0,0.0,0.0,3.0,3.0,100.0,0.0,0.0,,,-35.4,-24.0,-5.0,60.0,99.0,,,,,,,,,,,43.0,108.60000000000001,66.66666666666667,,100.0,0.0,0.0,0.0,nm_inferred,3.0,100.0,,Poprad-Tatry Airport,49.070994,20.241394
LZZI,1.0,0.0,0.0,0.0,0.0,600.0,,,,,,,,,,,,,,,,,,,,,0.0,0.0,0.0,1.0,0.0,0.0,0.0,0.0,,,,,,,,,,,,,,,,,,,,,,0.0,0.0,0.0,0.0,nm_inferred,1.0,0.0,,Žilina-Dolný Hričov Airport,49.233292,18.613386
MDCY,1.0,1.0,100.0,0.0,0.0,600.0,,23138.0,23138.0,23138.0,23138.0,23138.0,,,,,,,,,,,23138.0,23138.0,100.0,,100.0,0.0,0.0,1.0,1.0,100.0,0.0,0.0,,,-21698.0,-21698.0,-21698.0,-21698.0,-21698.0,,,,,,,,,,,21698.0,21698.0,100.0,,100.0,0.0,0.0,0.0,nm_inferred,1.0,100.0,,,,
MDLR,3.0,3.0,100.0,0.0,0.0,600.0,,22623.2,22947.5,23488.0,23626.5,23709.6,,,,,,,,,,,23488.0,23709.6,100.0,,66.66666666666667,0.0,33.333333333333336,3.0,3.0,100.0,0.0,0.0,,,-24518.6,-23202.5,-21009.0,-20543.5,-20264.2,,,,,,,,,,,21009.0,24518.6,100.0,,100.0,0.0,0.0,0.0,nm_inferred,3.0,100.0,,,,
MDPC,16.0,16.0,100.0,0.0,0.0,600.0,,21741.5,22147.5,22580.5,23038.25,23104.0,,,,,,,,,,,22580.5,23104.0,100.0,,100.0,0.0,0.0,17.0,17.0,100.0,0.0,0.0,,,-26577.2,-26142.0,-25634.0,-21737.0,-20949.0,,,,,,,,,,,25634.0,26577.2,100.0,,100.0,0.0,0.0,0.0,nm_inferred,17.0,100.0,,,,
MDPP,,,,,,,,,,,,,,,,,,,,,,,,,,,,,,1.0,1.0,100.0,0.0,0.0,,,-26724.0,-26724.0,-26724.0,-26724.0,-26724.0,,,,,,,,,,,26724.0,26724.0,100.0,,100.0,0.0,0.0,0.0,nm_inferred,1.0,100.0,,,,
MDSD,9.0,9.0,100.0,0.0,0.0,600.0,,21960.6,22199.0,22979.0,23211.0,23250.4,,,,,,,,,,,22979.0,23250.4,100.0,,100.0,0.0,0.0,7.0,7.0,100.0,0.0,0.0,,,-22523.8,-22363.0,-21827.0,-20868.5,-20533.4,,,,,,,,,,,21827.0,22523.8,100.0,,100.0,0.0,0.0,0.0,nm_inferred,9.0,100.0,,,,
MDST,1.0,1.0,100.0,0.0,0.0,600.0,,21898.0,21898.0,21898.0,21898.0,21898.0,,,,,,,,,,,21898.0,21898.0,100.0,,100.0,0.0,0.0,1.0,1.0,100.0,0.0,0.0,,,-20904.0,-20904.0,-20904.0,-20904.0,-20904.0,,,,,,,,,,,20904.0,20904.0,100.0,,100.0,0.0,0.0,0.0,nm_inferred,1.0,100.0,,,,
MGGT,,,,,,,,,,,,,,,,,,,,,,,,,,,,,,3.0,3.0,100.0,0.0,0.0,,,-34015.8,-33472.5,-32567.0,-31940.5,-31564.6,,,,,,,,,,,32567.0,34015.8,100.0,,66.66666666666667,33.333333333333336,0.0,0.0,nm_inferred,3.0,100.0,,,,
MHLM,1.0,1.0,100.0,0.0,0.0,600.0,,29117.0,29117.0,29117.0,29117.0,29117.0,,,,,,,,,,,29117.0,29117.0,100.0,,100.0,0.0,0.0,1.0,1.0,100.0,0.0,0.0,,,-28292.0,-28292.0,-28292.0,-28292.0,-28292.0,,,,,,,,,,,28292.0,28292.0,100.0,,100.0,0.0,0.0,0.0,nm_inferred,1.0,100.0,,,,
MKJP,2.0,2.0,100.0,0.0,0.0,600.0,,25417.1,25444.25,25489.5,25534.75,25561.9,,,,,,,,,,,25489.5,25561.9,100.0,,100.0,0.0,0.0,2.0,2.0,100.0,0.0,0.0,,,-29118.3,-29016.75,-28847.5,-28678.25,-28576.7,,,,,,,,,,,28847.5,29118.3,100.0,,100.0,0.0,0.0,0.0,nm_inferred,2.0,100.0,,,,
MKJS,7.0,7.0,100.0,0.0,0.0,600.0,,24502.6,24896.0,25454.0,26369.5,26823.4,,,,,,,,,,,25454.0,26823.4,100.0,,100.0,0.0,0.0,5.0,5.0,100.0,0.0,0.0,,,-30861.0,-29475.0,-29325.0,-28951.0,-28391.2,,,,,,,,,,,29325.0,30861.0,100.0,,100.0,0.0,0.0,0.0,nm_inferred,7.0,100.0,,,,
MMGL,4.0,4.0,100.0,0.0,0.0,630.0,,30374.3,30397.25,30450.0,30646.5,30928.2,,,,,,,,,,,30450.0,30928.2,100.0,,100.0,0.0,0.0,1.0,1.0,100.0,0.0,0.0,,,-33242.0,-33242.0,-33242.0,-33242.0,-33242.0,,,,,,,,,,,33242.0,33242.0,100.0,,100.0,0.0,0.0,0.0,nm_inferred,4.0,100.0,,,,
MMMX,48.0,48.0,100.0,0.0,0.0,600.0,,29621.3,29990.75,30477.5,30963.5,31369.8,,,,,,,,,,,30477.5,31369.8,100.0,,91.66666666666667,8.333333333333334,0.0,44.0,44.0,100.0,0.0,0.0,,,-34737.8,-34301.0,-33565.0,-32571.5,-31858.5,,,,,,,,,,,33565.0,34737.8,100.0,,79.54545454545455,20.454545454545453,0.0,0.0,nm_inferred,48.0,100.0,,,,
MMMY,6.0,6.0,100.0,0.0,0.0,600.0,,27298.0,27702.25,28608.5,29619.0,30143.5,,,,,,,,,,,28608.5,30143.5,100.0,,100.0,0.0,0.0,7.0,7.0,100.0,0.0,0.0,,,-36659.2,-35097.5,-34704.0,-33463.5,-32718.8,,,,,,,,,,,34704.0,36659.200000000004,100.0,,100.0,0.0,0.0,0.0,nm_inferred,7.0,100.0,,,,
MMQT,1.0,1.0,100.0,0.0,0.0,600.0,,31006.0,31006.0,31006.0,31006.0,31006.0,,,,,,,,,,,31006.0,31006.0,100.0,,100.0,0.0,0.0,1.0,1.0,100.0,0.0,0.0,,,-32579.0,-32579.0,-32579.0,-32579.0,-32579.0,,,,,,,,,,,32579.0,32579.0,100.0,,100.0,0.0,0.0,0.0,nm_inferred,1.0,100.0,,,,
MMSM,1.0,1.0,100.0,0.0,0.0,600.0,,29714.0,29714.0,29714.0,29714.0,29714.0,,,,,,,,,,,29714.0,29714.0,100.0,,100.0,0.0,0.0,6.0,6.0,100.0,0.0,0.0,,,-34883.5,-34722.25,-34565.5,-34209.25,-34042.5,,,,,,,,,,,34565.5,34883.5,100.0,,66.66666666666667,33.333333333333336,0.0,0.0,nm_inferred,6.0,100.0,,,,
MMTJ,,,,,,,,,,,,,,,,,,,,,,,,,,,,,,1.0,1.0,100.0,0.0,0.0,,,-43580.0,-43580.0,-43580.0,-43580.0,-43580.0,,,,,,,,,,,43580.0,43580.0,100.0,,100.0,0.0,0.0,0.0,nm_inferred,1.0,100.0,,,,
MMTO,,,,,,,,,,,,,,,,,,,,,,,,,,,,,,1.0,1.0,100.0,0.0,0.0,,,-35667.0,-35667.0,-35667.0,-35667.0,-35667.0,,,,,,,,,,,35667.0,35667.0,100.0,,100.0,0.0,0.0,0.0,nm_inferred,1.0,100.0,,,,
MMUN,20.0,20.0,100.0,0.0,0.0,600.0,,26177.0,26731.0,27318.5,28176.5,29308.3,,,,,,,,,,,27318.5,29308.3,100.0,,100.0,0.0,0.0,21.0,21.0,100.0,0.0,0.0,,,-30935.0,-30633.0,-30071.0,-29508.0,-27436.0,,,,,,,,,,,30071.0,30935.0,100.0,,85.71428571428571,14.285714285714286,0.0,0.0,nm_inferred,21.0,100.0,,,,
MPTO,14.0,14.0,100.0,0.0,0.0,600.0,,27930.7,28075.25,28521.0,28696.0,28806.7,,,,,,,,,,,28521.0,28806.7,100.0,,85.71428571428571,14.285714285714286,0.0,9.0,9.0,100.0,0.0,0.0,,,-32064.0,-31315.0,-27824.0,-27195.0,-26604.6,,,,,,,,,,,27824.0,32064.0,100.0,,88.88888888888889,11.11111111111111,0.0,0.0,nm_inferred,14.0,100.0,,,,
MROC,11.0,11.0,100.0,0.0,0.0,600.0,,29537.0,29626.0,30499.0,30789.0,31099.0,,,,,,,,,,,30499.0,31099.0,100.0,,90.9090909090909,9.090909090909092,0.0,10.0,10.0,100.0,0.0,0.0,,,-35133.2,-33886.25,-32802.5,-29754.25,-29414.5,,,,,,,,,,,32802.5,35133.2,100.0,,100.0,0.0,0.0,0.0,nm_inferred,11.0,100.0,,,,
MSLP,3.0,3.0,100.0,0.0,0.0,600.0,,30393.4,30440.5,30519.0,30953.5,31214.2,,,,,,,,,,,30519.0,31214.2,100.0,,100.0,0.0,0.0,,,,,,,,,,,,,,,,,,,,,,,,,,,,,,0.0,nm_inferred,3.0,100.0,,,,
MUHA,,,,,,,,,,,,,,,,,,,,,,,,,,,,,,3.0,3.0,100.0,0.0,0.0,,,-28041.6,-27946.5,-27788.0,-27580.0,-27455.2,,,,,,,,,,,27788.0,28041.6,100.0,,33.333333333333336,66.66666666666667,0.0,0.0,nm_inferred,3.0,100.0,,,,
MYEF,,,,,,,,,,,,,,,,,,,,,,,,,,,,,,1.0,0.0,0.0,0.0,0.0,,,,,,,,,,,,,,,,,,,,,,0.0,0.0,0.0,0.0,nm_inferred,1.0,0.0,,,,
MYNN,5.0,5.0,100.0,0.0,0.0,600.0,,23084.0,23645.0,23985.0,24195.0,24300.0,,,,,,,,,,,23985.0,24300.0,100.0,,100.0,0.0,0.0,4.0,4.0,100.0,0.0,0.0,,,-26601.5,-26405.75,-26266.5,-26184.75,-26092.5,,,,,,,,,,,26266.5,26601.5,100.0,,100.0,0.0,0.0,0.0,nm_inferred,5.0,100.0,,,,
OAKB,5.0,5.0,100.0,0.0,0.0,0.0,,9310.6,9556.0,9840.0,10146.0,10214.4,,,,,,,,,,,9840.0,10214.4,100.0,,100.0,0.0,0.0,6.0,6.0,100.0,0.0,0.0,,,-10333.5,-7520.75,-7237.5,-7120.0,-7090.0,,,,,,,,,,,7237.5,10333.5,100.0,,83.33333333333333,16.666666666666668,0.0,0.0,nm_inferred,6.0,100.0,,,,
OAMS,2.0,2.0,100.0,0.0,0.0,0.0,,8611.5,8763.75,9017.5,9271.25,9423.5,,,,,,,,,,,9017.5,9423.5,100.0,,50.0,50.0,0.0,,,,,,,,,,,,,,,,,,,,,,,,,,,,,,0.0,nm_inferred,2.0,100.0,,,,
OBBI,42.0,42.0,100.0,0.0,0.0,840.0,,7448.0,7739.25,9489.0,11064.5,11742.1,,,,,,,,,,,9489.0,11742.1,100.0,,21.428571428571427,78.57142857142857,0.0,50.0,49.0,98.0,0.0,0.0,,,-10820.6,-9727.0,-6732.0,-6066.0,-5865.8,,,,,,,,,,,6732.0,10820.6,100.0,,88.0,10.0,0.0,0.0,nm_inferred,50.0,99.0,,,,
OEAB,1.0,1.0,100.0,0.0,0.0,0.0,,7462.0,7462.0,7462.0,7462.0,7462.0,,,,,,,,,,,7462.0,7462.0,100.0,,100.0,0.0,0.0,1.0,1.0,100.0,0.0,0.0,,,-7339.0,-7339.0,-7339.0,-7339.0,-7339.0,,,,,,,,,,,7339.0,7339.0,100.0,,100.0,0.0,0.0,0.0,nm_inferred,1.0,100.0,,,,
OEDF,3.0,3.0,100.0,0.0,0.0,600.0,,6239.2,6445.0,6788.0,8711.5,9865.6,,,,,,,,,,,6788.0,9865.6,100.0,,100.0,0.0,0.0,3.0,3.0,100.0,0.0,0.0,,,-10276.4,-10157.0,-9958.0,-8681.0,-7914.8,,,,,,,,,,,9958.0,10276.4,100.0,,33.333333333333336,66.66666666666667,0.0,0.0,nm_inferred,3.0,100.0,,,,
OEJN,171.0,169.0,98.83040935672514,0.0,0.0,0.0,,4277.0,4470.0,5745.0,8822.0,9288.2,,,,,,,,,,,5745.0,9288.2,100.0,,70.76023391812865,28.07017543859649,0.0,139.0,138.0,99.28057553956835,0.0,0.0,,,-9928.4,-8162.25,-6513.5,-5322.0,-5041.4,,,,,,,,,,,6513.5,9928.4,100.0,,71.22302158273381,28.057553956834532,0.0,0.0,nm_inferred,171.0,99.05549244814674,,,,
OEMA,80.0,80.0,100.0,0.0,0.0,0.0,,3573.8,3793.75,4227.0,6332.0,8214.2,,,,,,,,,,,4227.0,8214.2,100.0,,71.25,28.75,0.0,44.0,43.0,97.72727272727273,0.0,0.0,,,-7102.6,-4256.5,-4020.0,-3775.5,-3532.2,,,,,,,,,,,4020.0,7102.600000000001,100.0,,81.81818181818181,15.909090909090908,0.0,0.0,nm_inferred,80.0,98.86363636363637,,,,
OEPA,1.0,1.0,100.0,0.0,0.0,0.0,,5249.0,5249.0,5249.0,5249.0,5249.0,,,,,,,,,,,5249.0,5249.0,100.0,,100.0,0.0,0.0,1.0,1.0,100.0,0.0,0.0,,,-4288.0,-4288.0,-4288.0,-4288.0,-4288.0,,,,,,,,,,,4288.0,4288.0,100.0,,100.0,0.0,0.0,0.0,nm_inferred,1.0,100.0,,Qaisumah–Hafar Al-Batin International Airport,28.335726,46.127108
OERK,68.0,66.0,97.05882352941177,0.0,0.0,900.0,,5609.0,6160.5,7066.5,8306.5,9968.0,,,,,,,,,,,7066.5,9968.0,100.0,,72.05882352941177,25.0,0.0,85.0,83.0,97.6470588235294,0.0,0.0,,,-9871.0,-9265.0,-7486.0,-6125.0,-4942.2,,,,,,,,,,,7486.0,9871.0,100.0,,61.1764705882353,36.470588235294116,0.0,0.0,nm_inferred,85.0,97.35294117647058,,,,
OETF,12.0,12.0,100.0,0.0,0.0,0.0,,6014.200000000001,10399.0,10747.5,10983.75,11262.0,,,,,,,,,,,10747.5,11262.0,100.0,,16.666666666666668,83.33333333333333,0.0,10.0,8.0,80.0,0.0,0.0,,,-11834.3,-11817.5,-11614.5,-11396.5,-9120.100000000002,,,,,,,,,,,11614.5,11834.3,100.0,,20.0,60.0,0.0,0.0,nm_inferred,12.0,90.0,,,,
OEYN,1.0,1.0,100.0,0.0,0.0,0.0,,3266.0,3266.0,3266.0,3266.0,3266.0,,,,,,,,,,,3266.0,3266.0,100.0,,100.0,0.0,0.0,1.0,1.0,100.0,0.0,0.0,,,-3241.0,-3241.0,-3241.0,-3241.0,-3241.0,,,,,,,,,,,3241.0,3241.0,100.0,,100.0,0.0,0.0,0.0,nm_inferred,1.0,100.0,,,,
OIIE,33.0,26.0,78.78787878787878,0.0,0.0,600.0,,2947.0,5068.0,5371.0,5625.5,8764.5,,,,,,,,,,,5371.0,8764.5,100.0,,66.66666666666667,9.090909090909092,3.0303030303030303,29.0,24.0,82.75862068965517,0.0,0.0,,,-6949.5,-5369.75,-4996.0,-4545.5,-3018.9,,,,,,,,,,,4996.0,6949.5,100.0,,75.86206896551724,3.4482758620689653,3.4482758620689653,0.0,nm_inferred,33.0,80.77324973876698,,,,
OIMM,,,,,,,,,,,,,,,,,,,,,,,,,,,,,,1.0,1.0,100.0,0.0,0.0,,,-7156.0,-7156.0,-7156.0,-7156.0,-7156.0,,,,,,,,,,,7156.0,7156.0,100.0,,100.0,0.0,0.0,0.0,nm_inferred,1.0,100.0,,,,
OISS,1.0,1.0,100.0,0.0,0.0,600.0,,8030.0,8030.0,8030.0,8030.0,8030.0,,,,,,,,,,,8030.0,8030.0,100.0,,100.0,0.0,0.0,,,,,,,,,,,,,,,,,,,,,,,,,,,,,,0.0,nm_inferred,1.0,100.0,,,,
OITR,,,,,,,,,,,,,,,,,,,,,,,,,,,,,,1.0,1.0,100.0,0.0,0.0,,,-2649.0,-2649.0,-2649.0,-2649.0,-2649.0,,,,,,,,,,,2649.0,2649.0,100.0,,100.0,0.0,0.0,0.0,nm_inferred,1.0,100.0,,Urmia Airport,37.6680984497,45.0686988831
OITT,3.0,2.0,66.66666666666667,0.0,0.0,600.0,,3241.5,3755.25,4611.5,5467.75,5981.5,,,,,,,,,,,4611.5,5981.5,100.0,,33.333333333333336,0.0,33.333333333333336,2.0,1.0,50.0,0.0,0.0,,,2135.0,2135.0,2135.0,2135.0,2135.0,,,,,,,,,,,2135.0,2135.0,0.0,,0.0,0.0,50.0,0.0,nm_inferred,3.0,58.333333333333336,,Tabriz International Airport,38.1339,46.235001
OJAI,82.0,82.0,100.0,0.0,0.0,720.0,,56.1,70.0,90.0,110.0,144.50000000000003,,,,,,,,,,,90.0,144.50000000000003,100.0,,73.17073170731707,26.829268292682926,0.0,84.0,84.0,100.0,0.0,0.0,,,-166.99999999999994,-43.75,62.5,133.75,216.00000000000003,,,,,,,,,,,95.0,407.00000000000017,33.333333333333336,,84.52380952380952,15.476190476190476,0.0,0.0,nm_inferred,84.0,100.0,,Queen Alia International Airport,31.7226009369,35.9931983948
OJAM,5.0,5.0,100.0,0.0,0.0,600.0,,-204.4,14.0,20.0,637.0,2246.8,,,,,,,,,,,350.0,2246.8,80.0,,40.0,40.0,20.0,5.0,5.0,100.0,0.0,0.0,,,-4742.4,-4722.0,248.0,492.0,1005.0,,,,,,,,,,,1347.0,4742.4,40.0,,60.0,20.0,20.0,0.0,nm_inferred,5.0,100.0,,Marka International (Amman Civil) Airport,31.9727,35.9916
OKKK,38.0,38.0,100.0,0.0,0.0,600.0,,5299.5,6998.75,8478.0,10051.75,10498.500000000002,,,,,,,,,,,8478.0,10498.500000000002,100.0,,73.6842105263158,26.31578947368421,0.0,37.0,35.0,94.5945945945946,0.0,0.0,,,-9902.8,-6592.5,-5318.0,-4849.5,-4707.2,,,,,,,,,,,5318.0,9902.8,100.0,,70.27027027027027,24.324324324324323,0.0,0.0,nm_inferred,38.0,97.29729729729729,,Kuwait International Airport,29.224487,47.969813
OLBA,82.0,80.0,97.5609756097561,0.0,0.0,600.0,,131.8,191.5,305.0,515.0,2779.0,,,,,,,,,,,305.0,2779.0,100.0,,93.90243902439025,3.658536585365854,0.0,84.0,81.0,96.42857142857143,0.0,0.0,,,-1060.0,-733.0,-519.0,-286.0,-43.0,,,,,,,,,,,519.0,1060.0,91.35802469135803,,90.47619047619048,5.9523809523809526,0.0,0.0,nm_inferred,84.0,96.99477351916377,,Beirut Rafic Hariri International Airport,33.819833,35.487443
OMAA,90.0,89.0,98.88888888888889,0.0,0.0,600.0,,9095.0,9710.0,12055.0,12675.0,13362.0,,,,,,,,,,,12055.0,13362.0,100.0,,51.111111111111114,47.77777777777778,0.0,99.0,99.0,100.0,0.0,0.0,,,-12384.8,-9816.5,-8583.0,-7650.0,-7253.6,,,,,,,,,,,8583.0,12384.8,100.0,,69.6969696969697,30.303030303030305,0.0,0.0,nm_inferred,99.0,99.44444444444444,,,,
OMAD,1.0,1.0,100.0,0.0,0.0,600.0,,9665.0,9665.0,9665.0,9665.0,9665.0,,,,,,,,,,,9665.0,9665.0,100.0,,100.0,0.0,0.0,2.0,2.0,100.0,0.0,0.0,,,-9134.2,-8981.5,-8727.0,-8472.5,-8319.8,,,,,,,,,,,8727.0,9134.2,100.0,,50.0,50.0,0.0,0.0,nm_inferred,2.0,100.0,,,,
OMDB,275.0,268.0,97.45454545454545,0.0,0.0,1500.0,,9127.0,9478.75,12377.5,13336.25,14353.0,,,,,,,,,,,12377.5,14353.0,100.0,,49.81818181818182,47.27272727272727,0.36363636363636365,263.0,256.0,97.33840304182509,0.0,0.0,,,-14679.0,-13366.5,-10346.0,-9560.25,-9252.5,,,,,,,,,,,10346.0,14679.0,100.0,,74.90494296577947,22.433460076045627,0.0,0.0,nm_inferred,275.0,97.39647424818527,,,,
OMDW,32.0,32.0,100.0,0.0,0.0,600.0,,9361.5,10061.25,10525.0,10641.25,11505.5,,,,,,,,,,,10525.0,11505.5,100.0,,78.125,18.75,3.125,38.0,37.0,97.36842105263158,0.0,0.0,,,-14970.2,-14138.0,-11121.0,-10213.0,-9831.4,,,,,,,,,,,11121.0,14970.199999999999,100.0,,71.05263157894737,26.31578947368421,0.0,0.0,nm_inferred,38.0,98.68421052631578,,,,
OMRK,3.0,3.0,100.0,0.0,0.0,1020.0,,10426.0,10787.5,11390.0,11500.0,11566.0,,,,,,,,,,,11390.0,11566.0,100.0,,66.66666666666667,33.333333333333336,0.0,3.0,3.0,100.0,0.0,0.0,,,-11653.0,-11632.0,-11597.0,-11565.0,-11545.8,,,,,,,,,,,11597.0,11653.0,100.0,,100.0,0.0,0.0,0.0,nm_inferred,3.0,100.0,,,,
OMSJ,26.0,25.0,96.15384615384616,0.0,0.0,900.0,,5454.000000000002,9795.0,10980.0,12493.0,13517.0,,,,,,,,,,,10980.0,13517.0,100.0,,38.46153846153846,57.69230769230769,0.0,25.0,24.0,96.0,0.0,0.0,,,-14088.1,-13982.25,-12967.5,-11205.5,-10499.2,,,,,,,,,,,12967.5,14088.1,100.0,,80.0,16.0,0.0,0.0,nm_inferred,26.0,96.07692307692308,,,,
OOMS,27.0,27.0,100.0,0.0,0.0,600.0,,10078.2,11319.5,12335.0,14877.0,16390.4,,,,,,,,,,,12335.0,16390.4,100.0,,59.25925925925926,40.74074074074074,0.0,24.0,24.0,100.0,0.0,0.0,,,-14026.5,-13418.75,-12512.0,-11271.25,-10759.2,,,,,,,,,,,12512.0,14026.5,100.0,,79.16666666666667,20.833333333333332,0.0,0.0,nm_inferred,27.0,100.0,,,,
OPIS,12.0,12.0,100.0,0.0,0.0,600.0,,11705.5,11920.0,18567.5,20023.75,24247.0,,,,,,,,,,,18567.5,24247.0,100.0,,58.333333333333336,41.666666666666664,0.0,10.0,10.0,100.0,0.0,0.0,,,-16589.6,-15027.25,-11494.0,-9016.25,-8983.0,,,,,,,,,,,11494.0,16589.6,100.0,,40.0,60.0,0.0,0.0,nm_inferred,12.0,100.0,,,,
OPKC,9.0,8.0,88.88888888888889,0.0,0.0,600.0,,13329.8,13751.0,15339.5,16452.25,16709.8,,,,,,,,,,,15339.5,16709.8,100.0,,55.55555555555556,33.333333333333336,0.0,7.0,7.0,100.0,0.0,0.0,,,-16707.6,-16166.0,-15714.0,-13403.5,-11240.199999999999,,,,,,,,,,,15714.0,16707.6,100.0,,85.71428571428571,14.285714285714286,0.0,0.0,nm_inferred,9.0,94.44444444444444,,,,
OPLA,6.0,6.0,100.0,0.0,0.0,600.0,,12590.0,12796.25,13460.0,14371.25,17375.0,,,,,,,,,,,13460.0,17375.0,100.0,,100.0,0.0,0.0,5.0,5.0,100.0,0.0,0.0,,,-16516.6,-16072.0,-14759.0,-14756.0,-11667.8,,,,,,,,,,,14759.0,16516.6,100.0,,40.0,60.0,0.0,0.0,nm_inferred,6.0,100.0,,,,
ORBI,29.0,25.0,86.20689655172414,0.0,0.0,600.0,,4218.6,4758.0,6386.0,6634.0,7142.400000000001,,,,,,,,,,,6386.0,7142.400000000001,100.0,,86.20689655172414,0.0,0.0,26.0,23.0,88.46153846153847,0.0,0.0,,,-7264.4,-6979.0,-6861.0,-5447.5,-3941.9999999999995,,,,,,,,,,,6861.0,7264.400000000001,100.0,,76.92307692307692,11.538461538461538,0.0,0.0,nm_inferred,29.0,87.3342175066313,,Baghdad International Airport / New Al Muthana Air Base,33.262501,44.2346
ORER,27.0,25.0,92.5925925925926,0.0,0.0,0.0,,4637.0,5419.0,5722.0,6441.0,8451.4,,,,,,,,,,,5722.0,8451.4,100.0,,77.77777777777777,14.814814814814815,0.0,27.0,25.0,92.5925925925926,0.0,0.0,,,-5696.4,-5454.0,-5002.0,-4718.0,-2312.6,,,,,,,,,,,5002.0,5696.4,100.0,,85.18518518518519,7.407407407407407,0.0,0.0,nm_inferred,27.0,92.5925925925926,,Erbil International Airport,36.236047,43.946615
ORKK,5.0,3.0,60.0,0.0,0.0,0.0,,4145.6,4206.5,4308.0,4962.5,5355.2,,,,,,,,,,,4308.0,5355.2,100.0,,60.0,0.0,0.0,6.0,4.0,66.66666666666667,0.0,0.0,,,-5659.3,-5466.25,-5352.5,-4789.5,-3787.7999999999997,,,,,,,,,,,5352.5,5659.3,100.0,,50.0,16.666666666666668,0.0,0.0,nm_inferred,6.0,63.333333333333336,,Kirkuk International Airport,35.469501,44.3489
ORMM,1.0,1.0,100.0,0.0,0.0,0.0,,8428.0,8428.0,8428.0,8428.0,8428.0,,,,,,,,,,,8428.0,8428.0,100.0,,100.0,0.0,0.0,1.0,1.0,100.0,0.0,0.0,,,-5800.0,-5800.0,-5800.0,-5800.0,-5800.0,,,,,,,,,,,5800.0,5800.0,100.0,,100.0,0.0,0.0,0.0,nm_inferred,1.0,100.0,,Basra International Airport,30.549101,47.662102
ORNI,,,,,,,,,,,,,,,,,,,,,,,,,,,,,,1.0,0.0,0.0,0.0,0.0,,,,,,,,,,,,,,,,,,,,,,0.0,0.0,0.0,0.0,nm_inferred,1.0,0.0,,Al Najaf International Airport,31.991116,44.405019
ORSJ,1.0,0.0,0.0,0.0,0.0,0.0,,,,,,,,,,,,,,,,,,,,,0.0,0.0,0.0,1.0,0.0,0.0,0.0,0.0,,,,,,,,,,,,,,,,,,,,,,0.0,0.0,0.0,0.0,nm_inferred,1.0,0.0,,,,
OSAP,9.0,9.0,100.0,0.0,0.0,0.0,,2766.6,2847.0,3043.0,3206.0,4302.400000000001,,,,,,,,,,,3043.0,4302.400000000001,100.0,,100.0,0.0,0.0,9.0,9.0,100.0,0.0,0.0,,,-3333.8,-3103.0,-3060.0,-2994.0,-2813.4,,,,,,,,,,,3060.0,3333.8,100.0,,100.0,0.0,0.0,0.0,nm_inferred,9.0,100.0,,Aleppo International Airport,36.181262,37.226869
OSDI,13.0,13.0,100.0,0.0,0.0,600.0,,865.6,924.0,1240.0,1379.0,1864.8000000000002,,,,,,,,,,,1240.0,1864.8000000000002,100.0,,100.0,0.0,0.0,14.0,13.0,92.85714285714286,0.0,0.0,,,-2991.8,-1779.0,-1110.0,-546.0,-520.4,,,,,,,,,,,1110.0,2991.8,100.0,,78.57142857142857,14.285714285714286,0.0,0.0,nm_inferred,14.0,96.42857142857143,,Damascus International Airport,33.4114990234375,36.51559829711914
OTBD,2.0,2.0,100.0,0.0,0.0,600.0,,9145.0,9302.5,9565.0,9827.5,9985.0,,,,,,,,,,,9565.0,9985.0,100.0,,100.0,0.0,0.0,3.0,3.0,100.0,0.0,0.0,,,-12287.4,-11688.0,-10689.0,-9720.5,-9139.4,,,,,,,,,,,10689.0,12287.4,100.0,,33.333333333333336,66.66666666666667,0.0,0.0,nm_inferred,3.0,100.0,,,,
OTHH,185.0,180.0,97.29729729729729,0.0,0.0,600.0,,7998.0,8628.75,11037.5,12193.75,13303.0,,,,,,,,,,,11037.5,13303.0,100.0,,44.86486486486486,52.432432432432435,0.0,180.0,180.0,100.0,0.0,0.0,,,-11862.199999999999,-10495.0,-7895.0,-6443.5,-6125.3,,,,,,,,,,,7895.0,11862.199999999999,100.0,,71.66666666666667,28.333333333333332,0.0,0.0,nm_inferred,185.0,98.64864864864865,,,,
PANC,5.0,5.0,100.0,0.0,0.0,600.0,,25038.4,25051.0,25438.0,25464.0,25768.8,,,,,,,,,,,25438.0,25768.8,100.0,,100.0,0.0,0.0,1.0,1.0,100.0,0.0,0.0,,,-23918.0,-23918.0,-23918.0,-23918.0,-23918.0,,,,,,,,,,,23918.0,23918.0,100.0,,100.0,0.0,0.0,0.0,nm_inferred,5.0,100.0,,,,
RCTP,19.0,18.0,94.73684210526316,0.0,0.0,600.0,,33614.0,33750.0,40835.0,41821.25,42285.0,,,,,,,,,,,40835.0,42285.0,100.0,,21.05263157894737,73.6842105263158,0.0,27.0,27.0,100.0,0.0,0.0,,,-36610.2,-35102.5,-34816.0,-32263.0,-29705.0,,,,,,,,,,,34816.0,36610.2,100.0,,29.62962962962963,70.37037037037037,0.0,0.0,nm_inferred,27.0,97.36842105263159,,,,
RJAA,24.0,23.0,95.83333333333333,0.0,0.0,600.0,,37390.0,39662.5,43377.0,44287.5,45373.0,,,,,,,,,,,43377.0,45373.0,100.0,,66.66666666666667,29.166666666666668,0.0,30.0,30.0,100.0,0.0,0.0,,,-36347.0,-36024.25,-35554.5,-34968.75,-30140.5,,,,,,,,,,,35554.5,36347.0,100.0,,36.666666666666664,63.333333333333336,0.0,0.0,nm_inferred,30.0,97.91666666666666,,,,
RJBB,10.0,10.0,100.0,0.0,0.0,600.0,,34474.5,41945.0,43027.5,43876.25,45211.5,,,,,,,,,,,43027.5,45211.5,100.0,,80.0,20.0,0.0,10.0,10.0,100.0,0.0,0.0,,,-33173.5,-33064.0,-30413.0,-27765.5,-27638.3,,,,,,,,,,,30413.0,33173.5,100.0,,50.0,50.0,0.0,0.0,nm_inferred,10.0,100.0,,,,
RJGG,1.0,1.0,100.0,0.0,0.0,600.0,,42335.0,42335.0,42335.0,42335.0,42335.0,,,,,,,,,,,42335.0,42335.0,100.0,,100.0,0.0,0.0,1.0,1.0,100.0,0.0,0.0,,,-33449.0,-33449.0,-33449.0,-33449.0,-33449.0,,,,,,,,,,,33449.0,33449.0,100.0,,100.0,0.0,0.0,0.0,nm_inferred,1.0,100.0,,,,
RJTT,55.0,54.0,98.18181818181819,0.0,0.0,600.0,,39293.0,42225.25,44822.5,45656.25,46654.0,,,,,,,,,,,44822.5,46654.0,100.0,,74.54545454545455,23.636363636363637,0.0,50.0,50.0,100.0,0.0,0.0,,,-35818.3,-34865.75,-34315.0,-29739.5,-29423.2,,,,,,,,,,,34315.0,35818.3,100.0,,46.0,54.0,0.0,0.0,nm_inferred,55.0,99.0909090909091,,,,
RKPK,1.0,1.0,100.0,0.0,0.0,600.0,,33215.0,33215.0,33215.0,33215.0,33215.0,,,,,,,,,,,33215.0,33215.0,100.0,,100.0,0.0,0.0,,,,,,,,,,,,,,,,,,,,,,,,,,,,,,0.0,nm_inferred,1.0,100.0,,,,
RKSI,87.0,87.0,100.0,0.0,0.0,600.0,,30930.0,31180.0,37185.0,39727.5,40887.0,,,,,,,,,,,37185.0,40887.0,100.0,,40.229885057471265,59.770114942528735,0.0,78.0,78.0,100.0,0.0,0.0,,,-31138.9,-30651.5,-30107.5,-25340.75,-24910.6,,,,,,,,,,,30107.5,31138.9,100.0,,33.333333333333336,66.66666666666667,0.0,0.0,nm_inferred,87.0,100.0,,,,
RPLL,2.0,2.0,100.0,0.0,0.0,0.0,,34184.0,34272.5,34420.0,34567.5,34656.0,,,,,,,,,,,34420.0,34656.0,100.0,,50.0,50.0,0.0,2.0,2.0,100.0,0.0,0.0,,,-30942.7,-30931.75,-30913.5,-30895.25,-30884.3,,,,,,,,,,,30913.5,30942.7,100.0,,100.0,0.0,0.0,0.0,nm_inferred,2.0,100.0,,,,
SACO,1.0,1.0,100.0,0.0,0.0,600.0,,36520.0,36520.0,36520.0,36520.0,36520.0,,,,,,,,,,,36520.0,36520.0,100.0,,0.0,100.0,0.0,1.0,1.0,100.0,0.0,0.0,,,-34897.0,-34897.0,-34897.0,-34897.0,-34897.0,,,,,,,,,,,34897.0,34897.0,100.0,,100.0,0.0,0.0,0.0,nm_inferred,1.0,100.0,,,,
SAEZ,28.0,28.0,100.0,0.0,0.0,600.0,,31273.5,31871.25,35985.0,37741.25,38971.5,,,,,,,,,,,35985.0,38971.5,100.0,,82.14285714285714,17.857142857142858,0.0,28.0,28.0,100.0,0.0,0.0,,,-40913.4,-38672.0,-36368.5,-34937.0,-34190.6,,,,,,,,,,,36368.5,40913.4,100.0,,89.28571428571429,10.714285714285714,0.0,0.0,nm_inferred,28.0,100.0,,,,
SBBE,3.0,3.0,100.0,0.0,0.0,600.0,,20368.2,20382.0,20405.0,20616.0,20742.6,,,,,,,,,,,20405.0,20742.6,100.0,,100.0,0.0,0.0,2.0,2.0,100.0,0.0,0.0,,,-21590.2,-21575.5,-21551.0,-21526.5,-21511.8,,,,,,,,,,,21551.0,21590.2,100.0,,100.0,0.0,0.0,0.0,nm_inferred,3.0,100.0,,,,
SBBR,2.0,2.0,100.0,0.0,0.0,600.0,,25354.8,25420.5,25530.0,25639.5,25705.2,,,,,,,,,,,25530.0,25705.2,100.0,,100.0,0.0,0.0,2.0,2.0,100.0,0.0,0.0,,,-25288.3,-25282.75,-25273.5,-25264.25,-25258.7,,,,,,,,,,,25273.5,25288.3,100.0,,100.0,0.0,0.0,0.0,nm_inferred,2.0,100.0,,,,
SBCF,2.0,2.0,100.0,0.0,0.0,600.0,,23946.0,23980.5,24038.0,24095.5,24130.0,,,,,,,,,,,24038.0,24130.0,100.0,,100.0,0.0,0.0,3.0,3.0,100.0,0.0,0.0,,,-25984.0,-25957.0,-25912.0,-25901.5,-25895.2,,,,,,,,,,,25912.0,25984.0,100.0,,100.0,0.0,0.0,0.0,nm_inferred,3.0,100.0,,,,
SBCT,,,,,,,,,,,,,,,,,,,,,,,,,,,,,,1.0,1.0,100.0,0.0,0.0,,,-30341.0,-30341.0,-30341.0,-30341.0,-30341.0,,,,,,,,,,,30341.0,30341.0,100.0,,100.0,0.0,0.0,0.0,nm_inferred,1.0,100.0,,,,
SBFL,1.0,1.0,100.0,0.0,0.0,600.0,,27922.0,27922.0,27922.0,27922.0,27922.0,,,,,,,,,,,27922.0,27922.0,100.0,,100.0,0.0,0.0,1.0,1.0,100.0,0.0,0.0,,,-30945.0,-30945.0,-30945.0,-30945.0,-30945.0,,,,,,,,,,,30945.0,30945.0,100.0,,100.0,0.0,0.0,0.0,nm_inferred,1.0,100.0,,,,
SBFZ,5.0,5.0,100.0,0.0,0.0,1920.0,,16954.0,17302.0,17341.0,17349.0,17906.4,,,,,,,,,,,17341.0,17906.4,100.0,,100.0,0.0,0.0,6.0,6.0,100.0,0.0,0.0,,,-18528.0,-17639.75,-17555.0,-17386.25,-17290.0,,,,,,,,,,,17555.0,18528.0,100.0,,83.33333333333333,16.666666666666668,0.0,0.0,nm_inferred,6.0,100.0,,,,
SBGL,17.0,17.0,100.0,0.0,0.0,600.0,,24675.0,25461.0,26411.0,32763.0,33622.8,,,,,,,,,,,26411.0,33622.8,100.0,,70.58823529411765,29.41176470588235,0.0,20.0,20.0,100.0,0.0,0.0,,,-31145.7,-27894.0,-27015.0,-26038.5,-25896.9,,,,,,,,,,,27015.0,31145.7,100.0,,95.0,5.0,0.0,0.0,nm_inferred,20.0,100.0,,,,
SBGR,67.0,65.0,97.01492537313433,0.0,0.0,600.0,,24876.6,25270.0,26457.0,32253.0,34120.2,,,,,,,,,,,26457.0,34120.2,100.0,,83.58208955223881,13.432835820895523,0.0,66.0,65.0,98.48484848484848,0.0,0.0,,,-36177.2,-30989.0,-28452.0,-27524.0,-26968.0,,,,,,,,,,,28452.0,36177.200000000004,100.0,,74.24242424242425,22.727272727272727,1.5151515151515151,0.0,nm_inferred,67.0,97.7498869289914,,,,
SBKP,8.0,8.0,100.0,0.0,0.0,600.0,,25791.7,26142.25,28566.0,31107.5,32344.1,,,,,,,,,,,28566.0,32344.1,100.0,,50.0,50.0,0.0,8.0,8.0,100.0,0.0,0.0,,,-29474.6,-28644.5,-27829.0,-27652.0,-27556.6,,,,,,,,,,,27829.0,29474.6,100.0,,87.5,12.5,0.0,0.0,nm_inferred,8.0,100.0,,,,
SBPA,2.0,2.0,100.0,0.0,0.0,600.0,,29134.8,29169.0,29226.0,29283.0,29317.2,,,,,,,,,,,29226.0,29317.2,100.0,,100.0,0.0,0.0,1.0,1.0,100.0,0.0,0.0,,,-33138.0,-33138.0,-33138.0,-33138.0,-33138.0,,,,,,,,,,,33138.0,33138.0,100.0,,100.0,0.0,0.0,0.0,nm_inferred,2.0,100.0,,,,
SBRF,9.0,9.0,100.0,0.0,0.0,600.0,,18847.8,19062.0,23025.0,23559.0,23992.6,,,,,,,,,,,23025.0,23992.6,100.0,,55.55555555555556,44.44444444444444,0.0,8.0,8.0,100.0,0.0,0.0,,,-20542.7,-19247.75,-19029.0,-18337.25,-18299.6,,,,,,,,,,,19029.0,20542.7,100.0,,87.5,12.5,0.0,0.0,nm_inferred,9.0,100.0,,,,
SBSG,3.0,3.0,100.0,0.0,0.0,600.0,,18139.2,18147.0,18160.0,18162.5,18164.0,,,,,,,,,,,18160.0,18164.0,100.0,,100.0,0.0,0.0,2.0,2.0,100.0,0.0,0.0,,,-18336.9,-18275.25,-18172.5,-18069.75,-18008.1,,,,,,,,,,,18172.5,18336.9,100.0,,100.0,0.0,0.0,0.0,nm_inferred,3.0,100.0,,,,
SBSV,4.0,4.0,100.0,0.0,0.0,600.0,,20362.0,20402.5,22343.5,24499.75,24927.7,,,,,,,,,,,22343.5,24927.7,100.0,,25.0,75.0,0.0,5.0,5.0,100.0,0.0,0.0,,,-21214.4,-20912.0,-20764.0,-20543.0,-20507.6,,,,,,,,,,,20764.0,21214.4,100.0,,100.0,0.0,0.0,0.0,nm_inferred,5.0,100.0,,,,
SCEL,10.0,10.0,100.0,0.0,0.0,600.0,,33288.7,33558.75,34492.0,36827.0,39477.7,,,,,,,,,,,34492.0,39477.7,100.0,,100.0,0.0,0.0,11.0,11.0,100.0,0.0,0.0,,,-44073.0,-42012.0,-39217.0,-38018.0,-37538.0,,,,,,,,,,,39217.0,44073.0,100.0,,81.81818181818181,18.181818181818183,0.0,0.0,nm_inferred,11.0,100.0,,,,
SEGU,4.0,4.0,100.0,0.0,0.0,600.0,,29422.5,29784.75,31637.0,33385.0,33559.6,,,,,,,,,,,31637.0,33559.6,100.0,,75.0,25.0,0.0,3.0,3.0,100.0,0.0,0.0,,,-32768.6,-32381.0,-31735.0,-30775.0,-30199.0,,,,,,,,,,,31735.0,32768.6,100.0,,66.66666666666667,33.333333333333336,0.0,0.0,nm_inferred,4.0,100.0,,,,
SEQM,2.0,2.0,100.0,0.0,0.0,600.0,,28418.0,28475.0,28570.0,28665.0,28722.0,,,,,,,,,,,28570.0,28722.0,100.0,,100.0,0.0,0.0,6.0,6.0,100.0,0.0,0.0,,,-34597.5,-33640.75,-30968.5,-29445.25,-28896.5,,,,,,,,,,,30968.5,34597.5,100.0,,100.0,0.0,0.0,0.0,nm_inferred,6.0,100.0,,,,
SGAS,2.0,2.0,100.0,0.0,0.0,600.0,,28312.5,29054.25,30290.5,31526.75,32268.5,,,,,,,,,,,30290.5,32268.5,100.0,,50.0,50.0,0.0,2.0,2.0,100.0,0.0,0.0,,,-35670.1,-34734.25,-33174.5,-31614.75,-30678.9,,,,,,,,,,,33174.5,35670.1,100.0,,50.0,50.0,0.0,0.0,nm_inferred,2.0,100.0,,,,
SKBO,34.0,34.0,100.0,0.0,0.0,600.0,,27890.4,28091.0,28330.5,28829.0,29149.7,,,,,,,,,,,28330.5,29149.7,100.0,,97.05882352941177,2.9411764705882355,0.0,39.0,39.0,100.0,0.0,0.0,,,-32170.0,-30861.5,-26273.0,-25949.0,-25658.0,,,,,,,,,,,26273.0,32170.0,100.0,,89.74358974358974,10.256410256410257,0.0,0.0,nm_inferred,39.0,100.0,,,,
SKBQ,,,,,,,,,,,,,,,,,,,,,,,,,,,,,,1.0,1.0,100.0,0.0,0.0,,,-26159.0,-26159.0,-26159.0,-26159.0,-26159.0,,,,,,,,,,,26159.0,26159.0,100.0,,100.0,0.0,0.0,0.0,nm_inferred,1.0,100.0,,,,
SKCG,2.0,2.0,100.0,0.0,0.0,600.0,,26718.9,26798.25,26930.5,27062.75,27142.1,,,,,,,,,,,26930.5,27142.1,100.0,,100.0,0.0,0.0,1.0,1.0,100.0,0.0,0.0,,,-33691.0,-33691.0,-33691.0,-33691.0,-33691.0,,,,,,,,,,,33691.0,33691.0,100.0,,100.0,0.0,0.0,0.0,nm_inferred,2.0,100.0,,,,
SKCL,2.0,2.0,100.0,0.0,0.0,600.0,,29236.0,29237.5,29240.0,29242.5,29244.0,,,,,,,,,,,29240.0,29244.0,100.0,,100.0,0.0,0.0,2.0,2.0,100.0,0.0,0.0,,,-28535.8,-28447.0,-28299.0,-28151.0,-28062.2,,,,,,,,,,,28299.0,28535.8,100.0,,100.0,0.0,0.0,0.0,nm_inferred,2.0,100.0,,,,
SKRG,4.0,4.0,100.0,0.0,0.0,600.0,,27670.0,27971.5,28188.0,28340.75,28527.5,,,,,,,,,,,28188.0,28527.5,100.0,,100.0,0.0,0.0,4.0,4.0,100.0,0.0,0.0,,,-26258.1,-26180.25,-25964.0,-25694.75,-25521.5,,,,,,,,,,,25964.0,26258.1,100.0,,100.0,0.0,0.0,0.0,nm_inferred,4.0,100.0,,,,
SLVR,3.0,3.0,100.0,0.0,0.0,600.0,,27884.0,28191.5,28704.0,28842.5,28925.6,,,,,,,,,,,28704.0,28925.6,100.0,,100.0,0.0,0.0,2.0,2.0,100.0,0.0,0.0,,,-30806.6,-30732.5,-30609.0,-30485.5,-30411.4,,,,,,,,,,,30609.0,30806.6,100.0,,100.0,0.0,0.0,0.0,nm_inferred,3.0,100.0,,,,
SMJP,2.0,2.0,100.0,0.0,0.0,600.0,,23791.8,24190.5,24855.0,25519.5,25918.2,,,,,,,,,,,24855.0,25918.2,100.0,,50.0,50.0,0.0,5.0,5.0,100.0,0.0,0.0,,,-29046.0,-28821.0,-26660.0,-26595.0,-26545.8,,,,,,,,,,,26660.0,29046.0,100.0,,80.0,20.0,0.0,0.0,nm_inferred,5.0,100.0,,,,
SOCA,4.0,4.0,100.0,0.0,0.0,600.0,,19798.1,22150.25,23838.5,24920.0,26180.0,,,,,,,,,,,23838.5,26180.0,100.0,,50.0,50.0,0.0,5.0,5.0,100.0,0.0,0.0,,,-25852.0,-24259.0,-19288.0,-19283.0,-19240.4,,,,,,,,,,,19288.0,25852.0,100.0,,100.0,0.0,0.0,0.0,nm_inferred,5.0,100.0,,,,
SPJC,17.0,17.0,100.0,0.0,0.0,600.0,,31417.0,31935.0,35900.0,36510.0,36969.0,,,,,,,,,,,35900.0,36969.0,100.0,,88.23529411764706,11.764705882352942,0.0,19.0,19.0,100.0,0.0,0.0,,,-38457.4,-36812.5,-33968.0,-32850.5,-32426.4,,,,,,,,,,,33968.0,38457.4,100.0,,84.21052631578948,15.789473684210526,0.0,0.0,nm_inferred,19.0,100.0,,,,
SUMU,4.0,4.0,100.0,0.0,0.0,600.0,,33584.4,35158.5,36098.0,36386.25,36788.1,,,,,,,,,,,36098.0,36788.1,100.0,,50.0,50.0,0.0,4.0,4.0,100.0,0.0,0.0,,,-36228.9,-35915.25,-35667.5,-35308.75,-34795.3,,,,,,,,,,,35667.5,36228.9,100.0,,100.0,0.0,0.0,0.0,nm_inferred,4.0,100.0,,,,
SVMI,13.0,13.0,100.0,0.0,0.0,600.0,,22209.0,22285.0,23540.0,24880.0,25437.0,,,,,,,,,,,23540.0,25437.0,100.0,,100.0,0.0,0.0,12.0,12.0,100.0,0.0,0.0,,,-26192.0,-25505.0,-23489.0,-22313.5,-21911.5,,,,,,,,,,,23489.0,26192.0,100.0,,91.66666666666667,8.333333333333334,0.0,0.0,nm_inferred,13.0,100.0,,,,
SYCJ,1.0,1.0,100.0,0.0,0.0,600.0,,25107.0,25107.0,25107.0,25107.0,25107.0,,,,,,,,,,,25107.0,25107.0,100.0,,100.0,0.0,0.0,,,,,,,,,,,,,,,,,,,,,,,,,,,,,,0.0,nm_inferred,1.0,100.0,,,,
TAPA,1.0,1.0,100.0,0.0,0.0,600.0,,22970.0,22970.0,22970.0,22970.0,22970.0,,,,,,,,,,,22970.0,22970.0,100.0,,100.0,0.0,0.0,3.0,3.0,100.0,0.0,0.0,,,-25107.6,-24852.0,-24426.0,-21882.5,-20356.4,,,,,,,,,,,24426.0,25107.6,100.0,,100.0,0.0,0.0,0.0,nm_inferred,3.0,100.0,,,,
TBPB,4.0,4.0,100.0,0.0,0.0,780.0,,23505.3,23510.25,23515.5,23718.5,24079.4,,,,,,,,,,,23515.5,24079.4,100.0,,100.0,0.0,0.0,6.0,6.0,100.0,0.0,0.0,,,-27015.5,-26689.25,-25726.5,-25040.5,-24979.5,,,,,,,,,,,25726.5,27015.5,100.0,,100.0,0.0,0.0,0.0,nm_inferred,6.0,100.0,,,,
TFFF,8.0,8.0,100.0,0.0,0.0,600.0,,22576.8,23041.5,23184.5,23999.5,24091.6,,,,,,,,,,,23184.5,24091.6,100.0,,87.5,12.5,0.0,9.0,9.0,100.0,0.0,0.0,,,-25382.8,-25178.0,-24447.0,-23865.0,-23283.2,,,,,,,,,,,24447.0,25382.8,100.0,,66.66666666666667,33.333333333333336,0.0,0.0,nm_inferred,9.0,100.0,,,,
TFFR,7.0,7.0,100.0,0.0,0.0,600.0,,21759.0,22042.5,22595.0,22985.0,23302.0,,,,,,,,,,,22595.0,23302.0,100.0,,100.0,0.0,0.0,9.0,9.0,100.0,0.0,0.0,,,-25130.2,-24735.0,-24050.0,-23164.0,-22739.2,,,,,,,,,,,24050.0,25130.2,100.0,,88.88888888888889,11.11111111111111,0.0,0.0,nm_inferred,9.0,100.0,,,,
TJBQ,1.0,1.0,100.0,0.0,0.0,360.0,,21437.0,21437.0,21437.0,21437.0,21437.0,,,,,,,,,,,21437.0,21437.0,100.0,,100.0,0.0,0.0,,,,,,,,,,,,,,,,,,,,,,,,,,,,,,0.0,nm_inferred,1.0,100.0,,,,
TJSJ,4.0,4.0,100.0,0.0,0.0,600.0,,22560.4,22640.5,22984.5,23317.25,23377.1,,,,,,,,,,,22984.5,23377.1,100.0,,100.0,0.0,0.0,4.0,4.0,100.0,0.0,0.0,,,-20805.9,-20784.75,-20683.0,-20544.5,-20457.2,,,,,,,,,,,20683.0,20805.9,100.0,,100.0,0.0,0.0,0.0,nm_inferred,4.0,100.0,,,,
TLPL,3.0,3.0,100.0,0.0,0.0,600.0,,23400.2,23580.5,23881.0,23969.0,24021.8,,,,,,,,,,,23881.0,24021.8,100.0,,100.0,0.0,0.0,3.0,3.0,100.0,0.0,0.0,,,-25937.0,-25799.0,-25569.0,-24973.0,-24615.4,,,,,,,,,,,25569.0,25937.0,100.0,,100.0,0.0,0.0,0.0,nm_inferred,3.0,100.0,,,,
TNCA,1.0,1.0,100.0,0.0,0.0,600.0,,27443.0,27443.0,27443.0,27443.0,27443.0,,,,,,,,,,,27443.0,27443.0,100.0,,100.0,0.0,0.0,3.0,3.0,100.0,0.0,0.0,,,-29134.2,-29011.5,-28807.0,-28784.5,-28771.0,,,,,,,,,,,28807.0,29134.2,100.0,,100.0,0.0,0.0,0.0,nm_inferred,3.0,100.0,,,,
TNCB,3.0,3.0,100.0,0.0,0.0,600.0,,25310.4,25558.5,25972.0,26299.0,26495.2,,,,,,,,,,,25972.0,26495.2,100.0,,66.66666666666667,33.333333333333336,0.0,2.0,2.0,100.0,0.0,0.0,,,-28202.4,-28108.5,-27952.0,-27795.5,-27701.6,,,,,,,,,,,27952.0,28202.4,100.0,,50.0,50.0,0.0,0.0,nm_inferred,3.0,100.0,,,,
TNCC,5.0,5.0,100.0,0.0,0.0,600.0,,25029.4,25198.0,25275.0,25491.0,26691.6,,,,,,,,,,,25275.0,26691.6,100.0,,40.0,60.0,0.0,8.0,8.0,100.0,0.0,0.0,,,-28998.3,-28535.25,-28216.5,-27762.25,-26996.5,,,,,,,,,,,28216.5,28998.3,100.0,,62.5,37.5,0.0,0.0,nm_inferred,8.0,100.0,,,,
TNCM,1.0,1.0,100.0,0.0,0.0,600.0,,23209.0,23209.0,23209.0,23209.0,23209.0,,,,,,,,,,,23209.0,23209.0,100.0,,100.0,0.0,0.0,5.0,5.0,100.0,0.0,0.0,,,-25215.0,-24717.0,-24522.0,-24009.0,-23662.8,,,,,,,,,,,24522.0,25215.0,100.0,,80.0,20.0,0.0,0.0,nm_inferred,5.0,100.0,,,,
TTPP,3.0,3.0,100.0,0.0,0.0,600.0,,24745.2,24783.0,24846.0,25257.5,25504.4,,,,,,,,,,,24846.0,25504.4,100.0,,100.0,0.0,0.0,1.0,1.0,100.0,0.0,0.0,,,-27959.0,-27959.0,-27959.0,-27959.0,-27959.0,,,,,,,,,,,27959.0,27959.0,100.0,,100.0,0.0,0.0,0.0,nm_inferred,3.0,100.0,,,,
TXKF,3.0,3.0,100.0,0.0,0.0,600.0,,17702.0,17765.0,17870.0,18292.5,18546.0,,,,,,,,,,,17870.0,18546.0,100.0,,100.0,0.0,0.0,3.0,3.0,100.0,0.0,0.0,,,-21078.4,-20672.5,-19996.0,-19938.5,-19904.0,,,,,,,,,,,19996.0,21078.4,100.0,,100.0,0.0,0.0,0.0,nm_inferred,3.0,100.0,,,,
UAAA,83.0,79.0,95.18072289156626,0.0,0.0,600.0,,11066.0,11352.5,11965.0,18665.0,19802.0,,,,,,,,,,,11965.0,19802.0,100.0,,38.55421686746988,56.626506024096386,0.0,65.0,65.0,100.0,0.0,0.0,,,-15338.2,-14274.0,-9967.0,-9494.0,-9149.2,,,,,,,,,,,9967.0,15338.2,100.0,,58.46153846153846,41.53846153846154,0.0,0.0,nm_inferred,83.0,97.59036144578313,,,,
UACC,51.0,48.0,94.11764705882354,0.0,0.0,600.0,,9798.5,10353.75,11037.5,16312.5,17463.0,,,,,,,,,,,11037.5,17463.0,100.0,,41.1764705882353,52.94117647058823,0.0,46.0,45.0,97.82608695652173,0.0,0.0,,,-13878.2,-12080.0,-8830.0,-8545.0,-8429.0,,,,,,,,,,,8830.0,13878.2,100.0,,50.0,47.82608695652174,0.0,0.0,nm_inferred,51.0,95.97186700767264,,,,
UAII,15.0,15.0,100.0,0.0,0.0,0.0,,8329.0,8362.5,8525.0,9182.5,10396.0,,,,,,,,,,,8525.0,10396.0,100.0,,66.66666666666667,33.333333333333336,0.0,8.0,8.0,100.0,0.0,0.0,,,-8806.0,-7161.25,-7122.5,-7036.25,-6887.0,,,,,,,,,,,7122.5,8806.0,100.0,,62.5,37.5,0.0,0.0,nm_inferred,15.0,100.0,,,,
UAIT,3.0,3.0,100.0,0.0,0.0,0.0,,7550.0,7550.0,7550.0,11260.0,13486.0,,,,,,,,,,,7550.0,13486.0,100.0,,33.333333333333336,66.66666666666667,0.0,,,,,,,,,,,,,,,,,,,,,,,,,,,,,,0.0,nm_inferred,3.0,100.0,,,,
UAKK,15.0,15.0,100.0,0.0,0.0,0.0,,9994.4,11027.5,13345.0,17507.5,18287.0,,,,,,,,,,,13345.0,18287.0,100.0,,66.66666666666667,33.333333333333336,0.0,5.0,5.0,100.0,0.0,0.0,,,-10531.4,-8846.0,-8589.0,-8530.0,-8468.2,,,,,,,,,,,8589.0,10531.4,100.0,,40.0,60.0,0.0,0.0,nm_inferred,15.0,100.0,,,,
UARR,3.0,2.0,66.66666666666667,0.0,0.0,0.0,,2840.5,3366.25,4242.5,5118.75,5644.5,,,,,,,,,,,4242.5,5644.5,100.0,,33.333333333333336,33.333333333333336,0.0,3.0,3.0,100.0,0.0,0.0,,,-5444.0,-5367.5,-5240.0,-5232.5,-5228.0,,,,,,,,,,,5240.0,5444.0,100.0,,33.333333333333336,66.66666666666667,0.0,0.0,nm_inferred,3.0,83.33333333333334,,,,
UATE,6.0,5.0,83.33333333333333,0.0,0.0,0.0,,2435.0,2510.0,3000.0,4005.0,6579.0,,,,,,,,,,,3000.0,6579.0,100.0,,66.66666666666667,16.666666666666668,0.0,6.0,5.0,83.33333333333333,0.0,0.0,,,-2758.0,-2395.0,-2055.0,-1845.0,-1746.0,,,,,,,,,,,2055.0,2758.0,100.0,,83.33333333333333,0.0,0.0,0.0,nm_inferred,6.0,83.33333333333333,,,,
UATG,8.0,6.0,75.0,0.0,0.0,600.0,,3515.0,3612.5,4007.5,4466.25,4820.0,,,,,,,,,,,4007.5,4820.0,100.0,,62.5,12.5,0.0,8.0,7.0,87.5,0.0,0.0,,,-5755.0,-3387.5,-3130.0,-3060.0,-2975.0,,,,,,,,,,,3130.0,5755.000000000002,100.0,,87.5,0.0,0.0,0.0,nm_inferred,8.0,81.25,,,,
UATT,4.0,4.0,100.0,0.0,0.0,0.0,,5953.7,6214.25,7369.5,9385.0,11194.0,,,,,,,,,,,7369.5,11194.0,100.0,,50.0,50.0,0.0,5.0,5.0,100.0,0.0,0.0,,,-5299.0,-5170.0,-5045.0,-4986.0,-4106.4,,,,,,,,,,,5045.0,5299.0,100.0,,40.0,60.0,0.0,0.0,nm_inferred,5.0,100.0,,,,
UAUU,3.0,3.0,100.0,0.0,0.0,0.0,,8661.6,8686.5,8728.0,9231.5,9533.6,,,,,,,,,,,8728.0,9533.6,100.0,,33.333333333333336,66.66666666666667,0.0,2.0,2.0,100.0,0.0,0.0,,,-13113.7,-11850.25,-9744.5,-7638.75,-6375.3,,,,,,,,,,,9744.5,13113.7,100.0,,0.0,100.0,0.0,0.0,nm_inferred,3.0,100.0,,,,
UBBB,226.0,200.0,88.49557522123894,0.0,0.0,660.0,,950.0,1020.0,1087.5,2105.0,9071.0,,,,,,,,,,,1087.5,9071.0,100.0,,55.75221238938053,32.30088495575221,0.4424778761061947,197.0,171.0,86.80203045685279,0.0,0.0,,,-6785.0,-6195.0,-1020.0,-882.5,-805.0,,,,,,,,,,,1020.0,6785.0,100.0,,55.32994923857868,31.472081218274113,0.0,0.0,nm_inferred,226.0,87.64880283904586,,,,
UBBG,11.0,11.0,100.0,0.0,0.0,600.0,,175.0,190.0,210.0,250.0,275.0,,,,,,,,,,,210.0,275.0,100.0,,63.63636363636363,36.36363636363637,0.0,11.0,8.0,72.72727272727273,0.0,0.0,,,-8254.8,-2102.25,-177.5,-140.0,-50.600000000000016,,,,,,,,,,,177.5,8254.8,87.5,,27.272727272727273,45.45454545454545,0.0,0.0,nm_inferred,11.0,86.36363636363637,,Ganja International Airport,40.738692,46.320383
UBBN,37.0,37.0,100.0,0.0,0.0,600.0,,463.0,490.0,550.0,590.0,622.0,,,,,,,,,,,550.0,622.0,100.0,,97.29729729729729,2.7027027027027026,0.0,38.0,38.0,100.0,0.0,0.0,,,-658.0,-545.0,-495.0,-465.0,-421.99999999999994,,,,,,,,,,,495.0,658.0,100.0,,97.36842105263158,2.6315789473684212,0.0,0.0,nm_inferred,38.0,100.0,,Nakhchivan International Airport,39.188801,45.458401
UBBQ,1.0,0.0,0.0,0.0,0.0,600.0,,,,,,,,,,,,,,,,,,,,,0.0,0.0,0.0,1.0,0.0,0.0,0.0,0.0,,,,,,,,,,,,,,,,,,,,,,0.0,0.0,0.0,0.0,nm_inferred,1.0,0.0,,Gabala International Airport,40.808617,47.725389
UCFM,18.0,18.0,100.0,0.0,0.0,600.0,,10293.0,10542.5,11007.5,12328.75,14350.400000000003,,,,,,,,,,,11007.5,14350.400000000003,100.0,,72.22222222222223,27.77777777777778,0.0,19.0,18.0,94.73684210526316,0.0,0.0,,,-14845.5,-9244.5,-9014.5,-8752.5,-8565.0,,,,,,,,,,,9014.5,14845.5,100.0,,57.89473684210526,36.8421052631579,0.0,0.0,nm_inferred,19.0,97.36842105263159,,,,
UCFO,1.0,1.0,100.0,0.0,0.0,900.0,,12120.0,12120.0,12120.0,12120.0,12120.0,,,,,,,,,,,12120.0,12120.0,100.0,,0.0,100.0,0.0,10.0,10.0,100.0,0.0,0.0,,,-9075.1,-9017.75,-8657.5,-8167.5,-8126.3,,,,,,,,,,,8657.5,9075.1,100.0,,100.0,0.0,0.0,0.0,nm_inferred,10.0,100.0,,,,
UDSG,4.0,4.0,100.0,0.0,0.0,600.0,,246.5,248.75,265.0,1373.75,3342.500000000001,,,,,,,,,,,265.0,3342.500000000001,100.0,,100.0,0.0,0.0,4.0,4.0,100.0,0.0,0.0,,,-330.0,-307.5,-269.5,-231.75,-209.7,,,,,,,,,,,269.5,330.0,100.0,,75.0,25.0,0.0,0.0,nm_inferred,4.0,100.0,,Shirak International Airport,40.750401,43.859299
UDYZ,210.0,183.0,87.14285714285714,0.0,0.0,810.0,,345.0,392.5,480.0,5170.0,7452.0,,,,,,,,,,,480.0,7452.0,100.0,,50.95238095238095,36.19047619047619,0.0,206.0,158.0,76.69902912621359,0.0,0.0,,,-6758.699999999999,-4653.5,-1505.0,-516.5,-424.4,,,,,,,,,,,1505.0,6758.70000000001,100.0,,52.42718446601942,24.271844660194176,0.0,0.0,nm_inferred,210.0,81.92094313453536,,Zvartnots International Airport,40.148941,44.397887
UGKO,45.0,44.0,97.77777777777777,0.0,0.0,780.0,,-817.0,-631.25,5988.5,6637.5,7139.5,,,,,,,,,,,5988.5,7139.5,65.9090909090909,,24.444444444444443,73.33333333333333,0.0,44.0,41.0,93.18181818181819,0.0,0.0,,,-4570.0,-4085.0,-3670.0,-2825.0,735.0,,,,,,,,,,,3670.0,4570.0,75.60975609756098,,15.909090909090908,77.27272727272727,0.0,0.0,nm_inferred,45.0,95.47979797979798,,David the Builder Kutaisi International Airport,42.177448,42.485353
UGSA,2.0,2.0,100.0,0.0,0.0,600.0,,306.0,345.0,410.0,475.0,514.0,,,,,,,,,,,410.0,514.0,100.0,,100.0,0.0,0.0,2.0,2.0,100.0,0.0,0.0,,,-65.6,-41.0,0.0,41.0,65.60000000000001,,,,,,,,,,,82.0,82.0,50.0,,100.0,0.0,0.0,0.0,nm_inferred,2.0,100.0,,Natakhtari Airfield,41.921198,44.714186
UGSB,63.0,57.0,90.47619047619048,0.0,85.71428571428571,720.0,170.0,-1026.0,-750.0,-520.0,-325.0,4237.0,0.0,0.3794642857142857,0.7220279720279721,0.9056547619047619,1.0,0.494,0.6666666666666666,0.7727272727272727,0.9392361111111112,1.0,645.0,4237.0,15.789473684210526,20.833333333333332,61.904761904761905,28.571428571428573,0.0,61.0,49.0,80.32786885245902,0.0,86.88524590163934,300.0,5.0,-4324.0,-3080.0,445.0,505.0,624.0000000000001,0.0,0.9270833333333334,1.0,1.0,1.0,0.9375,1.0,1.0,1.0,1.0,550.0,4324.0,32.6530612244898,87.8048780487805,54.09836065573771,26.229508196721312,0.0,86.88524590163934,apdf,63.0,85.40202966432474,0.7569725356610602,Alexander Kartveli Batumi International Airport,41.60939,41.600315
UGTB,235.0,214.0,91.06382978723404,0.0,81.27659574468085,660.0,10.0,-1349.5,-908.75,-625.0,-446.25,6890.000000000003,0.0,0.6333333333333333,0.975,1.0,1.0,0.625,0.9444444444444444,1.0,1.0,1.0,787.5,6963.000000000001,16.35514018691589,73.52941176470588,57.87234042553192,31.48936170212766,1.702127659574468,227.0,203.0,89.42731277533039,0.0,81.93832599118943,420.0,5.0,-4897.0,-4385.0,645.0,750.0,902.0000000000002,0.0,0.8489583333333333,1.0,1.0,1.0,1.0,1.0,1.0,1.0,1.0,795.0,4942.0,29.55665024630542,94.44444444444444,53.74449339207048,34.36123348017621,1.3215859030837005,81.93832599118943,apdf,235.0,90.24557128128222,0.9024557128128222,Tbilisi International Airport,41.669201,44.9547
ULAA,2.0,1.0,50.0,0.0,0.0,0.0,,9105.0,9105.0,9105.0,9105.0,9105.0,,,,,,,,,,,9105.0,9105.0,100.0,,0.0,50.0,0.0,3.0,3.0,100.0,0.0,0.0,,,-8370.8,-5010.5,590.0,724.5,805.2,,,,,,,,,,,859.0,8660.6,33.333333333333336,,66.66666666666667,33.333333333333336,0.0,0.0,nm_inferred,3.0,75.0,,Talagi Airport,64.60030364990234,40.71670150756836
ULLI,137.0,106.0,77.37226277372262,0.0,0.0,600.0,,318.0,2441.25,5787.5,6727.5,10230.0,,,,,,,,,,,5787.5,10230.0,94.33962264150944,,37.956204379562045,39.416058394160586,0.0,138.0,109.0,78.98550724637681,0.0,0.0,,,-10129.6,-5908.0,-126.0,545.0,707.8000000000001,,,,,,,,,,,2009.0,10129.6,50.45871559633027,,41.30434782608695,36.231884057971016,1.4492753623188406,0.0,nm_inferred,138.0,78.17888501004973,,Pulkovo Airport,59.800301,30.262501
ULMM,1.0,1.0,100.0,0.0,0.0,600.0,,2578.0,2578.0,2578.0,2578.0,2578.0,,,,,,,,,,,2578.0,2578.0,100.0,,100.0,0.0,0.0,1.0,1.0,100.0,0.0,0.0,,,-1783.0,-1783.0,-1783.0,-1783.0,-1783.0,,,,,,,,,,,1783.0,1783.0,100.0,,100.0,0.0,0.0,0.0,nm_inferred,1.0,100.0,,Emperor Nicholas II Murmansk Airport,68.7817,32.750801
ULOO,1.0,1.0,100.0,0.0,0.0,600.0,,4139.0,4139.0,4139.0,4139.0,4139.0,,,,,,,,,,,4139.0,4139.0,100.0,,100.0,0.0,0.0,1.0,0.0,0.0,0.0,0.0,,,,,,,,,,,,,,,,,,,,,,0.0,0.0,0.0,0.0,nm_inferred,1.0,50.0,,Princess Olga Pskov International Airport,57.781316,28.39384
ULWC,3.0,1.0,33.333333333333336,0.0,0.0,0.0,,4925.0,4925.0,4925.0,4925.0,4925.0,,,,,,,,,,,4925.0,4925.0,100.0,,33.333333333333336,0.0,0.0,2.0,1.0,50.0,0.0,0.0,,,-2265.0,-2265.0,-2265.0,-2265.0,-2265.0,,,,,,,,,,,2265.0,2265.0,100.0,,0.0,50.0,0.0,0.0,nm_inferred,3.0,41.66666666666667,,Cherepovets Airport,59.273601532,38.0158004761
UMGG,1.0,1.0,100.0,0.0,0.0,600.0,,17860.0,17860.0,17860.0,17860.0,17860.0,,,,,,,,,,,17860.0,17860.0,100.0,,0.0,100.0,0.0,1.0,0.0,0.0,0.0,0.0,,,,,,,,,,,,,,,,,,,,,,0.0,0.0,0.0,0.0,nm_inferred,1.0,50.0,,Gomel Airport,52.527000427246094,31.016700744628903
UMKK,157.0,87.0,55.4140127388535,0.0,0.0,600.0,,996.0,1342.5,1750.0,2105.0,2374.0,,,,,,,,,,,1750.0,2374.0,100.0,,50.955414012738856,3.1847133757961785,1.2738853503184713,159.0,114.0,71.69811320754717,0.0,0.0,,,-910.9999999999999,-296.25,-155.0,-105.0,-66.49999999999999,,,,,,,,,,,155.0,911.0000000000005,97.36842105263158,,55.9748427672956,15.723270440251572,0.0,0.0,nm_inferred,159.0,63.55606297320033,,Khrabrovo Airport,54.89161,20.598559
UMMS,34.0,28.0,82.3529411764706,0.0,0.0,600.0,,129.0,245.0,9617.5,12190.0,16620.5,,,,,,,,,,,9617.5,16620.5,100.0,,32.35294117647059,50.0,0.0,32.0,22.0,68.75,0.0,0.0,,,-14724.5,-11033.75,-9597.5,-8157.5,-1218.9999999999843,,,,,,,,,,,9597.5,14724.500000000005,90.9090909090909,,50.0,18.75,0.0,0.0,nm_inferred,34.0,75.5514705882353,,Minsk National Airport,53.888071,28.039964
UMOO,1.0,1.0,100.0,0.0,0.0,600.0,,15880.0,15880.0,15880.0,15880.0,15880.0,,,,,,,,,,,15880.0,15880.0,100.0,,100.0,0.0,0.0,1.0,1.0,100.0,0.0,0.0,,,-9579.0,-9579.0,-9579.0,-9579.0,-9579.0,,,,,,,,,,,9579.0,9579.0,100.0,,0.0,100.0,0.0,0.0,nm_inferred,1.0,100.0,,Mogilev Airport,53.95489883422852,30.09510040283203
UNKL,2.0,2.0,100.0,0.0,0.0,0.0,,16568.8,16744.0,17036.0,17328.0,17503.2,,,,,,,,,,,17036.0,17503.2,100.0,,100.0,0.0,0.0,2.0,2.0,100.0,0.0,0.0,,,-19344.0,-18495.0,-17080.0,-15665.0,-14816.0,,,,,,,,,,,17080.0,19344.0,100.0,,100.0,0.0,0.0,0.0,nm_inferred,2.0,100.0,,,,
UNNT,14.0,12.0,85.71428571428571,0.0,0.0,600.0,,14388.0,15173.25,16442.5,19294.5,21805.8,,,,,,,,,,,16442.5,21805.8,100.0,,78.57142857142857,7.142857142857143,0.0,16.0,13.0,81.25,0.0,0.0,,,-11865.4,-11345.0,-9970.0,-9348.0,-9237.6,,,,,,,,,,,9970.0,11865.4,100.0,,75.0,6.25,0.0,0.0,nm_inferred,16.0,83.48214285714286,,,,
UNOO,1.0,1.0,100.0,0.0,0.0,0.0,,11855.0,11855.0,11855.0,11855.0,11855.0,,,,,,,,,,,11855.0,11855.0,100.0,,100.0,0.0,0.0,2.0,2.0,100.0,0.0,0.0,,,-8573.0,-8555.0,-8525.0,-8495.0,-8477.0,,,,,,,,,,,8525.0,8573.0,100.0,,50.0,50.0,0.0,0.0,nm_inferred,2.0,100.0,,,,
URKG,,,,,,,,,,,,,,,,,,,,,,,,,,,,,,1.0,0.0,0.0,0.0,0.0,,,,,,,,,,,,,,,,,,,,,,0.0,0.0,0.0,0.0,nm_inferred,1.0,0.0,,Gelendzhik Airport,44.5820926295,38.0124807358
URKK,28.0,22.0,78.57142857142857,0.0,0.0,0.0,,3034.8,3535.0,5507.5,5981.75,6309.2,,,,,,,,,,,5507.5,6309.2,100.0,,75.0,3.5714285714285716,0.0,27.0,25.0,92.5925925925926,0.0,0.0,,,-5222.4,-4622.0,-4165.0,-639.0,-409.19999999999993,,,,,,,,,,,4165.0,5222.400000000001,100.0,,85.18518518518519,7.407407407407407,0.0,0.0,nm_inferred,28.0,85.58201058201058,,Krasnodar Pashkovsky International Airport,45.034465,39.174215
URMG,8.0,6.0,75.0,0.0,0.0,600.0,,1434.5,1860.0,2506.0,2815.25,4998.5,,,,,,,,,,,2506.0,4998.5,100.0,,25.0,50.0,0.0,8.0,8.0,100.0,0.0,0.0,,,-2803.8999999999996,-1276.75,-1022.5,-516.0,-296.1000000000001,,,,,,,,,,,1022.5,2803.899999999999,100.0,,37.5,62.5,0.0,0.0,nm_inferred,8.0,87.5,,Akhmat Kadyrov Grozny International Airport,43.388106,45.699772
URML,21.0,19.0,90.47619047619048,0.0,0.0,600.0,,1435.2,1617.0,2460.0,7678.0,7811.4,,,,,,,,,,,2460.0,7811.4,100.0,,38.095238095238095,52.38095238095238,0.0,21.0,21.0,100.0,0.0,0.0,,,-925.0,-784.0,-660.0,-556.0,-474.0,,,,,,,,,,,660.0,925.0,100.0,,38.095238095238095,61.904761904761905,0.0,0.0,nm_inferred,21.0,95.23809523809524,,Makhachkala Uytash International Airport,42.816799,47.652302
URMM,27.0,16.0,59.25925925925926,0.0,0.0,600.0,,1660.0,1978.75,4832.5,5940.0,6362.5,,,,,,,,,,,4832.5,6362.5,100.0,,59.25925925925926,0.0,0.0,38.0,25.0,65.78947368421052,0.0,0.0,,,-5380.0,-5131.0,-2722.0,-120.0,-38.99999999999995,,,,,,,,,,,2722.0,5380.0,96.0,,63.1578947368421,2.6315789473684212,0.0,0.0,nm_inferred,38.0,62.52436647173489,,Mineralnye Vody Airport,44.225101,43.081902
URMN,3.0,3.0,100.0,0.0,0.0,600.0,,678.4,769.0,920.0,1315.0,1552.0,,,,,,,,,,,920.0,1552.0,100.0,,0.0,100.0,0.0,3.0,3.0,100.0,0.0,0.0,,,-316.2,-208.5,-29.0,421.0,691.0,,,,,,,,,,,388.0,774.4,66.66666666666667,,100.0,0.0,0.0,0.0,nm_inferred,3.0,100.0,,Nalchik Airport,43.512901,43.6366
URMO,4.0,3.0,75.0,0.0,0.0,0.0,,5954.0,6057.5,6230.0,6675.0,6942.0,,,,,,,,,,,6230.0,6942.0,100.0,,75.0,0.0,0.0,5.0,4.0,80.0,0.0,0.0,,,-5715.5,-5371.25,-2982.5,-710.0,-575.0,,,,,,,,,,,2982.5,5715.5,100.0,,80.0,0.0,0.0,0.0,nm_inferred,5.0,77.5,,Vladikavkaz Beslan International Airport,43.205101,44.606602
URMS,5.0,4.0,80.0,0.0,0.0,600.0,,1695.1,1716.25,1742.0,2159.5,2885.8,,,,,,,,,,,1742.0,2885.8,100.0,,20.0,60.0,0.0,5.0,5.0,100.0,0.0,0.0,,,-1171.4,-1031.0,-947.0,-577.0,-385.0,,,,,,,,,,,947.0,1171.4,100.0,,0.0,100.0,0.0,0.0,nm_inferred,5.0,90.0,,Magas Airport,43.323268,45.012568
URSS,32.0,21.0,65.625,0.0,0.0,600.0,,27.0,857.0,2369.0,4860.0,5595.0,,,,,,,,,,,2369.0,5595.0,90.47619047619048,,53.125,12.5,0.0,31.0,26.0,83.87096774193549,0.0,0.0,,,-3921.5,-3230.75,-446.0,229.0,341.0,,,,,,,,,,,631.5,3921.5,69.23076923076923,,74.19354838709677,9.67741935483871,0.0,0.0,nm_inferred,32.0,74.74798387096774,,Sochi International Airport,43.449902,39.9566
URWA,1.0,0.0,0.0,0.0,0.0,0.0,,,,,,,,,,,,,,,,,,,,,0.0,0.0,0.0,1.0,1.0,100.0,0.0,0.0,,,-2025.0,-2025.0,-2025.0,-2025.0,-2025.0,,,,,,,,,,,2025.0,2025.0,100.0,,100.0,0.0,0.0,0.0,nm_inferred,1.0,50.0,,Astrakhan Narimanovo Boris M. Kustodiev International Airport,46.282843,48.010511
URWW,3.0,1.0,33.333333333333336,0.0,0.0,0.0,,9205.0,9205.0,9205.0,9205.0,9205.0,,,,,,,,,,,9205.0,9205.0,100.0,,33.333333333333336,0.0,0.0,5.0,5.0,100.0,0.0,0.0,,,-5129.0,-4985.0,-4805.0,-3785.0,-3266.0,,,,,,,,,,,4805.0,5129.0,100.0,,100.0,0.0,0.0,0.0,nm_inferred,5.0,66.66666666666667,,Volgograd International Airport,48.78134,44.339194
USCC,8.0,7.0,87.5,0.0,0.0,0.0,,10218.0,10875.5,12307.0,14948.0,15282.8,,,,,,,,,,,12307.0,15282.8,100.0,,75.0,12.5,0.0,7.0,5.0,71.42857142857143,0.0,0.0,,,-10982.8,-6934.0,-6769.0,-6164.0,-5270.6,,,,,,,,,,,6769.0,10982.800000000001,100.0,,42.857142857142854,28.571428571428573,0.0,0.0,nm_inferred,8.0,79.46428571428572,,,,
USMU,,,,,,,,,,,,,,,,,,,,,,,,,,,,,,1.0,0.0,0.0,0.0,0.0,,,,,,,,,,,,,,,,,,,,,,0.0,0.0,0.0,0.0,nm_inferred,1.0,0.0,,,,
USPP,7.0,4.0,57.142857142857146,0.0,0.0,0.0,,10985.8,13166.5,14736.0,15120.75,15168.9,,,,,,,,,,,14736.0,15168.9,100.0,,57.142857142857146,0.0,0.0,7.0,6.0,85.71428571428571,0.0,0.0,,,-11593.0,-9292.25,-8713.5,-8413.0,-8321.0,,,,,,,,,,,8713.5,11593.0,100.0,,42.857142857142854,42.857142857142854,0.0,0.0,nm_inferred,7.0,71.42857142857143,,,,
USRR,,,,,,,,,,,,,,,,,,,,,,,,,,,,,,1.0,1.0,100.0,0.0,0.0,,,-10985.0,-10985.0,-10985.0,-10985.0,-10985.0,,,,,,,,,,,10985.0,10985.0,100.0,,100.0,0.0,0.0,0.0,nm_inferred,1.0,100.0,,,,
USSS,41.0,27.0,65.85365853658537,0.0,0.0,600.0,,8396.0,9614.0,10974.0,15344.0,16356.800000000001,,,,,,,,,,,10974.0,16356.800000000001,100.0,,51.21951219512195,14.634146341463415,0.0,40.0,35.0,87.5,0.0,0.0,,,-8388.6,-7955.5,-7126.0,-6105.5,-5561.0,,,,,,,,,,,7126.0,8388.6,100.0,,57.5,30.0,0.0,0.0,nm_inferred,41.0,76.67682926829269,,,,
USTR,7.0,5.0,71.42857142857143,0.0,0.0,0.0,,8682.0,9060.0,15824.0,15964.0,16575.4,,,,,,,,,,,15824.0,16575.4,100.0,,42.857142857142854,28.571428571428573,0.0,8.0,7.0,87.5,0.0,0.0,,,-14966.0,-11635.5,-8488.0,-8127.5,-7790.8,,,,,,,,,,,8488.0,14966.0,100.0,,62.5,25.0,0.0,0.0,nm_inferred,8.0,79.46428571428572,,,,
UTAA,30.0,30.0,100.0,0.0,0.0,600.0,,4504.0,4841.25,8960.0,12497.5,12991.0,,,,,,,,,,,8960.0,12991.0,100.0,,20.0,80.0,0.0,23.0,23.0,100.0,0.0,0.0,,,-9802.0,-9667.5,-8665.0,-4080.0,-3885.0,,,,,,,,,,,8665.0,9802.0,100.0,,30.434782608695652,69.56521739130434,0.0,0.0,nm_inferred,30.0,100.0,,,,
UTAK,,,,,,,,,,,,,,,,,,,,,,,,,,,,,,1.0,1.0,100.0,0.0,0.0,,,-11607.0,-11607.0,-11607.0,-11607.0,-11607.0,,,,,,,,,,,11607.0,11607.0,100.0,,100.0,0.0,0.0,0.0,nm_inferred,1.0,100.0,,,,
UTAV,3.0,3.0,100.0,0.0,0.0,0.0,,7856.6,10094.0,13823.0,14054.5,14193.4,,,,,,,,,,,13823.0,14193.4,100.0,,33.333333333333336,66.66666666666667,0.0,,,,,,,,,,,,,,,,,,,,,,,,,,,,,,0.0,nm_inferred,3.0,100.0,,,,
UTDD,4.0,4.0,100.0,0.0,0.0,0.0,,9325.8,9418.5,9599.0,11441.0,14524.400000000001,,,,,,,,,,,9599.0,14524.400000000001,100.0,,25.0,75.0,0.0,5.0,5.0,100.0,0.0,0.0,,,-12812.0,-12650.0,-7355.0,-7295.0,-7169.0,,,,,,,,,,,7355.0,12812.0,100.0,,0.0,100.0,0.0,0.0,nm_inferred,5.0,100.0,,,,
UUBI,1.0,0.0,0.0,0.0,0.0,600.0,,,,,,,,,,,,,,,,,,,,,0.0,0.0,0.0,2.0,2.0,100.0,0.0,0.0,,,-2325.5,-2302.25,-2263.5,-2224.75,-2201.5,,,,,,,,,,,2263.5,2325.5,100.0,,100.0,0.0,0.0,0.0,nm_inferred,2.0,50.0,,Ivanovo South Airport,56.93939971923828,40.940799713134766
UUBW,14.0,11.0,78.57142857142857,0.0,0.0,0.0,,6430.0,7195.0,9343.0,10016.0,13690.0,,,,,,,,,,,9343.0,13690.0,100.0,,50.0,28.571428571428573,0.0,14.0,10.0,71.42857142857143,0.0,0.0,,,-8792.6,-7375.75,-6693.0,-6479.75,-6308.7,,,,,,,,,,,6693.0,8792.599999999999,100.0,,50.0,21.428571428571427,0.0,0.0,nm_inferred,14.0,75.0,,Zhukovsky International Airport,55.553299,38.150002
UUDD,57.0,37.0,64.91228070175438,0.0,0.0,600.0,,5143.4,5776.0,7430.0,9950.0,15336.8,,,,,,,,,,,7430.0,15336.8,100.0,,45.6140350877193,19.29824561403509,0.0,56.0,45.0,80.35714285714286,0.0,0.0,,,-11417.199999999999,-7805.0,-6616.0,-5731.0,-1906.8,,,,,,,,,,,6616.0,11417.200000000004,97.77777777777777,,57.142857142857146,23.214285714285715,0.0,0.0,nm_inferred,57.0,72.63471177944862,,Domodedovo International Airport,55.408798,37.9063
UUEE,214.0,176.0,82.24299065420561,0.0,0.0,600.0,,52.5,5092.75,7302.5,12378.75,14775.0,,,,,,,,,,,7302.5,14775.0,91.47727272727273,,47.66355140186916,34.57943925233645,0.0,217.0,179.0,82.48847926267281,0.0,0.0,,,-14612.6,-12132.5,-8045.0,-2331.0,-744.1999999999919,,,,,,,,,,,8045.0,14612.600000000002,91.06145251396649,,58.064516129032256,24.42396313364055,0.0,0.0,nm_inferred,217.0,82.36573495843922,,Sheremetyevo International Airport,55.976858,37.41121
UUWW,209.0,158.0,75.59808612440192,0.0,0.0,1080.0,,5664.5,6423.75,7568.0,10596.5,14012.0,,,,,,,,,,,7568.0,14012.0,99.36708860759494,,47.84688995215311,27.751196172248804,0.0,220.0,194.0,88.18181818181819,0.0,0.0,,,-9559.3,-7231.0,-6228.0,-4621.75,-1888.5,,,,,,,,,,,6228.0,9559.300000000005,98.96907216494846,,45.45454545454545,42.72727272727273,0.0,0.0,nm_inferred,220.0,81.88995215311004,,Vnukovo International Airport,55.591499,37.261501
UUYY,1.0,1.0,100.0,0.0,0.0,0.0,,15902.0,15902.0,15902.0,15902.0,15902.0,,,,,,,,,,,15902.0,15902.0,100.0,,0.0,100.0,0.0,1.0,1.0,100.0,0.0,0.0,,,-2470.0,-2470.0,-2470.0,-2470.0,-2470.0,,,,,,,,,,,2470.0,2470.0,100.0,,100.0,0.0,0.0,0.0,nm_inferred,1.0,100.0,,,,
UWGG,10.0,7.0,70.0,0.0,0.0,600.0,,12933.6,14266.0,14558.0,14770.0,15029.4,,,,,,,,,,,14558.0,15029.4,100.0,,60.0,10.0,0.0,11.0,10.0,90.9090909090909,0.0,0.0,,,-13817.4,-8828.5,-6886.5,-5818.0,-5239.800000000002,,,,,,,,,,,6886.5,13817.4,100.0,,63.63636363636363,27.272727272727273,0.0,0.0,nm_inferred,11.0,80.45454545454545,,Nizhny Novgorod / Strigino International Airport,56.227351,43.785152
UWKD,40.0,32.0,80.0,0.0,0.0,600.0,,6725.7,8446.5,9658.5,13616.5,15347.2,,,,,,,,,,,9658.5,15347.2,100.0,,42.5,37.5,0.0,39.0,34.0,87.17948717948718,0.0,0.0,,,-10082.699999999999,-7596.25,-6973.0,-5563.25,-4862.2,,,,,,,,,,,6973.0,10082.699999999999,100.0,,46.15384615384615,41.02564102564103,0.0,0.0,nm_inferred,40.0,83.58974358974359,,Kazan International Airport,55.606201,49.278702
UWKS,1.0,0.0,0.0,0.0,0.0,0.0,,,,,,,,,,,,,,,,,,,,,0.0,0.0,0.0,2.0,0.0,0.0,0.0,0.0,,,,,,,,,,,,,,,,,,,,,,0.0,0.0,0.0,0.0,nm_inferred,2.0,0.0,,Cheboksary Airport,56.090302,47.347301
UWLL,2.0,1.0,50.0,0.0,0.0,0.0,,14780.0,14780.0,14780.0,14780.0,14780.0,,,,,,,,,,,14780.0,14780.0,100.0,,50.0,0.0,0.0,2.0,2.0,100.0,0.0,0.0,,,-4892.5,-4753.75,-4522.5,-4291.25,-4152.5,,,,,,,,,,,4522.5,4892.5,100.0,,50.0,50.0,0.0,0.0,nm_inferred,2.0,75.0,,Ulyanovsk Baratayevka Airport,54.27016,48.225569
UWOO,2.0,2.0,100.0,0.0,0.0,0.0,,6548.5,7243.75,8402.5,9561.25,10256.5,,,,,,,,,,,8402.5,10256.5,100.0,,50.0,50.0,0.0,2.0,2.0,100.0,0.0,0.0,,,-5203.0,-4900.0,-4395.0,-3890.0,-3587.0,,,,,,,,,,,4395.0,5203.0,100.0,,100.0,0.0,0.0,0.0,nm_inferred,2.0,100.0,,,,
UWPS,1.0,1.0,100.0,0.0,0.0,0.0,,11805.0,11805.0,11805.0,11805.0,11805.0,,,,,,,,,,,11805.0,11805.0,100.0,,100.0,0.0,0.0,1.0,1.0,100.0,0.0,0.0,,,-4380.0,-4380.0,-4380.0,-4380.0,-4380.0,,,,,,,,,,,4380.0,4380.0,100.0,,100.0,0.0,0.0,0.0,nm_inferred,1.0,100.0,,Saransk International Airport,54.12513,45.212257
UWSG,3.0,3.0,100.0,0.0,0.0,0.0,,993.4000000000001,2344.0,4595.0,8907.0,11494.2,,,,,,,,,,,4595.0,11494.2,100.0,,33.333333333333336,66.66666666666667,0.0,3.0,3.0,100.0,0.0,0.0,,,-6198.6,-5268.0,-3717.0,-3712.5,-3709.8,,,,,,,,,,,3717.0,6198.6,100.0,,33.333333333333336,66.66666666666667,0.0,0.0,nm_inferred,3.0,100.0,,Gagarin International Airport,51.712778,46.171111
UWUU,20.0,14.0,70.0,0.0,0.0,600.0,,5866.0,9008.75,13182.5,13723.75,15482.500000000002,,,,,,,,,,,13182.5,15482.500000000002,100.0,,55.0,15.0,0.0,20.0,16.0,80.0,0.0,0.0,,,-12197.5,-7280.0,-6797.5,-5300.0,-4020.0,,,,,,,,,,,6797.5,12197.5,100.0,,55.0,25.0,0.0,0.0,nm_inferred,20.0,75.0,,,,
UWWW,22.0,18.0,81.81818181818181,0.0,0.0,600.0,,7543.0,8218.75,9150.0,12236.25,13597.5,,,,,,,,,,,9150.0,13597.5,100.0,,54.54545454545455,27.272727272727273,0.0,21.0,18.0,85.71428571428571,0.0,0.0,,,-11773.5,-6653.75,-6110.0,-4565.0,-3444.5,,,,,,,,,,,6110.0,11773.5,100.0,,61.904761904761905,23.80952380952381,0.0,0.0,nm_inferred,22.0,83.76623376623377,,,,
UZFF,1.0,1.0,100.0,0.0,0.0,0.0,,9420.0,9420.0,9420.0,9420.0,9420.0,,,,,,,,,,,9420.0,9420.0,100.0,,0.0,100.0,0.0,1.0,1.0,100.0,0.0,0.0,,,-7789.0,-7789.0,-7789.0,-7789.0,-7789.0,,,,,,,,,,,7789.0,7789.0,100.0,,100.0,0.0,0.0,0.0,nm_inferred,1.0,100.0,,,,
UZFN,,,,,,,,,,,,,,,,,,,,,,,,,,,,,,1.0,0.0,0.0,0.0,0.0,,,,,,,,,,,,,,,,,,,,,,0.0,0.0,0.0,0.0,nm_inferred,1.0,0.0,,,,
UZNU,4.0,4.0,100.0,0.0,0.0,0.0,,5186.0,5217.5,5437.5,5738.75,5916.5,,,,,,,,,,,5437.5,5916.5,100.0,,25.0,75.0,0.0,4.0,4.0,100.0,0.0,0.0,,,-9488.7,-8925.75,-6435.0,-4209.25,-4123.3,,,,,,,,,,,6435.0,9488.7,100.0,,25.0,75.0,0.0,0.0,nm_inferred,4.0,100.0,,,,
UZSA,9.0,9.0,100.0,0.0,0.0,1140.0,,7231.0,13195.0,13565.0,14200.0,14863.0,,,,,,,,,,,13565.0,14863.0,100.0,,11.11111111111111,88.88888888888889,0.0,4.0,4.0,100.0,0.0,0.0,,,-14066.5,-12480.25,-11524.0,-11304.5,-11044.4,,,,,,,,,,,11524.0,14066.5,100.0,,25.0,75.0,0.0,0.0,nm_inferred,9.0,100.0,,,,
UZSB,2.0,2.0,100.0,0.0,0.0,0.0,,6758.0,6762.5,6770.0,6777.5,6782.0,,,,,,,,,,,6770.0,6782.0,100.0,,50.0,50.0,0.0,2.0,2.0,100.0,0.0,0.0,,,-5534.1,-5454.75,-5322.5,-5190.25,-5110.9,,,,,,,,,,,5322.5,5534.1,100.0,,50.0,50.0,0.0,0.0,nm_inferred,2.0,100.0,,,,
UZSS,7.0,7.0,100.0,0.0,0.0,600.0,,7612.0,7705.0,7750.0,7875.0,8373.0,,,,,,,,,,,7750.0,8373.0,100.0,,71.42857142857143,28.571428571428573,0.0,9.0,9.0,100.0,0.0,0.0,,,-10941.6,-6566.0,-6454.0,-6076.0,-5995.6,,,,,,,,,,,6454.0,10941.6,100.0,,55.55555555555556,44.44444444444444,0.0,0.0,nm_inferred,9.0,100.0,,,,
UZST,1.0,1.0,100.0,0.0,0.0,0.0,,8285.0,8285.0,8285.0,8285.0,8285.0,,,,,,,,,,,8285.0,8285.0,100.0,,100.0,0.0,0.0,1.0,1.0,100.0,0.0,0.0,,,-12231.0,-12231.0,-12231.0,-12231.0,-12231.0,,,,,,,,,,,12231.0,12231.0,100.0,,0.0,100.0,0.0,0.0,nm_inferred,1.0,100.0,,,,
UZTP,2.0,2.0,100.0,0.0,0.0,0.0,,9448.5,10541.25,12362.5,14183.75,15276.5,,,,,,,,,,,12362.5,15276.5,100.0,,50.0,50.0,0.0,,,,,,,,,,,,,,,,,,,,,,,,,,,,,,0.0,nm_inferred,2.0,100.0,,,,
UZTT,69.0,68.0,98.55072463768116,0.0,0.0,600.0,,8331.5,8533.75,8867.5,11797.5,18481.000000000004,,,,,,,,,,,8867.5,18481.000000000004,100.0,,71.01449275362319,27.536231884057973,0.0,66.0,65.0,98.48484848484848,0.0,0.0,,,-13628.0,-12329.0,-7090.0,-6714.0,-6546.4,,,,,,,,,,,7090.0,13628.0,100.0,,66.66666666666667,31.818181818181817,0.0,0.0,nm_inferred,69.0,98.51778656126481,,,,
VAAH,,,,,,,,,,,,,,,,,,,,,,,,,,,,,,1.0,1.0,100.0,0.0,0.0,,,-16807.0,-16807.0,-16807.0,-16807.0,-16807.0,,,,,,,,,,,16807.0,16807.0,100.0,,100.0,0.0,0.0,0.0,nm_inferred,1.0,100.0,,,,
VABB,53.0,52.0,98.11320754716981,0.0,0.0,600.0,,16364.1,17508.0,18240.5,23965.75,24664.0,,,,,,,,,,,18240.5,24664.0,100.0,,54.716981132075475,43.39622641509434,0.0,56.0,56.0,100.0,0.0,0.0,,,-21247.0,-20183.25,-19234.0,-17835.75,-16070.0,,,,,,,,,,,19234.0,21247.0,100.0,,41.07142857142857,58.92857142857143,0.0,0.0,nm_inferred,56.0,99.0566037735849,,,,
VCBI,8.0,8.0,100.0,0.0,0.0,600.0,,22024.5,22968.75,23290.0,23833.75,25636.0,,,,,,,,,,,23290.0,25636.0,100.0,,75.0,25.0,0.0,7.0,7.0,100.0,0.0,0.0,,,-26869.8,-26415.5,-26005.0,-25785.5,-24004.399999999998,,,,,,,,,,,26005.0,26869.8,100.0,,42.857142857142854,57.142857142857146,0.0,0.0,nm_inferred,8.0,100.0,,,,
VGHS,6.0,6.0,100.0,0.0,0.0,600.0,,19720.0,20198.75,20355.0,21347.5,24120.0,,,,,,,,,,,20355.0,24120.0,100.0,,50.0,50.0,0.0,6.0,5.0,83.33333333333333,0.0,0.0,,,-22164.0,-21876.0,-21543.0,-17967.0,-17250.0,,,,,,,,,,,21543.0,22164.0,100.0,,33.333333333333336,50.0,0.0,0.0,nm_inferred,6.0,91.66666666666666,,,,
VGSY,3.0,3.0,100.0,0.0,0.0,600.0,,27742.8,27819.0,27946.0,28011.0,28050.0,,,,,,,,,,,27946.0,28050.0,100.0,,0.0,100.0,0.0,2.0,2.0,100.0,0.0,0.0,,,-22670.4,-22540.5,-22324.0,-22107.5,-21977.6,,,,,,,,,,,22324.0,22670.4,100.0,,100.0,0.0,0.0,0.0,nm_inferred,3.0,100.0,,,,
VHHH,65.0,65.0,100.0,0.0,0.0,600.0,,29177.0,30365.0,36425.0,38860.0,41071.0,,,,,,,,,,,36425.0,41071.0,100.0,,40.0,60.0,0.0,89.0,88.0,98.87640449438203,0.0,0.0,,,-32481.3,-32140.75,-31556.0,-26605.25,-26096.9,,,,,,,,,,,31556.0,32481.3,100.0,,43.82022471910113,55.056179775280896,0.0,0.0,nm_inferred,89.0,99.43820224719101,,,,
VIAR,3.0,3.0,100.0,0.0,0.0,600.0,,19999.0,20149.0,20399.0,20448.0,20477.4,,,,,,,,,,,20399.0,20477.4,100.0,,33.333333333333336,66.66666666666667,0.0,2.0,2.0,100.0,0.0,0.0,,,-20259.1,-20253.25,-20243.5,-20233.75,-20227.9,,,,,,,,,,,20243.5,20259.1,100.0,,100.0,0.0,0.0,0.0,nm_inferred,3.0,100.0,,,,
VIDP,86.0,86.0,100.0,0.0,0.0,600.0,,16798.0,19457.5,21490.0,22323.75,22792.5,,,,,,,,,,,21490.0,22792.5,100.0,,40.69767441860465,59.30232558139535,0.0,77.0,77.0,100.0,0.0,0.0,,,-19379.0,-18641.0,-17640.0,-16351.0,-15005.199999999992,,,,,,,,,,,17640.0,19379.0,100.0,,50.64935064935065,49.35064935064935,0.0,0.0,nm_inferred,86.0,100.0,,,,
VNKT,2.0,2.0,100.0,0.0,0.0,600.0,,17751.5,17851.25,18017.5,18183.75,18283.5,,,,,,,,,,,18017.5,18283.5,100.0,,50.0,50.0,0.0,1.0,1.0,100.0,0.0,0.0,,,-20293.0,-20293.0,-20293.0,-20293.0,-20293.0,,,,,,,,,,,20293.0,20293.0,100.0,,0.0,100.0,0.0,0.0,nm_inferred,2.0,100.0,,,,
VOBL,32.0,32.0,100.0,0.0,0.0,600.0,,20090.8,20273.75,20979.0,26730.25,27910.3,,,,,,,,,,,20979.0,27910.3,100.0,,53.125,46.875,0.0,29.0,29.0,100.0,0.0,0.0,,,-24805.6,-23620.0,-22572.0,-22211.0,-19441.0,,,,,,,,,,,22572.0,24805.6,100.0,,31.03448275862069,68.96551724137932,0.0,0.0,nm_inferred,32.0,100.0,,,,
VOHS,11.0,11.0,100.0,0.0,0.0,600.0,,19498.0,24236.5,24674.0,25379.0,25575.0,,,,,,,,,,,24674.0,25575.0,100.0,,9.090909090909092,90.9090909090909,0.0,9.0,9.0,100.0,0.0,0.0,,,-21728.4,-21207.0,-21118.0,-20374.0,-19227.8,,,,,,,,,,,21118.0,21728.4,100.0,,33.333333333333336,66.66666666666667,0.0,0.0,nm_inferred,11.0,100.0,,,,
VOMM,10.0,10.0,100.0,0.0,0.0,600.0,,21925.0,22497.0,27593.0,28833.75,29087.9,,,,,,,,,,,27593.0,29087.9,100.0,,40.0,60.0,0.0,9.0,8.0,88.88888888888889,0.0,0.0,,,-23978.5,-23275.75,-22693.5,-18118.0,-17771.2,,,,,,,,,,,22693.5,23978.5,100.0,,33.333333333333336,55.55555555555556,0.0,0.0,nm_inferred,10.0,94.44444444444444,,,,
VRMM,5.0,5.0,100.0,0.0,0.0,600.0,,21339.2,21359.0,21715.0,25864.0,26588.2,,,,,,,,,,,21715.0,26588.2,100.0,,100.0,0.0,0.0,4.0,4.0,100.0,0.0,0.0,,,-20753.2,-20498.5,-20299.0,-20170.75,-20044.3,,,,,,,,,,,20299.0,20753.2,100.0,,100.0,0.0,0.0,0.0,nm_inferred,5.0,100.0,,,,
VTBD,1.0,1.0,100.0,0.0,0.0,600.0,,26120.0,26120.0,26120.0,26120.0,26120.0,,,,,,,,,,,26120.0,26120.0,100.0,,0.0,0.0,100.0,,,,,,,,,,,,,,,,,,,,,,,,,,,,,,0.0,nm_inferred,1.0,100.0,,,,
VTBS,67.0,65.0,97.01492537313433,0.0,0.0,1140.0,,25329.0,25685.0,33070.0,34085.0,34906.0,,,,,,,,,,,33070.0,34906.0,100.0,,25.37313432835821,68.65671641791045,2.985074626865672,73.0,73.0,100.0,0.0,0.0,,,-28843.6,-28495.0,-28189.0,-27174.0,-22716.0,,,,,,,,,,,28189.0,28843.6,100.0,,24.65753424657534,75.34246575342466,0.0,0.0,nm_inferred,73.0,98.50746268656717,,,,
VTSP,2.0,2.0,100.0,0.0,0.0,600.0,,34223.5,34446.25,34817.5,35188.75,35411.5,,,,,,,,,,,34817.5,35411.5,100.0,,100.0,0.0,0.0,,,,,,,,,,,,,,,,,,,,,,,,,,,,,,0.0,nm_inferred,2.0,100.0,,,,
VVNB,12.0,12.0,100.0,0.0,0.0,600.0,,26036.5,26526.25,30240.0,33488.75,34217.0,,,,,,,,,,,30240.0,34217.0,100.0,,50.0,50.0,0.0,17.0,17.0,100.0,0.0,0.0,,,-29983.4,-29496.0,-28392.0,-23260.0,-23094.4,,,,,,,,,,,28392.0,29983.4,100.0,,47.05882352941177,52.94117647058823,0.0,0.0,nm_inferred,17.0,100.0,,,,
VVTS,9.0,9.0,100.0,0.0,0.0,600.0,,28162.0,28360.0,35895.0,36290.0,37716.0,,,,,,,,,,,35895.0,37716.0,100.0,,33.333333333333336,66.66666666666667,0.0,13.0,13.0,100.0,0.0,0.0,,,-31945.0,-31415.0,-30080.0,-26165.0,-25843.2,,,,,,,,,,,30080.0,31945.0,100.0,,46.15384615384615,53.84615384615385,0.0,0.0,nm_inferred,13.0,100.0,,,,
WADD,3.0,3.0,100.0,0.0,0.0,600.0,,37321.0,37322.5,37325.0,37810.0,38101.0,,,,,,,,,,,37325.0,38101.0,100.0,,66.66666666666667,33.333333333333336,0.0,3.0,3.0,100.0,0.0,0.0,,,-36281.0,-36237.5,-36165.0,-35855.0,-35669.0,,,,,,,,,,,36165.0,36281.0,100.0,,66.66666666666667,33.333333333333336,0.0,0.0,nm_inferred,3.0,100.0,,,,
WBSB,1.0,1.0,100.0,0.0,0.0,720.0,,40900.0,40900.0,40900.0,40900.0,40900.0,,,,,,,,,,,40900.0,40900.0,100.0,,0.0,100.0,0.0,1.0,1.0,100.0,0.0,0.0,,,-35053.0,-35053.0,-35053.0,-35053.0,-35053.0,,,,,,,,,,,35053.0,35053.0,100.0,,0.0,100.0,0.0,0.0,nm_inferred,1.0,100.0,,,,
WIII,2.0,0.0,0.0,0.0,0.0,600.0,,,,,,,,,,,,,,,,,,,,,0.0,0.0,0.0,3.0,3.0,100.0,0.0,0.0,,,-37385.0,-35630.0,-32705.0,-32325.0,-32097.0,,,,,,,,,,,32705.0,37385.0,100.0,,0.0,100.0,0.0,0.0,nm_inferred,3.0,50.0,,,,
WMKK,19.0,18.0,94.73684210526316,0.0,0.0,600.0,,28999.0,29375.0,30122.5,37398.75,37990.5,,,,,,,,,,,30122.5,37990.5,100.0,,68.42105263157895,26.31578947368421,0.0,21.0,21.0,100.0,0.0,0.0,,,-33305.0,-32369.0,-31483.0,-27605.0,-26910.0,,,,,,,,,,,31483.0,33305.0,100.0,,47.61904761904762,52.38095238095238,0.0,0.0,nm_inferred,21.0,97.36842105263159,,,,
WSSS,74.0,74.0,100.0,0.0,0.0,600.0,,29634.5,30101.25,37297.5,38428.75,39026.0,,,,,,,,,,,37297.5,39026.0,100.0,,41.891891891891895,58.108108108108105,0.0,83.0,83.0,100.0,0.0,0.0,,,-34951.6,-33470.5,-32748.0,-28274.0,-27739.4,,,,,,,,,,,32748.0,34951.6,100.0,,39.75903614457831,60.24096385542169,0.0,0.0,nm_inferred,83.0,100.0,,,,
YPPH,1.0,1.0,100.0,0.0,0.0,600.0,,46573.0,46573.0,46573.0,46573.0,46573.0,,,,,,,,,,,46573.0,46573.0,100.0,,100.0,0.0,0.0,4.0,4.0,100.0,0.0,0.0,,,-47216.2,-47114.5,-46959.5,-46739.5,-46520.8,,,,,,,,,,,46959.5,47216.2,100.0,,50.0,50.0,0.0,0.0,nm_inferred,4.0,100.0,,,,
ZBAA,77.0,73.0,94.8051948051948,0.0,0.0,600.0,,21336.0,22340.0,28335.0,30740.0,34050.0,,,,,,,,,,,28335.0,34050.0,100.0,,32.467532467532465,62.33766233766234,0.0,86.0,86.0,100.0,0.0,0.0,,,-26502.0,-24704.25,-23582.0,-22858.75,-21425.0,,,,,,,,,,,23582.0,26502.0,100.0,,63.95348837209303,36.04651162790697,0.0,0.0,nm_inferred,86.0,97.4025974025974,,,,
ZBAD,13.0,11.0,84.61538461538461,0.0,0.0,600.0,,21785.0,21950.0,22360.0,28155.0,33765.0,,,,,,,,,,,22360.0,33765.0,100.0,,53.84615384615385,30.76923076923077,0.0,8.0,8.0,100.0,0.0,0.0,,,-26251.0,-25915.0,-23923.0,-21905.0,-20822.3,,,,,,,,,,,23923.0,26251.0,100.0,,87.5,12.5,0.0,0.0,nm_inferred,13.0,92.3076923076923,,,,
ZBTJ,1.0,1.0,100.0,0.0,0.0,600.0,,28115.0,28115.0,28115.0,28115.0,28115.0,,,,,,,,,,,28115.0,28115.0,100.0,,0.0,100.0,0.0,,,,,,,,,,,,,,,,,,,,,,,,,,,,,,0.0,nm_inferred,1.0,100.0,,,,
ZGDY,1.0,1.0,100.0,0.0,0.0,600.0,,27606.0,27606.0,27606.0,27606.0,27606.0,,,,,,,,,,,27606.0,27606.0,100.0,,100.0,0.0,0.0,,,,,,,,,,,,,,,,,,,,,,,,,,,,,,0.0,nm_inferred,1.0,100.0,,,,
ZGGG,30.0,29.0,96.66666666666667,0.0,0.0,600.0,,28092.0,29385.0,31025.0,35105.0,36905.0,,,,,,,,,,,31025.0,36905.0,100.0,,50.0,46.666666666666664,0.0,35.0,35.0,100.0,0.0,0.0,,,-31518.6,-30813.0,-29717.0,-26128.0,-25674.8,,,,,,,,,,,29717.0,31518.600000000002,100.0,,48.57142857142857,51.42857142857143,0.0,0.0,nm_inferred,35.0,98.33333333333334,,,,
ZGHA,1.0,1.0,100.0,0.0,0.0,600.0,,33515.0,33515.0,33515.0,33515.0,33515.0,,,,,,,,,,,33515.0,33515.0,100.0,,100.0,0.0,0.0,1.0,1.0,100.0,0.0,0.0,,,-27937.0,-27937.0,-27937.0,-27937.0,-27937.0,,,,,,,,,,,27937.0,27937.0,100.0,,100.0,0.0,0.0,0.0,nm_inferred,1.0,100.0,,,,
ZGSZ,14.0,14.0,100.0,0.0,0.0,600.0,,29051.0,34772.5,35772.5,36828.75,38022.5,,,,,,,,,,,35772.5,38022.5,100.0,,57.142857142857146,42.857142857142854,0.0,11.0,11.0,100.0,0.0,0.0,,,-32097.0,-31975.5,-31448.0,-29578.5,-25051.0,,,,,,,,,,,31448.0,32097.0,100.0,,72.72727272727273,18.181818181818183,9.090909090909092,0.0,nm_inferred,14.0,100.0,,,,
ZHCC,8.0,8.0,100.0,0.0,0.0,600.0,,29093.5,31112.5,32435.0,33450.0,34017.0,,,,,,,,,,,32435.0,34017.0,100.0,,12.5,87.5,0.0,21.0,21.0,100.0,0.0,0.0,,,-28466.0,-27880.0,-26938.0,-24412.0,-23319.0,,,,,,,,,,,26938.0,28466.0,100.0,,33.333333333333336,66.66666666666667,0.0,0.0,nm_inferred,21.0,100.0,,,,
ZHEC,7.0,7.0,100.0,0.0,0.0,600.0,,28156.0,29932.5,31310.0,31637.5,33411.0,,,,,,,,,,,31310.0,33411.0,100.0,,57.142857142857146,42.857142857142854,0.0,11.0,11.0,100.0,0.0,0.0,,,-29980.0,-29372.5,-28575.0,-27545.0,-27315.0,,,,,,,,,,,28575.0,29980.0,100.0,,54.54545454545455,45.45454545454545,0.0,0.0,nm_inferred,11.0,100.0,,,,
ZHHH,1.0,1.0,100.0,0.0,0.0,600.0,,31655.0,31655.0,31655.0,31655.0,31655.0,,,,,,,,,,,31655.0,31655.0,100.0,,0.0,100.0,0.0,,,,,,,,,,,,,,,,,,,,,,,,,,,,,,0.0,nm_inferred,1.0,100.0,,,,
ZJHK,,,,,,,,,,,,,,,,,,,,,,,,,,,,,,2.0,2.0,100.0,0.0,0.0,,,-27630.0,-27628.5,-27626.0,-27623.5,-27622.0,,,,,,,,,,,27626.0,27630.0,100.0,,100.0,0.0,0.0,0.0,nm_inferred,2.0,100.0,,,,
ZJSY,,,,,,,,,,,,,,,,,,,,,,,,,,,,,,1.0,1.0,100.0,0.0,0.0,,,-27860.0,-27860.0,-27860.0,-27860.0,-27860.0,,,,,,,,,,,27860.0,27860.0,100.0,,100.0,0.0,0.0,0.0,nm_inferred,1.0,100.0,,,,
ZLXY,7.0,6.0,85.71428571428571,0.0,0.0,600.0,,24907.5,26125.0,30297.5,33667.5,34332.5,,,,,,,,,,,30297.5,34332.5,100.0,,42.857142857142854,42.857142857142854,0.0,11.0,11.0,100.0,0.0,0.0,,,-24870.0,-24397.5,-22665.0,-21404.0,-21125.0,,,,,,,,,,,22665.0,24870.0,100.0,,72.72727272727273,27.272727272727273,0.0,0.0,nm_inferred,11.0,92.85714285714286,,,,
ZMCK,6.0,6.0,100.0,0.0,0.0,600.0,,22262.5,22348.75,22470.0,22565.0,23252.5,,,,,,,,,,,22470.0,23252.5,100.0,,16.666666666666668,83.33333333333333,0.0,6.0,6.0,100.0,0.0,0.0,,,-25805.0,-24199.75,-19078.5,-18677.75,-18543.0,,,,,,,,,,,19078.5,25805.0,100.0,,83.33333333333333,16.666666666666668,0.0,0.0,nm_inferred,6.0,100.0,,,,
ZSAM,4.0,4.0,100.0,0.0,0.0,600.0,,34740.5,35003.75,35352.5,36044.25,36924.9,,,,,,,,,,,35352.5,36924.9,100.0,,0.0,100.0,0.0,3.0,3.0,100.0,0.0,0.0,,,-28984.0,-28951.0,-28896.0,-28502.5,-28266.4,,,,,,,,,,,28896.0,28984.0,100.0,,100.0,0.0,0.0,0.0,nm_inferred,4.0,100.0,,,,
ZSFZ,,,,,,,,,,,,,,,,,,,,,,,,,,,,,,1.0,1.0,100.0,0.0,0.0,,,-28947.0,-28947.0,-28947.0,-28947.0,-28947.0,,,,,,,,,,,28947.0,28947.0,100.0,,100.0,0.0,0.0,0.0,nm_inferred,1.0,100.0,,,,
ZSHC,,,,,,,,,,,,,,,,,,,,,,,,,,,,,,1.0,1.0,100.0,0.0,0.0,,,-30650.0,-30650.0,-30650.0,-30650.0,-30650.0,,,,,,,,,,,30650.0,30650.0,100.0,,0.0,100.0,0.0,0.0,nm_inferred,1.0,100.0,,,,
ZSJN,,,,,,,,,,,,,,,,,,,,,,,,,,,,,,1.0,1.0,100.0,0.0,0.0,,,-28090.0,-28090.0,-28090.0,-28090.0,-28090.0,,,,,,,,,,,28090.0,28090.0,100.0,,100.0,0.0,0.0,0.0,nm_inferred,1.0,100.0,,,,
ZSNJ,1.0,1.0,100.0,0.0,0.0,600.0,,31510.0,31510.0,31510.0,31510.0,31510.0,,,,,,,,,,,31510.0,31510.0,100.0,,0.0,100.0,0.0,1.0,1.0,100.0,0.0,0.0,,,-29470.0,-29470.0,-29470.0,-29470.0,-29470.0,,,,,,,,,,,29470.0,29470.0,100.0,,100.0,0.0,0.0,0.0,nm_inferred,1.0,100.0,,,,
ZSPD,114.0,111.0,97.36842105263158,0.0,0.0,600.0,,26354.0,31438.0,33006.0,37161.5,39760.0,,,,,,,,,,,33006.0,39760.0,100.0,,31.57894736842105,65.78947368421052,0.0,128.0,128.0,100.0,0.0,0.0,,,-31989.6,-31092.75,-28732.5,-27121.25,-24896.8,,,,,,,,,,,28732.5,31989.6,100.0,,47.65625,52.34375,0.0,0.0,nm_inferred,128.0,98.68421052631578,,,,
ZSQD,1.0,1.0,100.0,0.0,0.0,600.0,,31915.0,31915.0,31915.0,31915.0,31915.0,,,,,,,,,,,31915.0,31915.0,100.0,,0.0,100.0,0.0,1.0,1.0,100.0,0.0,0.0,,,-27305.0,-27305.0,-27305.0,-27305.0,-27305.0,,,,,,,,,,,27305.0,27305.0,100.0,,100.0,0.0,0.0,0.0,nm_inferred,1.0,100.0,,,,
ZSWZ,2.0,2.0,100.0,0.0,0.0,600.0,,27733.5,27866.25,28087.5,28308.75,28441.5,,,,,,,,,,,28087.5,28441.5,100.0,,100.0,0.0,0.0,1.0,1.0,100.0,0.0,0.0,,,-29130.0,-29130.0,-29130.0,-29130.0,-29130.0,,,,,,,,,,,29130.0,29130.0,100.0,,0.0,100.0,0.0,0.0,nm_inferred,2.0,100.0,,,,
ZUCK,10.0,9.0,90.0,0.0,0.0,600.0,,29470.6,30871.0,33255.0,34975.0,35196.0,,,,,,,,,,,33255.0,35196.0,100.0,,60.0,30.0,0.0,13.0,13.0,100.0,0.0,0.0,,,-27066.4,-26605.0,-25803.0,-25311.0,-21251.0,,,,,,,,,,,25803.0,27066.4,100.0,,84.61538461538461,15.384615384615385,0.0,0.0,nm_inferred,13.0,95.0,,,,
ZUTF,12.0,10.0,83.33333333333333,0.0,0.0,600.0,,24985.5,25841.25,29900.0,30998.75,32140.0,,,,,,,,,,,29900.0,32140.0,100.0,,75.0,8.333333333333334,0.0,21.0,21.0,100.0,0.0,0.0,,,-27665.0,-27570.0,-26780.0,-22945.0,-22205.0,,,,,,,,,,,26780.0,27665.0,100.0,,71.42857142857143,28.571428571428573,0.0,0.0,nm_inferred,21.0,91.66666666666666,,,,
ZUUU,18.0,9.0,50.0,0.0,0.0,600.0,,24230.0,24885.0,29335.0,32200.0,33597.0,,,,,,,,,,,29335.0,33597.0,100.0,,33.333333333333336,16.666666666666668,0.0,21.0,21.0,100.0,0.0,0.0,,,-26880.0,-26499.0,-25910.0,-25449.0,-21895.0,,,,,,,,,,,25910.0,26880.0,100.0,,76.19047619047619,23.80952380952381,0.0,0.0,nm_inferred,21.0,75.0,,,,
ZWWW,16.0,14.0,87.5,0.0,0.0,600.0,,14380.5,15985.0,16422.5,21258.75,22892.5,,,,,,,,,,,16422.5,22892.5,100.0,,75.0,12.5,0.0,16.0,14.0,87.5,0.0,0.0,,,-18355.0,-17182.25,-14100.0,-13531.25,-12980.5,,,,,,,,,,,14100.0,18355.0,100.0,,62.5,25.0,0.0,0.0,nm_inferred,16.0,87.5,,,,
ZZZZ,67.0,40.0,59.701492537313435,0.0,0.0,0.0,,-98.29999999999974,623.0,1457.0,2643.5,3067.4,,,,,,,,,,,1807.5,3067.4,87.5,,52.23880597014925,1.492537313432836,5.970149253731344,60.0,22.0,36.666666666666664,0.0,0.0,,,-2491.4,-2221.75,-650.5,-47.75,704.4000000000001,,,,,,,,,,,899.0,2491.4,72.72727272727273,,28.333333333333332,0.0,8.333333333333334,0.0,nm_inferred,67.0,48.18407960199005,,,,
