icao,name,lat,lon
BIBD,Bildudalur Airport,65.641296,-23.5462
BIOF,Ólafsfjörður Airport,66.083298,-18.6667
CZ-0089,Lomnice nad Popelkou Airfield,50.54,15.388056
CZ-0181,Manětín Airstrip,49.982799,13.227839
DE-0001,Klinikum am Plattenwald Helipad,49.2128560011,9.236728549
DE-0304,Hayingen Glider Field,48.2848,9.4657
DE-0380,Eimbeckhausen Airfield,52.225832,9.425161
DE-0572,Sankt Elisabeth Hospital Heliport,47.78801,9.62105
DE-0813,Sulingen Auxiliary Helicopter Base,52.651472,8.886417
DE-0840,Fossiliengrube Heliport,49.90611,11.46417
EHHW,Buitengaats / BG-OHVS2 Helipad,54.0369,6.041833
EHQS,Hollandse Kust Zuid Alpha Heliport,52.31944,4.04305
EKRA,Rårup Airfield,55.777572,9.94154
ENXD,Ekofisk D Platform,56.5625,3.08417010307312
EPIR,Inowroclaw Military Air Base,52.829399,18.330601
ES-0082,Aeródromo La Loma,39.4886667,-0.9022167
ESNA,Hallviken Airfield,63.7383,15.4583
ESNR,Orsa Airfield,61.189999,14.7126
ESSX,Johannisberg Airfield,59.575802,16.503201
ESUV,Älvsbyn Airfield,65.645699,21.0611
FR-0237,Malacussy Heliport,45.42416763305664,4.371388912200928
FR-0325,Aire-sur-la-Lys Airfield,50.622813,2.414846
FR-0670,Bort-l'Étang Airfield,45.7937,3.435736
FR-0852,La Bertaucourt Airfield,49.073333,5.751667
FR-1021,Ratières Les Allandaines Airfield,45.166111,4.979167
FR-1070,Le Fort d'Aslonnes Airfield,46.438056,0.341667
FR-1194,Orry DZ,49.129267,2.522103
GB-0337,Calcot Airfield,51.794453,-1.835485
GB-0447,Manton Airfield,51.4237,-1.77079
GB-0573,RAF Skaebrae Air Base,59.063901,-3.269179
GB-0884,Tiffenden Airstrip,51.094475,0.740868
GB-0917,Lamberhurst Airstrip,51.109145,0.418918
GB-1078,South Barnbeth Farm Airstrip,55.84734,-4.615176
GG-0003,Brecqhou Residences Helipad,49.43365,-2.38607
HU-0043,Mórahalom Airstrip,46.251378,19.949197
HU-0069,Markusovszky Hospital Heliport,47.2384,16.61823
IQ-0043,Salman Pak East Air Field,33.16069030761719,44.77409362792969
IQ-0045,Samarra East Air Base / Dhuluiya Airport,34.16554,44.264304
IT-0024,Campo di Volo Pachino Fly Dream,36.726571,15.033717
IT-0027,Ali Calabria Airfield,38.619653,15.955976
IT-0142,Il Pioniero Airfield,45.083975,11.663224
IT-0246,AliVara Airfield,44.227697,9.720077
IT-0747,Cattinara Hospital Heliport,45.632895,13.830104
IT-0958,Elisuperficie Pratiglione,45.354155,7.595136
LEIB,Ibiza Airport,38.872898,1.37312
LEJC,Hotel Rey Juan Carlos I Heliport,41.38249969482422,2.1091699600219727
LETC,Matilla De Los Caños Airfield,41.530602,-4.925
LFQS,Vitry-en-Artois Airfield,50.337883,2.990714
LFSX,Luxeuil-Saint-Sauveur (BA 116) Air Base,47.787747,6.353419
LIDI,Cortina d'Ampezzo Sant'Anna Heliport,46.574099,12.115463
LJCL,Celje Airfield,46.245602,15.2231
LOGP,Pinkafeld Airfield,47.386684,16.112673
LOWK,Klagenfurt Airport,46.642502,14.3377
LYBE,Belgrade Nikola Tesla Airport,44.818401,20.309099
RU-0161,Tikhvin Airfield,59.650002,33.595001
RU-0223,Malino Heliport,55.085,38.145
RU-0249,Novaya Heliport,55.8093,38.0454
RU-0919,Usad'ba Mansurovo Helicopter Base,51.774107,37.430463
RU-10080,Afipsky Heliport,44.873,38.829
SK-0005,Kamenný Most Airfield,47.863889,18.65
SK-0047,Hertník Airstrip,49.210967,21.264231
TR-0040,Manavgat Firefighting Airport,36.736315,31.508438
TR-0059,Derince Provincial Hospital Helipad,40.76099,29.81412
UG26,Kutaisi West Airport,42.2486,42.624699
UKFV,Yevpatoriya Airport,45.225462,33.375212
AT-0007,Ybbsitz ÖAMTC Heliport,47.969106,14.939405
AT-0025,Flugplatz Usting,48.31459,13.71796
AT-0033,Carinthia State Police Directorate Heliport,46.620018,14.307845
BG-0148,Todorovo Airfield,43.73671,26.92617
BG-0166,Gabrovnitsa Air Base,43.5443,23.272499
CH-0017,Grabs Hospital Heliport,47.17422,9.4488
CZ-0150,Milotice Airstrip,48.936188,17.124166
DAAW,Bordj Omar Driss Airport,28.136042,6.836156
DAOE,Bousfer Air Base,35.735401,-0.805389
DAUH,Hassi Messaoud-Oued Irara Krim Belkacem Airport,31.673,6.14044
DE-0372,Altenbeuthen UL,50.592206,11.588424
DE-0448,Köln-Sülz Balloonport,50.91305,6.89627
DE-0479,Fliegerhorst Neubiberg,48.072057,11.635852
DE-0888,Emmel Airfield Dedelow Airport,53.356388,13.783611
DZ-0012,Groupement Reggane Nord Airport,26.80634,0.20704
EDQR,Ebern-Sendelbach Airfield,50.039444,10.822778
EDUZ,Zerbst Airfield,52.000832,12.148611
EGHF,Solent Airport,50.814201,-1.20333
EGOE,Tern Hill Airfield,52.872775,-2.532692
EGTU,Dunkeswell Airfield,50.860956,-3.233929
EIIR,Inisheer Aerodrome,53.064701,-9.5109
ENWR,Randgrid Helipad,58.58333,1.73278
EPMB,Malbork Królewo Air Base,54.026598,19.135718
ES-0013,Godos Airfield,42.5787,-8.6968
ES-0026,Camp de Vol de Palafolls,41.687222,2.748056
ES-0128,Aeròdrom de Llabiá,42.011798,3.089483
ES-0244,Club Fenix ULM,39.657599,-0.811627
ESMP,Anderstorp Airfield,57.264198,13.5994
EYIG,Ignalina,55.244167,26.172222
FR-0346,Grostenquin Air Base,49.020535,6.718655
FR-0569,Fontaine Simon Airfield,48.506027,0.991064
FR-0571,Saint-Fargeol Les Fougères Airfield,46.142669,2.612133
FR-0667,Aubiat Sardon Airfield,45.979722,3.2275
GB-0068,Gigha Airfield,55.655171,-5.755033
GB-0071,High Easter Airfield,51.806235,0.341105
GB-0259,Charlton Park Airstrip,51.599665,-2.078113
GB-0305,Lyminge Airstrip,51.146177,1.046066
GB-0345,Royal Stoke University Hospital Helipad,53.002633,-2.210636
GB-0427,Askern Airfield,53.6104,-1.13324
GB-0493,Blackhill Airstrip,54.8042209,-6.7556928
GB-0495,Red House Farm Airstrip,52.178085,-1.176136
GB-0602,Bankwood Farm Airstrip,53.045801,-0.997581
GB-0790,Batchley Farm Airstrip,50.75577,-1.59035
GB-0948,West Bergholt Airstrip,51.917882,0.860329
GB-1310,Dovesdale Farm,55.69538,-3.956622
GR-0101,Volos Army Airport,39.3838996887,22.9174003601
IT-0272,Costa d'Argento Airfield,42.495327,11.239424
IT-0314,Campo di Volo Montefalco,42.885358,12.693324
IT-0371,Ca' Quinta di Sarego Airfield,45.432833,11.383333
IT-0500,Aviosuperficie La Smeraldina,41.05793,9.433446
IT-0561,Santa Chiara Airfield,40.320012,17.812786
IT-0798,Grillo Casa Airfield,43.32607,11.56251
IT-0871,Elisuperficie privata,46.053358,8.263977
IT-0923,[Duplicate] Elisuperficie di Ceresole Reale,45.433139,7.230334
LDPV,Vrsar Crljenka Airfield,45.141701,13.6306
LFKB,Bastia-Poretta International airport,42.5527,9.48373
LFPG,Charles de Gaulle International Airport,49.00896,2.554117
LGSO,Syros Airport,37.4227981567,24.9508991241
LIML,Milano Linate Airport,45.445099,9.27674
LKCR,Chrudim Airfield,49.936401,15.7806
LKRK,Rakovnik Airfield,50.0942,13.6889
LY-0010,Fidda Oilfield Airport,28.94671,17.27365
LZPT,Male Bielice-Partizánske Airfield,48.619202,18.3297
OLKA,Rene Mouawad Air Base,34.589298,36.011299
PT-0022,Aerodromo do Cerval UL,41.972958,-8.673806
PT-0062,Aerodromo da Palma UL,38.514292,-8.575752
PT-0084,Pista da Adiça,38.062757,-7.268711
RO-0144,Mangalia Municipal Hospital Helipad,43.819395,28.588336
RU-0429,Morozovo Airstrip,55.3806464897,38.3715963364
RU-0442,Kashkarantsy Airstrip,66.3454,36.027
RU-0770,Manturovo Airfield,58.36749,44.7957
RU-10111,Kharlov Island Heliport,68.8152,37.331746
RU-10112,Ostrovnoy Heliport,68.076371,39.45939
RU-10155,Shchapovo Heliport,55.376744,37.397676
SA-0098,Helicopter Emergency Landing Zone No. 7,28.120761,35.233369
SE-0006,Alvesta Smålanda Airfield,56.925822,14.542294
SE-0009,Långtora Airfield,59.747445,17.145188
ULAA,Talagi Airport,64.60030364990234,40.71670150756836
BG-0136,Galabovo Cropduster Strip,42.15686,25.81133
BG-0172,Podem Airstrip,43.547478,24.592363
CY-0009,Famagusta General Hospital Helipad,35.061798,33.972145
CY-0062,Gürpınar Helipad,35.223416,33.124436
CZ-0285,Rabi Airfield,49.275146,13.627812
DE-0093,Unterwössen Airfield,47.72974,12.4382
DE-0172,Bergheim Airfield,50.9772,6.6085
DE-0613,Jena University Hospital Heliport,50.88672,11.61895
EDFC,Aschaffenburg Airfield,49.938806,9.062777
EG-0011,El Arish Military Hospital Helipad,31.144695,33.827079
EG-0070,RAF El Amiriya,31.031976,29.799986
ENQO,Oseberg South Helideck,60.389702,2.795556
ENRT,"Trondheim Heliport, Rosten",63.368133,10.374015
ENXL,Eldfisk A Platform,56.3760986328125,3.264440059661865
ES-0205,Castejón de Sos Airfield,42.522468,0.481114
ETHE,Rheine-Bentlage Airfield,52.291199,7.387
EYVI,Vilnius International Airport,54.634102,25.285801
FR-0155,Grand Couronne Heliport,49.3502311706543,0.9805819988250732
FR-0242,Saint-Rémy-de-Maurienne Airfield,45.376718,6.27692
FR-0335,Doucier Airfield,46.663693,5.761492
FR-0666,Jayet Gannat Airfield,46.07082,3.19923
FR-0744,Saint-Pierre-de-Chevillé Airfield,47.633333,0.452222
FR-0842,Hoeville Airfield,48.715,6.438611
FR-0908,Saint Affrique les Montagnes Airfield,43.544722,2.211389
FR-1054,Saint-Cyr-la-Campagne Airfield,49.253056,1.028611
GB-0015,Brent Tor Glider Field,50.5925,-4.145278
GB-0082,RAF Methwold / Waylands Airfield,52.511938,0.548801
GB-0526,North Moreton Airstrip,51.600467,-1.182359
GB-0621,Tongham Airstrip,51.227645,-0.728329
GB-0843,Westacott Farm Airstrip,50.8488,-3.8699
GB-0860,Kimberley Hall Airstrip,52.59823,1.09269
GB-0906,Netherley Private Airstrip,57.05228,-2.2652
GB-0982,Ginge Farm Airstrip,51.569481,-1.344409
GMAA,Inezgane Airport,30.381399,-9.54631
GR-0020,Serres Emmanuel Pappas Airfield,41.083282,23.589499
GR-0096,Agrinion Air Base,38.602001,21.3512
IQ-0007,An Numaniyah Air Base,32.504356,45.33306
IT-0051,Cumiana Airfield,44.939043,7.428925
IT-0065,Il Laghetto Airfield,44.777885,8.13034
IT-0203,Rovigo Airfield,45.031167,11.823667
IT-0586,Elisuperficie Ceraso,40.938208,16.495076
IT-0603,Eliporto militare marina italiana,40.515606,17.408025
IT-0802,Vicenza Airport,45.573399,11.5295
IT-0887,Elisuperficie Michob,45.841432,7.944344
LEME,S'Arangi Heliport,39.968221,4.093734
LFQG,Nevers-Fourchambault Airport,47.002913,3.113114
LOWW,Vienna International Airport,48.110298,16.5697
LPSA,Salemas Heliport,38.875,-9.195
NO-0083,Skarva Airfield,63.845275,11.344714
OICS,Sanandaj Airport,35.24589920043945,47.00920104980469
OITU,Maku National Airport,39.191293,44.928505
ORUB,Ubaydah Bin Al Jarrah Airport,32.481998,45.757099
PL-0251,Zielone Zacisze Airfield,50.37751,16.54321
PT-0015,Loule heliport,37.131523,-8.033168
RO-0058,Casa Teo Airstrip,45.02052,25.855951
RU-0010,Balashov Air Base,51.531687,43.301718
RU-0240,Seshcha Air Base,53.715258,33.339083
RU-0277,Rzhevka Heliport,59.979235882,30.575825572
RU-0503,Vtorovo Airport,56.254781,40.811732
SE-0060,Kvarnhem Flygfält,55.80065,13.6221
SK-0059,Kalša Airstrip,48.624655,21.506477
TR-0068,Acibadem Adana Hospital Helipad,36.99531,35.31486
UA-0034,Lymanske Airfield,46.668998,30.011105
UA-0169,Vesele Airfield,47.0369,34.91204
AT-0038,Bad Kleinkircheim Heliport,46.811943054199,13.783888816833
BE-0043,Kuurne Heliport,50.85842,3.255642
BG-0093,Lozenets University Hospital Heliport,42.663,23.31149
BY-0003,Bobrovichi Air Base,52.278301,29.360001
CH-0025,Herisau Hospital Heliport,47.38765,9.28314
CH-0043,Turtmann Air Base,46.304339,7.712708
CY-0012,UNFICYP OP08 Heliport,35.177331,32.700825
CY-0058,K.A.A.Y. Kitiou Helipad,34.862267,33.63261
DE-0019,Frankfurt am Main Accident Hospital Ground Helipad,50.1441,8.7096
DE-0378,Schlierstadt-Seligenberg Airfield,49.443554,9.361944
DE-0543,Amsterdam Street Children's Hospital Heliport,50.96237,6.9669
DE-0793,Fichtelgebirge Hospital Selb Heliport,50.16957,12.11761
EBCV,Chièvres Air Base,50.575802,3.831
EDDK,Cologne Bonn Airport,50.865898,7.14274
EDQT,Haßfurt-Schweinfurt Airfield,50.0182,10.529165
EDXA,Flugplatz Achmer,52.37722,7.913333
EFHM,Hämeenkyrö Airfield,61.689701,23.0737
EG-0001,Al Rahmaniyah Air Base,31.043742,30.664859
EGLK,Blackbushe Airport,51.323898,-0.8475
EGMA,Fowlmere Airfield,52.077499,0.061667
EGVA,RAF Fairford,51.683568,-1.789172
EIBA,Ballyboughal Aerodrome,53.505556,-6.237778
EKHV,Haderslev Airfield,55.301829,9.524503
ES-0230,Sotillo de la Andrada,41.27115,-3.63005
ESGD,Bämmelshed Airfield,58.192146,13.998156
FR-0244,Societe des Eaux Minerales D'Evian Heliport,46.39083480834961,6.511943817138672
FR-0420,Valberg Altisurface,44.106418,6.939904
FR-0486,Lac Fourchu Airfield,45.058056,5.933056
FR-1007,Thèmes Ultralight Club Airfield,43.311479,6.127081
GB-0185,Wadswick Farm Airstrip,51.411085,-2.220385
GB-0592,Wentworth Private Airstrip,53.475545,-1.42101
GB-0700,Northfield Farm Airstrip,53.1848,0.0263
GB-0754,Easter Nether Cabra Farm Airstrip,57.560563,-2.0301
GB-0867,Kylarrick House Airstrip,57.817058,-4.174075
GB-1146,Compton Chamberlayne Airstrip,51.060545,-1.965385
GR-0035,Ios Heliport,36.71758,25.27169
HEAT,Asyut International Airport,27.045962,31.01276
HLTQ,Tobruk International Airport,31.861,23.907
IE-0058,Citywest Heliport,53.2856,-6.4456
IT-0482,Campo di Volo Carzeto,44.96,10.1838889
IT-0595,Bari Hospital Heliport,41.112923,16.85809
IT-0793,Gh. del Léchaud,45.731861,6.816234
LECD,La Cerdanya Airfield,42.386398,1.86667
LEHE,Helicsa Heliport,39.071106,-1.834567
LEHJ,Hospital Universitario Joan XXIII Heliport,41.1255989074707,1.23812997341156
LEOC,Ocaña Airfield,39.9375,-3.50333
LFAK,Dunkerque-Les Moëres Airfield,51.039559,2.549129
LFMF,Fayence-Tourrettes Airfield,43.609576,6.697369
LHBF,Bükfördö Airfield,47.3848,16.80264
LHTA,Taszár Air Base,46.393101,17.9175
LIPH,Treviso Airport,45.648399,12.1944
LOXA,Fiala-Fernbrugg Air Base,47.53573,14.141488
NL-0045,Eindhoven Heliport,51.423731,5.47449
PL-0100,Śmiłowo Henryk Stokłosa Airfield,53.144961,16.882682
PL-0212,Ręczaje Airstrip,52.319791,21.324851
PL-0221,Metelin Airstrip,50.74542,23.83732
RO-0112,Cotroceni Airfield,44.43,26.05
RS-0008,Kozhirsko Polje Sport Airport,43.563455,21.33626
RU-0237,Kozelsk Heliport,54.054,35.757
RU-0286,Temryuk Heliport,45.302121,37.321115
RU-10059,Dyagilevo Air Base,54.642284,39.569047
RU-10099,Gagarin Aerodrome,55.6371,34.828751
RU-1063,Zvanets Heliport,59.159416,36.031616
SE-0107,Grönhögen Airport,56.275002,16.42
SK-0081,Vranov nad Topľou Airstrip,48.86856,21.6768
SK-0086,Kľačany Airfield,48.40804,17.87638
SY-0039,Zelaf,32.919605,37.335934
UA-0008,Chortkiv Air Base,48.97800064086914,25.742000579833984
UA-0042,Voznesensk Air Base,47.509998,31.254999
UUBW,Zhukovsky International Airport,55.553299,38.150002
AL-0012,Gjirokastër Airfield,40.087301,20.152302
BE-0010,Lint Heliport,51.136231,4.478994
BE-0026,Federal Road Police Brecht Heliport,51.35213,4.63124
BG-0088,Omarchevo Airstrip,42.46799,26.144074
CZ-0017,Krnov Hospital Heliport,50.096984,17.685183
CZ-0087,Charvátce Airfield,50.433427,13.811113
CZ-0269,Tábor Všechov Air Base,49.437801,14.6217
DE-0075,Ohlstadt Airfield,47.65869,11.23507
DE-0088,Hersbruck Airfield,49.50753,11.4438
DE-0207,Radevormwald-Leye Glider Field,51.216437,7.382147
DZ-0028,Oued Zine Airport,28.141556,0.244846
EDBT,Allstedt Airfield,51.380554,11.446667
EDCR,Rerik-Zweedorf Airfield,54.081944,11.649167
EDCX,Purkshof Airfield,54.161667,12.248611
EFEK,Kilpisjärvi Heliport,69.0022201538086,20.89638900756836
EG-0023,Helipads (4x) runway,27.056642,27.991662
EHPK,P15-ACD (Rijn-C) Heliport,52.29028,3.81611
EKSN,Sindal Airport,57.503502,10.2294
EPOP,Opole-Polska Nowa Wieś Airfield,50.633301,17.7817
EPSW,Świdnik Airfield,51.231899,22.6903
ES-0246,Camarinal Helicopter Base,36.082422,-5.796723
ESMZ,Ölanda Airfield,57.328236,17.050524
FR-0099,Narbonne St Crescent Centre Hospitalier Heliport,43.172791,2.994568
FR-0368,Buzet sur Tarn Aerodrome,43.768147,1.60426
FR-0655,Tartas Airfield,43.829722,-0.763056
FR-0742,Les Avant Gardes Airfield,47.813056,2.235278
FR-0760,Lac du Der Seaplane Base,48.566667,4.73
FR-1111,Crête de Brouffiers Altisurface,45.03779,5.87979
FR-1225,Arques,50.734363,2.3329
GB-0737,Ash House Farm Airstrip,53.1669,-2.56666
GB-0976,Hall Farm Airstrip,52.05445,-0.96432
GB-0989,Witherenden Airstrip,51.00694,0.35273
GB-1021,RAF Tain,57.8115,-3.97394
GB-1217,Scatsta Airport,60.4328,-1.29611
GB-1299,Crosshouse University Hospital,55.613234,-4.544758
GB-1318,Cumberland Infirmary Helipad,54.897288,-2.960531
HU-0042,Pusztaszer West Airfield,46.546667,19.96
IQ-0026,K1 Air Base,35.51319122314453,44.28362655639648
IT-0898,Elisuperficie di Alpe Quaggione,45.907902,8.386704
LBMD,Dinevi Marina Helipad,42.706448,27.766361
LFCG,Aérodrome de Saint-Girons - Antichan,43.007801,1.10315
LFPU,Moret-Episy Airfield,48.34119,2.798517
LFRM,Le Mans-Arnage Airport,47.948604,0.201702
NL-0087,Nij Smellinghe Hospital Heliport,53.099661,6.112386
NO-0055,Suldal Heliport,59.483614,6.272332
PL-0146,Natolin Airfield,51.016239,18.754739
PL-0234,Szczodrkowice Private Airstrip,50.18897,19.89162
PT-0035,Aeródromo de Seia,40.453186,-7.692059
RU-0478,Otkritie Arena Heliport,55.815467,37.441405
RU-0746,Slavyanka Heliport,51.83647,46.31833
RU-10008,Tushino Airport,55.818333,37.426666
TR-0125,Tekirdağ İsmail Fehmi Cumalıoğlu City Hospital Heliport,41.00903,27.52396
UUMY,Ozery Airport,54.815239,38.629275
XRMU,Khankala Air Base,43.2981,45.7841
DE-0086,Greiling Airfield,47.7654,11.59546
DE-0334,Sinsheim Airfield,49.2472,8.8938
DE-0621,Helios Clinic Meiningen Heliport,50.55709,10.39894
DE-0661,Marienhaus Hospital Sankt Wendel-Ottweiler Heliport,49.45445,7.17959
DK-0052,Korsør Helipad,55.35425,11.1243
EDBP,Pinnow Airfield,53.615276,11.561111
EDBW,Werneuchen Airfield,52.631668,13.766944
EGKA,Brighton City Airport,50.835602,-0.297222
EPAR,Arłamów Airfield,49.657501,22.514298
EPBC,Warsaw Babice Airport,52.269199,20.907203
ES-0346,Marroxo Heliport,42.47302,-7.50139
ESKS,Scandinavian Mountains Airport,61.16508,12.83352
FR-0282,Altisurface de l'Hippopotame,42.473988,2.049004
FR-0861,Dragey Airfield,48.705278,-1.493889
FR-1009,Pourrières Airfield,43.48,5.710278
FR-1151,Le Blanc Centre Hospitalier Heliport,46.633931,1.058829
FR-1316,ROYE DZ,49.698006,2.801428
GB-0073,Hinton-in-the-Hedges Airfield,52.028717,-1.207157
GB-0117,RAF Bibury,51.781389,-1.836111
GB-0140,Brooklands Aerodrome,51.348595,-0.470326
GB-1195,RAF Wigsley,53.2149,-0.72863
GB-1196,RAF Harrington,52.39319,-0.86157
GB-1235,RAF West Freugh,54.8511,-4.94778
GB-1240,Bourn Airfield,52.216451,-0.040103
HU-0024,Pusztaszer Airfield,46.57687,19.99022
IE-0025,The Forge Airstrip,52.81052,-8.13732
IQ-0046,Samarra West Air Field,34.30631256103516,43.25982666015625
IT-0376,Montebelluna Airfield,45.748181,12.057152
IT-0380,Ulcor Airfield,39.9787,8.6792
IT-0390,Delta Top Pegaso Airfield,42.224206,11.7948
IT-0407,Fly Evolution Flying Field,45.981982,13.306923
IT-0696,Heliport la Sunrisa,40.714484,14.526114
IT-0777,Campo Volo Trens,46.873657,11.472973
LEVC,Valencia Airport,39.489162,-0.480961
LFBI,Poitiers-Biard Airport,46.5877,0.306666
LFGE,Avallon Airfield,47.50377,3.901034
LFLY,Lyon Bron Airport,45.727947,4.943991
LFMI,Istres-Le Tubé Air Base,43.522701,4.92384
LFXB,Saintes Thénac Airfield,45.7019,-0.636111
LHGD,Gödöllő Airfield,47.571662,19.336796
NL-0072,Breskens Airfield,51.39278,3.53917
NL-0140,Q10-A Heliport,52.49639,4.21583
RO-0003,Aerodrom Fratauti,47.885278,25.899167
RO-0173,Siret Heliport,47.948075,26.066893
RU-0153,Komendantskiy Airfield,59.99700164794922,30.290000915527344
RU-0431,Opalikha Traffic Safety Helipad,56.195311,44.120718
SE-0036,Suddesjaur,65.913351,19.1643
SK-0095,Zemplínska Teplica Airfield,48.634375,21.576884
TR-0127,Medipol Mega University Hospital Heliport,41.05842,28.84335
UA-9868,Izmail International Airport,45.395959,28.801403
UGSB,Alexander Kartveli Batumi International Airport,41.60939,41.600315
UKDR,Kryvyi Rih International Airport,48.04330062866211,33.209999084472656
ULKS,Savvatiya Air Base,60.994998931884766,46.869998931884766
UWSB,Balakovo Airport,51.858299,47.745602
XK-0001,Ferizaj Airfield,42.346508,21.194129
XK-0009,Batlava-Donja Penduha Air Base,42.849898,21.221705
CZ-0115,Kněžmost Airstrip,50.478623,15.005508
CZ-0262,Louny Hospital Heliport,50.34897,13.80759
DE-0132,Wenzendorf Airfield,53.3374,9.7797
DE-0241,Wildberg Airfield,47.600278,9.741944
DE-0384,Kemnitz Heliport,54.0824235,13.5361492
DE-0555,Freising Clinic Heliport,48.4044,11.74402
EDSG,Grabenstetten Airfield,48.53611,9.436944
EDVL,Hölleberg Airfield,51.610881,9.398375
EFKA,Kauhava Airfield,63.127102,23.051399
EFPA,Pokka Airfield,68.150223,25.829372
EGFC,Cardiff Heliport,51.467499,-3.1375
EGPB,Sumburgh Airport,59.878899,-1.29556
EGWA,Marlborough Lines Heliport,51.207641,-1.529366
EIME,Casement Air Base,53.301700592,-6.451330184940001
ENJB,Jarlsberg Airfield,59.299232,10.369844
ENXH,Hod Platform,56.1758,3.45861
ES-0281,A Coruña Fire Station Heliport,43.45399,-7.85429
ES-0298,Punta de Europa Hospital Heliport,36.11066,-5.44163
ESKM,Mora Airport,60.957901,14.5114
EVLA,Liepāja International Airport,56.517502,21.096901
FR-0204,Toulon Sainte-Anne Army Teaching Hospital Heliport,43.133331,5.93
FR-0512,Malafretaz Ultralight Airfield,46.333642,5.140369
GB-0090,RAF Aldermaston,51.370253,-1.141376
GB-0152,RAF Mullaghmore,55.034,-6.5987
GB-0175,Channel Gliding Club,51.175729,1.277146
GB-0513,Firs Farm Airstrip,51.47222,-1.36332
GB-0663,Morriston Hospital Helipad,51.684048,-3.937201
GB-0740,Balgrummo Steading Airstrip,56.2178,-3.0207
HR-0013,Selca/Novo Selo Heliport,43.306488,16.850538
IT-0464,Cordovado Airfield,45.836519,12.892606
IT-0889,Elisuperficie fi Carcoforo,45.907032,8.052168
LB-0002,LAU Medical Center Rizk Hospital Helipad,33.885044,35.515414
LEVX,Vigo Airport,42.2318,-8.62677
LFBH,La Rochelle Île de Ré Airport,46.179199,-1.19528
LFBZ,Biarritz Pays Basque airport,43.468372,-1.523223
LHGR,Gyúró Airfield,47.391333,18.756989
LHLI,Lipót Szigetköz Airfield,47.8575,17.448333
LKSA,Staňkov Airfield,49.566515,13.04867
LSZE,Bad Ragaz Airfield,47.014904,9.481815
LV-8042,Rēzekne Airfield,56.556389,27.212778
LYTR,Trstenik Airfield,43.614189,21.030217
LZLU,Lučenec Airfield,48.339401,19.7358
NL-0012,VU University Medical Center Heliport,52.334367,4.859047
NL-0120,Willem III Kazerne Helipad,52.2015,5.92616
NL-0141,Haven-A Heliport,52.97222,4.10611
NL-0149,Vliegveld Numansdorp,51.753056,4.455278
NO-0110,Frigg QP Platform,59.8782997131,2.06500005722
PT-0080,Pista da Barragem do Roxo,37.932487,-8.08362
PT-0096,Nossa Senhora de Machede Airstrip,38.599527,-7.820549
RO-0068,Onești Chemical Plant Heliport,46.24885,26.81342
RU-0155,Seltso Airfield,59.617443,29.542865
SI-0019,Črnotiče Airfield,45.557193,13.91304
SK-0097,Kráľová pri Senci Airfield,48.201094,17.472467
TR-0048,Istanbul Training and Research Hospital Helipad,41.003,28.93821
TR-0094,Bozyazı Forest Depot Helipad,36.093271,32.934434
UA-0146,Aeroclub Swallow,48.81223,26.022577
UA-9886,Davydkovtsy Heliport,49.42165,27.149767
AM-0004,Berd Airport,40.9254056063,45.4614043236
AT-0048,Patergassen Heliport,46.819442749023,13.857221603394
BG-0062,Knezha Airstrip,43.546246,24.094756
CZ-0266,Nový Jičín Airstrip,49.63195,18.12781
CZ-0281,Bitozeves Airfield,50.372723,13.633981
DE-0038,Utscheid Glider Field,49.997778,6.342778
DE-0362,Hagen-Hof-Wahl Airfield,51.307116,7.426994
DE-0733,Sankt Joseph Hospital Prüm Heliport,50.21311,6.41131
DE-0836,Rheinhessen Specialty Hospital Alzey Heliport,49.74042,8.128
DK-0053,Elsesminde Airfield,55.93825,10.24296
EDAM,Merseburg Airfield,51.362564,11.94113
EDLR,Paderborn-Haxterberg Airfield,51.688332,8.775278
EDON,Neuhardenberg Marxwalde Airfield,52.613056,14.242778
EFLN,Lieksa Nurmes Airfield,63.511902,29.6292
EFRO,Rovaniemi Airport,66.563327,25.829751
EG-0053,Abu Rudeis Heliport,28.89852,33.18131
EHQN,Hollandse Kust Noord Heliport,52.65389,4.26194
ENRS,Røst Airport,67.526482,12.101575
FR-0087,Flins Heliport,48.97903,1.84782
FR-0228,Grenoble North University Hospital Heliport,45.200199,5.744192
FR-0306,Thorame-Haute Les Serres Altisurface,44.123055,6.56
FR-0671,Mounier Haut Airfield,46.027222,3.668611
FR-0763,Laville-aux-Bois Airfield,48.092778,5.201944
FR-0805,Le Peuch Airfield,44.900278,3.106667
FR-0821,Sète ULM Airfield,43.4,3.654722
FR-0889,Maupas Airfield,43.830556,-0.123611
FR-0968,Poix de Picardie Airfield,49.780278,2.001944
FR-0970,Saint Coutant Airfield,46.018889,0.433056
GB-0177,Great Oakley Airfield,51.912343,1.182142
GB-0276,Lower Grounds Farm Airstrip,52.735708,-2.601444
GB-0400,Lamb Holm Airfield,58.8876,-2.89184
GB-0501,Northorpe Fen Airstrip,52.745478,-0.342343
GB-0680,Manor Farm Airstrip,52.468861,-0.314033
GB-0713,Croft Farm Airstrip,54.4579,-1.5608
GB-0809,Little Haugh Hall Private Airfield,52.2603,0.8502
GB-0814,Grove Farm Airstrip,52.5,1.5398
GB-0844,New Farm Airstrip,51.391,-2.677
GB-0915,Bernwood Farm Airstrip,51.911807,-0.935533
GB-1073,Royal Infirmary Edinburgh,55.924628,-3.136168
GB-1097,RAF Cheadle,53.391312,-2.212458
GB-1175,Ripley Airfield,53.06482,-1.38859
GR-0099,Marathonas Airport,38.148671,24.013084
HU-0062,ESRE Glider Field,47.43479,18.78092
IL-0003,Gvulot Airstrip,31.2277,34.4604
IQ-0032,Mudaysis Air Base,32.4106712341,41.9474945068
IT-0216,L'Aquila Airfield,42.300878,13.517175
IT-0834,La Thuile Helicopter Landing Site,45.683908,6.885982
LB-0032,Unifil UNP 2-3 Helipad,33.154278,35.196472
LBGR,Grivitsa Airfield,43.414941,24.733714
LDSP,Split Saint Jerome Airport,43.538898,16.298
LFCS,Aérodrome de Bordeaux-Léognan-Saucats,44.700298,-0.595556
LFCW,Villeneuve-sur-Lot Airfield,44.3969,0.758889
LFOF,Alençon-Valframbert Airfield,48.446568,0.107996
LIQN,Rieti Airfield,42.4272,12.8517
LLEY,Ein Yahav Airfield,30.621700286865234,35.20330047607422
LOBF,Wien-Erdberg ÖAMTC Heliport,48.189198,16.412214
LTBZ,Zafer Airport,39.111107,30.130405
NL-0123,HeliAir Stroe Heliport,52.174891,5.677375
NO-0032,Bøverbru Airfield,60.637222,10.677222
PL-0040,Lotnisko Sportowe Gubin,51.99179,14.7319853
PL-0065,Wschowa-Łysiny Airport,51.835247,16.242771
PL-0208,Ożarów Airfield,50.90226,21.65701
PT-0038,Aerodromo Fátima Giesteira,39.58067,-8.663004
PT-0075,Herdade da Apostiça Heliport,38.534118,-9.126399
RU-0045,Saratov South Airport,51.477802,45.942593
RU-0579,Gostagayevskaya Airfield,44.999984,37.482398
RU-0961,Tuters Island Heliport,59.856636,27.186575
RU-10002,Kasimovo Airfield,60.198299,30.334999
RU-10121,Dalniye Zelentsy Heliport,69.110692,36.071732
RU-1048,Guba Olenya Naval Base Helipad,69.214888,33.383465
TR-0067,Kadirli Provincial Hospital Helipad,37.34517,36.09868
TR-0074,İsdemir (İskenderun Iron and Steel) Heliport,36.71344,36.21417
TR-0126,Prof. Dr. Murat Dilmener Emergency Hospital Heliport,40.96841,28.80768
TR-0134,Sarıbük Border Post Helipad,35.990792,36.332453
TR-0155,Sahil Park Heliport,41.28482,36.34727
TR-0160,Antalya Mermer Heliport,37.08528,30.60972
UA-0049,Myrhorod Air Base,49.932,33.641
UA-0081,Tal'ne,48.8715407,30.6593031
ULAH,Vaskovo Airport,64.441704,40.4217
US-0219,RNAS Cattewater/RAF Cattewater/RAF Mount Batten,50.358889,-4.13
BE-0031,Delta General Hospital Torhout Heliport,51.07013,3.09414
BG-0039,Branichevo Airstrip,43.666213,27.100207
BG-0102,Asenovgrad Airfield,42.0099,24.9264
BG-0183,Panagyurishte Hospital Heliport,42.49309,24.18503
BIVM,Vestmannaeyjar Airport,63.42430114746094,-20.27890014648437
BY-0025,Voirovka Airfield,53.619614,27.551783
CZ-0153,Místek,49.6527778,18.3458333
DAUA,Touat-Cheikh Sidi Mohamed Belkebir Airport,27.837601,-0.186414
DE-0002,Ahlhorn Highway Strip,52.929984,8.173538
DE-0231,Gronenfelde,52.363889,14.496111
DE-0336,Altes Lager Airfield,51.996217,12.973008
DE-0382,Unterschwaningen Ultralight Airfield,49.086013,10.634766
DE-0435,Kolitzheim-Herleshof Airfield,49.920062,10.258141
DE-0441,Borkheide Airfield,52.23364,12.84742
EBVS,Sint-Augustinus Heliport,51.062298,2.669222
EGNF,Netherthorpe Airfield,53.317182,-1.195573
EHKD,De Kooy Airfield / Den Helder Naval Air Station,52.923401,4.78062
EICL,Clonbullogue Aerodrome,53.249657,-7.122746
ENFD,Førde Central Hospital Heliport,61.456302,5.890432
ES-0035,Aeroclub Mar Menor,37.845278,-0.881111
ES-0140,Albalat de la Ribera Airstrip,39.226157,-0.366584
ES-0202,Aeródromo de Garrucha,37.197959,-1.830627
FR-0046,Amirauté Heliport,48.38055419921875,-4.491666793823242
FR-0157,Usine Renault Heliport,49.47666549682617,0.3025000095367431
FR-0934,Bonavis Airfield,50.083243,3.195148
FR-0951,Usseau Airfield,46.175,-0.609722
FR-0976,Nantillé Airfield,45.845556,-0.478333
FR-1080,Issoudun Centre Hospitalier Heliport,46.958332,1.996304
FR-1202,Capelle DZ,50.994061,2.367929
FR-1275,Saint-Étienne-en-Dévoluy AltiSurface,44.667877,5.904735
HEGS,Jiyanklis Air Base,30.819799,30.1912
HLBD,Beda (M-3) Airport,28.50329971313477,19.00279998779297
HU-0073,Albert Schweitzer Hospital Heliport,47.671881,19.681386
IQ-0040,Ruwayshid Air Base,32.40611267089844,39.12361145019531
IQ-0054,Tuz Khurmatu Air Base,34.93722152709961,44.4827766418457
IT-0227,Pozzilli Airfield,41.50223,14.08533
IT-0607,Eliporto Leanorado SPA confindustria,40.673331,17.921813
IT-0641,Triolo Airfield,41.625,15.458333
IT-0669,Portoferraio Hospital Heliport,42.815918,10.319657
IT-0894,Elisuperficie di Rimella,45.90739,8.183554
KW-0022,Sief Palace Heliport 3,29.3783,47.96646
LEMT,Casarrubios Del Monte Airfield,40.235001,-4.02639
LFLU,Valence-Chabeuil Airport,44.9216,4.9699
LFQY,Saverne Steinbourg Airfield,48.753392,7.425402
LIDL,Legnago Airfield,45.130116,11.293218
LOBM,Mistelbach Hospital Heliport,48.567201,16.580976
LOIF,Feldkirch State Hospital Heliport,47.2312,9.578721
LV-7721,Liepas Air Base,57.3867,25.508301
NO-0069,"Bergen Heliport, Sandviken",60.409302,5.317071
OJMS,Muwaffaq Salti Air Base,31.8256,36.782001
PL-0230,Drożków Ultralight Airstrip,51.68613,15.06566
PT-0088,V. das Areias Airfield,38.956235,-8.845059
RO-0134,Petromidia Refinery Emergency Helipad,44.343863,28.642366
RO-0170,Customs Office Alexandria Helipad,43.980981,25.313498
RU-0015,Khotilovo Air Base,57.654999,34.099998
RU-0409,Yastrebino Airstrip,59.3856162518,28.9302420616
RU-0421,Otradnaya Airfield,44.382827,41.490469
RU-0585,Komsomolets Airstrip,46.5809,38.2255
RU-10078,Morozovsk Air Base,48.313,41.791
RU-5259,Saratov Sokol Airfield,51.540901,45.848499
SE-0008,Kattleberg Airfield,57.978928,12.143033
TR-0069,Adana 112 Heliport,37.00791,35.34182
TR-0234,Sarıçavuş North Border Post Helipad,39.465163,44.406955
UA-0018,Sevastopol Kozachya Bay Aerodrome / Khersones Air Base,44.579478,33.395899
UA-0059,Valeryanivka Airfield,47.6288427809,37.3997783661
UA-9888,"VPP ""Grishino"" Airfield",48.302987,37.097583
UKKV,Zhytomyr Airport,50.270556,28.738611
BE-0051,Héron-Couthuin Ultralight Airfield,50.538898,5.10917
BG-0157,Krushari Airfield,43.83178,27.76284
CZ-0013,Hradec Králové Heliport,50.193309,15.825514
CZ-0199,Budíškovice Airstrip,49.075525,15.546556
DE-0047,Wächtersberg-Hub Glider Airfield,48.614931,8.755457
DE-0323,Neresheim Gliderfield,48.7417,10.3277
DE-0590,Wangen bei Starnberg Airfield,48.01634,11.42009
DK-0026,Sønder Felding Airfield,55.946667,8.743333
DZ-0027,Hassi Fehal Airport,31.68858,3.71568
EBBN,Büllingen Airfield,50.415001,6.27639
EDAV,Eberswalde-Finow Airfield,52.826313,13.701324
EDLT,Münster-Telgte Airfield,51.944745,7.773621
EDRH,Hoppstädten-Weiersbach Airfield,49.610558,7.186667
EGEN,North Ronaldsay Airport,59.3675003052,-2.43443989754
EGTC,Cranfield Airport,52.072201,-0.616667
EHPJ,P15-F Heliport,52.30583,3.685
EIAC,Custume Barracks Heliport,53.42408,-7.947587
EPSY,Olsztyn-Mazury Airport,53.481899,20.9377
ES-0280,Isla de Tarifa Heliport,36.002875,-5.611176
ESES,Sunderby Hospital Heliport,65.669523,21.935366
FR-0019,Clinique Du Medoc Heliport,45.30278778076172,-0.9378859996795654
FR-0028,Tinon Heliport,43.73333358764648,-1.1777780055999756
FR-0256,Altiport de la Croix Rosier,46.078056,4.547222
FR-0458,Avenue Impératrice Eugénie Heliport,43.755492,7.469818
FR-0788,Senoncourt Airfield,47.832855,6.052499
FR-0834,Terrasson le Bos Airfield,45.134444,1.336667
FR-0914,Maubec Solomiac Airfield,43.788333,0.911389
FR-1103,Le Thou Airfield,46.086111,-0.943611
GB-0038,Eshott Airfield,55.280484,-1.714897
GB-0262,Griffin's Farm Airstrip,53.077296,-0.511852
GB-0549,Annies Field Microlight Site,51.751637,0.699028
GB-0752,Cardington Airstrip,52.1061,-0.4171
GE-0013,Sedmoye Nebo Airstrip,43.1812,40.3011
IQ-0072,Al-Khadra Heliport,33.29671,44.37097
IT-0049,Chavez-Marini Airfield,46.134167,8.306333
IT-0235,Ciannocio Airfield,43.120848,11.920468
IT-0449,Campo di Volo Club Aeronautico Gela,37.11314,14.18929
IT-0506,Tabularia Airfield,44.849794,10.566058
IT-0536,Eliporto di Gela,37.066235,14.282138
IT-0801,Ali sul Po Airfield,44.65734,7.44981
IT-0851,Helimontblanc,45.868467,7.411775
IT-0920,Elisuperficie di Castelnuovo Nigra,45.451292,7.694989
LFCP,Pons Avy Airfield,45.57,-0.515
LGIO,Ioannina King Pyrrhus National Airport,39.6964,20.8225
LILQ,Massa Cinquale Municipal Airfield,43.98598,10.143785
LKUH,Mařatice Heliport,49.079886,17.485136
LRBV,Brașov-Ghimbav International Airport,45.70558,25.522871
LRCL,Avram Iancu Cluj International Airport,46.786042,23.685733
LSXP,Pfaffnau Heliport,47.235216,7.910015
LT-0032,Daugodai,55.421154,23.215259
LTAG,İncirlik Air Base,37.002102,35.4259
LTAT,Malatya Erhaç Airport,38.4352989197,38.0909996033
LTCC,Diyarbakır Airport,37.893902,40.201
LV-0017,Mežāre Airstrip,56.515676,26.257966
NO-0054,Stryn Airstrip,61.910104,6.755442
PL-0053,Oława-Stanowice Air Base (closed),50.978611,17.247499
PL-0056,Radzewice Airport,52.211109,16.997219
PT-0106,Pista de Mouriscas,39.477844,-8.089349
PT-0130,Herdade do Pontal Airstrip UL,38.711667,-8.610063
RO-0091,Rona de Sus Airfield,47.91088,24.01891
RO-0163,2nd Detachment of Firefighters Iaşi Helipad,47.142274,27.638056
SE-0013,Majfält-Ovansjö,62.235628,17.384825
TR-0009,Çardak Highway Strip,37.828125,29.637863159179688
TR-0302,Alaşehir Airport,38.369999,28.5571
UA-0161,Artek Heliport,44.56059,34.307563
UA-9871,Ozeryany Airfield,50.462433,26.010916
UKLN,Chernivtsi International Airport,48.2593002319336,25.98080062866211
AT-0050,Eisenstadt Heliport,47.84677,16.51345
AT-0084,Bregenz Hospital Helistop,47.496662,9.745111
BE-0007,Imelda Hospital Helipad,51.01767,4.55819
BG-0070,Krivodol Airstrip,43.37501,23.510399
BG-0150,Bata Airfield,42.73299,27.48172
BG-0164,Isperih Airfield,43.74786,26.84907
DAOO,Oran Es-Sénia (Ahmed Ben Bella) International Airport,35.620648,-0.622486
DE-0009,Sperenberg Air Base,52.136861,13.305817
DE-0253,Montabaur Airfield,50.422638,7.827973
DE-0930,Nürtingen Medius Klinik Helipad,48.630362,9.356365
EBLR,Reninge Heliport,50.934886,2.757944
EDFP,Ober-Mörlen Airfield,50.3622,8.71164
EDGI,Ingelfingen-Bühlhof Airfield,49.321667,9.663056
EDSZ,Rottweil-Zepfenhan Airfield,48.186604,8.722801
EIGM,Gormanston Camp Airfield,53.645325,-6.23001
ENHS,Hokksund Airfield,59.759927,9.919506
ES-0319,Cella Emergency Heliport,40.45859,-1.28498
FR-0063,Orléans Regional Hospital La Source Heliport,47.835355,1.919623
FR-0185,Carpentras Hospital Heliport,44.046709,5.025673
FR-0416,Aérodrome de Sabonnères,43.455707,1.07548
FR-0487,Altisurface de Banon,44.072222,5.639166
FR-0746,Bellac Airfield,46.130278,1.078056
FR-1083,Eure-Seine Hospital Heliport,49.031086,1.114179
FR-1303,GUEUTTEVILLE DZ,49.843715,0.752564
GB-0008,Causeway Airfield,55.058817,-6.58439
GB-0157,Chiltern Park Aerodrome,51.550392,-1.101773
GB-0351,Southampton University Hospital Helipad,50.933522,-1.432187
GB-0372,Shifnal Airfield,52.668116,-2.401969
GB-0576,Drumshade Glider Site,56.6442,-3.02584
GB-0619,Stanton Farm Airstrip,51.33876,-1.873359
GB-1022,Evanton Airfield,57.66644,-4.3075
GB-1221,RAF Colerne,51.441283,-2.283402
GB-1287,Queen Elizabeth Hospital,55.861634,-4.342079
GB-1312,Carlung Farm,55.704234,-4.877671
GMFA,Ouezzane Airport,34.793361,-5.635986
GR-0092,Vatopedi Monastery Heliport,40.317449,24.214972
HE12,Inshas Air Base,30.332373,31.448109
IE-0019,Ballyjamesduff Airstrip,53.864439,-7.214957
IQ-0051,Tal Ashtah New Air Base,35.139721,44.133888
IT-0197,Il Borro Airfield,43.536111,11.705
IT-0535,Eliporto di Lanusei,39.890822,9.50585
LB-0033,Al Bayyadah Helipad,33.1618,35.176616
LB11,Tsalapitsa Airfield,42.188747,24.535716
LKVR,Vrchlabí Airfield,50.624199,15.6464
LOAB,Dobersberg Airfield,48.922113,15.296826
LPVR,Vila Real Airport,41.2743,-7.72047
LSXU,Untervaz Heliport,46.912621,9.55081
MT-0002,RAF Safi,35.839985,14.494478
NL-0060,Mill Airfield B.89,51.698611,5.751389
OJAI,Queen Alia International Airport,31.7226009369,35.9931983948
ORBR,Bashur Airfield,36.533699,44.339901
PL-0248,Nowy Bostów Airfield,50.92562,21.08394
PT-0030,Pista do Monte do Lago,39.07502,-8.13889
PT-0034,Aeródromo da Lourinhã,39.260908,-9.335606
PT-0082,Aerodromo de Tavira ULM,37.114901,-7.662749
PT-0136,Dragoa Airstrip,40.406895,-6.997218
RU-0066,Severomorsk-2 Naval Air Base,69.014999,33.291668
RU-0127,Bryansk Airport,53.269328,34.336638
RU-0764,Kubinka Air Base,55.611695,36.650002
SI-0030,Celje General Hospital Heliport,46.23415,15.26119
TR-0031,Polatlı Airport,39.569801,32.150799
TR-0131,Ziyaret Border Post Heliport,36.164833,36.368056
BG-0069,Bedzhene Airstrip,43.447841,27.276943
BY-0013,VD Bolshoy Bokov Airfield,51.983484,29.163566
DE-0752,Sankt George Hospital Leipzig Heliport,51.38325,12.37594
DE-0876,Berlin-Tegel Otto Lilienthal International Airport,52.557675,13.29185
EBME,Meerbeek Heliport,50.873724,4.596911
EBML,Maillen Ultralight Airfield,50.375033,4.926489
EDPY,Ellwangen Airfield,48.961483,10.234494
EGST,Elmsett Airfield,52.075454,0.977654
EKHO,Lindtorp Airfield,56.396868,8.444061
FR-0215,Centre Hospitalier Heliport,45.89555740356445,6.131667137145996
FR-0585,Neuvy le Roi Airfield,47.586667,0.628611
FR-0600,Champ rose Airfield,45.356667,0.109722
FR-0652,Moncouche Airfield,45.095,0.637778
FR-0769,Saint-Jean-de-Losne Airfield,47.073611,5.266111
FR-0919,Labastide Saint Pierre Airfield,43.898333,1.364444
FR-1119,Gros Rederching Airfield,49.0625,7.239722
FR-1329,La Herliere DZ,50.205785,2.561609
GB-0137,RAF Breighton,53.806429,-0.907574
GB-0178,Sproston Green Airfield,53.185532,-2.385957
GB-0236,Kingsmuir Airfield,56.268957,-2.750857
GB-0325,Beeches Farm Airstrip,53.159269,-0.725236
GB-0442,Fort Augustus Airstrip,57.127577,-4.670706
GB-0695,Blackmoor Farm Airstrip,53.157794,-0.585979
GB-0698,Stitchin's Hill Farm Airstrip,52.1669,-2.3499
GB-1126,RAF Hawkinge,51.11111,1.15306
GB-1150,Middleton Sands Microlight,54.0,-2.9
GB-1163,Cuxwold Airfield,53.48734,-0.21947
HU-0081,Miskolc Heliport,48.13071,20.792152
IQ-0022,Habbaniyah Heliport,33.380576,43.560376
IQ-0028,Karbala Northeast Airport,32.755466,44.127552
IT-0145,Il Fantasma Arcole Airfield,45.36,11.294444
IT-0243,Fly Sabina Airfield,42.116667,12.708056
IT-0450,"Campo di Volo ""Palazzone di Narni""",42.536609,12.553635
LB-0006,Marjayoun Airfield,33.294663,35.578101
LDZA,Zagreb Franjo Tuđman International Airport,45.742901,16.0688
LESB,Son Bonet Airfield,39.5989,2.70278
LFLL,Lyon Saint-Exupéry Airport,45.725996,5.090139
LFSU,Langres-Rolampont Airfield,47.964804,5.293663
LIED,Decimomannu Air Base,39.354198,8.97248
LJBO,Bovec Airfield,46.329017,13.550231
LSMV,Davos Stilli Heliport,46.812229,9.849857
MT-0005,Marsa Airfield,35.876926,14.489352
NL-0003,Dokkum Hospital Heliport,53.31979,5.993196
NL-0028,Glider Field Biddinghuizen,52.429167,5.674167
NO-0052,"Kristiansund Heliport, Hospital",63.107631,7.723485
NO-0100,Storsjøen Ice,60.40975,11.620789
OICI,Ilam Airport,33.58660125732422,46.40480041503906
PL-0060,Szadek Airstrip,51.700792,18.999452
PL-0093,Lądowisko Wilga,51.8816709,21.3653123
PL-0173,Lądowisko Wlewsk,53.2755,19.7606
PT-0155,Cabo Ruivo Seaplane Base,38.76506,-9.093318
RO-0119,Braşov City Airfield,45.678654,25.618111
RU-0298,Marinovka Air Base,48.637,43.789
RU-10076,Smolensk North Airport,54.824,32.025
RU-10103,Peremilovo Airfield,56.891053,41.418455
RU-1480,Kryuchkovo Air Base,57.06829833984375,35.50830078125
RU-5186,Klin Air Base,56.36669921875,36.73830032348633
RU-6878,Savasleyka Air Base,55.439999,42.310001
SI-0012,Pobrežje Airfield,46.304296,14.904525
SI-0020,Sostro Private Airstrip,46.04315,14.615308
TR-0248,Gülizar Border Post Helipad,39.337776,44.044495
TR-0261,Çamaltı 2 Borderpost Helipad,35.880403,36.060548
TR-0292,Yıldızlar Sportif Havaalanı,38.331013,27.245631
UA-8984,Lutsk Air Base,50.7886830253,25.3482913971
ULJM,Oma Airfield,66.652481,46.507648
ULSW,Severniy veter,59.835311,31.480533
AL-0016,Shkodër Airport,42.089361,19.509111
AZ-0009,Mollakend Airport,40.120419,48.145716
BG-0009,Selanovtsi Airfield,43.65401,24.010749
BG-0025,Belchinski Bani Airstrip,42.374713,23.392548
BG-0132,Novo Selo Cropduster Strip,43.78998,26.20561
BINF,Norðfjörður Airport,65.131897,-13.7464
BITE,Þingeyri Airport,65.8703,-23.559999
CZ-0219,Pardubice Regional Hospital Heliport,50.02735,15.78899
DAFI,Tsletsi Airport,34.6657,3.351
DE-0113,Blexen Airfield,53.5383,8.5388
DE-0212,Evangelisches Jung-Stilling Hospital Helipad,50.8518,8.0184
DE-0428,Böblingen/Sindelfingen Airfield,48.689544,8.996193
DE-0541,Merheim Hospital Heliport,50.93864,7.05412
EDFG,Gelnhausen Airfield,50.196738,9.167061
EFTO,Torbacka Airfield,60.079201,24.172199
EPGS,Grójec-Słomczyn Airfield,51.87549,20.93774
ES-0058,Vilafranca de Bonany-Es cruce Airfield (Aerodromo Mallorca),39.576801,3.124647
ES-0223,Almagro Helicopter Airbase,38.952096,-3.741126
ESNX,Arvidsjaur Airport,65.59030151367188,19.28190040588379
FR-0480,Cizay-la-Madeleine UL,47.17962,-0.15915
FR-0488,Chélan,43.341597,0.530219
FR-0697,Cravant Vincelles Airfield,47.690556,3.663333
FR-0748,Berneuil Airfield,46.051667,1.101667
FR-0895,En Lébé Airfield,43.668333,0.916389
FR-0913,Rivières Hydrosurface,43.901667,1.971944
FR-1059,Remoulins Private Airfield,43.947364,4.583427
FR-1191,Wattignies DZ,50.198261,4.006813
FR-1282,Sissonne DZ,49.540844,3.970774
FR-1299,Devarem DZ,50.581248,2.982498
GB-0451,RAF Eastchurch Airfield,51.403,0.845842
GB-0590,RAF Woolfox Lodge,52.707647,-0.577297
GB-0641,RAF St Eval,50.47822,-4.99953
GB-0898,Trench Farm Airstrip,52.95193,-2.92244
GB-1113,RAF Sudbury,52.05765,0.76262
GB-1293,Campbeltown Hospital Helipad,55.420022,-5.605644
GB-1340,Royal Surrey County Hospital Heliport,51.241514,-0.606186
GE-0020,Bolnisi Parachutist Training Airfield,41.48523,44.53348
GR-0050,Hellenic Sport Aviation Airstrip,38.47819,23.16007
HU-0052,Becsehely Airstrip,46.432148,16.778913
IE-0001,Brittas House Airstrip,52.603908,-8.417588
IE-0073,Abbeyleix Airfield,52.894444,-7.369167
IL-0015,Dalton Airfield,33.021598,35.464788
IQ-0020,H3 Northwest AFB,33.07456970214844,39.59961700439453
IT-0010,Calatabiano (Aviosuperficie Angelo D'Arrigo),37.799561,15.22775
IT-0011,Aviosuperficie Avioclub Paternò,37.553356,14.884435
IT-0152,Benevento-Olivola Airport,41.17751,14.74734
IT-0404,I Grifoni Airfield,45.910358,13.371978
IT-0493,Aviosuperficie Fly Center,41.5472222,12.6708333
IT-0768,Balbido Ultralight Airfield,46.00909,10.82986
IT-0783,Ghiacciaio del Braoulé altiporto,45.951132,7.52853
IT-0858,Elisuperfice Bocchetta di Eclou,45.777955,7.795722
LERL,Ciudad Real International Airport,38.856479,-3.969944
LFBU,Angoulême Brie-Champniers airport,45.729198,0.221456
LFHS,Bourg-Ceyzériat Airfield,46.200901,5.29203
LFOY,Havre-Saint-Romain-de-Colbosc Airfield,49.544676,0.360403
LIQL,Lucca-Tassignano Airport,43.825825,10.577928
LKPL,Letkov Airfield,49.723099,13.4522
LSGY,Yverdon-les-Bains Airfield,46.761871,6.613178
LU-0011,Remich-Schmierberg Heliport,49.53441,6.34378
LV-0038,Dundaga Airfield,57.499354,22.402131
PL-0094,Golędzinów Airstrip,51.262749,16.921832
PL-0219,Górki Airfield,50.372316,21.289942
PL-0260,Karlino Airfield,54.06462,15.81256
PT-0127,Pista da Barragem do Maranhão,38.994697,-7.9894
RU-0382,Tri Protoka Airfield,46.326142,48.15254
RU-10079,Kem Helipad,64.96,34.64
RU-6960,Nivenskoye Air Base,54.562333,20.603224
SE-0030,Finlanda Airfield,63.911887,16.322891
TR-0012,Alaçatı Airport,38.24319839477539,26.424999237060547
TR-0264,Uluyol Border Post Helipad,35.918576,36.166558
UA-0193,Lukvitsa Airfield,48.755572,24.278632
UA-9877,Pervomaysk Heliport,47.974137,30.905585
AT-0010,Radochen Airstrip,46.76296,15.90426
BG-0047,Rakovski Airstrip,42.293515,24.947137
BG-0107,Elhovo Cropduster Strip,42.19009,26.54748
CY-0034,Ortaköy Heliport,35.195458,33.33966
DE-0034,Trostberg Hospital Helipad,48.0291332578,12.5431895256
DE-0131,Uslar Airfield,51.6619,9.6044
DE-0398,Neuenstadt am Kocher Ultralight Airfield,49.242661,9.316724
DE-0445,Felling Airfield,48.07159,12.13531
DE-0518,Casino Army Heliport AHP,50.127672,8.666064
DE-0726,Herdecke Community Hospital Heliport,51.4103,7.39948
DE-0743,Vogelsberg District Hospital Alsfeld Heliport,50.76362,9.26963
DE-0900,Brand-Briesen Airfield,52.035862,13.746214
EBFS,Florennes Air Base,50.2433013916,4.64583015442
EBPP,Deinze - Piens Heliport,50.995,3.528889
EDFY,Limburg-Elz Airfield,50.426945,8.011111
EDQB,Bad Windsheim Airfield,49.509998,10.366389
EDRI,Linkenheim Airfield,49.141666,8.394722
EDSP,Poltringen Airfield,48.547282,8.945918
EFAA,Aavahelukka Airfield,67.6036,23.971701
EGOM,RAF Spadeadam,55.0499992371,-2.54999995232
EGSM,Beccles Airfield,52.435299,1.61833
ENOP,Fagerhaug Airfield,62.651323,9.851646
EPWK,Włocławek-Kruszyn Airfield,52.584702,19.0156
ES-0012,Castriz/Cambe Airfield,43.102502,-8.7617
ES-0130,Alcocer de Planes Airfield,38.791395,-0.398591
ESGK,Falköping Airfield,58.1698,13.5878
FI-0016,Ulko-Tammio Helipad,60.349325,27.453726
FR-0021,Aérodrome de Herm,43.821646,-1.103475
FR-0023,Le Huga Heliport,45.00694274902344,-1.164721965789795
FR-0059,Centre Hospitalier Heliport,47.08416748046875,2.435277938842773
FR-0184,Martigues Rescue Center Heliport,43.422592,5.048081
FR-0190,Grasse Hospital Heliport,43.619629,6.928874
FR-0200,Cannes Quai du Large Helistation,43.545101,7.016882
FR-0201,Héli Sécurité Saint-Tropez Heliport,43.267798,6.551998
FR-0254,Cipières Alpes d'Azur Ultralight Airfield,43.779447,6.865206
FR-0278,Glacier du Tour Altisurface,45.983033,6.99983
FR-0721,Villentrois Les Mardelles Airfield,47.17,1.444444
FR-0726,Souesmes Airfield,47.448333,2.210833
FR-1135,Marseille Laveran Hopital Militaire Heliport,43.327778,5.415556
GB-0041,RAF Boulmer,55.420321,-1.599736
GB-0123,RAF Blakehill Farm,51.622226,-1.889219
GB-0492,Rattlesden Airfield,52.168195,0.866375
GB-0553,Raydon Wings Glider Field,52.018658,1.007259
GB-0926,Pointon Airstrip,52.87266,-0.35822
GB-1260,RAF Wrexham,53.0666666667,-2.95027777778
GE-0036,Akhalgori Heliport,42.11628,44.48053
GR-0070,Camp I. Chondros Heliport,40.371732,21.764549
HR-0018,Nedelišće Airstrip,46.362908,16.386902
IT-0220,Aviosuperficie Avola-Gallina,36.945287,15.170774
IT-0678,ENI Heliport,44.477006,12.271869
IT-0686,Aquila Solitaria Airfield,37.42709,14.02916
IT-0911,Elisuperficie di Viera,45.697581,8.182406
LEPJ,El Pueyo de Jaca Heliport,42.716444,-0.300132
LFAS,Falaise-Mont d'Eraines Airfield,48.9272,-0.144722
LFPN,Toussus-le-Noble Airport,48.7519,2.10619
LHNY,Nyíregyháza Airfield,47.983898,21.692301
LLMZ,Bar Yehuda Airfield,31.328199,35.388599
LY-0017,Atshan Field,27.753056,11.043611
MA-0012,Anfa Airport,33.5532989502,-7.66138982773
NO-0095,Nord-Herøy Island Airstrip,65.98784,12.30965
NO-0098,Ålesund Sørneset Seaplane Base,62.46868,6.2264
PL-0277,Cedynia Paraglider Field,52.83686,14.31083
RO-0122,Central Military Emergency MAPN Hospital Of Bucharest Helipad,44.439709,26.074634
RO-0164,National Centre Of Professional Firefighting and Rescue Training Iași Helipad,47.19035,27.573672
RS-0011,Surčin Airstrip,44.768889,20.304722
RU-0069,Kummolovo Airfield,59.65444564819336,28.994722366333008
RU-0303,Privolzhskiy Air Base,46.395726,47.887688
RU-0371,Tatsinskaya Airfield,48.167059,41.277866
SE-0054,Ritsem Heliport,67.7169666,17.4794345
TR-0023,Karabiga Airport,40.380798,27.3034
TR-0279,Gelibolu Heliport,40.42737,26.6812
TR-0316,Antalya Sehir Hastanesi Helipad,36.953355,30.664307
UA-0025,Bila Tserkva Air Base,49.795228,30.024435
URKA,Anapa Vityazevo Airport,45.002102,37.347301
URMN,Nalchik Airport,43.512901,43.6366
AT-0024,Tandem Airlebnis Paraglider Field,48.61453,15.40598
AT-0080,Feldkirchen-Waiern Heliport,46.734443664551,14.087778091431
BG-0020,Yambol Airfield,42.507132,26.490739
BG-0096,Kyustendil Heliport,42.28959,22.67311
BISP,Sprengisandur Airport,64.6541976928711,-18.49690055847168
DAUU,Ain Beida Airport,31.9172,5.41278
DE-0032,Berchtesgaden Hospital Helipad,47.6403452253,13.0060529709
DE-0176,Dorsten-Am Kanal Airfield,51.6621,6.9856
DE-0296,Peiting Airfield,47.757478,10.904481
DE-0420,Greifswald Hospital Heliport,54.089077,13.408176
DE-0466,Bardenitz Heliport,52.07595,12.96762
DE-0784,Flemmingstraße Hospital Ground Heliport,50.84617,12.88346
DE-0842,Zeitz Hospital Heliport,51.03202,12.16044
DE-0895,Cottbus Army Airfield,51.767899,14.292
EDFX,Hockenheim Airfield,49.325279,8.528611
EDOW,Waren-Vielist Airfield,53.568333,12.652778
EDTX,Schwäbisch Hall-Weckrieden Airfield,49.124443,9.781111
EDUW,Tutow-Betriebs Airfield,53.917731,13.22026
EG-0010,Ras Gharib Airport,28.303175,33.114767
ES-0177,Aeródromo Coria,39.984617,-6.554554
ES-0198,Aeródromo de La Vid de Bureba,42.632037,-3.311456
FR-0332,Fournet ULM,47.177389,6.812911
FR-0354,Cérizols Balloonport,43.128889,1.069444
FR-0422,Helisudcorse,41.5799,9.27696
FR-0433,Ployart Ultralight Airfield,49.50491,3.739729
FR-0513,Gite de l'Aviateur Ultralight Airfield,46.40247,5.046324
FR-0708,Saint Christophe Airfield,46.580278,2.403889
FR-1038,L'Alpe du Grand Serre Altisurface,45.00113,5.83537
FR-1185,UL Helipad Clissac,44.91028,1.29139
GB-0045,Clench Common Airfield,51.390238,-1.733427
GB-0169,Bedlands Gate Airfield,54.570822,-2.671125
GB-0254,Gutchpool Farm Airstrip,51.057251,-2.233409
GB-0560,Horham Airstrip,52.309167,1.2255
GB-0815,Kittyhawk Aerodrome,50.8693,0.1166
GB-0954,South Weald Private Airstrip,51.62295,0.26135
GB-1001,Clees Hall Airstrip,51.976581,0.741734
GMAD,Al Massira Airport,30.322478,-9.412003
GR-0022,Schinousa Heliport,36.868106,25.514434
GR-0094,Gramos Heliport,40.39241,20.83668
HU-0066,Szolnok Géza Hetényi Hospital Heliport,47.15575,20.16843
IE-0033,Stradbally Airstrip,53.04556,-7.163937
IT-0359,Massalengo Airfield,45.275425,9.482934
IT-0453,Aviosuperficie Roma-Nord,42.119945,12.604453
IT-0486,Campo di Volo Corbetta,44.807691,12.105863
IT-0832,Calasca Heliport,45.998243,8.169043
KW-0033,Jaber al-Ahmad International Stadium Heliport,29.2731,47.91648
KW-0034,Messila Palace Heliport,29.24539,48.09856
KW-0038,Khiran City Heliport,28.66355,48.27742
LEEL,El Musel Heliport,43.54973220825195,-5.695445537567139
LFDY,Bordeaux Yvrac Airfield,44.876049,-0.480416
LFGO,Pont-sur-Yonne Airfield,48.291587,3.245745
LFYS,Ste Léocadie Airfield,42.447201,2.01083
LGSK,Skiathos Island National Airport,39.177101,23.5037
LTFB,Selçuk Efes Airport,37.950699,27.329
MA-0016,Sidi Ifni Airport,29.368889,-10.180278
OIAD,Dezful Airport,32.434399,48.397598
OITS,Saghez Airport,36.211407,46.313124
PT-0024,Tojeira Airfield UL,38.88444,-9.427868
PT-0079,Hospital das Forças Armadas Heliport,38.767674,-9.174137
PT-0090,Aerodromo de Monforte,39.059904,-7.421753
RO-0029,General Inspectorate of Aviation Bucharest Heliport,44.504177,26.098731
RU-10050,Klokovo Air Base,54.239,37.6
RU-10149,Vasyunino Heliport,55.236382,37.014505
SA-0095,Helicopter Emergency Landing Zone No. 4,28.14528,34.90056
UA-3730,Okhtyrka Air Base,50.306,35.02
UKLR,Rivne International Airport,50.60710144042969,26.141599655151367
BE-0063,Temse Heliport,51.141666,4.197222
BG-0038,Suvorovo Airstrip,43.358727,27.583126
BG-0146,Voditsa Airfield,43.36355,27.73501
DE-0218,Waldeck Airfield,51.2267,9.0554
DE-0356,Uehrde Airfield,52.100976,10.737462
DE-0658,Freiburg University Hospital Heliport 2,48.006775,7.840243
DE-0850,München North Railyard West Helipad 1,48.19838,11.48255
EBSP,Spa-La Sauvenière Airfield,50.482006,5.913434
EDFQ,Allendorf-Eder Airfield,51.035268,8.681002
EDRZ,Zweibrücken Airport,49.2094,7.40056
EHFT,L5-D,53.81806,4.51278
EVAP,AMO Plant Heliport,56.66598,23.779761
FR-0024,Pellegrin Centre Hospitalier Heliport,44.82749938964844,-0.6044440269470215
FR-0127,Centre Hospitalier Heliport,50.41444396972656,1.6630560159683228
FR-0135,Avranches Heliport,48.69471,-1.351002
FR-0407,Fabas Bordeneuve,43.109722,1.117222
FR-0551,Avranches Granville Hospital Heliport,48.82685,-1.5695
FR-0645,Saint Pée sur Nivelle Airfield,43.338889,-1.529444
FR-0692,Béard Airfield,46.864722,3.335833
FR-0695,Bray sur Seine Airfield,48.431944,3.273056
FR-0915,Léguille Monclar de Quercy Airfield,43.964722,1.556111
FR-0947,La Bazouge de Chemeré Airfield,48.013056,-0.494167
FR-0961,Solib'Ailes Airfield,47.7775,-0.514167
FR-1252,Brétigny-sur-Orge Air Base,48.5961,2.33222
GB-0274,Little Staughton Airfield,52.242757,-0.363302
GB-0532,Grange Farm Private Airstrip,53.322709,-0.257693
GB-0617,Ysbyty Glan Clywd Hospital Heliport,53.273738,-3.498112
GR-0041,Amorgos Heliport,36.83189,25.89374
GR-0062,Superior Air Helipad,37.946873,23.9033
IQ-0052,Tikrit East Airport,34.608257,43.775711
IT-0108,Le Merline Airfield,44.97287,9.479142
IT-0253,Castellazzo Airfield,44.683333,10.739722
IT-0365,Aviosuperficie Chiusa-Zerfaliu,39.989504,8.723266
IT-0417,Aviosuperficie Coraine,45.588562,10.755719
IT-0476,Carzago Riviera Airfield,45.516789,10.464759
IT-0844,Eliporto centro addstramento alpino,45.735107,7.353201
JO-0009,Highway H Highway Strip,31.7856760596,36.2213230133
LB-0016,Unifil UNP 7-2 Helipad,33.377444,35.615993
LB31,Levski Airfield,43.3694,25.149099
LETB,Tabuyo del Monte Firefighting Heliport,42.295518,-6.214514
LFGL,Lons-le-Saunier Courlaoux Airfield,46.675046,5.46911
LFOZ,Orléans–Saint-Denis-de-l'Hôtel Airport,47.897758,2.164478
LFSA,Besançon-Thise Airfield,47.273144,6.082885
LILI,Vercelli Airport,45.311111,8.4175
LKPN,Podhořany Airfield,49.939201,15.5497
LOAV,Vöslau-Kottingbrunn Airfield,47.965,16.26
LOLM,Micheldorf Airfield,47.871669,14.125149
LPXR,Vila Franca de Xira Hospital Helipad,38.977696,-8.985177
LY-0008,Ras Lanuf Highway Airport,30.4429,18.5808
LYZR,Ečka Airfield,45.339756,20.454078
MD-0005,Alexanderfeld Airstrip,45.7945,28.42239
NL-0106,Prince Helicopters Helipad,51.6745,3.9289
NL-0107,Neeltje Jans Helipad,51.631024,3.69476
RO-0030,Telecabina Heliport,45.5883,25.5508
RS-0040,Sombor Airport,45.722333,19.057843
RU-0400,Dolzhanskaya Airfield,46.60772,37.923431
RU-0410,Glazhevo Airstrip,59.660045842200006,32.1066427231
RU-0923,AirLife Aerodrome,48.04196,45.98445
SA-0001,Al Bir Highway Strip,28.886,36.158833
SA-0022,Al Khafji Corniche Heliport,28.47197,48.49698
SE-0061,Åkersberga Airfield,59.520106,18.239751
SK-0030,Horný Jatov Airstrip,48.163221,17.957382
TR-0141,Güveççi Garrisson,35.889869,36.166097
TR-0145,Poyrazköy Heliport,41.20829,29.14207
UA-0100,Ksaverivka Airfield,50.005647,30.197924
UG24,Tbilisi Soganlug Air Base,41.649200439453125,44.9364013671875
UKHP,Suprunovka Airport,49.5686,34.397202
AT-0085,Doctor Schenk Sanatorium Helistop,47.073796,9.913287
BG-0165,Uzundzhovo Air Base,41.976398,25.5898
BY-0021,Drozdy Heliport,53.9506,27.5053
CZ-0040,Pelhřimov Hospital Heliport,49.435333,15.231251
CZ-0057,Vodňany Airstrip,49.12821,14.17325
CZ-0083,Škudly Airstrip,50.021944,15.520556
DE-0240,Weilerswist UL,50.719051,6.84989
DE-0341,Sauldorf-Boll Ultrallightport,47.955796,9.029828
DE-0566,Regiomed Hospital Coburg Heliport,50.246657,10.975104
DE-0644,Dritter Orden University Hospital Heliport,48.16789,11.50389
DK-0040,Tunø Airstrip,55.956832,10.409408
DK-0061,Vandel Air Base,55.697936,9.193081
EDFA,Anspach-Taunus Airfield,50.288334,8.533889
EDMY,Mühldorf Airfield,48.279575,12.500453
EDUO,Oberrißdorf Airfield,51.542895,11.595243
EDVK,Kassel Airport,51.418395,9.391638
EFGE,Genböle Airfield UL,60.086899,22.5219
EIBF,Benfield Aerodrome,53.16147,-7.26737
ENLU,Lunde Nome Airfield,59.298004,9.132011
EPKP,Pobiednik Wielki Airfield,50.08644,20.200253
EPNL,Nowy Sącz-Łososina Dolna Airfield,49.745324,20.623472
ES-0132,Alats Club Bellvei,41.2443358,1.5632892
ES-0179,Benicolet Airfield,38.918703,-0.355677
ES-0254,Valdeperdices,39.403683,-4.918783
ES-0266,La Font de la Figuera Airstrip,38.786783,-0.8763
EYUT,Utena Airfield,55.490002,25.7169
FR-0074,Travaux Aeriens Bouquemont Heliport,48.850834,3.967722
FR-0186,Avignon Hospital Heliport,43.92026,4.798974
FR-0320,Luçon - Chasnais Aerodrome,46.461913,-1.241447
FR-1055,Paramoteur Paris Ouest Airfield,48.7675,1.540556
GB-0107,RAF Balderton,53.036389,-0.785833
GB-0122,RAF Bitteswell,52.459444,-1.246111
GB-0508,Mill Farm Airstrip,52.5835,-2.637706
GB-0795,Wisbridge Farm Airstrip,51.997988,-0.009885
GB-0918,Little Shelford Airstrip,52.13167,0.124326
GB-1003,Hamilton House Airstrip,51.663785,-1.446633
GB-1048,RNAS Caldale,58.978,-3.02
GE-0025,Camp Didmukha Heliport,42.17613,43.88801
GMSL,Sidi Slimane Airport,34.230598,-6.05014
HU-0068,Sopron Erzsébet Teaching Hospital Heliport,47.67796,16.60035
IR-0233,Khosravi Border Patrol Heliport,34.39121,45.47892
IS-0017,Seyðisfjörður Airport,65.291666,-13.850477
IT-0161,Volo Molise,41.45948,14.53799
IT-0181,Aliscarlino Airfield,42.912222,10.816667
IT-0286,Skydive Venice Airfield,45.700009,12.763909
IT-0687,Eliporto Imperia,43.8842,8.028549
JO-0004,Azraq Highway Strip,32.0267062933,36.4086914062
LB-0010,Unifil UNP 9-66 Helipad,33.301671,35.565352
LB13,Sofia West Airfield,42.444199,22.9835
LCPH,Paphos International Airport,34.717999,32.485699
LFAU,Aérodrome de Vauville,49.622775,-1.830688
LFEA,Aérodrome de Belle Île,47.325256,-3.201255
LFRK,Caen Carpiquet airport,49.17678,-0.454883
LHDK,Dunakeszi Airfield,47.613899,19.143299
LHKC,Kecel Heliport,46.536443,19.241458
LKCE,Česká Lípa Airfield,50.7094,14.5667
LLSM,Sheba (Tel HaShomer) Medical Center,32.0433333,34.8419444
LPMB,Miguel Barros Heliport,37.149722,-7.953889
LT-0014,Kalno aerodromas,55.984197,24.34608
MK-0001,Gradsko Airfield,41.552799,21.948817
NL-0146,De Peel Air Base,51.5173,5.85572
PL-0054,Orsk Airstrip,51.5672,16.3556
PT-0039,Aérodromo de Ferreira do Alentejo,38.040061,-8.10423
RO-0161,Municipal Emergency Hospital Moineşti Helipad,46.476786,26.487769
RU-0845,Gorelovo Aerodrome,59.765518,30.071722
SI-0014,Andoljšek - Ribnica Ultralight Field,45.743935,14.713
SI-0027,Trebnje Airfield,45.9122,15.00256
SK-0013,Zborov Airfield,49.374843,21.288328
TR-0230,Doğubayazıt Border Post Helipad,39.521493,44.415123
UA-9873,Pekari Heliport,49.69717,31.563172
AT-0020,Federal Criminal Police Office Heliport,48.23442,16.35713
AT-0027,Klagenfurt Fire Department Heliport,46.62137,14.29898
AZ-0021,Qizilagach Air Base,39.006162,48.806312
BE-0042,Vivalia Princess Paola Hospital Heliport,50.22757,5.32145
BY-0012,Aerodrom Kukoviatsino,55.160995,29.974589
CH-0021,Davos Hospital Heliport,46.78764,9.81413
CH-0042,Interlaken Air Base,46.676601,7.87908
CY-0030,UNFICYP OP51 Helipad,35.172538,33.31455
CZ-0010,Brno Černá Pole Heliport,49.203314,16.616512
DAEN,Rhoud Nouss Airport,29.728878,6.711316
DE-0025,Osnabrück Hospital Helipad,52.27790069580078,8.004799842834473
DE-0233,Grünstadt Airfield,49.5855556,8.1388889
DE-0325,Ochsenhausen Airfield,48.0535,9.9189
DE-0708,Engelsdorf / Motorschirm Airfield,51.71628,11.85192
DE-0797,AMEOS Hospital Staßfurt Heliport,51.85366,11.59181
DE-0804,Friesoythe ULM,53.02963,7.79992
EDAO,Nordhausen Airfield,51.493475,10.837562
EDLY,Borken-Hoxfeld Airfield,51.853333,6.814722
EDNT,Treuchtlingen-Bubenheim Airfield,48.996113,10.884167
EDWZ,Baltrum Airport,53.72485,7.373257
EG-0076,Octagon Heliport,29.925129,31.666377
EGHY,Truro Aerodrome,50.2784,-5.14229
EICN,Coonagh Aerodrome,52.6665,-8.68183
EKAE,Ærø Airfield,54.852798,10.4564
ENRK,Rakkestad Astorp Airfield,59.397499,11.3469
ES-0124,Les Planes UL,40.620435,0.479976
ESGP,Säve Airport,57.7747,11.8704
FI-0011,Katajanokka Airport,60.164123,24.975121
FR-0151,Centrale Nucléaire Heliport,49.97222137451172,1.2138890027999878
FR-0258,Col de Belledonne Altiport,45.166948,5.986594
FR-0473,Batzendorf Ultralight Airfield,48.803016,7.726527
FR-1018,Basse Maure Airfield,43.530025,6.314627
FR-1125,Le Creusot Le Gros Chaillot Airfield,46.816362,4.401677
GB-0017,Burn Airfield,53.747511,-1.085806
GB-0030,Langar Airfield,52.89593,-0.90101
GB-0059,Steventon Private Airstrip,51.620986,-1.344431
GB-0135,RAF Bratton,52.730919,-2.540863
GB-0233,Old Hay Airfield,51.178758,0.425623
GB-0264,Long Stratton Airstrip,52.4881514,1.2165196
GB-0453,Willingale Airstrip,51.7292,0.286556
GB-0487,Loughbrickland Airstrip,54.326685,-6.291239
GB-0905,Tracy Island Airstrip,50.86442,-2.91118
GB-1114,RAF Lavenham / Alpheton,52.1364,0.76967
HE35,Abu Suwayr Air Base,30.57270050048828,32.095298767089844
IT-0238,Delta Condor Airfield,43.868758,10.302024
IT-0259,Campogalliano Airfield,44.70355,10.85416
IT-0266,Aviosuperficie Valicella,42.21873,12.24846
IT-0351,Vivoli Airfield,42.992623,10.806329
IT-0608,Sant'anna Heliport,40.322856,17.824973
IT-0622,Canne Airfield,41.932778,15.070556
IT-0745,Padua Hospital Helipad,45.401134,11.891772
LBWN,Varna Airport,43.232101,27.8251
LDZD,Zadar Airport,44.096986,15.353565
LLBL,Rabin Medical Center (Beilinson),32.0869444,34.865
LPDA,Massarelos Helipad,41.146597,-8.632665
LPTN,Tancos Airbase,39.475101,-8.36458
LQLV,Livno Brda Bosni Airfield,43.791141,16.893268
LQMP,Medeno Polje Airstrip,44.57383,16.28217
LTAE,Akıncı Air Base,40.078899,32.565601
LTBA,İstanbul Atatürk Airport,40.971913,28.823714
LTHC,Çanakkale Şehitleri Abidesi Helipad,40.049517,26.217909
LZHL,Holič Airfield,48.8103,17.1338
NO-0125,POLARIS FIR,57.6236,2.84722
RO-0037,King Carol I Lighthouse Heliport,44.15982,28.65775
RO-0056,Dărmănești,47.721693,26.118418
RO-0132,Mamaia Villa Helipad,44.230537,28.624513
RU-0018,Buturlinovka Air Base,50.79221,40.606155
RU-0131,Troitskoye Air Base,46.455002,44.209999
RU-0512,Tarbayevo Airport,56.296683,40.157771
RU-0583,Zarya Airstrip,46.4812,38.1347
RU-0941,Gora Airstrip UL,55.27693,39.25163
RU-10052,Stary Oskol Airfield,51.329216,37.768848
RU-10090,Abinskiy EMZ Heliport,44.87513,38.132451
RU-10151,Kresty Heliport,55.27793,37.123789
SE-0096,Byholma Air Base,56.7834014893,13.6014003754
SK-0083,Masníkovo Airfield,48.04539,17.47704
TR-0166,D-Marin Turgutreis Marina Heliport,37.002792,27.258346
UWKW,Yudino Heliport,55.85900115966797,49.040000915527344
BG-0163,Kardam Airfield,43.73626,28.11404
CZ-0191,Kámen Air Base,49.417778,14.993889
CZ-0207,Střešovice Central Military Hospital Heliport 2,50.088881,14.361362
D429,Robert Bosch Hospital Helistop,48.813877,9.185474
DAAD,Bou Saada Airport,35.3325,4.20639
DE-0007,Wünsdorf Airfield,52.198001861572,13.527000427246
DE-0427,Zwochau Cropduster Strip,51.46339,12.23996
DE-0720,Elisabeth Hospital Schmalkalden Heliport,50.721822,10.440202
DK-0025,Rolfsted Airfield,55.325083,10.581682
DK-0037,Gilleleje Airstrip,56.106298,12.323405
EDDR,Saarbrücken Airport,49.214545,7.109735
EDFT,Lauterbach Airfield,50.683666,9.4117
EGTO,Rochester Airport,51.351898,0.503333
EKRN,Bornholm Airport,55.063301,14.7596
ES-0143,Martinamatos Airfield,40.099412,-4.295084
ESMY,Smålandsstenar Smålanda Airfield,57.168598,13.4402
FR-0447,Ploballanec Ultralight Airfield,47.818415,-4.248724
FR-0485,Saint-Martin-de-Castillon Airfield,43.852917,5.550119
FR-0618,Castillonnès Airfield,44.698611,0.638889
FR-0622,MIROND'AILES Airfield,44.599167,0.341389
FR-0757,Courtisols les Houches Airfield,48.995278,4.496667
GB-0285,Hatton Airstrip,57.4067508,-1.9115685
GB-0308,Streethay Farm Airstrip,52.691874,-1.785665
GB-0607,RAF Tholthorpe,54.105959,-1.264926
GB-0682,Lydiard Park,51.561725,-1.85193
GB-0744,Cornbury House Airstrip,51.857548,-1.496929
GB-0753,Hamilton Farm Airstrip,51.093609,0.88829
GB-1010,Bennetsfield Private Airstrip,57.55888,-4.19959
GR-0014,Myrini - Karditsa Airfield,39.407445,21.995921
GR-0025,Don Mansion Private Helipad,36.397874,28.174288
GR-0076,Mount Athos Health Center Heliport,40.259891,24.245823
HLON,Hon Airport,29.1101,15.9656
HU-0027,Zalacsány Airfield,46.79941,17.11188
IQ-0034,Qalat Salih Air Base,31.456581115722656,47.28979110717773
IT-0062,Bosio Guido Airfield,44.434208,7.632153
IT-0478,Azzanello Airfield,45.293845,9.919281
IT-0484,Squadra Avvoltoi Airfield,45.241525,11.004096
IT-0648,Panarea South Heliport,38.630278,15.070763
IT-0886,Elisuperficie Wold,45.864455,7.936699
IT-0925,Elisusperficie lago Serru autorizzata giorno notte (night and day),45.462651,7.13429
KW-0032,Dasman Heliport,29.38695,47.99734
LFKT,Aérodrome de Corte,42.2919,9.189
LKSZ,Sazená Airfield,50.324699,14.2589
LKVM,Vysoké Mýto Airfield,49.928102,16.185029
LOGI,Trieben Airfield,47.493364,14.49558
NL-0138,E17a-A Heliport,54.09806,3.36028
NL-0139,Borssele Alpha Heliport,51.7,3.05667
ORBB,Bamarni Airport,37.098801,43.266602
PL-0114,Horodek Airfield,49.351199,22.481757
PL-0152,Donimierz Airfield,54.486777,18.167569
PL-0285,Irządze Airstrip,50.62249,19.7113
PT-0018,Santa Maria da Feira Heliport,40.93005,-8.54234
RU-3540,Luostari Air Base,69.400002,30.9883
SE-0067,Örnlanda Airstrip,60.32916,15.78226
SY-0021,Darbasiyah Airstrip,37.036099,40.630511
TR-0066,Kayseri Provincial Health Directorate Helipad,38.698011,35.536004
TR-0241,Başköy East Border Post Helipad,39.404102,44.155752
UA-0037,Dobrianka Airfield,52.082491,31.121171
UA-0152,Orlinovsky Helipad,44.4207,33.6741
UKHG,Globino Heliport,49.410974,33.265602
Z19O,Wujah Al Hajar Air Base,34.281226,35.680096
BE-0028,Federal Road Police East Flanders Wetteren Heliport,50.973,3.84096
BG-0135,Svetlina Cropduster Strip,42.14778,26.21645
BG-0141,Zhitnitsa Airfield,43.12784,27.50576
CY-0003,Karter Heliport,35.275833,33.267222
CZ-0121,Kelč Airstrip,49.457771,17.820171
CZ-0220,Frýdlant Hospital Heliport,50.926004,15.088781
D431,Stuttgart Marien Hospital Rooftop Helipad,48.761079,9.163863
DE-0023,Bernkastel-Kues Cusanus Hospital Heliport,49.915699,7.0623
DE-0062,Antersberg Airfield,47.9629,11.9955
DE-0071,Bad Königshofen Airfield,50.2876,10.4225
DE-0319,Schreckhof Airfield,49.3513,9.1208
DE-0740,Untererthal Heliport,50.15736,9.87626
DE-0818,Autobahn Police Heiligenroth Heliport,50.44692,7.84539
EDHD,Eichsfeld Airfield,51.40755,10.1453
EDKF,Bergneustadt-Auf dem Dümpel Airfield,51.05209,7.70683
EDSE,Göppingen-Bezgenriet Airfield,48.658611,9.624167
EDVA,Bad Gandersheim Airfield,51.854168,10.025556
EFRN,Rantasalmi Airfield,62.065498,28.356501
EG-0082,Fayed North Airfield,30.372357,32.268283
EGDY,RNAS Yeovilton,51.009399,-2.63882
EGPW,Unst Airfield,60.7472,-0.85385
EKSP,Skrydstrup Air Base,55.221048,9.26702
ENWS,Eldfisk S Helipad,56.37361,3.26278
ES-0306,Base aérea de Verín-Oímbra,41.84261,-7.42873
FI-0007,Parkano Airfield,62.01534,23.05801
FR-0030,Clermont-Ferrand University Gabriel-Monpied Hospital Heliport,45.756963,3.091822
FR-0120,Centre Hospitalier Intercommunal du Val d'Ariege Heliport,43.02527618408203,1.6174999475479126
FR-0192,Gap Hospital Heliport,44.557004,6.073474
FR-0246,Altisurface d'Aleu,42.900002,1.275
FR-0900,ULM LECROS Airfield,43.879722,3.346389
FR-1167,Audembert Airfield,50.86198,1.66989
GB-0760,Hill Farm Airstrip,50.9343,-1.2658
GB-1080,Mayobridge Airstrip,54.19153,-6.24834
GB-1353,Hillgate Farm Airstrip,52.667378,-0.031328
GE-0024,Camp Avnevi Heliport,42.18971,43.88836
HU-0020,Rétság Airfield,47.932748,19.122283
IT-0075,Cerreto Castello Airfield,45.548056,8.161111
IT-0292,Blue Devil Centre Airfield,45.392393,10.127678
IT-0369,Volo Leggero Airfield,45.261776,11.192901
IT-0618,Helipad  Salento Helicopters,40.067439,18.002
IT-0659,Linosa Heliport,35.862175,12.856205
IT-0773,San Polo Hospital Heliport,45.815,13.52087
LECT,El Castaño Airfield,39.013604,-4.387141
LEIZ,La Perdiz - Torre De Juan Abad Airfield,38.5131,-3.36433
LERY,King Juan Carlos Hospital Heliport,40.340433,-3.86951
LFLB,Chambéry Aix les Bains airport,45.6381,5.88023
LFRC,Cherbourg Manche airport,49.650101,-1.47028
LHGU,Győrújbarát Heliport,47.605143,17.660188
LIRH,Frosinone Air Base,41.648537,13.294573
LJPO,Postojna Airfield,45.752201,14.1947
LKKY,Kyjov Airfield,48.98,17.124701
LOAU,Stockerau Airfield,48.409121,16.191015
LSZO,Luzern-Beromünster Airfield,47.188993,8.204556
LV-8048,Gulbene Airfield,57.163525,26.77052
NL-0079,Marnewaard Heliport,53.364058,6.262405
NO-0039,Huseby Airstrip,59.26724,10.810754
NO-0099,"Oslo, Fornebu Airport",59.895802,10.6172
OEJB,Jubail Airport,27.039,49.405102
OIHH,Hamadan Airport,34.866416,48.56069
PL-0034,Września Highway Strip,52.30110168457031,17.622499465942383
PL-0043,Dębno Polskie Airfield,51.59444,16.8675
PL-0088,Baranów Airfield,52.122083,20.48175
PL-0211,Rzędów Airstrip,50.75962,18.12882
PL-0280,Mielno Seaplane Base,54.25843,16.07638
RO-0036,SMURD Heliport,44.141804,28.591412
RU-0265,Pavlovskoye Helipad,55.4800147534,37.7143800259
RU-0361,Burny Airfield,60.61188,30.474349
RU-10140,Krasnoarmeyskaya Airfield,45.36807,38.27963
TR-0050,Çırağan Palace Helipad,41.04284,29.01407
TR-0063,Sabancı University Helipad,40.89357,29.37775
TR-0180,Çanakkale Forest Fire Management Center Heliport,40.0822,26.375025
UA-0110,Pogorelovka Airstrip,48.525151,25.993457
AT-0026,Carinthian State Fire Brigade Association Heliport,46.61925,14.34095
AT-0068,Ischgl Idalp Heliport,46.980419,10.315908
AT-0072,Waidring Heliport,47.585304,12.592628
AT-0087,Wien-Meidling Heliport,48.173743,16.322633
BG-0015,Trastenik Airfield,43.665955,25.866686
BG-0089,Popovo Airfield,43.35958,26.238574
BY-9937,Ross Air Base,53.303,24.369
CZ-0086,Kunětice Airfield,50.068333,15.8125
CZ-0290,Martinov Heliport,49.855406,18.188242
DAOF,Tindouf Airport,27.7003993988,-8.167099952700001
DE-0397,Deisterflieger UL,52.2941978,9.3773282
DE-0648,Weiden Hospital Heliport,49.681861,12.166368
DE-0767,Alteno Air Base,51.8675,13.7817
EBBH,Keysers Heliport,51.343409,4.622055
EBTK,Kasterlee Heliport,51.283697,4.912072
EDAS,Finsterwalde-Heinrichsruh Airfield,51.634641,13.67505
EDVG,Mengeringhausen Airfield,51.376387,8.981111
EFVL,Vaala Airfield,64.5019,26.76
EG-0068,Sharm International Hospital Heliport,27.882101,34.297099
EGEP,Papa Westray Airport,59.351012,-2.900353
EHDY,D18-A Heliport,54.14917,2.82194
EHJA,J6-A Heliport,53.82333,2.94389
EKSO,Svínoy Heliport,62.276632,-6.341524
ENAL,Ålesund Airport,62.560443,6.110845
ENFJ,"Fedje Heliport, Høgden",60.765738,4.733014
EPLX,Lierneux Specialized Hospital Heliport,50.286813,5.78887
ES-0014,Monforte Airfield,42.547,-7.5191
ES-0180,Aeródromo de Zalla - Forestal,43.186232,-3.120631
ES-0260,Illas Sisargas Heliport,43.3575972,-8.8440328
ES-0321,Utrillas Heliport,40.80985,-0.84746
FR-0143,Crossma Heliport,49.68512344360352,-1.9099539518356323
FR-0359,Base Hydro-ULM de La Ciotat,43.173717,5.641389
FR-0496,Avernes Paramotor Airfield,49.10568,1.87907
FR-0576,Beaugaillard Airfield,43.178611,1.951667
FR-0593,La Roche Sur Yon Centre Hospitalier Heliport,46.668225,-1.413508
FR-0610,Sainte Foy Airfield,44.629444,-0.156667
FR-0641,Andoins Airfield,43.2975,-0.236111
FR-0865,Assé le Riboul Airfield,48.195278,0.099444
FR-0909,La Ramière Airfield,43.7475,1.815556
FR-0937,La Planche Airfield,47.027778,-1.434444
FR-1136,Arras Hospital Heliport,50.296951,2.760074
FR-1155,Ségriès Airfield,43.867778,6.178333
GB-0245,Peterlee Airfield,54.766838,-1.384377
GB-0287,Charterhall Airfield,55.707598,-2.378504
GB-0348,Bristol Royal Infirmary Helipad,51.458895,-2.596294
GB-0611,Cockerham Airfield,53.965671,-2.830332
GB-0765,Folly Farm Airstrip,50.904454,-0.228803
GB-0777,Palmers Farm Airstrip,50.8735,0.2303
GB-1268,Croydon Airport,51.356389,-0.117222
GE-0005,Tskhinvali South Air Field,42.13130187989999,43.925201416
GMAZ,Zagora Airport,30.265788,-5.860808
GR-0043,Iraklia Heliport,36.86276,25.47286
HU-0008,Pusztacsalád Airfield,47.493935,16.897216
IT-0021,Elpifly Airfield,36.810908,14.544772
IT-0118,Mezzana Bigli Airfield,45.065409,8.835176
IT-0479,Aviosuperficie Ali Umbre,43.27045,12.7422267
IT-0604,Eliporto le dune,40.771296,17.637691
LFDB,Aérodrome Morin - Védrines,44.0257,1.37804
LFDN,Rochefort-Saint-Agnant (BA 721) Airport,45.887798,-0.983056
LFRS,Nantes Atlantique Airport,47.153198,-1.61073
LIRG,Guidonia Air Base,41.990299,12.7408
LKVY,Letiště Vyškov,49.300301,17.025299
LQTZ,Tuzla International Airport,44.459858,18.723627
LSMP,Payerne Air Base,46.8432,6.91506
LTBU,Tekirdağ Çorlu Airport,41.138199,27.9191
NL-0006,Universitair Medisch Centrum Heliport,53.22173309326172,6.576056003570557
NO-0017,Gravvold Airfield,63.054722,8.714167
PL-0171,Różanki Airstrip,52.772424,15.306475
PL-0246,Tuszyn Airstrip,51.59209,19.60617
PT-0013,Hospital Pedro Hispano heliport,41.181018,-8.66258
PT-0115,Pista de Almoster,39.228198,-8.796766
RU-0028,Kaliningrad Chkalovsk Naval Air Base,54.766556,20.396819
RU-0179,Tushino Children's Hospital Helipad,55.85139846801758,37.40190124511719
RU-0270,Crocus Expo Helipad,55.822586,37.384396
RU-10000,Turlatovo Airport,54.555901,39.855202
RU-10053,Yermolino Air Base,55.228627,36.608609
RU-1042,Arctic LNG 2 Construction Yard Helipad,69.086598,33.224776
SE-0043,Junosuando,67.4211943,22.3986822
TR-0225,Dicle University Kalp Hospital Heliport,37.924953,40.256214
UB16,Balakan Airport,41.733048,46.355677
BIBK,Bakkafjörður Airport,66.021896,-14.8244
CH-0048,Würenlingen Heliport,47.5162,8.2379
CY-0068,Paramali Radio Sonde Helipad,34.67825,32.811328
CZ-0179,Přešťovice u Strakonic Airstrip,49.28438,13.968444
CZ-0235,Kadaň Hospital Heliport,50.391048,13.271023
CZ-0259,Litomyšl Heliport,49.86119,16.30487
DAOY,El Bayadh Airport,33.721667,1.0925
DE-0114,Farrenberg Gliderfield,48.385706,9.076333
DZ-0039,Touat Oil Airport,27.81997,0.23896
EBHF,Kallo - De Perel Heliport,51.268889,4.295833
EDWS,Norden-Norddeich Airport,53.633057,7.190278
EE-0003,Nässuma Airstrip,58.2836,22.817801
EG-0021,RAF Shallufa,30.056542,32.540474
ES-0158,Olocau Airfield,39.675517,-0.548855
ES-0287,Los Santos de la Humosa Helipad,40.5072,-3.2526
ESSC,Ekeby Airfield,59.3839,16.4419
ESUT,Hemavan Airport,65.806099,15.0828
EYPR,Pociūnai Airfield,54.652212,24.058748
FO-0006,Gásadalur Heliport,62.108372,-7.434793
FR-0270,Glacier d'Argentière Altiport,45.941666,7.0
FR-0566,Sainte-Croix-du-Verdon Airfield,43.778611,6.159722
FR-1073,Apt Centre Hospitalier Heliport,43.875833,5.381944
FR-1113,Lumbin Airfield,45.301944,5.915556
GB-0172,Lingcroft Grass Airstrip,54.591769,-3.43303
GB-0227,North Moor Aero Club Airfield,53.534129,-0.6848
GB-0383,North Wales Gliding Club,53.043229,-3.2219454
GB-1064,Drum Farm (Sheriff Hall),55.906959,-3.111202
GB-1067,Kier Garden Airstrip,56.114916,-4.267439
GB-1167,RAF Little Horwood,51.96108,-0.86623
GB-1282,Boon Hill Farm Airstrip,54.308098,-0.974114
GCMP,Maspalomas Station Heliport,27.765637,-15.635286
GR-0001,Panagitsa Ariport,40.840795,21.823633
GR-0074,Camp Balanik Heliport,40.11134,22.515702
GR-0084,Chamokerasa Airfield,41.18874,24.36659
GR-0098,Athens Ellinikon International Airport,37.89162,23.730211
HR-0043,Topolje Agro Airstrip,45.64906,16.36121
HU-0038,Inárcs Airfield,47.263641,19.313225
IE-0030,Bunnyconnellan Airstrip,54.094487,-9.034681
IE-0034,Ballyvalloo Airstrip,52.414439,-6.363058
IQ-0044,Salum Air Base,34.164074,44.746948
IT-0388,Panicarola Airfield,43.064444,12.100556
IT-0471,Aviocaipoli Airfield,41.891615,12.783311
IT-0543,Rotocenter Airfield,43.715296,10.743997
IT-0867,Elisuperficie Gurro,46.084774,8.554809
LEBG,Burgos Airport,42.357601,-3.62076
LFFX,Tournus Cuisery Airfield,46.56206,4.975629
LFGI,Dijon Darois Airfield,47.385278,4.946944
LJNM,Novo Mesto Airfield,45.801743,15.104544
LKMK,Moravská Třebová Airfield,49.798302,16.687799
LPAZ,Santa Maria Airport,36.97140121459961,-25.17060089111328
LSZS,Engadin Airport,46.5341,9.88411
LV-0009,Valmiera Airfield,57.558552,25.444296
LW66,Malo Konjari Sport Airfield,41.333099,21.4491
LYNI,Niš Constantine the Great Airport,43.336538,21.856242
LYVR,Vršac Airfield,45.147736,21.309374
OJMF,King Hussein Air College,32.3564,36.259201
PL-0010,Debrzno Airfield,53.524425,17.258319
PL-0096,Chełmżyca Airstrip,53.670487,19.46115
PL-0163,Brużyczka Mała Airstrip,51.848148,19.32928
PT-0085,Pista do Monte das Tezas,38.107096,-7.166846
RU-0152,Mozdok Air Base,43.78499984741211,44.59999847412109
RU-10035,Soyana Airfield,65.783933,43.3832
RU-1066,Takhtamukay Airfield,44.89457,39.01931
SA-0004,Ras Saffaniyah Airport,27.99361,48.775276
SK-0094,Seleška Private Airfield,48.61997,21.07353
TR-0003,Kocaeli Köseköy Heliport,40.762224,30.002355
TR-0178,İsdemir İskenderun Demir Ve Çelik Anonim Şirketi Helipad,36.713455,36.214113
TR-0195,Divan Taksim Palmira Turizm Ticaret Anonim Şirketi Helipad,41.04118,28.98712
TR-0233,Kartal Yuvasi Heliport,39.546016,44.420818
TR-0256,Uzunpinar Border Police Station Helipad,39.055696,44.137005
TR-0317,Antalya Il Saglik Heliport,36.915817,30.648068
UA-0172,Korsak Airfield,46.7513,35.6342
ULPB,Petrozavodsk Airport,61.885201,34.154701
BG-0059,Slavovitsa Airstrip,43.580888,24.447176
CZ-0182,Kostelec Airstrip,49.67076,13.03224
DE-0028,Wittstock Air Base,53.201,12.524
DE-0410,Rupin Hospital Helipad,52.9039727,12.7963431
DE-0452,Fallschirmsportclub Oberhausen,49.5491,9.95173
DK-0054,Avedøre Airfield,55.619529,12.442886
EDGU,Unterschüpf Airfield,49.515835,9.669444
EDPE,Eichstätt Airfield,48.876945,11.182222
ENXR,Tambar Platform,56.98329925537109,2.958329916000366
EPSN,Swidwin Military Air Base,53.7906,15.8263
ES-0119,Campo de vuelo de Villanueva del Trabuco,37.0634284,-4.3303351
ES-0189,La Gineta ULM,39.105766,-2.016283
ES-0258,Helipuerto de Sahechores,42.62011,-5.19233
ES-0338,Helipuerto de Campillo de la Jara,39.60047,-5.05067
ESSV,Visby Airport,57.6628,18.346201
EYNA,Akmenė Airfield,56.242199,22.733101
EYPP,Panevėžys Air Base,55.729400634765625,24.46080017089844
FI-0021,Martiniiskonpalo Airfield,68.660301,25.7029
FR-0111,Saint-Avoid Hospital Heliport,49.112131,6.721771
FR-0146,Hôpital de Saint-Lo Heliport,49.10527801513672,-1.1061110496520996
FR-0194,L'Archet Hospital Heliport,43.697408,7.22613
FR-0259,Altiport du Col de Cenise,46.020832,6.45
FR-0830,Lagleygeolle Airfield,45.080278,1.673333
FR-0867,Neuville Airfield,48.310153,-1.580569
GB-0304,Craysmarsh Airstrip,51.363649,-2.090858
GB-0411,Husbands Bosworth Airfield,52.438656,-1.041789
GB-0426,Felthorpe Airfield,52.7059,1.19449
GB-0745,Cameron House Hotel Seaplane Base,56.014,-4.6059
GB-1099,Ben Alder Lodge Helipad,56.869287,-4.346866
GB-1271,Strubby Glider Field,53.30775,0.16737
GCFV,Fuerteventura Airport,28.4527,-13.8638
GECE,Ceuta Heliport,35.892657,-5.306321
HR-0008,Mali-Losinj Seaplane Terminal,44.537284,14.456934
IE-0068,Monahullen Airstrip,52.75131,-6.56447
IT-0325,Curtatone City San Silvestro Airfield,45.101547,10.7492
IT-0412,Condor Airfield,42.969167,10.619722
IT-0926,Daviso Lodge Helipad,45.375847,7.184294
LFFD,Saint-André-de-l'Eure Airfield,48.897669,1.250839
LFJS,Soissons-Courmelles Airfield,49.344978,3.282681
LFMD,Cannes Mandelieu Airport,43.547998,6.955176
LH0,Hertelendy Kastély Field,46.373168,17.428007
LIRI,Salerno Costa d'Amalfi Airport,40.620399,14.9113
LKLB,Liberec Airfield,50.767053,15.023071
LKPF,Pisek HEMS Heliport,49.300607,14.158856
LSPO,Olten Airfield,47.34131,7.88494
RO-0124,Ministry Of National Defense Helipad,44.427643,26.078855
RU-0079,Kuznetsovo Airfield,59.24520111083984,29.945199966430664
RU-0272,Belaya Dacha Helipad,55.6550134703,37.8673732281
RU-10126,Nes Airfield,66.595755,44.66408
RU-1068,Yefimov Airstrip,57.02799,38.06476
RU-7612,Gorny Air Base,51.75,48.63330078125
SE-0042,Pålsträsket Airstrip,65.639347,21.231589
SK-0041,Kecerovce Airstrip,48.833554,21.4042387
SK-0043,Chotín Airstrip,47.81415,18.194275
TR-0010,Denizli Helipad,37.76210784912109,29.080123901367188
TR-0077,İskenderun Naval Heliport,36.59217,36.18057
TR-0138,Üçırmak Garrison Helipad,35.954202,36.196835
UA-0027,Bliznyuki Air Base,48.876999,36.549999
UA-9870,LyutIvka Airfield,50.290867,35.837666
UA-9890,Rovenky Airfield,48.084484,39.44265
UWSG,Gagarin International Airport,51.712778,46.171111
BE-0027,Federal Road Police West Flanders Jabbeke Heliport,51.19372,3.06436
BE-0036,Federal Road Police Antwerp Turnhout Heliport,51.29609,4.91018
BE-0037,Federal Road Police Hainaut Péruwelz Heliport,50.53108,3.60476
BE-0055,ULB Heliport,50.811847,4.260989
BY-0042,Sula Airstrip,53.748533,26.864619
CZ-0123,Štětí Airstrip,50.465,14.4061111
DE-0185,Sevelen Glider Field,51.4857,6.4284
DE-0443,Marbach-Rielingshausen Airfield,48.967714,9.322093
DE-0791,Paracelsus Hospital Schöneck Heliport,50.39778,12.33596
EBZI,Zingem heliport,50.926388,3.617222
EDNM,Nittenau-Bruck Airfield,49.2225,12.296667
EDXH,Helgoland-Düne Airport,54.18528,7.915833
EEVP,Vihterpalu Manor Heliport,59.263571,23.875469
EFHS,Seinäjoen Central Hospital Heliport,62.769919,22.822402
EGEI,Broadford Airstrip,57.253131,-5.827755
ES-0073,Aeródromo de Caravaca de la Cruz,38.0468,-1.92201
ES-0322,Plenas Airfield,41.10997,-0.94941
ESNL,Lycksele Airport,64.548302,18.7162
EYKS,S. Darius and S. Girėnas Airfield,54.879799,23.8815
FO-0007,Múli Heliport,62.349895,-6.582285
FR-0098,Narbonne Airfield,43.194168,3.051667
FR-0173,Centre Hospitalier Laënnec Heliport,49.24722290039063,2.4580559730529785
FR-0556,Béthune Beuvry Hospital Heliport,50.51436,2.67143
FR-0674,La Sauvetat Aubusson-d'Auvergne Airfield,45.756156,3.583881
GB-0408,Southdown Gliding Club,50.924053,-0.474753
GB-0932,Droppingwells Farm Airstrip,52.36763,-2.28267
GB-0996,Moor Farm Airstrip,54.14229,-0.54942
GB-1108,RAF Snetterton Health,52.46719,0.9506
GB-1187,RAF Bridleway Gate,52.83098,-2.68707
HE11,Badr El Din Airport,29.867554,27.946558
IE-0071,Pettigo Airstrip,54.54779,-7.8412
IL-0009,Meir Medical Center Helipad,32.183686,34.894935
IT-0014,Oasi dei Re Airfield,36.722558,14.774708
IT-0109,Arbuschi Airfield,45.051392,9.163255
IT-0165,Renzo Storai Airfield,43.96583,11.458056
IT-0175,Aviosuperficie Stintino,40.88295,8.25418
IT-0599,Eliporto il Melograno,40.922345,17.276983
IT-0684,Ortona Heliport,42.327173,14.37252
IT-0809,Aviovitombola Ultralight Strip,43.17619,11.79623
IT-0848,Helipad Ao 3,45.740929,7.38189
LDZJ,Bjelovar Brezovac Airfield,45.860802,16.8358
LFBM,Mont-de-Marsan (BA 118) Air Base,43.911701,-0.5075
LFEB,Dinan-Trélivan Airfield,48.443351,-2.103142
LFHJ,Lyon Corbas Airfield,45.654202,4.91361
LFLJ,Courchevel Altiport,45.397531,6.63498
LKKC,Kříženec Planá Airfield,49.870602,12.7725
LKRZ,Rozvadov Heliport,49.668611,12.56
LOSH,Hinterglemm Heliport,47.365793,12.597306
LPCS,Cascais Airport,38.724998,-9.35523
LSKV,Kvetoslavov Airfield,48.04507,17.34963
LT-0024,Pociūnai Airstrip,55.59152,23.96661
LYBS,Camp Bondsteel Army Heliport,42.36632,21.24234
NL-0008,Vie Curi Medical Center for Noord-Limburg Heliport,51.359428,6.155541
NL-0083,Solar Glass Scheuten Venlo Helipad,51.392672,6.09517
PL-0131,Antonowo Airfield,54.058166,21.746916
PT-0133,Heliporto de Alcaria,39.577785,-8.784498
PT-0157,Covilhã Airfield,40.264801,-7.47996
RO-0020,Buziaş Airfield,45.654129,21.578748
RO-0090,Onceşti Airfield,47.85679,23.95538
RU-10156,Kievsky Heliport,55.417222,36.862623
TR-0104,Incirli Border Post Helipad,36.533118,36.555966
AT-0028,Wiesing Highway Patrol Heliport,47.4013,11.80198
BIDV,Djúpivogur Airport,64.642372,-14.277297
CZ-0050,Pěnčín,49.5682909,16.9991842
CZ-0127,Opava-Kylešovice Airstrip,49.899167,17.922959
DE-0276,Antdorf Ultralight Airfield,47.760048,11.304356
DE-0560,Viersen General Hospital Heliport,51.25142,6.38142
DE-0789,ADAC Air Rescue Station Zwickau Heliport,50.71988,12.43055
DE-0801,Aßberg UL,48.71549,13.68585
EDLI,Bielefeld Airport,51.964722,8.544444
EDXW,Westerland Sylt Airport,54.9132,8.34047
EG-0058,Sahra' Muhafadhat al-Jeezah Airfield,29.800373,31.084539
EGBT,Turweston Aerodrome,52.040798,-1.09556
EGCF,Sandtoft Airfield,53.559358,-0.859043
EHKT,K15-FA-1 Heliport,53.24722,3.98611
EHLO,L10-F Heliport,53.38639,4.25944
EKAC,Aarhus Seaplane Terminal,56.152602,10.25106
ENBO,Bodø Airport,67.269203,14.3653
ENDB,"Dombås Heliport, Brunshaugen",62.068943,9.121084
ES-0263,El Barranco - Sierra Morena,38.03774,-3.76585
ETHL,Laupheim Air Base,48.220299,9.91002
FR-0315,Amiens-Picardy University Hospital North Heliport,49.906744,2.295928
FR-0415,Aerodrome de Bois de la Pierre,43.342596,1.14202
FR-0694,Brancion Airfield,46.54,4.792222
FR-1144,Dijon Burgundy Hospital Heliport,47.321272,5.069048
GB-0048,Easter Airfield,57.753343,-3.94279
GB-0156,Cricklewood Aerodrome,51.565,-0.213
GB-0399,Chase Farm Airstrip,51.5681,-2.38754
GB-0434,Ludham Airfield,52.7185,1.55172
GB-0552,Meppershall Airfield,52.02053,-0.355031
GB-0773,White Fen Farm Airstrip,52.51564,-0.005399
GB-1225,RAF Scampton,53.3078,-0.550833
GB-1314,MoD Pendine Heliport,51.74725,-4.51791
IT-0186,Aviosuperficie Ali Nettuno,41.503775,12.701976
IT-0333,AliPuglia Airfield,40.474421,17.609926
IT-0405,Chiasiellis Airfield,45.944928,13.208403
IT-0541,Aviosuperficie Santa Lucia,42.3583333,12.4277778
IT-0677,Ozzano private airfield,45.12039,8.35202
IT-0702,Ospedale Civile Helipad,42.66673,13.71704
IT-0789,Col di Rhémes,45.496135,7.05721
IT-0900,Eliporto di Verbania,45.931535,8.573976
LEAP,Ampuriabrava Airfield,42.260309,3.109619
LFCT,Aérodrome de Thouars,46.961899,-0.152778
LGKL,Kalamata Airport,37.06829833984375,22.02549934387207
LIDF,Fano Airfield,43.824032,13.02588
LIQS,Siena-Ampugnano Airport,43.254942,11.255084
LKPA,Polička Airfield,49.739399,16.2589
LOAT,Wiener Neustadt Air Police Base,47.83532,16.208975
LP77,Military Airfield of Santa Margarida,39.402401,-8.28906
LTCD,Erzincan Airport,39.7102012634,39.5270004272
LZPW,Prešov Air Base,49.02970123291,21.315599441528
LZRU,Ružomberok Airfield,49.085485,19.368584
MK-0019,Srpci Airfield,41.151605,21.406839
PL-0080,Szczecinek-Wilcze Laski Airfield,53.594457,16.724189
PL-0111,Lotnisko Mrągowo,53.825276,21.318983
RO-0027,Ciceu-Andras Airfield,46.392973,25.775285
RU-0186,Torzhok Helicopter Base,57.043818,35.001704
RU-0312,Belaya Kalitva Airfield,48.217001,40.82
RU-3463,Poduzhemye Air Base,64.91829681396484,34.26499938964844
SE-0057,Lindholmen flygfält,59.58588,18.161001
TR-0037,Muş West Airport,38.7861877312,41.4696979523
TR-0116,Öncüpınar Border Crossing Helipads,36.64263,37.087863
TR-0312,Isparta City Hospital Heliport,37.77849,30.56085
TR-0318,Akseki OGM Helipad,37.03155,31.76231
UA-0094,Smodna Airfield,48.306675,25.14064
AT-0053,Krems University Hospital Helipad,48.412753,15.615224
CH-0027,Sankt Gallen Cantonal Hospital Heliport,47.43077,9.38689
CZ-0030,Mělník Medical Rescue Service Heliport,50.351858,14.486858
CZ-0039,Litoměřice Hospital Heliport,50.541735,14.146069
CZ-0240,Dědice u Vyškov Heliport,49.32003,16.977659
DAAK,Boufarik Air Base,36.545799,2.87611
DE-0024,Remagen Rolandseck Helipad,50.632082,7.207655
DE-0069,Kleinhartpenning UL,47.8519,11.6667
DE-0155,Langenselbold Airfield,50.1764,9.0648
DE-0262,Klein Gartz Airfield,52.828,11.316
DE-0639,DEKRA Lausitzring Heliport,51.53192,13.92451
DE-0676,Südharz Hospital Nordhausen Heliport,51.51658,10.79483
DE-0728,Sankt Marien Hospital Vreden Heliport,52.04663,6.81387
DE-0815,Autobahn Police Wiesbaden Heliport,50.09831,8.34958
EBAV,Avernas-le-Bauduin Ultralight Airfield,50.706147,5.067739
EBEB,Belzele Heliport,51.100833,3.653611
EBNR,Nuytten Heliport,50.910735,3.103623
EDMT,Tannheim Airfield,48.009998,10.098611
EDQK,Kulmbach Airfield,50.134921,11.459069
EG-0031,Multinational Force and Observers South Camp Heliport,27.8977,34.32271
EG-0048,Janifa Heliport,30.23642,32.39243
EGSF,Peterborough Business Airport,52.468102,-0.251111
EGSR,Earls Colne Airfield,51.914398,0.6825
EKSL,Slaglille Airfield,55.452619,11.643544
ENQL,Martin Linge B Helipad,60.49833,2.07333
ENRG,Rognan Airfield,67.098297,15.4111
ES-0185,Aeródromo Pelayos de la Presa,40.3720107,-4.3826756
ESUY,Edsby Airfield,61.386732,15.833166
FR-0213,Centre Hospitalier Heliport,45.476112365722656,4.5155558586120605
FR-0232,Château de Faverges Hotel Heliport,45.589919,5.53705
FR-0286,Altisurface de la Jasserie,45.389115,4.579091
FR-0662,Sarrans Cantoin Airfield,44.826111,2.843333
FR-0724,Ferme de la Braudière Airfield,47.562222,0.307222
FR-0756,Servon-Melzicourt Airfield,49.205,4.830833
FR-0786,Lambrey Airfield,47.767778,5.938889
FR-0985,Secondigny Airfield,46.636944,-0.463611
GB-0147,RAF Caistor,53.502778,-0.363889
GB-0231,Berrow Airstrip,52.000922,-2.356869
GB-0721,Newton-on-Rawcliffe Airstrip,54.290228,-0.74444
GB-0779,Haw Farm Airstrip,51.491121,-1.214263
GB-1012,Glebe Farm Airstrip,51.078818,-3.285738
HESW,Siwa Oasis North Airport,29.346234,25.505624
HLSB,Sabah Airport,28.2225,18.109444
HR-0015,Vis Airfield,43.034992,16.187377
HU-0012,Cserszegtomaj-Hévíz Airfield,46.809114,17.19974
IL-0023,Jerusalem International Airport,31.866547,35.217223
IT-0009,Avioclub Ereo Airfield,37.19222,14.613297
IT-0178,Pisticci Flying Field,40.399699,16.636972
IT-0459,Valcesano Airfield,43.700078,13.073459
IT-0738,Fraciscio Heliport,46.40492,9.3642
IT-0776,San Rossore Helicopter Base,43.72172,10.33768
LATI,Tirana International Airport Mother Teresa,41.4147,19.7206
LEPY,El Portinyol Heliport,41.58349990844727,2.560790061950684
LGEP,Epitalion Airfield,37.613347,21.496382
LKMH,Mnichovo Hradiště Airport,50.540199,15.0066
LLIC,Sourasky (Ichilov) Medical Center,32.08,34.7897222
LLOV,Ovda Airport,29.9403,34.935799
LT-0016,Kirkliai Airstrip,55.9251137,22.5959212
LT-0033,Vainiai,54.596634,24.861428
LU-0003,Luxembourg Hospital Heliport,49.619279,6.102534
LV-0032,Grenctāle Airstrip,56.316525,24.332678
LZBD,Bidovce Airfield,48.743186,21.448205
MT-0001,RAF Hal Far,35.81333,14.513379
NL-0053,Ockenburg Airport,52.06,4.216667
NL-0067,Witten Glidersite,52.965093,6.508605
NL-0096,ZGT-Almelo Helipad,52.3358,6.6384
NL-0128,Amsterdam UMC Helipad,52.2892,4.9593
NO-0074,Villmobakken Airstrip,70.212163,19.623508
NO-0084,Åsegardmoen Airfield,68.790262,16.447434
PL-0281,Jastrzębie-Zdrój Heliport,49.944716,18.584994
RO-0129,Cernica Monastery Helipad,44.432879,26.256804
RO-0147,Romanian Navy Mangalia Port Helipad,43.805947,28.56802
RU-0289,Goreloye Airfield,52.957,41.469
RU-10117,Tepsi River Heliport,67.672106,30.070658
UKOO,Odesa International Airport,46.427196,30.672649
XK-0004,Dubrava Prison Heliport,42.78575,20.55182
AT-0001,Pöchlarn-Wörth Heliport,48.214386,15.255579
AT-0009,Ameis Airstrip,48.657837,16.540234
BG-0078,Belozem SSA Airstrip,42.21439,25.05879
CH-0011,Zürich Triemli City Hospital Heliport,47.366516,8.497469
CZ-0113,Katovice Airstrip,49.268355,13.800776
CZ-0118,Kozojedy Airstrip,50.325005,15.388904
CZ-0152,Trutnov-Volanov Airfield,50.5675,15.865278
DE-0216,Heilbronn Hospital Helipad,49.1532,9.1918
DE-0665,Eggenfelden District Hospital Heliport,48.41225,12.76021
EBTY,Maubray Airfield,50.531639,3.496185
EDHG,Lüneburg Airfield,53.24832,10.458705
EGVF,Fleetlands Heliport,50.834235,-1.169982
EH-0012,Dcheira Heliport,27.00162,-12.98781
EHJR,K13-A Heliport,53.217222,3.218889
EHTW,Twente Airport,52.275833,6.889167
EKDB,Dan B Helideck,55.46903991699219,5.133056163787842
ESEV,Visby Hospital Heliport,57.649906,18.300889
EYAL,Alytus Airfield,54.412525,24.059929
FR-0029,Centre Hospitalier Heliport,46.56666564941406,3.3333330154418945
FR-0104,Centre Hospitalier Heliport,45.95500183105469,1.7513890266418457
FR-0329,Ulmodrome de Limoux,43.05666,2.22633
FR-0495,Base Paramoteurs de Boigny-Méréville,48.329414,2.088829
FR-0562,Vieux-Ferrette Airfield,47.515833,7.306944
FR-0729,Cosseneux Vouzon Airfield,47.6025,2.086667
FR-0837,Verneugheol Airfield,45.768056,2.503889
FR-1091,Alpes Leman Centre Hospitalier Heliport,46.141017,6.320266
FR-1146,Mende Centre Hospitalier Heliport,44.522401,3.489039
GB-0102,RAF Atherstone,52.161642,-1.686754
GB-0226,Talybont Airstrip,52.61241,-4.075038
GB-0505,Rookery Farm Airfield,51.473468,-2.403245
GB-0566,RAF North Killingholme,53.636089,-0.291481
GB-0666,Maydown Heliport,55.031915,-7.23381
GB-0729,Burton-Constable Airstrip,53.808811,-0.193634
GB-0789,Langham Airstrip,52.9355,0.9545
GB-0851,South Cerney Airfield,51.6872,-1.9204
GB-1251,RAF Upper Heyford,51.9375,-1.2488900423
GR-0105,Rethymno Heliport,35.366172,24.450402
HEAL,El Alamein International Airport,30.924324,28.46161
HR-0024,Prekrižje Helipad,45.84594,15.95596
IE-0023,Ardfert Airstrip,52.34653,-9.76285
IE-0063,Lickfinn Airstrip,52.591353,-7.643436
IT-0036,Cassibile Airfield,36.981791,15.239755
IT-0236,Policastro Airfield,40.114874,15.495315
IT-0584,Eliporto di emergenza,41.314728,16.253457
IT-0627,Lesina Airfield,41.863333,15.311389
IT-0928,"Helipad Rifugio Luigi Vaccarone,Giaglione",45.153951,6.917224
KW-0007,Al Adan Heliport,29.136457,48.090397
LERA,R.A.C.C. Heliport,41.38330078125,2.108330011367798
LFSH,Haguenau Airfield,48.794821,7.816129
LKBH,Rudolfa a Stefanie Hospital HLS,49.788643,14.679894
LKCT,Chotěboř Airfield,49.685799,15.6761
LKPS,Plasy Rybnice Airfield,49.9203,13.3769
LOIT,Sankt Johann in Tirol Hospital Heliport,47.520935,12.429672
LOJT,Hat Tux Heliport,47.133498,11.70391
LV-0024,Adamova Airstrip,56.566385,27.347882
MA-0015,Safi Airport,32.275414,-9.234266
MK-0018,Krushevo Helipad,41.34004,21.25599
NL-0011,Red Cross Hospital Heliport,52.479128,4.651482
NO-0124,Varg Platform,58.077202,1.88889
OLBA,Beirut Rafic Hariri International Airport,33.819833,35.487443
ORSU,Jalal Talabani International Airport,35.560487,45.315137
PL-0168,Stary Kamień Airstrip,53.724312,19.205135
PL-0225,Zgorzelec District Hospital Heliport,51.15755,15.00955
PT-0077,Aerodromo de Ourique,37.665784,-8.228631
RU-0323,Usman Airfield,52.025,39.675
RU-0482,Seltsy Heliport,54.909708,39.570599
RU-10104,Pinozero Airfield,67.327571,32.585735
SE-0059,Ödestugu Glider Field,57.60187,14.28645
SE-0068,Pirttivuopio ice runway,67.867556,19.220967
SK-0069,Streda nad Bodrogom Airstrip,48.361893,21.746454
TR-0192,ÖNÖC Central District Helipad,40.19931,29.05428
TR-0307,Murat Erdi Eker State Hospital Heliport,39.84407,32.727795
UA-0150,Internal Affairs Ministry Dacha Helipad,44.40043,33.92258
UKBH,Korshun Shevchenkovskiy Airfield,49.424902,31.230242
US-0216,RAF Carnaby,54.060833,-0.261667
XK-0015,Jashanica Airfield,42.66261,20.66298
ZZ-0001,Sealand Helipad,51.894444,1.4825
AT-0066,Tyrol State Fire Brigade School Heliport,47.308638,11.050546
BA-0010,Dragon Airfield,44.67767,19.12988
BE-0030,Camp Général Bastin Heliport,49.6814,5.77854
BE-0039,Jessa Hospital Salvator Campus Heliport,50.90931,5.34324
BG-0106,Vinarovo Cropduster Strip,42.2952,25.44993
BG-0151,Mokresh Airfield,43.15716,26.86366
BIDA,Dagverðará Airport,64.744617,-23.726521
CZ-0002,Tábor Hospital Heliport,49.415849,14.652207
CZ-0198,Brťov Airfield,49.410857,16.499441
DAAG,Houari Boumediene Airport,36.693886,3.214531
DE-0462,Vivantes Freidrichshain Clinic Heliport,52.52701,13.43915
DE-0568,Memmingen Hospital Heliport,47.982584,10.16873
EBRO,Van Den Bosch Heliport,51.209653,4.587697
EDQX,Hetzleser Berg Airfield,49.642341,11.162574
EDXD,Bohmte-Bad Essen Airfield,52.351391,8.328333
EFIK,Kiikala Airfield,60.462502,23.6525
EGTP,Perranporth Airfield,50.330617,-5.179317
ENSF,Statfjord A Helipad,61.25518,1.85211
EPTM,Tomaszów Mazowiecki Military Air Base,51.5844,20.097799
ES-0358,Tablada Airport,37.3517,-6.01456
FR-0016,Pau Centre Hospitalier Heliport,43.328056,-0.350833
FR-0438,Champrond Le Petit Bois Landry Ultralight Airfield,48.39361,1.05753
FR-0489,Chaillé-les-Marais Private Airstrip,46.40527,-1.03049
FR-0814,Campagne Airfield,43.792778,4.036667
FR-1182,Langres DZ,47.855322,5.34615
GB-0209,Watchford Farm Airstrip,50.9023839,-3.0981345
GB-0335,Bridlington Airfield,54.120749,-0.236527
GB-0422,Hook Norton Airstrip,52.0093,-1.4896
GB-0597,Waits Farm Airstrip,52.034093,0.639439
GB-0864,Hatchgate Farm Airfield,51.341149,-0.924697
GB-0952,West Newland Farm Airstrip,51.690095,0.820706
GB-1005,Plains Airstrip,55.014319,-6.538587
GB-1008,Brockwood Bottom Farm Airstrip,51.03488,-1.11519
HR-0007,Lastovo/Ubli Seaplane Terminal,42.745734,16.82386
HR-0037,Rab Seaplane Terminal,44.756391,14.764118
HU-0059,Merényi Gusztàv Kórhàz Heliport,47.4657,19.09962
IT-0200,Sassuolo Airfield,44.571667,10.78
IT-0221,Montagnana Airfield,45.245222,11.424673
IT-0264,Grumentum Airfield,40.27009,15.91363
IT-0368,"Aviosuperficie ""Amici del Volo""",41.676997,13.74285
IT-0458,Naviglio Grande Airfield,45.397222,8.97
IT-0539,Elisoccorso Provincia di Como,45.771878,9.043403
IT-0609,Heliport Military,40.244985,18.136781
IT-0829,Glacier du Dolent,45.917871,7.048202
IT-0949,Elisuperficie Filliè,45.194895,7.472554
LBMO,Montana Airfield,43.382619,23.263203
LFBJ,Aérodrome de Saint-Junien,45.903301,0.92
LFBL,Limoges Airport,45.862801,1.17944
LFGG,Belfort Chaux Airfield,47.700732,6.831265
LFID,Aérodrome de Condom - Valence-sur-Baïse,43.910301,0.387222
LFJC,Clamecy-Rix Airfield,47.437597,3.507422
LFLT,Montluçon-Domérat Airfield,46.352767,2.570479
LFOP,Rouen Vallée de Seine Airport,49.384887,1.179142
LIAO,Il Ciocco Heliport,44.088304,10.467169
LLHZ,Herzliya Airport,32.180599,34.834702
LOLW,Wels Airfield,48.182513,14.039283
LPIN,Espinho Airfield,40.974201,-8.64444
LTCJ,Batman Airport,37.929001,41.1166
NO-0068,"Bergen Seaplane Base, Sandviken",60.408154,5.319931
PL-0070,Świebodzice Airfield,50.882999,16.32
RO-0172,Teiu Former Agricultural Airstrip,44.656818,25.079598
RU-0047,Kazan Old Airport,55.7874984741,49.1952781677
RU-0424,Kurganinsk Airfield,44.863048,40.625768
RU-6219,Lovozero Airfield,68.021698,35.0
RU-6687,Michurinsk Air Base,52.917455,40.365826
SE-0007,Staffanstorp Bjällerup Field,55.658778,13.264961
SK-0048,Kolonica Airstrip,48.933635,22.275849
TR-0152,Çatalağzı Thermal Power Plant Heliport,41.51946,31.89865
TR-0213,Mavi Yol Aircampus,36.895324,30.963507
UWTK,Karaishevo Airfield,55.53869,49.32154
AT-0069,Swarovski Heliport,47.294643,11.600066
CZ-0068,Dobšice Heliport,50.119489,15.280608
CZ-0263,Czech Army Ammunition Depot Heliport,50.07413,16.12341
DE-0065,Tröstau Glider Field,50.018763,11.933259
DE-0238,Klippeneck Airfield,48.1075,8.762778
DE-0310,Hütten Glider Field,47.6333,7.9412
DE-0609,Sana Hospital Offenbach Helipad,50.094492,8.757021
DE-0646,Pleißental Hospital Heliport,50.74247,12.36517
DE-0693,ADAC Air Rescue Station Dinkelsbühl Heliport,49.06596,10.40159
DE-0718,Sophien and Hufeland Hospital Weimar Heliport,50.96078,11.32206
EDCE,Müncheberg-Eggersdorf Airfield,52.482791,14.090738
EDMQ,Donauwörth-Genderkingen Airfield,48.703062,10.852323
EFSI,Seinäjoki Airport,62.692101,22.8323
EH-0008,Al Farssia Airstrip,27.24568,-9.47312
ENDI,Geilo Airport Dagali,60.416679,8.51277
ENXK,Ekofisk K Platform,56.56529998779297,3.204720020294189
EPRA,Warsaw Radom Airport,51.38937,21.214742
ESMU,Möckeln Airfield,56.572514,14.16885
FI-0023,Pyhäselkä Airfield,62.464699,30.035299
FR-0248,Bacaneres Altiport,42.838229,0.658901
FR-0257,Altisurface du Clos de Legua,42.654167,2.038889
FR-0552,Cambrai Hospital Heliport,50.16539,3.22263
FR-0578,Le Reuilh Airfield,43.192778,1.978889
FR-0755,Viâpres-le-Petit Airfield,48.569167,4.032778
FR-0856,Corniéville Geville Airfield,48.763889,5.695556
FR-1041,Berville sur Mer Airfield,49.435833,0.363611
GB-0356,Chilsfold Farm Airstrip,51.05991,-0.592954
GB-0435,Eye Kettleby Airstrip,52.7405,-0.906744
GB-0598,Waterloo Hotel Helistrip,53.086877,-3.797174
GB-0827,West Tisted Airfield,51.0474,-1.0567
GB-0949,Tain Ultralight Airstrip,57.81513,-3.969569
GB-1245,RAF Alconbury,52.3744010925,-0.219722002745
IE-0044,Ballyvarry Airstrip,53.892707,-9.122479
IT-0515,Altavillafly Airfield,40.545833,15.101944
IT-0741,Sondalo Heliport,46.3335,10.33147
LB-0013,Unifil UNP 4-28 Helipad,33.279925,35.635942
LBSL,Sliven Barshen Airfield,42.645272,26.358791
LEBA,Córdoba Airport,37.841999,-4.84888
LECF,Calaf-Sallavinera Airfield,41.744202,1.55694
LFHI,Morestel Airfield,45.686905,5.452244
LFRW,Avranches Le Val-Saint-Père Airfield,48.662255,-1.403685
LFSL,Brive Souillac airport,45.039722,1.485556
LG55,Triodos Airfield,37.094387,21.990736
LIEE,Cagliari Elmas Airport,39.251499,9.05428
LKKR,Krnov Airfield,50.074407,17.695219
LKMB,Mladá Boleslav Airfield,50.3983,14.8983
LL1A,Hatzerim Northwest Airport,31.26070022583008,34.64039993286133
LOGH,Graz University Hospital Helipad,47.08059,15.46381
LPPA,Padre Américo Hospital Helipad,41.195833,-8.31
LV-0022,Lube Airfield,57.440644,22.58316
LY-0012,Zliten Commercial Airport,32.07887,14.30198
LY-0014,Ash Shwayrif Airport,29.92428,14.21152
MK-0021,Negotino Airfield,41.51788,22.088066
NO-0027,Torsnes Airfield,59.195728,11.063568
NO-0091,Hjerkinn flyplass,62.19536,9.63733
OEPA,Qaisumah–Hafar Al-Batin International Airport,28.335726,46.127108
OITH,Khaneh Airport,36.729096,45.158084
PL-0164,Sowiniec,52.237254,16.889057
PL-0170,Dębiczek Airstrip,52.267907,17.329428
PT-0159,Aerodromo de Alijó,41.327145,-7.457717
RS-0019,Bački Jarak Airfield,45.365223,19.887006
RU-0085,Dolgoshchelye Airfield,66.053492,43.424625
RU-0488,Belgorod-Severniy Airstrip,50.657376,36.529791
SA-0106,Deffi Park Heliport,27.14623,49.53431
SE-0117,Fridhem Farm Airstrip,55.42708,13.0087
SK-0055,Senné Airstrip,48.659681,22.0141099
TR-0235,Sarıçavuş Border Post Helipad,39.4234,44.405484
UA-0044,Sevastopol Naval Institute Helipad,44.61029815673828,33.47949981689453
BG-0013,Dve Mogili Airfield,43.606541,25.89069
BY-0017,Kokhanovichi Airfield,55.85734,28.09827
CY-0029,Karaman Heliport,35.310436,33.289049
CZ-0061,Teplice Airfield,50.620826,13.809772
CZ-0102,Záhoří,49.466389,17.665278
CZ-0231,Hubíles Airstrip,50.28667,15.8926
DE-0322,Musbach Airfield,48.5027,8.4786
DE-0436,Heimatshofen Private Airstrip UL,47.95773,11.82082
DE-0478,Teck Glider Field,48.608753,9.474184
DE-0485,Dresden Federal Police Heliport,51.133696,13.773546
DE-0534,Eduardus Hospital Heliport,50.93188,6.98074
DE-0535,Köln University Hospital Heliport,50.92398,6.91981
DE-0696,Main-Kinzig Hospital Schlüchtern Heliport,50.3547,9.52871
DE-0777,Torgau District Hospital Heliport,51.56142,12.98388
EDBA,Arnstadt-Alkersleben Airfield,50.841873,11.069934
EDHF,Itzehoe Hungriger Wolf Airfield,53.992009,9.576409
EDRJ,Saarlouis-Düren Airfield,49.3125,6.674444
EFPN,Punkaharju Airfield,61.728901,29.3936
EG-0047,Mount Attaka Heliport,29.96781,32.37697
EG-0055,EDC Heliport,28.6642,33.20473
EPPO,Poznań-Ławica Airport,52.421598,16.823359
ESVM,Skinnlanda Airfield,60.658798,13.7266
EYMM,Sasnava Airfield,54.66433,23.455279
FR-0222,Crs Alpes Heliport,45.65694427490234,6.376111030578613
FR-0305,Thorame-Haute Chamatte Altisurface,44.139721,6.548333
FR-0307,Thorame-Haute Les Serres Altisurface (2),44.115002,6.538611
FR-0345,Vouziers-Séchault Air Base,49.276839,4.754076
FR-0722,Channay-Rillé Airfield,47.461034,0.236731
FR-1065,ULM HIGHLANDER Airfield,49.121667,6.991667
FR-1105,Gardouch Airfield,43.401667,1.686389
GB-0025,Dorset Gliding Club (Eyres Field),50.708933,-2.219496
GB-0238,Wild Geese Skydive Centre,54.987625,-6.644028
GB-0291,Midlem Airstrip,55.540033,-2.74271
GB-0360,Brook Farm Airstrip,52.9192308,-1.7375729
GB-0624,Sparr Farm Airstrip,51.035749,-0.512273
GB-0830,Stockbridge Airstrip,50.6043,-1.2709
GB-0896,Wateringhill Farm Airstrip,52.51163,0.18349
GMTN,Sania Ramel Airport,35.594299,-5.32002
GR-0017,Kolchiko Airfield,40.745241,23.122964
GR-0052,Litochoro Airport,40.12212,22.53513
HL68,Bombah Airport,32.4529,23.118601
HR-0019,Novalja Seaplane Terminal,44.5527,14.8838
IT-0207,Pantalla Airfield,42.871082,12.384741
IT-0350,Fly and Go Airfield,41.344754,15.526474
IT-0400,Ali del Brenta Airfield,45.157127,12.110758
IT-0657,Favignana Heliport,37.914543,12.318392
IT-0755,Pontives Heliport,46.586877,11.630389
LBBO,Bohot Airfield,43.306875,24.691729
LDVA,Varaždin Airfield,46.294668,16.383222
LEHC,Huesca-Pirineos Airport,42.076099,-0.316667
LEMI,Region of Murcia International Airport,37.802852,-1.124884
LFAB,Dieppe-Saint-Aubin Airport,49.884662,1.08101
LKSO,Soběslav Airfield,49.2455,14.712993
LOBI,Mödling Hospital Heliport,48.089471,16.298242
LSZN,Hausen am Albis Airfield,47.238602,8.51556
LV-0037,Stari Airstrip,57.103284,26.733248
NL-0102,Logistiek Militair Complex Eygelshoven,50.9015,6.075
NO-0050,"Kinsarvik Heliport, Husemoen",60.361583,6.740877
NO-0117,Albuskjell F Platform,56.619999,3.0525
PT-0021,Benavente UL,38.914227,-8.786981
PT-0153,Quinta de Mata Mouros Heliport,37.179605,-8.452767
RO-0009,Charlie Bravo Șiria Airfield,46.26902,21.605301
RU-0134,Chizha Heliport,67.083295,44.363653
RU-0243,Ivanovo Yasyunikha Airfield,56.963853,41.072424
RU-9999,Rzhevka Airport,59.98,30.5856
SA-0082,Saudi Aramco Duba Heliport,27.32516,35.73634
SA-0100,Helicopter Emergency Landing Zone No. 2,28.159341,34.760506
SI-0013,Kaplja Vas ULM,46.242379,15.07335
UA-0097,Troits'ke Airstrip,47.6693733,30.2982862
UA-0130,Kurgannoye Airstrip,45.8541,33.7062
UG25,Telavi Kurdgelauri Airport,41.9534,45.507999
UKKO,Ozerne Air Base,50.158298,28.7383
BG-0090,Nikolovo Airfield,43.861685,26.1328
BISG,Steinasandur Airport,64.16547,-15.91334
BIVO,Vopnafjörður Airport,65.720596,-14.8506
CZ-0247,Hlaska Airfield,49.066944,14.241389
DE-0201,Vettweiß-Soller ULM,50.7475,6.566944
DE-0810,Schwäbisch Gmünd Army Airfield,48.8141,9.8039
DE-0844,Autobahn Police Ruchheim Heliport,49.47969,8.32379
DK-0062,Værløse Air Base,55.769501,12.3239
DZ-0050,Stah Airport,28.62995,9.85223
EDGP,Oppenheim Airfield,49.841667,8.376667
EFLR,Lapland Central Hospital Heliport,66.491914,25.778312
EGBE,Coventry Airport,52.369701,-1.47972
EGKG,Goodwood Racecourse Heliport,50.9006,-0.739722
EGPG,Cumbernauld Airport,55.974701,-3.97556
EGVH,Stirling Lines Heliport,52.080856,-2.798997
EHLJ,L10-L Heliport,53.41833,4.18361
EKSK,Skive HEMS Heliport,56.557277,8.975841
ENHT,Hattfjelldal Airfield,65.594704,13.9892
ENQV,Visund A Helipad,61.36972,2.45722
EPKX,Kokotowie LPR HEMS Heliport,50.022818,20.070335
ES-0154,Aeródromo de Piedrahita,40.479855,-5.360676
ESSF,Hultsfred Airport,57.525799,15.8233
ESVB,Bunge Airfield,57.849701,19.035
FR-0396,Centre Hospitalier de Rambouillet,48.651925,1.826976
FR-0543,Chenevières-Saint-Clément Air Base,48.5276,6.63592
FR-0636,Gurmençon Airfield,43.159722,-0.606667
FR-1100,Laon Hospital SAMU 15 Heliport,49.550248,3.596891
FR-1263,Broyes-lès-Pesmes Air Base,47.332932,5.513494
GB-0228,Redmoor Farm Airstrip,53.840335,-0.971795
GB-0476,Brookfield Farm Airstrip,53.428983,-0.347879
GB-0714,Gilrudding Grange Airstrip,53.8936,-1.0676
GB-0908,Tockwith Airfield / RAF Marston Moor,53.963351,-1.299203
GB-1322,Eskmeals Helipad,54.324442,-3.40932
GCRR,César Manrique-Lanzarote Airport,28.945499,-13.6052
HU-0015,Dáka Sport Airfield,47.271801,17.4105
IL-0021,Eilat Airport,29.559945,34.959612
IQ-0053,Tikrit South Airport,34.534641,43.677574
IQ-0065,Arbat Airport,35.399367,45.634088
IT-0113,Litorale di Caorle Airfield,45.611944,12.814722
IT-0122,Aerotre Airfield,40.449469,17.623654
IT-0144,Alla Colombara Airiield,45.752853,11.6925
IT-0406,Fly Synthesis Airfield,45.968667,13.23355
IT-0787,Fabbro Private Airstrip,44.79485,11.58911
IT-0918,Elisuperficie di Trappa Bagneri,45.571331,7.948388
LB-0003,Al Sahel Hospital Helipad,33.858218,35.503514
LEBU,Bustarviejo Heliport,40.856922,-3.742135
LFCM,Millau-Larzac Airfield,43.9893,3.183
LFMV,Avignon Caumont airport,43.907299,4.90183
LFQD,Arras-Roclincourt Airfield,50.323898,2.80278
LFQO,Marcq-en-Baroeul Airfield,50.687199,3.07556
LGKJ,Kastelorizo Airport,36.141701,29.576401
LHKH,Kiskunfélegyháza Airfield,46.733101,19.893299
NL-0022,Ziekenhuis Zeeuws-Vlaanderen. Locatie De Honte Heliport,51.30833435058594,3.862499952316284
RU-0247,Alferyevo Airfield,56.1,35.875
RU-10066,Borovichi Airfield,58.436001,33.889
SE-0020,Bänkås Hoppfält,62.389086,17.452807
UWGG,Nizhny Novgorod / Strigino International Airport,56.227351,43.785152
VIF,Vieste Heliport,41.866417,16.165116
AL-0007,Viva Heliport Baldushk,41.23048,19.80107
BE-0005,RAF Castle Camps,52.051389,0.378611
BE-0012,Céroux-Mousty Balloon Field,50.660241,4.513276
BG-0171,Cheshnegirovo Air Base,42.114101,24.992901
BIRL,Mývatn Airport,65.6558,-16.9181
CY-0041,RAF Dhekelia Airfield,34.994262,33.749133
CZ-0105,Rohozec Airfield,49.981944,15.392778
CZ-0203,Homolce Hospital Heliport,50.073731,14.354469
DE-0015,Dresden Friedrichstadt Hospital Heliport,51.058404,13.716061
DE-0090,Oberhinkofen Airfield,48.9517,12.1467
DE-0245,SRH Hospital Helipad,50.603,10.7104
DE-0615,Lakumed Hospital Landshut-Achdorf Heliport,48.52405,12.15101
DE-0768,KMG Hospital Luckenwalde Heliport,52.09918,13.18359
DE-0910,Rheinstetten Glider Field,48.9777,8.3425
DE-0916,Cologne Butzweilerhof Airport,50.984,6.887222
DE-0918,Sana Hospital Offenbach Heliport,50.093103,8.756274
DK-0002,Orø Airfield,55.78752,11.843064
EDJG,Grabenstätt Airfield,47.852757,12.55037
EDWQ,Ganderkesee Atlas Airfield,53.03611,8.505556
EFPK,Pieksämäki Airfield,62.264702,27.0028
EG-0006,Fayed Air Base,30.329104,32.266932
EGUW,Wattisham Airfield,52.127451,0.956189
EPNT,Nowy Targ Airfield,49.462797,20.050304
ES-0142,San Jeronimo Airfield,37.884932,-4.85157
ES-0320,Santa Eulalia Emergency Heliport,40.57215,-1.32151
FI-0012,Leivonmäki Airstrip,61.89421,26.18803
FR-0133,Renault Factory Douai Heliport,50.361621,3.036579
FR-0581,Villefranche de Panat SPB,44.099167,2.695278
FR-0613,Cestas Airfield,44.701944,-0.785278
FR-0660,Tieleman Aviation Airfield,45.288333,0.514167
FR-0922,La Boulouze Airfield,43.499167,1.018889
FR-1200,Maroilles DZ,50.130483,3.759277
GB-0284,Haxey Airstrip,53.4924766,-0.8143633
GB-0313,RAF Lichfield,52.716804,-1.784323
GB-1086,Royal Lancaster Infirmary Heliport,54.04201,-2.80081
IE-0062,Pallas West Airstrip,52.8601,-8.0498
IM-0004,Andreas-Ballavoddan House Airstrip,54.356006,-4.438477
IQ-0006,Amara New Air Base,31.81797218322754,47.07957077026367
IT-0002,Senigallia Nord Airfield,43.738267,13.183208
IT-0467,Campo di Volo Pontinia Eagles,41.372995,13.136783
IT-0903,Elisuperficie privata aziendale,45.727259,8.492142
KW-0017,Sabiya Thermal Power Plant Heliport (Central),29.5685,48.16807
LEIU,Iurreta Heliport,43.18190002441406,-2.646389961242676
LFMQ,Le Castellet Airport,43.252499,5.78519
LFNW,Puivert Airfield,42.9114,2.05611
LHKI,Kiskőrös-Akasztó Airfield,46.656791,19.242997
LHVE,Veresegyház Airfield,47.638107,19.255007
LKJI,Jihlava Airfield,49.419399,15.6353
LKLK,Kbely Heliport,50.13361,14.536698
LOIC,Sankt Anton am Arlberg Heliport,47.119621,10.240524
LOJC,Reith bei Kitzbühel ÖAMTC Heliport,47.48886,12.36512
LPMU,Mogadouro Airfield,41.3963,-6.68348
LRBM,Maramureș International Airport,47.658444,23.464445
NO-0077,Gairasmoen Airstrip,69.958841,24.963589
OKAJ,Ahmed Al Jaber Air Base,28.9347991943,47.7919006348
RU-0180,Alyye Parusa Helipad,55.80670166015625,37.449501037597656
RU-0268,Ogaryovo Heliport,55.740609,37.208657
RU-10114,Yamnoye Heliport,51.792439,39.141417
RU-5376,Smuravyovo Air Base,58.814999,28.0133
UA-0153,State House #9 (Oliva) Heliport,44.4074,33.8539
UGSA,Natakhtari Airfield,41.921198,44.714186
URMG,Akhmat Kadyrov Grozny International Airport,43.388106,45.699772
BY-9939,Parakhonsk Airfield,52.214531,26.425787
CZ-0151,Baška,49.643056,18.351667
CZ-0188,Vyskeř UL,50.53714,15.15714
CZ-0248,Krpy Airfield,50.325921,14.665533
DE-0120,Steinberg at Wessein Airfield,52.0838,10.018
DE-0122,Bollrich Airfield,51.9058,10.4619
DE-0316,Malsch Airfield,49.2375,8.6783
DE-0390,Dorstadt Ultralight Airfield,52.099876,10.550802
DE-0437,Luftrettungszentrum Bielefeld,51.982693,8.528706
DE-0811,Hegau-Jugendwerk Neurological Hospital Heliport,47.69144,8.76817
DZ-0043,Rekiule Airport,27.893493,9.147415
EDMH,Gunzenhausen-Reutberg Airfield,49.112226,10.782165
EDQM,Hof-Plauen Airport,50.288544,11.852876
EFHV,Hyvinkää Airfield,60.6544,24.8811
EFPE,Peijaksen Hospital Heliport,60.331112,25.060833
EG-0080,El Alamein Heliport,30.842918,28.944109
EGFE,Haverfordwest Airport,51.833099365234375,-4.9611101150512695
EGMF,Farthing Corner / Stoneacre Farm Airfield,51.332788,0.601058
EGWE,RAF Henlow,52.0182,-0.30385
EHAK,A12-CPP Platform Helipad,55.399167,3.810278
ENAX,"Ålesund Heliport, Hospital",62.462942,6.312435
ES-0091,Base de Bomberos del Amogable,41.861768,-2.949889
ES-0291,Las Rozas Firefighting Heliport,40.520209,-3.882832
FR-0007,Louis Pasteur Colmar Hospital Heliport,48.073861,7.338105
FR-0011,Bayonne Centre Hospitalier De La Côte Basque Heliport,43.482515,-1.479968
FR-0079,François Quesnay Hospital Heliport,48.999036,1.674934
FR-0334,Verneuil en Bourbonnais,46.359444,3.268056
FR-0661,Graissac le Faula Airfield,44.770833,2.788611
FR-0893,Montréal du Gers Airfield,43.943611,0.191944
FR-1186,Rubrouck DZ,50.834314,2.354089
GB-0128,RAF Bottisham,52.2138,0.2571
GB-0234,Laddingford Aerodrome,51.1914,0.411277
GB-0275,Lydeway Field,51.33096,-1.928939
GB-0780,Nut Tree Farm Airstrip,52.447065,1.300228
GB-0782,East Haxted Farm Airfield,51.187844,0.047035
GB-0964,Ponton-Heath-Farm Airstrip,52.859217,-0.657898
GB-1259,RAF Manby,53.358715,0.082845
GB-1277,Lundy Island Airfield,51.170505,-4.670758
GB-1350,Old Meldrum,57.39204,-2.385107
GCPU,Puntagorda Heliport,28.77882,-17.9957
GE-0030,Camp Arkhispiri Heliport,42.15318,44.17262
HLSA,Sarir (C-4) Airport,27.662399291992188,22.50860023498535
IE-0066,Skellig Michael Heliport,51.77029,-10.53799
IT-0418,Marradi Fire Brigade Helipad,44.089273,11.634656
IT-0489,Pellicano Airfield,44.847222,7.562222
KW-0031,KIPCO Tower Heliport,29.37594,47.98712
LBGI,Gorski Izvor Airstrip,42.035833,25.408333
LFDE,Aérodrome d'Égletons,45.421398,2.06889
LIDB,Belluno Arturo dell'Oro Airport,46.166549,12.250389
LILO,Caiolo Sondrio Airfield,46.154448,9.79507
LV-0008,Ragana Airstrip,57.20293,24.75348
LY-0019,Tripoli International Airport,32.663502,13.159
LYPA,Pančevo Airfield,44.9,20.641002
LYSU,Subotica / Bikovo Sport Aerodrome,46.022837,19.706454
NO-0042,Rompene Airfield,60.928665,5.160522
NO-0096,"Sola Sjø, Sømmevågen",58.89914,5.63323
PL-0121,Rzepin Airstrip,52.3221807,14.810701
PL-0144,Więckowy Airstrip,54.062273,18.367292
PL-0220,Aircraft Emergency Heliport,52.561534,19.71317
PT-0051,Lamego Hospital Heliport,41.082095,-7.796558
PT-0089,Pista de Campo Maior,39.027327,-7.130663
RO-0067,Remetea Airifeld,46.819232,25.412293
RU-0043,Mius Airport,54.958332,43.311668
RU-0292,Yuryevets Airport,57.3373,43.0966
RU-0498,Luga Bereg Airstrip,58.672416,29.961654
RU-10006,Salmi Air Base,61.321701049805,32.00830078125
SK-0070,Mokraď Airstrip,49.096416,19.733499
TR-0030,Pınarhisar Airport,41.634998,27.492399
TR-0071,Adana City Training and Research Hospital,37.0299,35.34716
UA-0053,Palmira Airfield,49.763,32.123
UA-0077,Aerodrom Krupske,49.451556,24.043866
UWLS,Soldatskaya Tashla Airfield,54.015284,48.306026
BG-0103,Lovets Cropduster Strip,42.2796,25.59664
BY-0047,Kobryn Airbase,52.23833,24.346667
CY-0048,Dhekelia Station Sports Fields Helipad,34.982185,33.720534
CZ-0122,Chotěnov Airstrip,49.824177,16.194713
CZ-0156,Moravský Beroun,49.786111,17.486111
DE-0040,Zierenberg Airfield,51.367,9.336
DE-0308,Hornberg Airfield,48.7458,9.8615
DE-0480,Sollach Airstrip,47.9062,11.76946
DE-0517,Würzburg University Hospital Straubmühlweg Heliport,49.80971,9.95594
DE-0663,Altötting-Burghausen District Hospital Burghausen Heliport,48.167201,12.84225
DE-0865,Neustadt Hospital Heliport,49.58199,10.62407
DZ-0013,Reggane Airport,26.91535,0.07195
EDOU,Weimar-Umpferstedt Airfield,50.965085,11.399796
EDRY,Speyer Airfield,49.304722,8.451389
EFHE,Hernesaari Heliport,60.147778,24.924444
EG-0057,Wadi Firan Airport,28.675985,33.358955
EGEZ,Nesscliffe Camp Helipad,52.757778,-2.9275
EGMD,Lydd London Ashford Airport,50.956246,0.939074
EGPN,Dundee Airport,56.452499,-3.02583
EHKJ,L4-A Heliport,53.72444,4.0975
EHQD,Helder-A Heliport,52.92028,4.09806
EKRD,Randers Airfield,56.506599,10.0364
ESEG,Vassara River Heliport,67.136563,20.633655
ESHJ,Ryhov Hospital Heliport,57.764804,14.194543
ETAR,Ramstein Air Base,49.436901,7.60028
ETIY,Landstuhl Regional Medical Center Heliport,49.402481,7.558588
EVIA,Cīrava Airfield,56.738062,21.359786
FR-0403,Sauveterre Airfield,43.47417,0.078181
FR-0823,Canterrane Airfield,42.596944,2.735278
FR-0836,Saint-Gal-sur-Sioule Les Tabarias Airfield,46.111066,2.991069
FR-1264,Lure Malbouhans Air Base,47.7047,6.54583
GB-0044,Lower Upham Farm Aerodrome,51.496695,-1.712708
GB-0166,Glassonby Airfield,54.737994,-2.651861
GB-0414,RAF Weston-on-the-Green,51.878712,-1.218775
GB-0658,Norfolk and Norwich University Hospital Helipad,52.619178,1.220813
GB-0692,Manor Farm Airstrip,52.715343,-0.402031
GB-0697,Green Acres Airstrip,52.2136,-3.0696
GB-0811,South Longwood Farm Airstrip,51.0189,-1.2641
GB-1072,Oban Bay Helipad,56.411581,-5.482437
HLZN,Alzintan Airport,31.774878,12.25006
IQ-0062,Umm Qasr Naval Base Heliport,30.01682,47.94933
IT-0033,Castel Gandolfo Heliport,41.732928,12.658055
IT-0149,Le Tartarughe Volanti Airfield,45.609722,9.486667
IT-0303,La Fattoria Airfield,45.291762,12.075799
IT-0719,Campo di Volo Niscemi Parisi (CLNIS),37.163224,14.445664
IT-0842,Elisuperficie St. Pierre,45.704965,7.219713
JO-0010,Prince Hamza Hospital Heliport,31.98392,35.93903
KW-0029,Al Sabah Hospital Heliport,29.32085,47.90525
KW-0039,Farwaniya Hospital Helistop,29.271389,47.902984
LDOV,Vinkovci Sopot Airfield,45.251099,18.759199
LDRI,Rijeka Airport,45.216376,14.57085
LEOR,Parque De Bomberos De Orriols Heliport,42.13219833374024,2.9038898944854736
LFKA,Albertville General Pierre Delachenal Airfield,45.626044,6.328125
LIKC,Valli del Noce Hospital Helipad,46.360608,11.033396
LODL,Business Center Leitner Heliport,46.968071,15.800702
LPEM,EMFA Heliport,38.738453,-9.21507
LYSP,Smederevska Palanka / Rudine Airfield,44.351474,20.959996
NO-0106,Borgund heliport,61.05802,7.81709
PT-0046,Pernes Heliport,39.376207,-8.661629
RO-0015,Siliștea Gumești Air Base,44.37297,24.985914
RO-0038,Constanța Naval Heliport,44.15778,28.66116
RU-0367,Beloomut Airfield,54.9521,39.296583
RU-0383,Kuznetsk Airport,53.098095652,46.5904426575
RU-0505,Gorokhovets Airport,56.180573,42.668519
RU-0892,Lebedovo Air Base,51.28329849243164,46.25
RU-10091,Aborino Heliport,55.855923,38.271471
SA-0086,Tiran Island Airfield,27.94323,34.59492
SE-0102,Boden Army Air Base,65.810302734375,21.691299438477
SI-0021,Cerknica-Marof Airfield,45.777647,14.388172
SK-0001,Dobra Niva airfield,48.488716,19.101749
XK-0007,Gjilan Regional Hospital Heliport,42.45883,21.46207
CY-0059,Princess Mary Hospital Helipad,34.570436,32.938128
CY-0063,Akamas Fire Lookout Helipad,35.026182,32.328702
CY-0074,A6 Tunnel Western Entrance Helipad,34.69534,32.832664
DABS,Cheikh Larbi Tébessi Airport,35.4315986633,8.12071990967
DABT,Batna Mostefa Ben Boulaid Airport,35.752102,6.30859
DE-0263,Kirn Airfield,49.773,7.5217
DE-0424,Meyenburg Cropduster Airstrip,53.3101318,12.2514551
DE-0522,Kassel  Mittelfeld,51.33505,9.484347
DE-0554,Buttstädt Heliport,51.11052,11.32703
DE-0571,Westallgäu Clinic Wangen Heliport,47.69569,9.84637
DE-0649,DRF Air Rescue Station Villingen-Schwenningen Heliport (Christoph 11),48.06631,8.50103
DE-0834,Leipzig Police Academy Heliport,51.37804,12.38731
EDCH,Sprossen (Zeitz) Airfield,51.043407,12.231895
EDOH,Langhennersdorf Airfield,50.948334,13.261667
EDRT,Trier-Föhren Airfield,49.863888,6.7875
EDXL,Barßel Airfield,53.164444,7.793889
EGPU,Tiree Airport,56.499199,-6.86917
EGXE,RAF Leeming,54.297191,-1.538944
EHHE,Eemshaven Heliport,53.460833,6.814329
ENQC,Troll C FPU,60.885799,3.60972
ENQD,Brage A Platform,60.541901,3.04583
ENXA,Ekofisk A Platform,56.520301818847656,3.221390008926392
EPGM,Giżycko-Mazury Residence,54.00645,21.81824
EPMR,Mirosławice Private Airfield,50.957802,16.7703
ES-0237,Estepona Airfield,36.495633,-5.17816
ES-0251,Pueblonuevo de Miramontes Airstrip,40.059082,-5.363341
ES-0273,San Fernando Helicopter Base,36.441879,-6.221244
FR-0241,Remontées Mécaniques Heliport,46.14860916137695,6.581943988800049
FR-0377,Laon-Couvron Air Base,49.63048,3.54344
FR-0627,Saint Jean de Duras Airfield,44.708056,0.296944
FR-0739,Villemoutier Airfield,47.970278,2.573611
FR-0833,Sud-Ouest  Aéro-Loisirs Airfield,45.440556,1.226944
GB-0171,Plumpton Airstrip,54.760444,-2.793339
GB-0295,Ranston Farm Airstrip,50.915376,-2.184233
GB-0445,Park Hall Airstrip,52.9824,-1.37108
GB-0604,RAF Tuddenham,52.317637,0.573844
GB-0736,Warrington Airstrip,53.409877,-2.509024
GB-0946,Tilney-St-Lawrence Airstrip,52.70379,0.31321
GB-1305,Cumbrae Helipad,55.746395,-4.939486
GCLP,Gran Canaria Airport,27.9319,-15.3866
HESX,Sphinx International Airport,30.108179,30.895728
IE-0013,Ashfield - Russell's field UL,54.989617,-7.738113
IQ-0037,Qayyarah South Airport,35.75707244873047,43.26463317871094
IT-0247,Ali sul Castello Airfield,41.063481,16.280887
IT-0294,Aviosuperficie di Lonato,45.394566,10.566931
IT-0348,Aviosuperficie Cà Lunga,44.520924,8.188011
IT-0704,Protezione Civile Valtrigno,41.86637,14.53371
IT-0722,Campo Volo Costa D'argento,42.430624,11.190423
KW-0024,Sief Palace Heliport 1,29.383658,47.973167
LBHT,Ihtiman Airfield,42.42189,23.767221
LEBC,Costa Brava-Centro Heliport,41.806959,3.036451
LFJV,Aérodrome de Lasclaveries,43.425278,-0.286944
LFSY,Cessey-Baigneux-les-Juffs Airfield,47.609375,4.618199
LICA,Lamezia Terme Sant'Eufemia International Airport,38.906214,16.246007
LIPO,Brescia Gabriele d'Annunzio Airport,45.428902,10.3306
LSPH,Winterthur Airfield,47.514999,8.77194
LTCV,Şırnak Şerafettin Elçi Airport,37.3647,42.0582
LV-0015,Madliena Airfield,56.792113,25.123042
NL-0061,Maaldrift Airfield,52.151111,4.427222
OERM,Ras Mishab Airport,28.079599,48.611
OIAJ,Omidiyeh Airport,30.835199,49.534901
PL-0064,Weremień Airfield,49.446505,22.319455
PL-0112,Pawłowiczki Airfield,50.244634,18.023596
RO-0014,Alexeni Airfield,44.709778,26.721411
RO-0139,Sarata Airfield,46.531054,26.892739
RO-0162,Pașcani Emergency Hospital Helipad,47.243202,26.724592
RU-0024,Krasnaya Polyana Heliport,43.6765319836,40.2066349983
RU-0041,Taly Ruchey Air Base,66.889999,33.883301
RU-0934,Bolgar Heliport,54.975023,49.050184
RU-8709,Dorokhovo Air Base,57.724998,36.651699
SA-0081,Al Batin Airport,27.954643,45.557256
TR-0101,Borderpost Helipad,36.464096,36.542735
TR-0182,Denizli Regional Directorate of Forestry Helicopter Heliport,37.734549,29.090766
TR-0227,Tarlabaşı Border Post Helipad,39.755485,44.545165
TR-0255,Kaşım Border Post Helipad,39.081618,44.151245
UA-9862,Donetsk Sergei Prokofiev International Airport,48.075072,37.72527
UA-9879,Dmitrovka Airfield,46.839552,36.587008
URRT,Taganrog Yuzhny Airport,47.1983333,38.8491667
UWSK,Krasny Kut Airport,50.955458,46.949901
AT-0003,Bad Tatzmannsdorf PVA Hospital Helipad,47.33072,16.22207
BG-0085,Kubrat Airstrip,43.787162,26.515642
BG-0086,Vabel Airstrip,43.664115,24.913237
CZ-0144,Velešín Airport,48.826348,14.449275
DA11,Hamaguir Airport,30.879,-3.06775
DE-0288,Haiterbach-Nagold Glider Field,48.531389,8.675278
DE-0563,Asklepios Clinic Langen Heliport,49.99727,8.68459
DE-0620,Kulmbach Hospital Heliport,50.11744,11.46655
DE-0682,Fürth Hospital Heliport,49.48428,10.97486
DE-0691,Kitzingen Hospital Heliport,49.74428,10.13679
EBSH,Saint Hubert Airfield,50.0359,5.40425
EDOQ,Oschatz Airfield,51.296772,13.078687
EFKI,Kajaani Airport,64.2855,27.6924
EFLA,Lahti Vesivehmaa Airfield,61.144199,25.693501
EGLT,Ascot Racecourse Heliport,51.421599,-0.6598
EHAD,Ameland Heliport,53.450925,5.682351
EKKL,Kalundborg Airfield,55.700011,11.250095
ES-0003,Banco de España Helipad,40.4179131733,-3.69491994381
ES-0019,Campo de Aviación de Ablitas,42.003278,-1.620316
EVKA,Jēkabpils Air Base,56.534698,25.8925
EYMA,Mazeikiai / J.Kumpikeviciaus Airfield,56.230598,22.259399
FR-0086,René Dubos Hospital Heliport,49.066825,2.096429
FR-0122,Renneville Heliport,43.3738899230957,1.7255560159683228
FR-0828,Troches-Pompadour Airfield,45.408056,1.420278
FR-0994,Gajoubert Airfield,46.122222,0.858056
GB-0358,Springfield Farm Airstrip,52.14962,-1.617233
GB-0567,RAF Stanton Harcourt Air Base,51.7462103,-1.4014872
GB-0966,Nairns Mains Airstrip,55.937592,-2.849793
GB-1174,Hamble Airfield,50.86807,-1.32118
GE-0035,Camp Balaani Heliport,42.34201,44.47185
HR-0027,Poreč-Škagacer Airfield,45.21641,13.60922
IE-0016,Drumavish Airstrip,54.78812,-7.724356
IE-0065,Tobertaskin Airstrip,53.60988,-6.26595
IL-0008,Ein Vered Airfield,32.2636,34.9511
IT-0312,San Terenziano Airfield,42.85723,12.473179
IT-0837,Helipad Monte Bianco Tunnel,45.817143,6.951256
JO-0003,Al Jafr 2 Air Base,30.01919937133789,36.12590026855469
LB-0011,Unifil UNP 9-15 Helipad,33.278784,35.548145
LEHH,Henares Hospital Heliport,40.419524,-3.532319
LERI,Alcantarilla Air Base,37.951099,-1.23032
LFMW,Aérodrome de Castelnaudary-Villeneuve,43.312199,1.92111
LGAD,Andravida Air Base,37.9207,21.292601
LIDA,Asiago Romeo Sartori Airfield,45.886155,11.515861
LIPM,Modena-Marzaglia Airfield,44.631389,10.808611
LOGK,Kapfenberg Airfield,47.457544,15.331125
LOIM,Langkampfen - Au Heliport,47.565828,12.135453
LPGO,Almada Hospital Heliport,38.675075,-9.177355
LSXO,Sankt Gallen-Winkeln Heliport,47.405528,9.290367
MK-0015,Former Skopje Airport,41.98923,21.4772
NL-0037,Venlo Glidersite,51.363056,6.216111
NL-0101,Dohler Roggel Helipad,51.2782,5.92096
OIHM,Malayer Airport,34.28333282470703,48.81666564941406
PL-0068,Krzywa Air Base,51.310001373291016,15.725000381469728
PL-0085,Stara Wieś Field,49.722995,22.025378
PT-0149,Fátima Fire Brigade Heliport,39.62688,-8.68449
RO-0127,Military Unit Multinational Division South East (MNDSE) Heliport,44.408229,26.049668
RU-0255,Emergency Medicine Research Institute Helipad,55.7763618236,37.6385325193
RU-0414,Borshchovo Airstrip,58.8422192647,30.378742218
RU-0723,Novokemskii Airstrip,60.33815,37.24933
RU-10055,Staraya Russa Air Base,57.961399,31.384399
RU-9561,Medyn-Aduyevo Air Base,55.003299713134766,35.994998931884766
SA-0104,Ras Al Khayr Emergency Heliport,27.495983,49.118295
SE-0048,Duvhed flygfält UL,57.443448,12.164868
SE-0078,Göviken Heliport,63.19274,14.63098
SY-0020,Abu Hajar Rumeilan,36.898207,41.997737
TR-0022,Eskişehir Kalkanlı Air Base,39.63469696044922,30.740367889404297
TR-0109,Sugediği Border Post Helipad,36.762655,36.609166
TR-0260,Kel Dagi Helipad,35.950062,35.969099
TR-0274,NATO Land Allied Command Radio Station Helipad,38.40407,27.17518
UA-0033,Kiliya Airport,45.458866,29.287591
UA-0182,Vil'nyanka Airfield,47.966307,35.390482
UK61,Jagellon Airfield,49.7379,23.6689
BG-0126,Padarsko Airstrip,42.36673,24.8515
BG-0127,Brest Airstrip,43.65949,24.59856
CH-0013,Zürich Waid City Hospital Heliport,47.398104,8.521438
CZ-0063,Kotvrdovice Airfield,49.363986,16.784899
DE-0220,Stillberghof Airfield,48.7309,10.834
EGBS,Shobdon Airfield,52.241699,-2.88111
EGPD,Aberdeen International Airport,57.2019,-2.19778
EHDL,Deelen Air Base,52.0606,5.87306
ENUE,Njord B Helideck,64.271111,7.201389
ES-0137,Urda Agricultural Airstrip,39.405432,-3.829932
ES-0228,Cortijo Grande,37.1351217,-1.9360369
ES-0245,Los Yébenes Airstrip,39.509499,-4.025966
ES-0303,Parc Taulí Heliport,41.55803,2.10875
ES-0347,Castejón de Sos field,42.52247,0.48111
ESEY,Lycksele Hospital Heliport,64.585356,18.681019
ESKD,Dala Järna Airfield,60.556099,14.3771
ETHF,Fritzlar Army Airfield,51.1146,9.286
FR-0470,Albé-Val de Villé Airfield,48.349158,7.330171
FR-0602,Eyrignac Airfield,44.943056,1.311944
FR-0812,Saint Drézéry Airfield,43.736944,3.960278
FR-0832,Savignoux Airfield,45.0125,1.781944
FR-1169,Beuvry,50.463781,3.26678
GB-0005,Kirkbride Airfield,54.882099,-3.204731
GB-0069,Egerton Airfield,51.188302,0.684844
GB-0074,RAF Bottesford,52.963904,-0.779926
GB-0332,Bowerchalke Airfield,50.983648,-1.991682
GB-1049,York Racecourse Balloonport,53.94787,-1.09914
GCLA,La Palma Airport,28.626499,-17.7556
GE-0033,Camp Orchosan Heliport,42.05813,44.3294
GR-0016,Dounis Airfield,38.02401,23.30371
HU-0032,Mezőhegyes,46.296989,20.813389
HU-0064,Halászi Airstrip,47.89016,17.34828
IE-0005,Eyne Airfield,53.082764,-7.277601
IT-0425,Aeroteam Airfield,45.436236,8.577373
IT-0836,Val Veny Helicopter Landing Site,45.799397,6.922695
LBRS,Ruse Airport,43.694801,26.0567
LEER,La Cabrera Heliport,40.855353,-3.617942
LFBR,Aérodrome de Muret - Lherm,43.448898,1.26333
LFDM,Marmande – Virazeil Airfield,44.499049,0.200511
LFDT,Aérodrome de Tarbes Laloubère,43.215269,0.077304
LFFK,Fontenay Le Comte Airfield,46.441399,-0.792778
LFNJ,Aspres-sur-Buëch Airfield,44.517458,5.735743
LFOK,Chalons Vatry airport,48.77333,4.20611
LHSY,Szombathely Airfield,47.279999,16.6264
LICC,Catania-Fontanarossa Airport,37.466801,15.0664
LIRV,Viterbo Airport,42.435297,12.061362
LJSK,Slovenske Konjice Airfield,46.31033,15.492024
LLHD,Hadassah Ein Kerem Heliport,31.7644444,35.1472222
LV-0029,Stalbe Airfield,57.380083,25.011103
MK-0013,Mirče Acev Military Barracks Heliport,41.358554,21.561165
NL-0117,Gidding Groep Helipad,51.9357,5.872
OSDI,Damascus International Airport,33.4114990234375,36.51559829711914
PL-0252,Polanica-Zdrój Specialty Medical Center Heliport,50.40719,16.50125
PT-0061,Pista da Herdade da Barrosinha,38.346941,-8.442607
RO-0006,Sânpetru-Brașov Aerodrome,45.721036,25.633707
RO-0040,Năvodari Heliport,44.328998,28.656954
RO-0110,Pipera Airfield,44.47989,26.11666
RO-0151,Călărași Utility Aviation Helipad,44.209623,27.336516
RU-0065,Pribylovo Naval Air Base,60.458332,28.746668
RU-0514,Orlovka Airfield,56.143813,34.988268
TR-0121,Dogan Border Post Helipad,36.669873,37.482378
UA-9885,Botiyevska Wind Power Heliport,46.6273,35.736362
UG22,Tbilisi Marneuli Air Base,41.459202,44.783199
AT-0071,Sankt Vinzenz Hospital Helistop,47.16131,10.593883
BE-0089,ERQUELINNES DZ,50.292177,4.151947
BG-0024,Krivnya Agricultural Airfield,43.66307,26.422251
CZ-0027,Bulovka Heliport,50.116234,14.462503
CZ-0289,Vlastibořice Airstrip,50.61929,15.03542
DA16,Tindouf East Airport,27.585899,-7.50011
DE-0342,Sulz am Neckar UL,48.34487,8.636649
DE-0476,Garmisch-Partenkirchen Clinic Heliport,47.484399,11.129059
DE-0670,Schrobenhausen District Hospital Heliport,48.5722,11.26313
DE-0737,Schotten Heliport,50.50725,9.10638
DE-0766,AMEOS Hospital Aschersleben Heliport,51.74479,11.45676
DE-0875,Cottbus-Drewitz Airport,51.889442,14.531944
DE-0926,Helwin A,54.451897,7.740036
EDEP,Heppenheim Glider Field,49.621944,8.624444
EETN,Lennart Meri Tallinn Airport,59.413246,24.83264
EH58,Brunssum Joint Force Command Heliport,50.9437,6.0052
EHGQ,G17D-A,54.04917,5.43194
EHSC,Lichteiland Goeree Heliport,51.925,3.67
EKTB,Boðanes Heliport,62.021684,-6.757452
ELNT,Wiltz-Noertrange Airfield,49.981098,5.91778
ENGK,"Arendal Airfield, Gullknapp",58.516701,8.7
ENNM,Namsos Airport,64.472198,11.5786
ENOV,"Ørsta-Volda Airport, Hovden",62.180000305176,6.0741000175476
ES-0034,AeroNiebla,37.349722,-6.683889
ES-0105,Lumbier Airfield,42.664762,-1.304036
ES-0249,Beuda Besalu Private Airstrip,42.2114675,2.7092805
ESKT,Tierp Airfield,60.350351,17.418652
ETNG,Geilenkirchen Air Base,50.9608,6.04242
FR-0468,"Altisurface du Glacier du Passon ""du haut""",45.98044,6.979303
FR-0471,Salmbach Ultralight Airfield,48.967949,8.070563
FR-0482,Villa Salmanazar Helipad,43.20087,6.6593
FR-0765,Fontarce Airfield,48.130358,4.599342
FR-1067,Lammerville Airfield,49.805556,0.973333
FR-1198,Pitgam DZ,50.925917,2.329702
FR-1203,Carrière de Houlle DZ,50.781927,2.135983
GB-0344,Wythenshawe Hospital Helipad,53.388414,-2.289633
GB-0614,Ringmer Glider Field,50.907978,0.105314
GB-0756,Cheddington Airstrip,51.8328,-0.6704
GB-1132,RAF Sutton Bridge,52.75221,0.19267
GB-1334,RAF Long Kesh,54.490669,-6.103835
GB-1347,Samlesbury Aerodrome,53.773281,-2.569377
GR-0063,Superior Air Santorini Helipad,36.372263,25.426028
GR-0108,Sani Resort Helicopter Landing Spot,40.100461,23.310443
HR-0039,Firule Heliport,43.502799,16.462942
IE-0055,Knocksedan Heliport,53.4543,-6.2656
IL-0005,Palmahim South Airstrip,31.8692,34.6907
LEBS,Can Bonastre Wine Resort Heliport,41.507695,1.787712
LEHU,Oviedo Hospital Heliport,43.37721,-5.82638
LFDI,Libourne-Artigues-de-Lussac Airfield,44.98347,-0.138359
LFEY,Île d'Yeu Airport,46.717641,-2.392544
LFFC,Mantes-Chérence Airfield,49.078814,1.68829
LFFG,La Ferté-Gaucher Airfield,48.757019,3.278098
LFQA,Reims-Prunay Airfield,49.208698,4.15658
LIAL,Sant'Illuminato Airfield,43.354901,12.21807
LOGM,Mariazell Airfield,47.789733,15.300333
LSZL,Locarno Airport,46.162535,8.878908
LV-0047,Zaicevas Airstrip,57.468352,27.508881
NO-0126,Værøy STOLport,67.68920135498,12.680000305176
NO-0129,Petrojarl Knarr Helideck,61.781944,2.831944
OS70,Al Qusayr Air Base,34.56909942626953,36.57279968261719
PL-0132,Zyzdrojowa Wola,53.657473,21.277417
PL-0228,Kłodzko District Hospital Heliport,50.45575,16.66357
PT-0027,Arraiolos Ultralight Airfield,38.702191,-8.013582
RU-0218,Bolshoye Gryzlovo Airfield,54.785,37.645
RU-0232,Bezhitsa Airfield,53.338657,34.23419
RU-0436,Afipsky Airfield,44.8544,38.8224
RU-0447,Seredka Airfield,58.142135,28.203349
RU-0501,Bogoslovo Airport,56.192328,40.31477
SK-0010,Trnava-Kopánka Airfield,48.4,17.611667
TR-0004,Temelli Air Base,39.73885726928711,32.378639221191406
TR-0034,THK İnönü Airfield,39.82181,30.11727
TR-0124,Bohsin Borderpost Helipad,36.221112,36.38913
TR-0282,Istanbul Aviation Pamukova Airfield,40.487089,30.169232
UUEM,Migalovo Air Base,56.82469940185547,35.7577018737793
CH-0044,Hasenstrick Airfield,47.279999,8.88194
CZ-0098,Ostrov Airfield,50.336285,12.969146
DAFH,Hassi R'Mel Airport,32.930401,3.31154
DE-0135,Amöneburg Airfield,50.78985,8.90635
DE-0189,Langenfeld-Wiescheid Airfield,51.1409,6.9849
DE-0255,Erpetshof UL,49.657417,12.293667
DE-0576,Düsseldorf University Hospital Heliport,51.19524,6.78924
DE-0807,Störmede Air Base,51.61574,8.46649
DK-0056,Skalmstrup Airfield,56.54294,10.19801
EDAR,Pirna-Pratzschwitz Airfield,50.979603,13.908445
EDFK,Bad Kissingen Airfield,50.210556,10.068889
EDWX,Westerstede-Felde Airfield,53.288612,7.930556
EGFD,Llanbedr Airfield,52.811699,-4.12358
ENEG,"Hønefoss Airfield, Eggemoen",60.214672,10.318737
ENFA,Flatval Airfield,63.7006,8.76057
ENXB,Eldfisk B Platform,56.41859817504883,3.216939926147461
ES-0160,Campo de Vuelo Yecla,38.58759,-1.105
ES-0203,Aeródromo Lanzahita UL,40.186112,-4.946256
ESNK,Kramfors-Sollefteå Höga Kusten Airport,63.048599,17.7689
ESSG,Ludvika Airfield,60.088299,15.0964
FR-0072,Hostellerie Briqueterie Heliport,49.00763,3.90595
FR-0083,Robert Ballanger Intercommunal Hospital Heliport,48.95461,2.521094
FR-0198,Nord Heliport,43.38055419921875,5.364999771118164
FR-0289,La Serre d'Aulon Altiport,42.836109,0.272222
FR-0353,Val de l'Ailette Airfield,49.568056,3.225278
FR-1242,Damblain Air Base,48.0863,5.66406
GB-0119,RAF Bircham Newton,52.875,0.657
GB-0197,Park Farm Airstrip,51.882421,-0.608161
GB-0466,Hertfordshire Microlight Club London Colney Airstrip,51.7056,-0.274931
GB-0491,Dunnamanagh Airstrip,54.889695,-7.266047
GB-0547,Pear Tree Farm Airstrip,53.279333,-2.297641
GB-1076,Heriot private airstrip (closed),55.765833,-2.960621
GB-1079,Rands Farm Airstrip,52.02937,0.92903
GB-1100,Eilean Righ Helipad,56.154651,-5.542767
GB-1138,Glen Quoich Estate,57.112565,-5.272062
GB-1269,Bicester Airfield,51.916698,-1.13194
GB-1337,RAF Woodhall Spa,53.131667,-0.18444
HEMM,Mersa Matruh International Airport,31.324313,27.22227
HR-0012,Dubrovnik General Hospital Helipad,42.646146,18.07784
IE-0017,Coulters Airstrip,54.82439,-7.62959
IT-0508,Gsiesertal / Valle di Casies,46.7657842,12.1556392
IT-0700,Poliambulatorio di Ladispoli Helipad,41.96867,12.08137
IT-0744,Palmanova Hospital Heliport,45.90961,13.33654
KW-0025,Al-Amin Hospital Heliport,29.38805,47.98927
LB-0025,Unifil UNP 6-50 Helipad,33.062557,35.402343
LBBG,Burgas Airport,42.569917,27.515173
LTAC,Esenboğa International Airport,40.128101,32.995098
LTBJ,Adnan Menderes International Airport,38.2924,27.157
LTBN,Kütahya Airport,39.426701,30.016899
MA-0019,MERZOUGA Field,31.12961,-4.03169
NO-0056,Stryn Heliport,61.899094,6.619118
PL-0266,Iwonicz Airfield,49.658461,21.8155
PL-0267,Biała Podlaska Air Base,52.00078,23.132528
RO-0093,Vechiul Agricultural Airfield,46.54801,22.48443
RS-0004,Sjenica Airport,43.274526,20.050403
RU-0242,Kirzhach Airfield,56.157,38.83
RU-0322,Morshansk Air Base,53.44,41.737
SA-0045,Neom Golf Club Heliport,28.003259,35.185497
TR-0308,Riva Air Base,41.22097,29.202599
UA-0138,Oleksiivka Airfield,46.2626,32.218
UMNB,Babruisk Air Base,53.105,29.205
BIHI,Hveravellir Airport,64.886101,-19.4925
CH-0023,Basel-Landschaft Cantonal Hospital Bruderholz Heliport,47.52771,7.58143
CY-0032,UNFICYP Nicosia Airport Heliport,35.145962,33.283306
CY-0065,Paphos Airport Heliport,34.716456,32.478371
CZ-0014,Nová Amerika Heliport,50.380646,15.863485
CZ-0015,Hradec Králové Teaching Hospital Rooftop Helipad,50.198182,15.828522
CZ-0044,Zlín Hospital Heliport,49.226172,17.705144
CZ-0077,Chřibská Airfield,50.858193,14.46569
DE-0051,Altdorf-Hagenhausen Airfield,49.387387,11.422305
DE-0449,Berlin-Staaken Airport,52.53446,13.11579
DE-0643,Frankfurt Höchst Hospital Heliport,50.10987,8.54714
DTNH,Enfidha - Hammamet International Airport,36.075833,10.438611
EDGZ,Weinheim/Bergstraße Airfield,49.566763,8.61145
EDND,Dinkelsbühl-Sinbronn Airfield,49.06508,10.403516
EE-0002,Haapsalu Air Base,58.911098,23.488899
EFTU,Turku Airport,60.514099,22.2628
EGLJ,Chalgrove Airfield,51.676102,-1.08083
EGOS,RAF Shawbury,52.798199,-2.66804
EHPN,P18-A Heliport,52.12694,3.93778
ES-0011,Chaira Airfield,42.23282,-7.6448
ES-0063,Aeròdrom del Pla de Bages,41.777586,1.890361
ES-0333,Carreras de Galgos Airstrip,39.2007,-3.5988
ESFS,Sandvik Airfield,57.064935,16.861854
ETT1,Etting-Adelmannsberg Glider Field,48.81028,11.42096
EYKD,Kėdainiai Air Base,55.31169891357422,23.95639991760254
FR-0247,Artigues Altisurface,43.071944,-0.003333
FR-0831,Pérols sur Vézère Airfield,45.587222,2.013333
FR-1221,Clairmarais,50.768684,2.308395
FR-1249,Oyonnax-Arbent Airfield,46.278424,5.666342
GB-0078,Great Massingham Airfield,52.781793,0.679607
GB-1249,RAF Sculthorpe,52.846699,0.766389
GB-1338,Chequers Helicopter Landing Ground,51.742163,-0.781822
GEML,Melilla Airport,35.2798,-2.95626
IL-0019,Negba-Gold Agricultural Airfield,31.679159,34.702879
IT-0164,AIRBAS Airfield,40.564519,16.592997
IT-0168,"Campo di Volo ""Cab Club""",45.057833,8.066817
IT-0363,Il Gabbione Airfield,44.50326,11.81415
IT-0683,Serra de' Conti Airfield,43.55993,13.01976
IT-0812,Mondovi Airbase,44.408333,7.820833
IT-0876,Elisusperficie di Colloro,46.009728,8.325555
IT-0946,Elisuperficie azienda privata Airgreen di Cafasse,45.238594,7.533215
IT-0953,Elisuperficie Aziendale Leonardo S.P.A.,45.200061,7.641206
LB-0022,Unifil HQ Naqoura Hospital Helipad,33.125588,35.140346
LFER,Redon Bains-sur-Oust Airfield,47.699402,-2.03667
LGTG,Tanagra Air Base,38.339802,23.565001
LOWL,Linz-Hörsching Airport,48.235362,14.188128
LPSM,Santa Maria Hospital Helipad,38.749372,-9.160627
LPSO,Aeródromo Municipal de Ponte de Sor,39.211545,-8.057787
LSZJ,Courtelary Airfield,47.183374,7.09085
LT-0023,Paberžės Aerodromas,54.98973,25.27568
LTBG,Bandırma Airport,40.318001,27.977699
LTDB,Çukurova International Airport,36.891478,35.071235
LV-0001,Gančauski Airfield,56.043395,26.369549
RU-0204,Kanevka Airstrip,67.121002,39.716999
RU-0264,Alabino Helipad,55.5358682297,36.9638442993
RU-0404,Osechki Azimut Airfield,45.256686,38.918593
RU-0454,Borskoye Airfield,54.653027,20.993629
RU-0665,Heliport Hotel,56.299636,44.056887
SE-0004,Norberg,60.1071572879,15.9503996372
SE-0079,Babcock Scandinavian Air Ambulance AB,63.19142,14.63069
SK-0027,Tornaľa Airstrip,48.4194,20.337703
TR-0002,Divriği Airport,39.3316650390625,38.0918197631836
TR-0075,Arsuz Heliport,36.41201,35.88043
TR-0113,Bulamaçlı Border Post Helipad,36.796234,36.810451
TR-0148,Beykoz Rescue and Underwater Command Heliport,41.13878,29.07915
TR-0191,Anafartalar Çanakkale Public Hospital Helipad,40.159019,26.419407
TR-0196,Turkish Aeronautical Association(THK) Sütlüce Helipad,41.056658,28.948733
UA-9155,Ovruch Air Base,51.271366,28.720837
UB13,Khojaly Airport,39.901402,46.786999
AT-0045,Carinthia University Hospital Rooftop Helipad 2,46.617901,14.295486
AT-0049,Dachlandeplatz Heliport,46.832500457764,14.848055839539
AT-0083,Feldkirch Heliport,47.274818,9.591209
CZ-0064,Kramolín UL,48.915,14.726389
DE-0414,Brodau Cropduster Strip,51.4987,12.32983
DE-0432,Gerbstedt Airstrip,51.636832,11.614951
DE-0502,Benedictus Hospital Heliport,47.905973,11.276472
DE-0565,Ingolstadt Hospital Heliport,48.77048,11.37254
DE-0619,Helios Clinic Erlenbach Heliport,49.81028,9.16613
DE-0795,MediClin Heart Center Coswig Heliport,51.87831,12.47623
DE-0806,Sülte-Boldela Airfield,53.53758,11.40853
DE-0903,Ahlhorn Air Force Base,52.888915,8.236055
DZ-0024,Bir H'Med Airport,31.5822,8.23678
DZ-0053,Ouled Mahmoud Airport,28.61283,0.03651
EDLJ,Detmold Airfield,51.940834,8.904722
EDLX,Wesel-Römerwardt Airfield,51.662777,6.595833
EDMV,Vilshofen Airfield,48.634998,13.195556
EDOD,Reinsdorf Airfield,51.900833,13.194444
EDSH,Backnang-Heiningen Airfield,48.919724,9.455278
EDSW,Altdorf-Wallburg Airfield,48.269883,7.841942
EGBC,Cheltenham Racecourse Heliport,51.925626,-2.054351
EGVP,Middle Wallop Airfield,51.143876,-1.568935
EHJO,K8-FA-2 Heliport,53.51444,3.4175
EHKG,K6-D Heliport,53.675,3.82833
EHTL,Terlet Glidersite,52.057201,5.92444
ENKJ,"Lillestrøm Airfield, Kjeller",59.969089,11.040482
ENNO,Notodden Airport,59.565071,9.213152
ES-0136,Aeródromo de Sigüenza,41.044793,-2.629209
ES-0252,Calamocha Airstrip,40.902364,-1.298009
ES-0290,Guadalajara Heliport,40.6578,-3.1731
ESUR,Ramsele Airfield,63.490299,16.4834
ETHS,Faßberg Air Base,52.919399,10.185827
FR-0546,Hargarten UL,49.21966,6.58702
FR-0857,Les ailes de Rohrbach Airfield,49.045278,7.254444
FR-1106,Cier de Riviere Airfield,43.067778,0.628611
FR-1272,Moussoulens Air Base,43.279701,2.20885
GB-0457,Spilstead Farm Airfield,50.937535,0.520234
GB-0546,Carrickmore Airstrip,54.572102,-7.044873
GB-0748,Hadfold Farm Airstrip,51.001172,-0.462499
GB-0787,Shrove Furlong Farm Airstrip,51.7475,-0.9084
GB-1164,RAF Melton Mowbray,52.73293,-0.88609
GB-1232,Maypole Airfield,51.337508,1.155292
GB-1303,Fettes Police HQ,55.961107,-3.226444
GE-0015,Pskhu Airport,43.385152,40.816355
GR-0066,Private Helipad,37.44137,25.41084
HR-0026,Split-Divulje Air Base,43.52564,16.28764
IS-0004,Kárastaða Airport,64.57267,-21.89826
IT-0074,Carolina Airfield,45.253154,7.898977
IT-0116,Passo del Tonale Airfield,46.265134,10.600662
IT-0644,Vulcano Piano Emergency Heliport,38.382709,14.982693
IT-0708,Luxottica Heliport,46.278961,12.030839
IT-0810,San Bortolo Hospital Helipad,45.555299,11.544907
IT-0861,Elisuperficie di Bognanco,46.126605,8.195238
LB42,Kamenets Air Base,43.327301,25.003401
LEPS,Mas Passamaner Heliport,41.1859016418457,1.1599199771881104
LERS,Reus Airport,41.147509,1.168354
LEVT,Vitoria Airport,42.882801,-2.72447
LFED,Pontivy Airfield,48.05674,-2.920818
LFLP,Annecy Meythet airport,45.928947,6.0987
LRPV,Ploiești-Strejnicu Airfield,44.92367,25.963418
LSHU,Geneva University Hospital Helipad,46.193079,6.149247
LV-0043,Vārmes lidlauks,56.854677,22.211771
LYNS,Novi Sad / Čenej Airfield,45.38531,19.833326
NL-0014,Medisch Spectrum Twente Hospital Heliport,52.215477,6.89125
NL-0089,Johan Willem Frisokazerne Helipad,52.9922,6.5325
NL-0134,Northwest Hospital Group Alkmaar Heliport,52.629346,4.735266
RO-0089,Sibiu Hermann Oberth Airfield,45.78231,24.09139
RU-5276,Kilpyavr Air Base,69.09521,32.401473
SK-0026,Babin Most Airstrip,48.378078,19.93117
SK-0051,Jasenov Airstrip,48.791825,22.179766
SM-0001,Borgo Maggiore International Heliport,43.940459,12.446249
TR-0035,Tatvan Airport,38.54180145263672,42.332401275634766
TR-0080,Samsun / Ondokuz Mayis Airport,41.5129,36.1203
TR-0092,Kelaynak Aviation Club Airport,36.93968,35.563492
UA-0136,Lazurne Airfield,46.0838,32.5075
UDYZ,Zvartnots International Airport,40.148941,44.397887
UUTK,Kalyazin Heliport,57.23238,37.86075
BE-0040,Dynali Factory Heliport,50.575412,4.358062
CZ-0094,Opava-Velké Hoštice Airfield,49.940556,17.986111
CZ-0141,Libkovice Airfield,50.562216,13.683987
DE-0869,Camp Albertshof Army Heliport,49.23691,11.82518
DTTI,Borj El Amri Airport,36.721298,9.94315
EBLH,Lotenhulle Heliport,51.033333,3.496389
EDCK,Köthen Airport,51.723745,11.948826
EDHL,Lübeck Blankensee Airport,53.805401,10.7192
EDNJ,Neuburg-Egweil Airfield,48.781944,11.215278
EDWV,Verden-Scharnhorst Airfield,52.965279,9.282778
EDXJ,Husum-Schwesing Airport,54.5099983215,9.13833332062
EE-0004,Jägala Highway Strip,59.397778,25.290556
EGFA,Aberporth Airport,52.1152992249,-4.556940078739999
EHPE,P11-E Heliport,52.35611,3.58917
ENKR,"Kirkenes Airport, Høybuktmoen",69.7258,29.8913
EPKB,Kazimierz Biskupi Airfield,52.319549,18.164322
ES-0215,Alhama de Granada Airfield,36.996999,-4.103608
ES-0340,Aeródromo de La Ina,36.62949,-6.01826
ESMF,Fagerhult Airfield,56.387901,13.4706
ESNS,Skellefteå Airport,64.62480163574219,21.07690048217773
FR-0004,Ingwiller Hospital Heliport,48.872538,7.486496
FR-0100,Centre Hospitalier La Perche Heliport,45.516387939453125,1.20305597782135
FR-0266,Altisurface de Coumely,42.762501,0.022222
GB-0061,Manstage Airfield,50.729461,-4.124357
GB-0186,Bellarena Airfield,55.139413,-6.969049
GB-0249,Monewden Airstrip,52.168089,1.260251
GB-0280,Deenethorpe Airfield,52.506271,-0.589011
GB-0302,Claybrooke Farm Airstrip,52.509143,-1.279523
GB-0551,Sackville Farm Aerodrome,52.262422,-0.486598
GB-0587,Norton Malreward Airfield,51.382634,-2.568741
GB-0833,Valley Farm Airstrip,52.4138,-0.3647
GB-0886,Batch End Farm Airstrip,51.2975,-2.95579
GB-0984,Lower Park Farm Airstrip,54.24363,-0.6288
GB-1255,RAF Brawdy,51.88375,-5.119972
IM-0001,Andreas Airfield,54.371111,-4.423333
IQ-0074,Haditha Commando Brigade Heliport,34.19968,42.35718
IS-0007,Patterson Field,63.958584,-22.539807
IT-0006,Valbelice Airfield,37.674242,12.774611
IT-0319,San Paolo Airfield,45.378663,10.037792
IT-0846,Helipad Ao,45.739507,7.367524
IT-0950,Airgreen Srl - Base di Robassomero privata,45.205827,7.554882
LFOH,Le Havre-Octeville Airport,49.534038,0.088406
LFON,Dreux Vernouillet Airfield,48.70543,1.361155
LIRC,Centocelle Heliport,41.8729,12.5637
LIRU,Rome Urbe Airport,41.952096,12.502231
LKHB,Havlíčkův Brod Airfield,49.597198,15.5492
LKSN,Slaný Airfield,50.21639,14.087845
LOKW,Wolfsberg Airfield,46.818202,14.825154
LPPD,João Paulo II Airport,37.7411994934,-25.6979007721
LSVD,Clariden-Hüfifirn Mountain Landing Site,46.821944,8.880277
LSXG,Gsteigwiler Heliport,46.647697,7.878219
MK-0020,Dolneni Airport,41.429551,21.402176
NO-0067,Herdla Airport,60.578382,4.960047
PL-0073,Olesnica Air Base,51.21500015258789,17.434999465942383
RO-0070,Deveselu Heliport,44.0806,24.40044
RO-0077,Luieriu Agricultural Airfield,46.84201,24.73282
RS-0013,Vršački Ritovi Airstrip,45.159444,21.185
RS-0039,Srebrno Jezero Airfield,44.75617,21.48046
SE-0045,Sala flygfält,59.895125,16.630146
TR-0090,Keşefli Heliport,36.399894,32.179245
UA-0140,Kyiv Challenge Heliport,50.406424,30.579473
ULSR,Strelna Heliport,59.86050033569336,30.052000045776367
BE-0060,Lanklaar Heliport,51.017463,5.69981
BG-0123,Sokolare Highway Strip,43.44957,23.85738
CZ-0065,Jiřičky UL,49.552222,15.155556
CZ-0174,Strachotín u Mikulova Airstrip,48.91722,16.65883
CZ-0251,Horni Prim Airfield,50.229313,15.702053
DE-0539,Rheinaue Heliport,50.70948,7.1389
DE-0794,Paul-Gerhardt-Stift Evangelical Hospital Heliport,51.87057,12.65704
EDKR,Schmallenberg-Rennefeld Airfield,51.1615,8.260667
EEPU,Pärnu Airport,58.41899871826172,24.47279930114746
EFPU,Pudasjärvi Airfield,65.402199,26.946899
EFSU,Suomussalmi Airfield,64.821899,28.7103
EGAA,Belfast International Airport,54.6575012207,-6.21582984924
EGHR,Goodwood Aerodrome,50.859832,-0.760073
EGUL,RAF Lakenheath,52.40954,0.561161
ENVD,Vadsø Airport,70.0653,29.8447
ES-0204,Mollerussa UL,41.6122017,0.8541227
ES-0227,Dima Airfield,43.075701,-2.683326
ES-0235,Santiago-Pontones Airstrip,38.0909891,-2.6484287
ETHR,Roth Airfield,49.217499,11.1002
FR-0263,Col du Béal Altiport,45.680777,3.789052
FR-0503,Mouy Airfield,49.313914,2.298397
FR-0592,Carcassonne Montredon Centre Hospitalier Heliport,43.219722,2.394444
FR-1096,Nice Hopital Pasteur 2 Heliport,43.724479,7.282289
FR-1278,Jumel Ultralight Airfield,49.757233,2.302594
GB-0441,Easterton Glider Field,57.5874,-3.30685
GB-0517,Glebe Farm Airstrip,51.133265,-2.034948
GB-0534,RAF Chedworth,51.816247,-1.940728
GB-0544,Rectory Farm Airfield,53.086138,-0.848486
GB-0627,Willow Farm Louth Airstrip,53.357986,0.032615
GB-0922,Cottage Farm Airstrip,53.0556,-0.42789
GB-1000,Donnydeade Airstrip,54.47681,-6.74402
GB-1156,Sula Sgeir Heliport (NLB),59.093786,-6.159918
GB-1319,Moat Hall Airfield,52.818174,-1.798007
HSHI,Kristianstad Central Hospital Heliport,56.029304,14.171853
HU-0034,Aranyos,48.297055,21.222908
HU-0053,Lentikápolna Airstrip,46.6525,16.534252
IT-0047,Cascina Valentino Airfield,44.69544,7.40242
IT-0830,Monzino Helipad,45.799958,6.883525
LESE,San Enrique Airfield,38.730801,-4.31306
LGPL,Astypalaia Airport,36.5798988342,26.3757991791
LILR,Cremona-Migliaro Airfield,45.168261,10.001864
LSGB,Bex Airfield,46.258301,6.98639
LSHA,Gstaad-Inn Grund Heliport,46.42948,7.27132
MA-0017,Taouima Nador Airport,35.152986,-2.918673
ORSH,Al Sahra Army Air Field,34.673199,43.542999
PL-0235,Nowa Dęba Helicopter Base,50.4237,21.79708
PT-0117,Aerodromo do Alqueidão UL,39.066847,-8.804255
RO-0102,Mocrea Airstrip,46.3786,21.82322
RU-0130,Yefremov Air Base,53.115002,38.243
RU-0190,Pugachyov Heliport,52.033001,48.82
RU-0222,Lobanovo Airstrip,55.286851,37.941628
RU-0672,Armavir / Krasnaya Polyana Airfield,45.053223,41.088352
RU-1507,Dobrynskoye Air Base,56.244999,40.591702
SA-0090,Helicopter Emergency Landing Zone No. 1,28.145526,34.662163
SE-0024,Älvdalens flygklubb,61.213966,14.043191
SK-0072,Komoča Airfield,47.97054,18.040467
BA-0012,Koprivna Begovac Airfield,44.9157,18.15029
BG-0094,Sveta Anna Hospital Heliport,42.65984,23.37346
BIKF,Keflavik International Airport,63.985001,-22.6056
CH-0002,Croix de Coeur Altiport,46.123348,7.234131
CH-0022,Tiefenau Hospital Heliport,46.97611,7.45394
CY-0017,Variseia Border Post helipad,35.104974,32.779306
CZ-0154,Letiště Hať u Hlučína,49.951812,18.265165
DE-0159,Pfingstweide Airfield,50.435682,8.62067
DE-0293,Riedlingen Airfield,48.144444,9.466666
DE-0320,Mülben Airfield,49.456,9.104
DE-0407,Gemen-Kirchspiel Ultralight Airfield,51.878889,6.855278
DE-0559,Kösching Hospital Heliport,48.81558,11.5078
DE-0622,Sana Hospital Radevormwald Heliport,51.19901,7.35192
DE-0636,Helios Clinic Schwelm Heliport,51.29488,7.31265
DE-0679,Martha-Maria Nürnberg Hospital Heliport,49.48284,11.1368
EBBX,Jehonville Air Base,49.891483,5.227405
EDOZ,Schönebeck-Zackmünde Airfield,51.997129,11.789789
EDVZ,Fuldatal Federal Police Heliport,51.359576,9.5028
EGCB,Manchester Barton Aerodrome,53.471699,-2.38972
EGSD,Great Yarmouth - North Denes Heliport,52.635576,1.723016
ENKL,Gol Airport,60.791066,9.048672
ENSG,"Sogndal Airport, Haukåsen",61.156101,7.13778
ES-0043,La Montaña ULM,38.80213,-0.398417
ETOI,Vilseck Army Air Field,49.634077,11.767495
EYSA,Šiauliai International Airport,55.89390182495117,23.395000457763672
FR-0277,Altisurface du Glacier Du Tacul,45.891666,6.9375
FR-1034,Cervens Airfield,46.292778,6.445
FR-1160,Lyon Louis Pradel Hospital Heliport,45.74786,4.902534
FR-1276,Marville Montmédy Airfield,49.45646,5.413835
GB-0096,HMS Goldcrest / RAF Angle / RNAS Angle,51.672954,-5.095575
GB-0153,Wigtown Airfield,54.8527,-4.442
GB-0480,Kemeys Commander Airstrip,51.73486,-2.93477
GB-0595,QinetiQ Pershore (Throckmorton) Airfield,52.142507,-2.037191
GB-0670,Mayfield Farm Airstrip,55.645872,-4.764698
GB-0688,Hoe Farm Airstrip,52.077079,-2.386909
GB-0824,Gerpins Farm Airstrip,51.531481,0.231035
GB-1023,Isle of May Heliport,56.18548,-2.5552
GB-1309,Gartmorn farm strip,56.130621,-3.747408
GR-0039,Anafi Airport (under construction),36.3658,25.73322
HLGL,Warehouse 59e Airport,28.638500213623047,21.4379997253418
IE-0008,Lough Conn Airstrip,54.044059,-9.216109
IT-0219,Tuscany Flight Airfield,43.695365,10.805435
IT-0597,F. Miulli Regional General Hospital Heliport,40.864627,16.801482
KW-0012,Failaka Heliport,29.44298,48.2856
KW-0019,Sabiya Thermal Power Plant Heliport (West),29.567392,48.156949
LDOS,Osijek Airport,45.462355,18.811278
LEXE,Sabadell Police Heliport,41.553818,2.066398
LFOU,Cholet Le Pontreau airfield,47.0821,-0.877064
LGKR,Corfu Ioannis Kapodistrias International Airport,39.60145,19.912179
LICZ,Sigonella Navy Air Base,37.401699,14.9224
LOLF,Freistadt Airfield,48.513748,14.406579
LRPT,Geamăna Airfield,44.817504,24.897822
LU-0008,Consdorf Heliport,49.772286,6.341238
LV-8037,Penkule Airfield,56.474862,23.190107
LZSK,Svidník Airfield,49.3339,21.570299
MA-0011,Former Zagora Airport,30.320299,-5.86667
NL-0018,Leiden University Medical Center Heliport,52.16642,4.477948
NO-0064,Svenningdal Airstrip,65.442929,13.407617
PL-0160,Skierniewice-Psary Airstrip,51.886041,20.324996
PT-0004,Hospital Amadora Heliport,38.742144,-9.245749
RO-0100,Mediaș (Flamingo) Airfield,46.13327,24.33634
RS-0035,Torda Airfield,45.57743,20.47397
RU-0034,Verkhnyaya Toyma Airport,62.239632,45.019784
RU-0440,Shonguy Airfield,68.743,33.127
SK-0087,Chtelnica Airfield,48.58154,17.62763
TR-0185,Turkish Coast Guard Samsun Air Base,41.259586,36.547321
UA-0084,Mykolaivka-Novorosiis'ka Airstrip,46.130858,29.874125
UA-0128,Pidverbtsi Airstrip,48.78682,25.217443
UA-9872,Rakytne Airfield,49.83241,35.9175
BIHK,Hólmavík Airport,65.704697,-21.6964
CY-0071,Episkopi Cantonment Helipad,34.68261,32.838556
CZ-0075,Slušovice Airfield,49.259034,17.813344
DE-0470,DRF Air Rescue Station Regensburg / Regensburg University Hospital Heliport,48.987064,12.09297
DE-0495,Asklepios Hospital Altona Heliport,53.555431,9.902346
DE-0509,Agaplesion Markus Hospital Heliport,50.13542,8.64781
DE-0709,Magdeburg Hospital Heliport,52.15862,11.58415
DE-0920,Waldmössingen Paramotor Field,48.26658,8.51458
EBLD,De Vijver Heliport,51.217163,4.557801
EDGS,Siegerland Airport,50.707699,8.08297
EDOB,Bad Berka Airfield,50.904446,11.260278
EGBD,Derby Airfield,52.859699,-1.6175
EGBJ,Gloucestershire Airport,51.894199,-2.16722
EGCK,Caernarfon Airport,53.101819,-4.337614
EGCW,Welshpool Airport,52.628601,-3.15333
EGLL,London Heathrow Airport,51.470748,-0.459909
EGPI,Islay Airport,55.682708,-6.257525
EHJI,K5-D Heliport,53.69083,3.48722
EKGR,Grenaa Airfield,56.442501,10.9306
EKVG,Vágar Airport,62.063256,-7.275782
ES-0006,Rosinos de la Requejada Airfield,42.0981,-6.5262
ES-0027,Aerodromo El Judio,37.840394,-4.7096584
FR-0520,Aérodrome de Coutigny-Sérigné,46.489411,-0.87101
FR-0672,Sailles Saint-Nectaire Airfield,45.596111,3.0025
FR-1193,Genech DZ,50.540579,3.201115
FR-1237,Ancien Aérodrome de Brive-La Roche,45.150799,1.469202
GB-0139,RAF Broadwell,51.757368,-1.639634
GB-0168,Berrier Airstrip,54.656504,-2.93365
GB-0386,RAF Ouston,55.024104,-1.874625
GB-0543,Rothwell Lodge Farm Airstrip,52.409698,-0.791273
GB-0649,Ramsdean Private Airstrip,50.991179,-0.9932
GR-0053,Promachi Heliport,41.01355,22.026351
HECP,Capital International Airport,30.06465,31.839974
HR-0020,Hvar/Jelsa Seaplane Base,43.172778,16.700172
IS-0003,Skaftafell Airport,63.99948,-16.94116
IT-0023,"Campo di Volo ""Il Cherubino""",37.59441,14.880252
IT-0133,CdV Ass.Sp. Parvolo,45.815556,12.752222
IT-0496,Campo di Volo Pellizzario,45.2927778,10.4466667
IT-0611,Gallipoli Heliport,40.056785,17.982012
IT-0710,Cascina Rosio Airfield,45.416086,8.96513
IT-0739,Sondrio City Hospital Heliport,46.17158,9.879853
IT-0826,Gaslini Hospital Heliport,44.39334,8.988639
LFFH,Château-Thierry-Belleau Airfield,49.066753,3.355465
LFOQ,Blois Le Breuil Airfield,47.678502,1.20884
LFRJ,Landivisiau Air Base,48.5303,-4.15164
LIMW,Aosta Corrado Gex Airport,45.738552,7.3683
LOAD,Völtendorf Airfield,48.160081,15.58677
LV-0033,Viļāni Airstrip,56.592333,26.943647
PL-0084,Sanok Heliport,49.575593,22.20239
RO-0011,Prejmer Aerodrome,45.697383,25.783453
RO-0097,Nădab Airfield,46.46012,21.47747
RO-0137,Timișești Airfield,47.221111,26.451111
RU-0102,Atkarsk Airport,51.801998,45.112
RU-0445,Aerodrom Tsherskaia,57.633923,28.223795
RU-1057,Gogland Island Heliport,60.088055,26.970351
SK-0021,Morovno Airstrip,48.760753,18.742585
TR-0051,Boğaziçi University Helipad,41.08468,29.04824
TR-0209,Erdemir Heliport,41.25104,31.40929
UA-0086,Pohrebyshche,49.4943236,29.2417992
UA-0171,Prymors'k Airport,46.7441,36.32766
ULLD,Varshavskaya Heliport,59.881885,30.306041
BY-3111,Zhurzhevo Air Base,55.255001,30.2467
CH-0024,Messe Basel Emergency Heliport,47.56359,7.60154
CZ-0092,Strážnice Airfield,48.887778,17.294444
CZ-0223,Brno University Hospital Bohunice Main Heliport,49.176311,16.572171
CZ-0279,Polná Heliport,49.48415,15.697989
D304,Nagold Hospital Rooftop Helipad,48.541643,8.722794
DE-0012,Schönwalde Airfield,52.617453,13.15958
DE-0074,Brannenburg Airfield,47.74075,12.11548
DE-0157,Pütnitz-Damgarten Airfield,54.263124,12.439359
DE-0890,Karlsruhe-Forchheim Airport,48.9843,8.3355
DK-0057,Rye Airfield,56.05378,9.66614
EBDT,Schaffen Airfield,51.004032,5.064697
EDDW,Bremen Airport,53.046786,8.78932
EE-4931,Tõrva Air Base,58.18999862670898,25.948299407958984
EEVU,Varstu Airfield,57.63288,26.671085
EKTH,Thisted HEMS Heliport,56.964866,8.705807
EPOD,Olsztyn-Dajtki Airfield,53.773889,20.413468
ES-0064,Aerodromo Vistabella del Maestrat,40.33185,-0.300633
ES-0129,Aeródromo Juan Espadafor,37.089503,-3.788322
ES-0161,Campo de Vuelo Avial,42.077377,1.840227
FI-0015,Rekikoski Airfield,61.20674,22.88885
FR-0514,Base ULM de Chaneins,46.106504,4.851045
FR-0579,Puichéric Airfield,43.226389,2.588333
FR-0731,Chauvigny du Perche Airfield,47.948889,1.068889
FR-0881,Girosp Airfield,43.021667,0.779167
FR-0903,Montfaucon Airfield,44.691111,1.619167
FR-0952,Saint Philbert de Bouaine Airfield,47.021111,-1.492222
FR-0962,St Brévin les Pins Airfield,47.236389,-2.141667
FR-0980,Piste du Tartou,45.650278,0.575
FR-1298,le polbert DZ,50.592558,3.152341
GB-0217,Clutton Hill Airstrip,51.341508,-2.522674
GB-0311,Rush Green Airstrip,51.904275,-0.248437
GB-0725,Selby House Farm Airstrip,55.203059,-1.80046
GB-0786,Hulcote Helimech Heliport,52.030774,-0.61502
GB-0856,Wiltshire Air Ambulance,51.35198,-2.14116
GB-1103,Tomlow Farm Airstrip,52.27084,-1.32962
GB-1205,RAF Tadcaster / Bramham Moor Aerodrome,53.86244,-1.32629
GB-1212,Doncaster Sheffield Airport,53.475287,-1.004267
GB-1247,Hucknall Airfield,53.014400482178,-1.2183300256729
GE-0008,Tsalka Helipad,41.59339904785156,44.07619857788086
HETB,Taba International Airport,29.594496,34.775752
IE-0004,Dolly's Grove Airfield,53.422468,-6.546232
IE-0080,Castleforbes Airport,53.778301,-7.83528
IT-0381,Campo di Volo Vallermosa,39.3561,8.7919
IT-0723,Idroscalo di Manfredonia,41.618622,15.914007
IT-0727,Desenzano del Garda Seaplane Base,45.464657,10.555984
IT-0742,Tirano Heliport,46.21887,10.18223
IT-0759,Heli-Pisa North,43.78001,10.33434
LDDU,Dubrovnik Ruđer Bošković Airport,42.562247,18.265543
LFOO,Les Sables-d'Olonne Talmont Airport,46.476898,-1.72278
LFPM,Melun-Villaroche Airfield,48.604698,2.67112
LFTN,La Grand'combe Airfield,44.2444,4.01222
LSTS,Sankt Stephan Airfield,46.497398,7.41257
PL-0186,Karminek Airfield,51.82801,17.6863
RO-0039,Mamaia Heliport,44.23659,28.62099
RO-0065,Letca Nouă Airfield,44.22531,25.75088
RO-0104,Viișoara Airfield,46.27613,26.67312
RO-0146,Damen Shipyards Mangalia Emergency Helipad,43.796632,28.56676
RU-0245,Nikitino Airfield,56.806,37.69
RU-0284,Bogorodsk Airfield,56.121,43.545
RU-0403,Yelizavetinskaya Airstrip,45.085393,38.805385
RU-10056,Fedotovo Naval Air Base,59.190372,39.123459
RU-10130,Koslan Airport,63.474207,48.845987
SE-0027,Flygebyns hoppövningsfält,58.6033945,14.4544131
SI-0003,Krapje Veržej Airfield,46.572685,16.190973
TR-0140,Uluyol Border Post Helipad,35.92054,36.168173
UA-0088,Chervonobirka Airstrip,50.588009,29.264402
URKG,Gelendzhik Airport,44.5820926295,38.0124807358
AT-0063,Schwarzenbergkaserne Military Heliport,47.797500610352,12.981666564941
BIFM,Fagurhólsmýri Airport,63.874699,-16.6411
CH-0033,Winterthur Cantonal Hospital Heliport,47.50733,8.72845
CZ-0287,Zábřeh Airfield,49.900235,16.900061
DE-0232,Gerolzhofen Model Airfield,49.888008,10.376308
DE-0433,Parchim Sport Airfield,53.41861,11.80167
DTTJ,Djerba Zarzis International Airport,33.873719,10.7773
EBZO,Zandvoorde Heliport,50.817249,2.97457
EDNA,Ampfing-Waldkraiburg Airfield,48.263611,12.411667
EFML,Ii Airfield,65.301144,25.416226
EFVR,Varkaus Airport,62.171101,27.868601
EGHE,St. Mary's Airport,49.913375,-6.291894
EGNS,Isle of Man Airport,54.083081,-4.623871
EKTS,Thisted Airport,57.068802,8.70522
ENAE,Æra Airfield,61.257937,11.669833
ENSU,Vinnu Airfield,62.656919,8.679457
ES-0255,Vigil de Quinones Military Hospital Heliport,37.3474,-5.9716
ESNN,Sundsvall-Härnösand Airport,62.528099060058594,17.443899154663086
FR-0180,Centre Hospitalier Heliport,45.6341667175293,0.1177780032157898
FR-0236,Magland Heliport,45.98333358764648,6.716667175292969
FR-0691,Luzy Airfield,46.779167,3.983333
FR-0798,La Rosétaine Airfield,48.128333,2.937222
FR-0858,Geville Airfield,48.769928,5.684357
FR-0885,Saint Elix Theux Airfield,43.437222,0.454167
FR-1042,Le Buternay Airfield,48.611944,0.841944
FR-1240,Metz-Frescaty (BA 128) Air Base,49.073415,6.132946
GB-0154,Silloth Airfiefd,54.869433,-3.366978
GB-0218,Battleflat Farm Airstrip,52.698443,-1.352372
GB-0297,Halwell Airstrip,50.365216,-3.707156
GB-0349,Royal Bournemouth Hospital Helipad,50.746805,-1.819998
GB-0446,Woodlow Farm Private Airstrip,52.1061,-2.45333
GB-1148,Homefield Farm / Edenbridge Airstrip,51.208332,0.007167
GE-0003,Tskhinvali Air Base,42.1899986267,43.9399986267
IQ-0004,Al Mufrash Airport,30.226498,47.476536
IQ-0033,Transportation Ministry Helipad,33.346906,44.443063
IQ-0060,T1 Airport,34.23663,41.32865
IT-0148,Flying Buttero Airfield,42.517352,11.319137
IT-0592,Bari Police Heliport,41.134322,16.760116
IT-0699,Elitaliana Pegaso 33 Heliport,42.44131,12.05924
IT-0774,Rovigo Est Airfield,45.130463,11.97921
IT-0850,Rifugio Franco Chiarella Helipad,45.910466,7.304921
KW-0010,Kubbar Island Helipad,29.0709,48.49282
KW-0036,Kuwait Motor Town Heliport,28.92215,48.13767
LBPG,Graf Ignatievo Air Base,42.290401,24.714001
LFBK,Montluçon-Guéret Airport,46.222599,2.36396
LFEG,Argenton-sur-Creuse Airfield,46.59626,1.601572
LFHU,L'Alpe d'Huez - Henri Giraud Altiport,45.087399,6.083604
LFPX,Chavenay-Villepreux Airfield,48.842323,1.9805
LIPU,Padova Gino Allegri Airfield,45.395316,11.847124
LKPJ,Prostějov Airfield,49.4478,17.1339
LRCS,Caransebeş Airport,45.420142,22.252507
MA-0006,Khouribga Air Base,32.85821,-6.9461
NL-0125,Vertiport Branderwal,52.14982,5.64902
NO-0066,Kårstø Heliport,59.279738,5.527145
PL-0087,Zator,49.959944,19.402833
PL-0147,Skorupy,52.055035,21.428755
PL-0250,Kościeleczki Airfield,54.06483,19.00452
PT-0138,Piper Road Airstrip,38.916323,-8.951862
PT-0164,Lisbon Luís de Camões Airport (Planned),38.766495,-8.797422
RO-0105,Zăbala Airfield,45.91326,26.19337
RS-0022,Drvengrad Heliport,43.795234,19.50769
RU-0078,Yermilovo Air Base,60.375,28.874000549316406
SK-0052,Novosad Airstrip,48.531801,21.729293
TR-0021,Çukurhisar Airport,39.84389877319336,30.968000411987305
TR-0112,Deliosman Border Post Helipad,36.825341,36.735336
TR-0181,Fethiye Forest Management Directorate Heliport,36.665346,29.162051
UA-0043,State House #10 (M S Gorbachev Dacha) (Foros) Heliport,44.391897,33.753988
CZ-0001,České Budějovice Hospital Heliport,48.962002,14.462531
CZ-0048,Borek Airfield,50.210856,14.657693
CZ-0119,Poličná-Juřinka Airfield,49.475933,17.92634
DE-0196,Kückhoven Ultralight Airfield,51.064809,6.359596
DE-0261,Kusel-Langenbach Airfield,49.4779,7.3094
DE-0552,Helios Clinic Bonn / Rhein-Seig Heliport,50.70756,7.03309
DE-0765,Asklepios Clinic Weißenfels Heliport,51.19365,11.95542
DE-0769,Bitterfield-Wolfen Health Center Heliport,51.63308,12.33311
DE-0799,Oldenburg Air Base,53.18025,8.16088
DT70,Medenine Airport,33.350201,10.444
EBDI,Diksmuide Heliport,51.019276,2.858205
EDBQ,Bronkow Airfield,51.672075,13.960104
EG-0038,Shoab 2 Platform Heliport,28.39116,33.07199
EG-0078,El Nuzha Airport,31.181681,29.94629
EHVL,Vlieland Heliport,53.296912,5.085601
EKNI,Nini Helideck,56.64080429077149,5.32111120223999
ES-0017,Aeroclub Cáceres,39.329167,-6.343611
ES-0213,Campo de Vuelo de Astorga,42.503996,-6.026695
ES-0214,Campo de Vuelo de Caspe,41.2287652,-0.085876
EVRS,Spilve Aerodrome,56.9911,24.075001
FR-0118,Centre Hospitalier Heliport,42.95277786254883,1.611111044883728
FR-0152,Centre Hospitalier de Verneuil Heliport,48.74444580078125,0.8916670083999634
FR-0217,Centre Hospitalier Heliport,45.93472290039063,6.641666889190674
FR-0255,Clamensane Altisurface,44.314371,6.071514
FR-0538,Saulnois Ultralight Aeroclub,48.85632,6.43562
FR-0616,Amou Airfield,43.587222,-0.765278
FR-0818,Llupia Airfield,42.623889,2.780556
FR-0886,Idrac Respaillès Airfield,43.511944,0.435278
FR-1219,Preures,50.562195,1.879692
FR-1280,Domaine de Senercy Heliport,49.766838,3.393981
GB-0072,Hibaldstow Airfield,53.495814,-0.516922
GB-0145,RAF Burtonwood,53.410415,-2.654348
GB-0239,Whiterashes Farm Airstrip,57.319016,-2.248819
GB-0878,Coalisland Airstrip,54.53012,-6.65808
GB-0928,Croes Carn Einion Farm Airstrip,51.56951,-3.07669
GB-0940,Balgone Airstrip,56.02625,-2.69635
GE-0032,Camp Gduleti Heliport,42.08269,44.28294
IT-0131,Chiusdino Airfield,43.189768,11.146924
IT-0385,Rains Airfield,41.146,14.338803
IT-0443,Costa del Monte Flying Field,42.733207,13.891703
IT-0838,Franco Gaeta Helipad,45.814604,6.955853
JO-0012,Island West Heliport,29.54198,34.985
JO-0015,Al-Omari Airfield,31.568827,36.778292
LFJD,Corlier Altiport,46.040531,5.494537
LKLN,Plzeň-Líně Airport,49.675201,13.2746
LOBT,Tulln Heliport,48.322167,16.065
LTAD,Etimesgut Air Base,39.949798584,32.6885986328
LV-0010,Valgundes lidlauks,56.7713125,23.6550662
LYKV,Morava Airport,43.817519,20.586662
NL-0088,Defensie Munitiecomplex Veenhuizen Helipad,53.0306,6.41806
NL-0131,C. Steinweg Handelsveem Helipad,51.8882,4.42708
NL-0137,D12-B Heliport,54.40583,2.81694
NO-0076,Djupvik Heliport,68.451455,17.532497
ORMM,Basra International Airport,30.549101,47.662102
PL-0148,Konarzyny Air Base,53.825333,17.3525
PL-0176,Lotnisko Nadrybie,51.35107,23.02698
PT-0008,Hospital Distrital de Faro Heliport,37.02532,-7.929432
PT-0110,Pista de Biscainho Brandão,38.941904,-8.717673
PT-0135,Pista da Lagoa da Carrasqueira,37.999375,-8.231592
RO-0165,Jibou Ambulance Heliport,47.271021,23.257294
RU-0205,Sosnovka Airstrip,66.503998,40.577999
RU-0230,Ryazhsk Airfield,53.695,40.005
RU-0311,Mikhaylovka Air Base,49.976,43.338
RU-0924,Salla Border Heliport,66.94403,29.03823
RU-1050,Kuvshinskaya Salma Helipad,69.306336,33.42163
SE-0031,Kolåsens flygfält,63.764233,12.909206
SE-0104,Tomelilla Airfield,55.543301,14.0009
SY-0017,Tall Hadi,36.891914,41.828522
TR-0076,İskenderun Heliport,36.59179,36.16022
UA-0098,Zabroshennyy Airstrip,49.532738,29.887719
UA-0114,Zahnitkiv Airstrip,48.0351886,28.9258992
URMO,Vladikavkaz Beslan International Airport,43.205101,44.606602
UUTZ,Zavidovo Air Park (U.C.),56.553558,36.559481
BIGF,Grundarfjörður Airport,64.991402,-23.224701
CH-0030,AMEOS Hospital Einsiedeln Heliport,47.13094,8.740359
CZ-0228,Březno u Chomutova Airstrip,50.40943,13.44546
CZ-0239,Litochovice u Strakonic Airstrip,49.15434,13.95672
DAUO,Guemar Airport - مطار قمار بالوادي,33.511398,6.77679
DE-0373,Günzburg Hospital Helipad,48.4581,10.291601
DE-0569,Sana Clinic Biberach District Hospital Heliport,48.11311,9.77936
DE-0591,Thuringia Hospital Saalfeld Heliport,50.64393,11.34214
DE-0623,Sana Clinic Duisburg Heliport,51.39605,6.78257
DE-0848,München North Railyard Northeast Helipad,48.19426,11.50915
DE-0868,Main-Spessart Hospital Marktheidenfeld Campus Heliport,49.84949,9.62573
DE-0909,Pferdsfeld Air Base,49.855,7.603333
EDAK,Großenhain Airfield,51.308056,13.555556
EG-0032,El Gouna Ultralight Airport,27.42739,33.66568
EG-0071,RAF El Daba,30.997694,28.466477
EGHA,Compton Abbas Aerodrome,50.967201,-2.15361
EKML,Måløv Ultralight Airfield,55.75179,12.279022
ENXO,Ringhorne Platform,59.266701,2.45
EPJG,Jelenia Góra Airfield,50.898899,15.7856
ES-0015,Pozo Cañada Airfield,38.798137,-1.726842
ES-0055,Aeródromo de Antequera,37.10165,-4.5625667
ES-0169,Aeródromo Fontioso,41.933305,-3.784808
ES-0181,Aeródromo de Fuente Obejuna,38.281802,-5.40184
ETHA,Altenstadt Army Airfield,47.835499,10.8712
EYDR,Druskininkai Airfield,54.015793,23.944797
FR-0013,Centre Hospitalier Heliport,43.712501525878906,-1.0402779579162598
FR-0884,Manent Montane Airfield,43.346944,0.610833
FR-1040,Creysseilles les croix Airfield,44.765,4.536111
FR-1058,Tornac Airfield,44.012222,3.963333
FR-1141,Clermont-Ferrand University Estaing Hospital Heliport,45.785605,3.10993
FR-1266,Saint-Simon - Clastres Air Base,49.757542,3.21598
FR-1326,Champseru Airfield,48.50128,1.67677
GB-0042,Lower Upham Airfield,50.972508,-1.248493
GB-0269,Ince Blundell Microlight Airfield,53.536226,-3.031497
GB-0390,Coleman Green Airstrip,51.7918157,-0.274944
GB-0550,Lower Botrea,50.112529,-5.629546
GB-0612,RAF Thorpe Abbotts,52.383357,1.211918
GB-0640,RAF Portreath,50.271389,-5.263333
GB-0646,RAF Culmhead,50.930143,-3.128958
GB-0819,Wildings Farm Airstrip,52.029956,0.448594
GB-0923,Druridge Bay Airstrip,55.29918,-1.56631
GB-1024,Boyndie Airstrip,57.667182,-2.62882
GB-1094,Ascot Racecourse Red Bull Airport,51.41324,-0.6757
HL69,Al Jufra Airport,29.198099,16.000999
HLRG,Raguba Airport,29.099444,19.042222
IE-0031,Granard Airfield,53.74978,-7.53327
IQ-0025,Juwarin Highway Strip,30.68933486938477,46.424102783203125
IR-0007,Shadegan Airport,30.664429,48.644489
IT-0089,Trasimeno Airfield,43.136353,12.030371
IT-0354,La Torretta Airfield,44.993187,10.0599
IT-0601,Eliporto militare,40.469739,17.27628
IT-0621,Biferno Airfield,41.964724,15.054531
IT-0860,Elisuperficie Rifugio 3A,46.423992,8.335034
LFAD,Compiègne Margny Airfield,49.431242,2.801514
LFAX,Mortagne-au-Perche Airfield,48.539157,0.532043
LIAJ,Macchiarella Heliport,41.782953,12.306502
LIDP,Pavullo Airfield,44.322222,10.831667
LILN,Varese-Venegono Airport,45.742199,8.888233
LKNM,Nové Město nad Metují Airfield,50.364201,16.1136
LLIB,Rosh Pina Airport,32.980999,35.571899
LOKJ,Lienz Hospital Heliport,46.834961,12.764722
LQBI,Bihać Golubić Airfield,44.797061,15.904474
LTAU,Kayseri Erkilet International Airport,38.770401,35.495399
LTAY,Çardak Airport,37.7855987549,29.7012996674
LTFD,Balıkesir Koca Seyit Airport,39.552533,27.010192
LV-0041,Slampe Airfield,56.846598,23.267005
LYBT,Batajnica Air Base,44.935299,20.2575
LYSM,Sremska Mitrovica / Veliki Radinci Airfield,45.037414,19.660184
PL-0151,Lotnisko Orneta,54.126694,20.0881201
RO-0007,Săulești Airfield,45.864871,22.970165
RO-0016,Aerial Club Vădeni,45.364129,27.938835
RU-0177,Uglich Fominskoye Helipad,57.54850006103516,38.2953987121582
RU-0492,Taldom airstrip,56.7397979,37.6042247
RU-1045,Guba Ara Submarine Base Helipad,69.383769,32.78951
SY-0008,Al-Muhaddad Agricultural Airport,35.838829,38.284836
TR-0083,ÖzdilekPark Wyndham Grand Istanbul Levent Helipad,41.077345,29.01233
UA-9866,Sievierodonetsk Airport,48.900926,38.54279
UUMO,Ostafyevo International Airport,55.511369,37.50719
UWKD,Kazan International Airport,55.606201,49.278702
BE-0062,Meldert Heliport,50.92683,4.112962
BG-0156,Abrit Airfield,43.90966,27.81772
BIBI,Baeir Airport,66.097838,-22.569713
CZ-0078,Polepy Airfield,50.520273,14.272242
CZ-0222,Hranice Hospital Heliport,49.55564,17.74896
DE-0366,Kleinkoschen Ultralight Airfield,51.511841,14.082798
DE-0780,Hephata Hospital Heliport,50.90977,9.16633
DE-0904,Gatow Airport,52.4744,13.1381
DK-0014,Nordborg Pøl Airfield,55.07485,9.753379
EDAQ,Halle-Oppin Airfield,51.552223,12.053889
EDEW,Walldürn Airfield,49.581669,9.402222
EDFH,Frankfurt-Hahn Airport,49.946353,7.261734
EDMJ,Jesenwang Airfield,48.174366,11.125363
EDNH,Bad Wörishofen (Nord) Airfield,48.016124,10.615025
EG-0027,Asyut Heliport,27.203443,31.186071
EGNC,Carlisle Lake District Airport,54.9375,-2.80917
EHFQ,L2-FA-1,53.96056,4.49611
EHGR,Gilze Rijen Air Base,51.567402,4.93183
ESVH,Hällefors Airfield,59.867401,14.4239
FR-0609,Malbec Airfield,45.007778,1.016111
FR-0904,Cézac Airfield,44.3475,1.347778
FR-1063,Mézières-lez-Cléry Airfield,47.810833,1.840833
FR-1333,Noirmoutier HLS,46.9788,-2.242477
GB-0183,Willow Farm Airstrip,53.421725,-0.910137
GB-0219,Rayne Hall Farm Airstrip,51.885498,0.522122
GB-0323,Bakersfield Airstrip,52.48487,-0.618103
GB-0367,Chatteris Airfield,52.4873,0.089111
GB-0673,RAF Down Ampney,51.666944,-1.839444
GB-1038,Broadmarsh Farm Airstrip,52.526831,0.982146
GB-1191,Yew Tree Farm Heliport,53.36991,-2.47173
GB-1193,RAF Winthorpe,53.09795,-0.77134
GR-0097,Stefanovikion Air Base,39.478521,22.769105
IE-0046,Clonakilty Airstrip,51.6258872,-8.916197
IT-0232,Santa Rita Airfield,42.75654,13.01628
IT-0237,Teggiano-Vallo di Diano Airfield,40.415506,15.536688
IT-0414,"Aviosuperficie ""La Tana del Volo""",39.269133,8.771811
IT-0498,"Campo di Volo ""Girasole Vola""",39.956667,9.645278
IT-0814,Elitaliana Heliport,42.18273,11.75082
LDPL,Pula Airport,44.893501,13.9222
LFFB,Buno-Bonnevaux Airfield,48.350074,2.424431
LGIR,Heraklion International Nikos Kazantzakis Airport,35.339699,25.1803
LILM,Casale Monferrato Airfield,45.110039,8.456898
LIMG,Riviera Villanova d'Albenga International Airport,44.050598,8.12743
LLEK,Tel Nof Air Base,31.8395,34.8218
LPMI,Mirandela Airfield,41.468006,-7.226257
LSGK,Saanen Airfield,46.486525,7.248359
LSZM,Mollis Airfield,47.078353,9.064662
LYBR,Berane Airport,42.8390007019043,19.86199951171875
LZTT,Poprad-Tatry Airport,49.070994,20.241394
MK-0014,Tetovo Air Base,41.92919,20.93601
OEKK,King Khaled Military City Airport,27.9009,45.528198
RO-0012,Costinești Aerodrome,43.926686,28.629548
RO-0048,Mihăița Airstrip,44.391777,23.671024
RS-0014,Progar Airstrip,44.722182,20.176448
RS-0017,Kelovic Airstrip,43.591884,19.515274
RU-10057,Severomorsk-1 Naval Air Base,69.03167,33.418331
RU-4421,Danilovo Air Base,56.66,48.033298
UA-0101,Mezhigyrya Heliport,50.621493,30.460464
UWKG,Borisoglebskoye Airport,55.866699,49.133301
AT-0091,Reichenau Airport,47.271238,11.421206
BE-0003,Sovet Airfield,50.286944,5.038462
BG-0014,Ryakhovo Airport,43.982754,26.242744
BG-0066,Tervel Airstrip,43.717833,27.440139
BIKP,Kópasker Airport,66.310799,-16.4667
BY-0028,Vidzy Airstrip,55.37879,26.626022
CH-0036,Hagenbuch Airport,47.51852,8.87139
CY-0066,Mammari Aerial Firefighting Base,35.16884,33.219964
CZ-0236,Karlovy Vary Regional Hospital Helistop,50.23277,12.8765
DE-0527,Spiekeroog Emergency Heliport,53.766643,7.698197
DE-0537,Maria Hilf Clinic Heliport,51.21732,6.42161
DK-0003,Tølløse Flying Club Glider Field,55.581644,11.759105
EBBY,Baisy-Thy Ultralight Airfield,50.56814,4.435219
EDBM,Magdeburg City Airfield,52.073612,11.626389
EDCO,Obermehler-Schlotheim Airfield,51.267776,10.634722
EDWP,Wiefelstede-Conneforde Airfield,53.321388,8.073333
EG-0037,PAS Petroleum Air Services Heliport,28.3233,33.11003
EPKI,Kikity,53.9829,20.877218
EPLL,Łódź Władysław Reymont Airport,51.721901,19.3981
EPVA,Roszczep Airstrip,52.4359,21.33
ET31,Sheridan Barracks Landing Area,47.482778,11.066944
FR-0018,Centre Hospitalier Saint Nicolas De Blay Heliport,45.135780334472656,-0.6595829725265503
FR-0105,Centre Hospitalier Heliport,45.54277801513672,2.312222003936768
FR-0114,Metz-Thionville Mercy Hospital Heliport,49.083662,6.241522
FR-0202,Societe Europeenne de Propulsion Heliport,43.543888092041016,4.951943874359131
FR-0284,Isola 2000 Altisurface,44.172895,7.16296
FR-0796,La Vrine Ultralight Airfield,46.976793,6.330579
FR-1008,Brue Auriac St Estève Airfield,43.505556,5.918611
FR-1082,Amboise Centre Hospitalier Heliport,47.408056,0.981111
FR-1269,Belfort-Fontaine Airfield,47.655602,7.01083
FR-1301,domaine de la marliere DZ,50.153407,3.190193
FR-1338,KHUB Karting Helipad,50.316189,2.762209
GB-0212,Whitehill Farm Airstrip,52.097053,0.016454
GB-0405,Hardwicke Airstrip,52.0853,-3.06163
GB-0421,Stratford-upon-Avon Gliding Club,52.23549,-1.717787
GB-0568,RAF Desborough,52.467411,-0.800629
GB-0653,Pitlands Farm Airstrip,50.906077,-0.865023
GCXM,Los Rodeos Army Heliport,28.483836,-16.351263
HLGD,Sirt International Airport / Ghardabiya Airbase,31.058578,16.597095
HU-0040,Kiskunhalas-Füzespuszta Airfield,46.36935,19.477426
IE-0012,Ballinvally Farm Airstrip,52.570456,-6.318448
IT-0038,Aviosuperficie Acqui Terme,44.677488,8.50124
IT-0162,Aviosuperficie Blue Silo,45.8872222,12.6277778
IT-0749,Borgosesia Hospital Heliport,45.712414,8.263298
IT-0866,Elisuperficie Corpo Nazionale Soccorso Alpiino,46.071392,8.268548
IT-0873,Lago d'Antrona Heliport,46.056144,8.097614
IT-0965,Elisuperficie V.F. di Biella,45.550846,8.075472
LEHV,Alvaro Cunqueiro Hospital Helipad.,42.187797,-8.714093
LENM,Hospital Can Misses Heliport,38.9175,1.41944
LFHH,Vienne Reventin Airfield,45.462434,4.828147
LFIL,Rion Des Landes Airfield,43.915798,-0.949167
LFTQ,Châteaubriant Pouancé Airfield,47.739562,-1.189519
LR80,Feteşti Borcea Air Base,44.3923,27.7267
LTAF,Adana Şakirpaşa Airport,36.982201,35.280399
LV-8043,Cēsis Airfield,57.32379,25.323229
LZRY,Ražňany Airfield,49.078056,21.099722
NL-0132,Vopak Botlek Helipad,51.87888,4.270431
NO-0002,Maarud,60.18130493164063,11.564483642578123
OEGT,Gurayat Domestic Airport,31.412413,37.278898
RO-0043,Damen Shipyard Heliport,45.44382,28.0831
RO-0049,Luncani Airfield,46.481669,23.931478
RS-0015,Kosančić Airport,43.094514,21.776161
RU-10067,Karpogory Airfield,64.013,44.455002
RU-10110,Vostochny Kildin Heliport,69.325566,34.398896
RU-10170,Kedrovo Airfield,59.228659,39.613689
SY-0029,Ayyash Airfield,35.40871,40.042911
TR-0019,Demirhanlı Airfield,41.717014,26.739527
TR-0237,Bölücek Border Post Helipad,39.402729,44.302781
TR-0257,Oğulpınar Border Post Helipad,36.259602,36.682967
UA-0083,Filiutka,49.335903,29.270067
UA-0115,Hardyshivka Airstrip,49.898809,28.436614
UA-0135,Pryvillya Airfield,46.149626,33.404544
UMGG,Gomel Airport,52.527000427246094,31.016700744628903
BE-0057,Luyckx Heliport,51.305171,4.629729
BG-0122,Slavotin Cropduster Strip,43.5602,23.09157
BIND,Nýjidalur Airport,64.719566,-18.067031
CH-0039,Schaffhausen Cantonal Hospital Heliport,47.71184,8.63542
CY-0088,KEN Limassol Helipad,34.710048,33.016347
CY-0091,Troulloi Helipad,35.042265,33.634847
CZ-0111,Příchvoj u Jičína ULM,50.44135,15.235979
DE-0084,Geratshof Airfield,47.992923,10.843688
DE-0215,Ludwigshafen Airfield,49.4131,8.3518
DE-0274,Dauborn Airfield,50.321667,8.193889
DE-0324,Seißen Ultralight Airfield,48.413484,9.764933
DE-0469,Murnau Accident Hospital Heliport,47.67214,11.215452
EDCW,Wismar Airfield,53.914444,11.499444
EDKD,Altena-Hegenscheid Airfield,51.312459,7.704134
EDQL,Lichtenfels Airfield,50.148609,11.048056
EDSX,Völkleshofen-Lichtenberg Airfield,49.009332,9.354601
EGLD,Denham Aerodrome,51.588299,-0.513056
EKMS,Mykines Heliport,62.102169,-7.645934
ENDU,Bardufoss Airport,69.055801,18.5404
EPWS,Wrocław-Szymanów Airfield,51.2061,16.9986
ES-0312,Esporles Private Helipad,39.67124,2.55311
ES-0366,El Rinconcillo de Guadalupe,39.594127,-6.206276
ESNJ,Jokkmokk Airfield,66.496201,20.1472
ETNT,Wittmundhafen Air Base,53.547798,7.66733
EYVK,Kyviškes Airfield,54.668301,25.5158
FR-0594,Bagnols-sur-Cèze Hospital Heliport,44.158397,4.615848
FR-0673,Calviac Airfield,44.927222,2.068056
FR-1114,Grand Champ Airfield,45.440556,4.851667
FR-1127,Eperlecques DZ,50.807229,2.157151
FR-1153,Thionville Bel-Air Centre Hospitalier Heliport,49.372897,6.149307
FR-1209,Mesnil DZ,49.777841,2.918844
GB-0058,Boston Aerodrome,52.974601,-0.071828
GB-1177,Hamble (Ensign Business Park) Airfield,50.86002,-1.33045
GR-0023,Andros Heliport,37.8364707,24.9484637
GR-0036,Sikinos Heliport,36.69987,25.13073
HE27,Osman Air Base,29.552626,25.584583
IE-0003,Mallow International Airport,52.131802,-8.68804
IE-0024,Killamaster Airstrip,52.866546,-6.810249
IQ-0069,Umm Qasr Airport,30.021374,47.921851
IT-0222,Aviosuperficie Divinangelo,41.471944,13.023611
IT-0337,Campo di Volo Valledoria,40.929768,8.812227
IT-0499,Pietralata Flying Field,39.970654,18.381006
IT-0779,Riuniti Foggia Hospital Heliport,41.45888,15.52023
IT-0877,Elisuperficie di Borgo Fogliareccio,46.000018,8.365214
LB-0004,Baadarâne Airport,33.636065,35.614209
LB-0021,Unifil HQ Naqoura Central Helipad,33.122924,35.135338
LFGU,Sarreguemines Neunkirch Airfield,49.128101,7.10833
LOAS,Spitzerberg Airfield,48.099157,16.933527
LTAB,Güvercinlik Airport,39.935001,32.740799
LV-0042,Matkules lidlauks,56.9725105,22.6337392
PL-0047,Kroczewo Airstrip,52.47361,20.539169
PL-0122,Tarnów Airfield,50.001572,21.004145
PL-0191,Powodovo Airstrip,52.117,16.05
PT-0056,Pista do Arrepiado,39.446011,-8.412019
RO-0103,Poieni Airfield,46.92386,22.84698
RO-0126,Military Unit 30th Guard Brigade Helipad,44.429601,26.056545
RO-0152,County Emergency Hospital Slobozia,44.567889,27.36056
RU-0060,Chernyakhovsk Naval Air Base,54.601676,21.782375
RU-0239,Starodub Airfield,52.566687,32.799629
RU-0241,Rybinsk Yuzhny Airfield,58.0,38.84
SE-0086,Barkarby Airport,59.414474,17.882137
SK-0023,Prusy Airstrip,48.747364,18.263118
SK-0065,Dolná Štubňa Airstrip,48.834808,18.843625
URME,Yessentuki Airfield,44.06,42.829
UWLW,Ulyanovsk Vostochny Airport,54.401001,48.8027
XK-0016,Prizren Airfield,42.24272,20.72063
AZ-0006,Agdash Airport,40.664268,47.514801
BG-0145,Dalgopol Airfield,43.03371,27.33971
CY-0001,Lakatamia Airfield,35.106384,33.321304
CZ-0034,Klaudiánova Hospital Heliport,50.419011,14.907112
CZ-0171,Rovná u Sokolova Airstrip,50.101134,12.678759
CZ-0274,Zlín Štípa Airfield,49.272778,17.746389
CZ-0286,Jilmovi Ultralight Strip,49.3983,16.32169
DE-0043,Wilsche Glider Field,52.524677,10.462597
DE-0092,Ottenberg Airfield,49.3287,11.4797
DE-0127,Sultmer Berg Airfield,51.73,9.9925
DE-0188,Kamen-Heeren Airfield,51.590283,7.709785
DE-0542,Sankt Vinzenz Hospital Heliport,50.96678,6.94577
DE-0690,Würzburg University Hospital Rooftop Heliport,49.80693,9.95787
DE-0712,Fulda Hospital Heliport,50.54544,9.7051
DE-0849,München North Railyard West Helipad 2,48.20183,11.47368
DZ-0044,Bordj Omar Driss Heliport,28.12889,6.82522
EBAS,Gravenwezel Heliport,51.247065,4.54272
EDBG,Burg Airfield,52.241772,11.85619
EEMU,Muhu Airfield,58.653495,23.271369
EERU,Ruhnu Airfield,57.78559,23.262377
EGKR,Redhill Aerodrome,51.2136,-0.138611
EGNI,Skegness (Ingoldmells) Aerodrome,53.1716,0.329375
EIAB,Abbeyshrule Aerodrome,53.591373,-7.642947
ES-0069,Air Marugán,40.9111,-4.370917
ESMX,Växjö Kronoberg Airport,56.92910003662109,14.727999687194824
ETHH,Bonn-Hardthöhe Air Base,50.696503,7.045111
EYRD,Rūdiškės Airfield,54.495661,24.718023
FR-0042,Dijon Regional Hospital Heliport,47.317223,5.026944
FR-0207,Centre Hospitalier Heliport,44.91444396972656,4.904167175292969
FR-0227,Lyon Edouard Herriot Hospital Heliport,45.743884,4.883003
FR-0372,Ile du Levant Helicopter Base,43.021514,6.460228
FR-0474,Aérodrome de l'Emonière,47.05997,-1.35325
FR-1220,Xertigny,48.077366,6.309033
GB-0179,Wombleton Airfield,54.231147,-0.974655
GB-0456,Stonehill Farm Airstrip,55.467085,-3.843988
GB-0895,Polpidnick Farm Airstrip,50.0585,-5.12772
GB-1129,Woburn Park Airfield,51.99146,-0.59959
GB-1185,RAF Kelstern,53.41003,-0.10296
GB-1253,RAF Lindholme,53.549999,-0.967
GB-1279,North Coates Airfield,53.497795,0.061976
GE-0009,Poti International Airport,42.162902,41.705807
GR-0045,Agathonisi Heliport,37.4605,26.97632
HR-0034,Udbina Airfield,44.557598,15.7744
IQ-0027,K2 Air Base,34.920650482177734,43.38473129272461
IS-0002,Hrauneyjarfoss Heliport,64.20043,-19.25403
IT-0185,Pantano Airfield,40.56167,15.7599
LFEF,Amboise Dierre Airfield,47.339771,0.945861
LFEL,Le Blanc Airfield,46.6208,1.0875
LFPC,Creil Air Base,49.253502,2.51914
LKDK,Dvůr Králové nad Labem Airfield,50.4142,15.8369
LOLH,Hofkirchen Airfield,48.13911,14.33584
LSXS,Schindellegi Heliport,47.170312,8.714098
LTBQ,Cengiz Topel Airport,40.735001,30.0833
LTDA,Hatay Airport,36.36079,36.285589
NL-0103,Schaijk Heliport,51.735926,5.63715
NL-0135,CM.com Circuit Zandvoort Heliport,52.38493,4.53681
PL-0106,Jasienna Airfield,49.716723,20.811763
PT-0102,Cascais Marina Heliport,38.693789,-9.41472
RO-0044,Predeşti SkyFun Airfield,44.3743,23.618503
RO-0109,Galați Airport,45.45379,28.04489
RS-0023,Vranje Airfield,42.55331,21.86699
RU-0005,Andreapol Air Base,56.643299,32.313301
RU-0101,Ashuluk Airfield,47.42257,47.92717
RU-0107,Bataysk Air Base,47.117000579833984,39.79499816894531
RU-3686,Oreshkovo Airfield,54.467731,36.073685
SI-0001,Dobova Airfield,45.887046,15.650925
SK-0085,Rohozná Airfield,48.799367,19.692275
SK-0092,LMK Očová Airstrip,48.58111,19.30989
TR-0211,Bolu Dagi Helipad,40.735812,31.426059
TR-0284,Haliç Seaplane Base,41.058313,28.948058
AZ-0004,Naftalan Airport,40.51592,46.829481
BG-0023,Ostrovo Airfield,43.693874,26.579964
BG-0082,Zelenikovo Airstrip,42.392684,25.078018
BY-9940,Brest-1 Airport,52.113578,23.659262
CZ-0090,Boršice Airfield,49.051508,17.367605
CZ-0276,Brusné Airfield,49.367884,17.652277
DE-0076,Eschenlohe Airfield,47.6235,11.18388
DE-0219,Vinsebeck Airfield,51.8453,9.0141
DE-0465,Havelhöhe Medical Heliport,52.46104,13.16276
EDFS,Schweinfurt South Airfield,50.010834,10.251111
EDMK,Kempten-Durach Airfield,47.691944,10.338056
EDMS,Straubing Airport,48.900833,12.516667
EEKE,Kuressaare Airport,58.22990036010742,22.50950050354004
EG-0034,Ras Behar Water Treatment Plant Heliport,27.73377,33.50923
EGEA,Culter Heliport,57.1198600605,-2.32116490602
EGOQ,RAF Mona,53.258598,-4.37355
EHDV,D15-FA-1 Heliport,54.32472,2.93417
EKTE,Tyra E Helideck,55.72152328491211,4.802055835723877
ES-0085,Aeródromo forestal de Ademuz,40.091464,-1.210474
ES-0089,Alt Camp de Vallmoll,41.249924,1.241474
ES-0355,Devils of the Air RC Model Club Airport,29.032714,-13.598529
ETSH,Holzdorf Air Base,51.767799,13.1677
EYSI,Šilute Airfield,55.336308,21.526765
EYTL,Telšiai Airfield,55.986401,22.2878
FR-0041,Centre Hospitalier J. Bouveri Heliport,46.650001525878906,4.333889007568359
FR-0441,Frossay Ultralight Airfield,47.238222,-1.878275
FR-0638,Claracq Villa les Palmiers Airfield,43.494722,-0.288056
FR-0675,Moulins le Haut Bois Airfield,48.001667,-1.352222
FR-0988,Breuil Barret Airfield,46.660556,-0.663611
FR-0997,Buxeuil Saint Rémy sur Creuse Airfield,46.949444,0.669444
FR-1139,Loches Centre Hospitalier Heliport,47.131203,1.003801
FR-1265,Marigny Le Grand Air Base,48.661215,3.83563
GB-0011,Aston Down Airfield,51.708056,-2.130556
GB-0158,RAF North Luffenham,52.632253,-0.611238
GB-0256,Swanton Morley Airfield,52.734804,0.962011
GB-0537,New Orchard Farm Airstrip,51.3148,0.765107
GB-0572,Nottingham Heliport,52.8389925,-1.0315114
GB-0701,Riding Bank Farm Airstrip,52.821429,-1.447728
GB-0799,Rankins Farm Airfield,51.205248,0.509584
GB-1321,Meir Aerodrome,52.973133,-2.091469
HU-0025,Balatonlelle Glider Field,46.760514,17.689823
HU-0067,Gyula Kálmán Pándy Hospital Heliport,46.64028,21.27588
IT-0315,Molinella Airfield,43.122501,12.206919
IT-0642,Venosa Airfield,40.997028,15.873611
IT-0662,Procida Heliport,40.750172,14.013681
IT-0671,Monte Capanne Heliport,42.771589,10.168214
IT-0875,Elisuperficie heli vog,46.023772,8.275827
IT-0939,Elisuperficie di S.Cristina,45.326746,7.379733
LEPZ,Los Pozuelos De Calatrava Airfield,38.912201,-4.19111
LERP,Aeródromo de Herrera de Pisuerga,42.5923,-4.2902
LETT,Tortosa Verge de la Cinta Hospital Heliport,40.811292,0.523354
LFKS,Solenzara (BA 126) Air Base,41.9244,9.406
LFMO,Orange-Caritat (BA 115) Air Base,44.140499,4.86672
LFQV,Charleville-Mézières Ardennes-Etienne Riché Airfield,49.783901,4.64708
LFTH,Toulon-Hyères Airport,43.097301,6.14603
LHBS,Budaörs Airfield,47.451099,18.9806
LICR,Reggio Calabria Airport,38.071201,15.6516
LKZD,Žatec-Macerka Airfield,50.317501,13.5128
LLBG,Ben Gurion International Airport,32.011398,34.8867
LRHO,Oradea / Smurd Bh 2 Heliport,47.064167,21.954167
LSXL,Lauterbrunnen Heliport,46.585497,7.913509
LUCH,Cahul International Airport,45.8438,28.2637
MK-0007,Zhan Mitrev Clinic Heliport,42.004424,21.402704
NL-0050,Soesterberg Glidersite,52.133889,5.264167
NO-0089,Hegglandsdalen Flyplass,60.21776,5.52723
PL-0062,Watorowo Airfield,53.298517,18.414073
PL-0224,Cieszkowo Airstrip,52.70035,20.27785
RO-0050,Dezmir Airfield,46.779124,23.71282
RO-0153,Hârşova City Hospital,44.691634,27.952995
RS-0006,Bački Monoštor Airfield,45.785034,19.019175
RU-0399,Yablonovskiy Airstrip,44.970461,38.993847
RU-4388,Nurmalitsy Air Base,61.04499816894531,32.97829818725586
RU-6099,Maysionvara Air Base,62.27999877929688,32.41669845581055
RU-9345,Krechevitsy Air Base,58.625,31.385
SK-0033,Bystričany Airstrip,48.658592,18.544089
TR-0169,Point Hotel Barbaros Helipad,41.064316,29.010589
UA-0017,Genichesk Air Base,46.209,34.764999
UA-0108,Drohobych Airfield,49.367235,23.568403
UA-0160,Massandra Palace Heliport,44.5145,34.2039
UA-9869,Popilnia Airbase,49.962967,29.404316
UG0U,Gudauta Air Base,43.104,40.5793
UKLI,Ivano-Frankivsk International Airport,48.88420104980469,24.68610000610352
UUMD,Selnikovo Airfield,55.129783,39.145733
AT-0022,Breitenbrunn Heliport,47.94516,16.72973
BE-0032,Pont d'Oye Heliport,49.73447,5.672
BY-1210,Maladzyechna Air Base,54.24829864501953,26.871700286865234
CY-0057,UNFICYP Camp General Stefanik Helipad,35.138264,33.915638
CZ-0016,Bruntál Regional Fire and Rescue Force Heliport,49.988549,17.453671
CZ-0049,Zvole West Airport,49.474643,16.214801
DAOS,Sidi Bel Abbes Airport,35.1717987061,-0.593275010586
DE-0057,Am Kreuzberg Glider Airfield,50.3088,10.3734
DE-0367,Iserlohn-Sümmern Glider Field,51.436389,7.699722
DE-0683,Burgholzhausen Rotorflug Heliport,50.26433,8.66629
DE-0744,Bad Hersfeld Hospital Heliport,50.87705,9.71497
DE-0928,Amrumbank West,54.519813,7.735453
DE-0931,Bockwiese Airfield,48.509444,9.291944
EDKL,Leverkusen Airfield,51.015278,7.005556
EDOI,Bienenfarm Airfield,52.661667,12.745833
EDQH,Herzogenaurach Airfield,49.582708,10.878339
EFRA,Rautavaara Airfield,63.424198,28.124201
EGJJ,Jersey Airport,49.207901,-2.19551
ENQW,Valemon Helipad,61.04,2.36694
ES-0134,Aeródromo de Valdelaguna,40.15787,-3.38066
FR-0199,Port Vauban Heliport,43.588212,7.132348
FR-0364,Aerodrome de Aubiet,43.6332139,0.7639122
FR-0499,Les Ailes d'Eure et Loir Airfield,48.59244,1.53759
FR-0634,Bouglon Airfield,44.401389,0.110833
FR-0879,Molas Airfield,43.416667,0.753611
FR-0931,La Grand Borde Airfield,43.444167,1.569722
FR-0946,Andouillé le Tertre picard Airfield,48.177222,-0.850278
FR-1232,Mosles Airfield,49.30083,-0.81183
GB-0224,Holly Meadow Farm Airstrip,53.004871,-1.656872
GB-0350,Queen Alexandra Hospital Heliport,50.851178,-1.069046
GB-0538,Ridgewell Glider Field,52.049246,0.558272
GB-0861,Infantry Battle School Helicopter Base,51.942783,-3.3601
GB-1170,Yorkshire Air Museum Heliport,53.926229,-0.966841
GB-1239,RAF Hethel,52.562801361084,1.173329949379
GB-1276,Hullavington Airfield,51.526732,-2.141555
GB-1348,Fowler's Field Airstrip,51.000764,-0.444937
HL66,Tamanhint Airport,27.240101,14.6563
IE-0002,Lyons Estate Private Airstrip,53.296767,-6.543199
IE-0047,Fethard Airstrip,52.471738,-7.734409
IT-0004,Eremo della Giubiliana Airfield,36.861287,14.627008
IT-0256,Aviosuperficie di Rubbiano,44.671947,10.060862
IT-0549,Airfield ASD Verbano fly,45.676374,8.486462
IT-0892,Eisuperficie Stadio di Fobello,45.887327,8.16179
KW-0013,Failaka North Helipad,29.45908,48.30088
LBLN,Lozen Heliport,42.618534,23.500622
LEGE,Girona-Costa Brava Airport,41.904639,2.761774
LFFE,Enghien-Moisselles Airfield,49.046016,2.353976
LGAV,Athens Eleftherios Venizelos International Airport,37.936401,23.9445
LILB,Alzate Brianza Airfield,45.769644,9.162333
LKST,Strakonice Airfield,49.251701,13.8928
LOBH,Hanusch Hospital  Helipad,48.199921,16.291308
LOBW,Ottakring Hospital Heliport,48.21067,16.30078
LPAV,São Jacinto Airfield,40.656741,-8.741544
LT-0003,Trakėnai Airstrip,54.365886,23.167256
LT-0015,Keturvalakiai Airstrip,54.570783,23.156836
LT-0021,Upitėnai Airstrip,55.60306,21.62339
LTAI,Antalya International Airport,36.898701,30.800501
PL-0155,Łowicz Airfield,52.083171,19.858536
PL-0274,Bydgoszcz Aeroklub Airfield,53.105214,17.960376
RO-0094,Florin Aerodrome,45.6884,25.77167
RU-0397,Korzhevskiy Airstrip,45.2146965624,37.74410963059999
SY-0022,Tel Qulib,32.647004,36.660739
TR-0057,Pasamandira Heliport,41.186167,29.120253
TR-0168,Ataşehir Belediyesi Afet Kriz Merkezi Helikopter Pisti,40.993379,29.116689
UA-0121,Kobelyachok Airstrip,49.0522143,33.7993478
BE-0082,Evere Airfield,50.87155,4.42024
CZ-0029,Střešovice Central Military Hospital Heliport 1,50.088867,14.363104
DE-0512,Northwest Hospital Heliport,50.150067,8.61875
DE-0533,Magolsheim Ultralight,48.405731,9.622993
DE-0594,Mittlerhein Community Hospital Sankt Elisabeth Mayen Heliport,50.32331,7.21985
DE-0782,Grafschaft Abbey Specialty Hospital Heliport,51.14439,8.32323
EBWE,Weelde Air Base,51.394798,4.96019
EDDF,Frankfurt Main Airport,50.026706,8.55835
EDFD,Bad Neustadt/Saale-Grasberg Airfield,50.306062,10.227284
EDFM,Mannheim-City Airport,49.473057,8.514167
EDLE,Essen-Mülheim Airport,51.402302,6.93733
EDPI,Moosburg auf der Kippe Airfield,48.456588,11.941624
EG-0073,West Cairo Military Hospital Heliport,29.81049,31.16197
EHKK,K9-AB-B Heliport,53.55083,3.77944
EHPM,P15-E Heliport,52.17167,3.86778
EHWO,Woensdrecht Air Base,51.4491,4.34203
ENTE,Skien Hospital Heliport,59.190744,9.593279
ES-0032,Aerodromo de Monteplano,42.493953,-1.700802
ES-0188,El Ejido UL,36.7441167,-2.7674833
ES-0201,Cogullada Heliport,41.690459,-0.848887
FR-0268,Dôme de la Lauze Altisurface,44.998611,6.245833
FR-0302,Saint-Jean-d'Arves Altisurface,45.189711,6.252546
FR-0319,Hôtel La Coquillade Heliport,43.880125,5.319045
FR-0751,Portalier Airfield,43.6325,1.118889
FR-1051,Bourcefranc,45.871944,-1.131111
GB-1027,Churchlands Farm Airstrip,50.824117,0.338101
IE-0011,Limetree Airfield,53.1155,-7.2443
IE-0049,Millicent Airfield,53.271783,-6.68574
IT-0117,Ceraso Airfield/Aero Club I Templari,40.93769,16.497
IT-0863,Eliporto Rotor Italia,46.134884,8.310948
IT-0919,Elisuperficie Valchyara,45.458291,7.802954
KW-0027,Ministry of Interior Heliport,29.37322,47.98546
LDOR,Slavonski Jelas Airfield,45.156101,17.9881
LEAS,Asturias Airport,43.563599,-6.03462
LFNQ,Mont Louis La Quillane Airfield,42.543598,2.12
LHCL,Cegléd Airfield,47.162621,19.877401
LHJK,Jakabszállás Airfield,46.747855,19.604754
LHKE,Kecskemét Air Base,46.9175,19.749201
LRBC,Bacău George Enescu International  Airport,46.5219,26.910299
LTCK,Muş Airport,38.74779891967773,41.66120147705078
LTFH,Samsun-Çarşamba Airport,41.253988,36.567546
LUKK,Chişinău International Airport,46.92774,28.931704
NL-0148,Air Operations Control Station Nieuw Milligen Heliport,52.236685,5.749192
NO-0005,Lindøye Seaplane Base,59.890960693359375,10.718278884887695
NO-0065,Haakonsvern Heliport,60.332448,5.232265
ORAA,Al Asad Air Base,33.7855987549,42.4412002563
PL-0169,Rytel-Uboga Airstrip,53.739132,17.830447
PL-0189,Święta Katarzyna Airstrip,51.01555,17.10618
RU-0955,Pogrebki Heliport,51.371166,35.216835
SA-0014,Wadi Al Musayr Airfield,28.13516,34.92503
SE-0113,Kallax Flyg Heliport,68.34579,18.83074
TR-0201,Turgut Özal Medical Center Helipad,38.33887,38.42868
TR-0291,MANHAT Sportif Havaalanı,38.700849,27.453658
UA-0072,Volodimirivka Airstrip,48.2840353492,33.4489488602
UA-0165,Frumushyka Airstrip,46.29002,29.40827
UA-0190,Khmilnyk Airport,49.569142,28.016074
AZ-0008,Bygyr Airport,40.529074712500005,47.8300738335
BE-0064,Beveren Heliport,50.981543,3.125873
DA15,Saïda Airport,34.897202,0.151694
DE-0775,Helios Hospital Hettstedt Heliport,51.66112,11.49327
DE-0792,Paracelsus Hospital Adorf Heliport,50.32971,12.29068
EBGT,Ghent/Industry Zone Heliport,51.020551,3.730341
EDCG,Rügen Airport,54.38347,13.325542
EDEN,Bad Hersfeld Airfield,50.844055,9.707218
EG-0008,Bani Sweif University Heliport,29.0347,31.11884
EHMG,L9-FF-1 Heliport,53.61444,4.96028
EPKD,Końskie-Komaszyce,51.25532,20.47132
EPTO,Toruń Airfield,53.029202,18.5459
ES-0207,Aeródromo Calzada de Valdunciel,41.07545,-5.728036
FR-0061,Centre Hospitalier Heliport,48.41999816894531,1.504721999168396
FR-0197,Milhaud Heliport,43.113335,5.898056
FR-0714,Houville La Branche Airfield,48.453056,1.629722
FR-1140,Castres Hauterive Centre Hospitalier Heliport,43.565,2.26
FR-1308,LES ATTAQUES DZ,50.901368,1.961381
GB-0160,RAF Great Orton,54.874393,-3.075753
GB-0354,Grangewood Airstrip,52.732617,-1.582621
GB-0593,Topcroft Farm Airstrip,52.465262,1.328767
GB-0891,Rydinghurst Farm Airstrip,51.146765,-0.525563
GB-1120,RAF Sawbridgeworth,51.84029,0.12352
GB-1286,Burncastle,55.759817,-2.725083
HE42,Quesna Airport,30.579,31.1292
HU-0047,Csikéria Airstrip,46.11381,19.48895
IT-0730,Madesimo Heliport,46.443232,9.363838
KW-0009,Umm al Maradim Island Helipad,28.6791,48.65144
LELN,León Airport,42.590709,-5.653406
LEVD,Valladolid Airport,41.7061,-4.85194
LFHD,Pierrelatte Airfield,44.397601,4.717646
LFQJ,Maubeuge-Élesmes Airfield,50.310501,4.03312
LGMK,Mykonos Island National Airport,37.435101,25.348101
LIDK,Casarsa della Delizia Air Base,45.953422,12.817598
LOAA,Ottenschlag Airfield,48.41856,15.215294
LV-0034,Eleja Airstrip,56.47609,23.699509
MK-0016,Kičevo Military Barracks Heliport,41.52283,20.95958
NO-0001,Haga Airfield,60.020748,11.382085
PT-0036,Aeródromo Municipal de Ferreira do Zezere UL,39.682059,-8.253189
PT-0094,Campinho Airfield UL,38.359106,-7.465532
RO-0174,"Suceava ""St. John the New"" Emergency Hospital Heliport",47.638939,26.239724
RS-0001,Bela Crkva Airfield,44.925166,21.370155
RU-10118,Torbeyevo Airfield,55.06583,37.88167
TR-0120,Cobanbeyli Border Crossing Helipad,36.637415,37.474492
TR-0163,Güroymak Jandarma Helipad,38.567081,42.037394
ULNP,Pestovo Airfield,58.608002,35.779999
URWA,Astrakhan Narimanovo Boris M. Kustodiev International Airport,46.282843,48.010511
BE-0077,Brussels Heliport,50.86063,4.35137
BG-0037,Orlyak Airfield,43.634864,27.396855
CZ-0136,Strachotice u Znojma ULM,48.806694,16.161479
CZ-0173,Česká Skalice Ultralight Airfield,50.399669,15.991023
CZ-0291,Žihle u Plas Airstrip,50.03095,13.33782
DE-0021,Biblis Nuclear Power Plant Helipad,49.70750045776367,8.417499542236328
DE-0173,Ziegenhain-Der Ring Airfield,50.9026,9.2403
DE-0735,AMEOS Hospital Bernburg Heliport,51.78164,11.73507
DE-0817,Catholic Hospital Koblenz-Montabaur Heliport,50.43125,7.83303
DE-0867,Brandweg Heliport,47.46448,11.02754
DZ-0040,Ras el Miaad Airport,34.23833,4.46004
EIBR,Birr Aerodrome,53.070599,-7.897468
ENRO,Røros Airport,62.578399658203,11.342300415039
ENWE,Edvard Grieg Helipad,58.8425,2.24722
EPDK,Debowa Klada Airfield,51.6126,23.0072
EPKN,Opole-Kamień Śląski Airfield,50.530598,18.079283
ES-0187,Fuentealamo Airfield,38.715499,-1.545093
ESMH,Höganäs Airfield,56.184799,12.5761
ESNQ,Kiruna Airport,67.821999,20.3368
ESSE,Skå-Edeby Airfield,59.3451,17.740499
FR-0292,La Toussuire Altisurface,45.272221,6.266667
FR-0425,La Tranche-sur-Mer ULM,46.363534,-1.427364
FR-0481,Piste privée de La Cornélie,46.84447,-1.77088
FR-0599,Aignes et Puyperoux Airfield,45.461667,0.157778
FR-0868,Le Haut des Places Airfield,48.474167,-1.591111
FR-1115,Arbois Ultralight Airfield,46.897222,5.717778
FR-1261,Mourmelon Air Base,49.111401,4.36694
FR-1307,DIVION DZ,50.469726,2.517596
FR-1312,EPEHY DZ,50.006774,3.133206
GB-0298,Green Farm Airstrip,52.1600872,-1.5481724
GB-0303,Croft Airstrip,53.123123,0.252256
GB-0402,Knockbain Farm Airstrip,57.589189,-4.466958
GB-0731,Frandley House Airstrip,53.3047,-2.5442
GB-1142,Portree Community Helipad,57.421898,-6.216904
GR-0004,Nea Kavala Polykastro Airfield,40.985211,22.626629
HU-0077,Érsekcsanád Airfield,46.249608,18.927609
IR-0028,Camp Andimeshk West Heliport,32.413772,48.166992
IT-0044,Beltrutta Airfield,44.496506,7.722974
IT-0226,Villa Farsetti Airfield,45.49917,12.03139
IT-0279,Celano Airfield,42.05167,13.55722
IT-0559,Condor Airfield,40.242373,18.034055
LB-0001,St George Hospital Helipad,33.893873,35.52346
LFIP,Altiport de Peyresourde Balestas,42.796723,0.436503
LFOJ,Orléans-Bricy (BA 123) Air Base,47.987801,1.76056
LT-0008,Vilkaviškis Airfield,54.688091,23.001315
MA-0003,Mahbes Airbase,27.726982,-9.237865
MA-GLN,Guelmim Airport,29.026699,-10.0503
MD-0001,Bălţi City Airport,47.774399,27.9575
NL-0114,Netherlands Traffic Center Heliport,52.063575,5.090967
NL-0136,Albert Schweitzer Hospital Dordrecht Heliport,51.79093,4.68456
OEPK,IPSA 3 Airport,27.954201,46.742599
PL-0086,Lwówek Airport,51.128283,15.570464
PT-0058,Pinheiro Airstrip,38.45523,-8.715986
PT-0071,Pista de Fonte Serne,37.883254,-8.448293
RU-0140,Gryazi Airfield,52.43299865722656,39.900001525878906
RU-0360,Mavrino Helipad,55.27367,37.2973
RU-10027,Totma Airport,59.9835754516,42.7672863007
RU-1053,Zeleniy Mys Heliport,56.091972,37.633263
RU-1060,Lavansaari Airfield,60.001707,27.856435
TR-0086,Sakarya Yenikent Provincial Hospital Helipad,40.848736,30.34586
UKFY,Dzhankoy Air Base,45.700901,34.4189
BG-0087,Pchelnik Airstrip,43.014579,27.650347
BG-0133,Svilengrad Cropduster Strip,41.79382,26.17565
DE-0247,Übersberg Airfield,48.4584,9.2977
DE-0285,Brakel Airfield,51.738682,9.19977
DE-0290,Linnich-Boslar Ultralight Airfield,50.962572,6.33678
DE-0732,Dillingen District Hospital Heliport,48.57447,10.48094
DE-0857,Helios Clinic Freital Heliport,50.99179,13.64548
DTTD,Remada Air Base,32.306198,10.3821
EDAJ,Gera-Leumnitz Airfield,50.881668,12.135833
EDMR,Ottobrunn Heliport,48.04813,11.65367
EEKO,Kose Airfield,59.168317,25.07097
EG-0044,El Galala Marina Heliport,29.48154,32.44888
EG-0066,Western Military Region Stadium Heliport,31.524462,25.894004
EKRF,Rolf Helideck,55.60615539550781,4.4913330078125
EPBH,Bydgoszcz Baza Lpr Heliport,53.210278,18.101667
EPSD,Szczecin-Dąbie Airfield,53.390659,14.632774
EPZP,Zielona Góra-Przylep Airfield,51.978901,15.4639
ES-0253,El Robledo,39.2242833,-4.3076333
ESGS,Näsinge Airfield,59.01676,11.341344
FI-0004,Ähtäri Airfield,62.513442,24.068282
FI-0018,Helsinki Malmi Airport,60.254601,25.042801
FR-0245,Tête De Solaise Heliport,45.43277740478516,6.991666793823242
FR-0333,Envol Ultralight Airfield Alsace,48.148452,7.536407
FR-1031,Les Vastres Airfield,44.985278,4.2675
FR-1216,Saint-André-les-Alpes Glider Landing Field,43.95936,6.50887
FR-1235,Lesquin SNCF DZ,50.567295,3.140152
FR-1250,Pont-Saint-Esprit Airfield,44.269402,4.65333
GB-0112,Bassingbourn Barracks Heliport,52.097044,-0.049741
GB-0214,Jericho Farm Airstrip,53.01043,-1.057198
GB-0557,Saltby Glider Field,52.829667,-0.7125
GB-0796,Lavenham Airstrip,52.132909,0.773785
GE-0023,Ivanishvili House Heliport,41.68763,44.79866
GG-0001,L'Erée Aerodrome,49.456424,-2.648456
GR-0038,Thirasia Heliport,36.4337,25.3426
IE-0061,Moyglare Airfield,53.4044,-6.6362
IL-0004,Talmei Yosef Airstrip,31.1252,34.3777
IT-0205,Gargano Pilot Captain Saverio Tadesco Airfield,41.635,15.761667
IT-0426,Rivoli Tetti Neirotti Airfield,45.046818,7.536461
IT-0674,Gorgona Heliport,43.425819,9.900663
IT-0737,Truzzo Heliport,46.358881,9.319786
IT-0782,Gh. del Mont Gelé,45.902684,7.36571
LBAM,Alfa-Metal Airfield,42.948664,25.358928
LEHG,Hospital General De Catalunya Heliport,41.47359848022461,2.0425000190734863
LETZ,Torozos Airfield,41.785301,-4.86473
LFQZ,Dieuze-Guéblange Airfield,48.774378,6.714106
LIMH,Pian Rosà Heliport,45.933422,7.709344
LKBR,Broumov Airfield,50.561901,16.3428
LSER,Raron Heliport,46.301595,7.832923
LT-9520,Jonava Air Base,55.010146,24.363481
LV-0039,Dricāni Airstrip,56.663395,27.176464
NO-0078,Maggi Beach Airstrip,69.457328,25.460852
OIAI,Shahid Asiyaee Airport,32.001719,49.268599
OJAQ,King Hussein International Airport,29.611601,35.018101
PL-0041,Dębica Air Base,53.943611,15.62028
PL-0217,Koszalin Zegrze Pomorskie Airfield,54.0425,16.2656
PL-0218,Rewal-Ninikowo Private Airstrip,54.062735,15.029036
RO-0096,Ciolpani Airfield,44.73839,26.09206
RU-0413,Negoditsy Airstrip,59.55807,29.217968
SE-0026,Finspångs flygfält,58.73342,15.603996
TR-0159,Manavgat Sport Aeroclub,36.750894,31.48139
TR-0216,Igdir-Dilucu HighWay Border Post Helipad,39.66308,44.793169
UA-0194,Mar'yanivka Airfield,50.464547,24.833452
XK-0017,Prizren Heliport,42.22165,20.749683
AT-0006,Nenzing Heliport,47.208934,9.659745
BA-0014,Glamoč Air Base,44.083894,16.813588
BG-0176,Mustrak Air Base,41.840185,26.309205
BY-0019,Zheludok Heliport,53.598206,24.9719
D371,Reutlingen Klinikum Rooftop Helipad,48.483984,9.218465
DE-0107,Gronau Airfield,52.0578,9.8104
DE-0170,Oberems Glider Field,50.242,8.3986
DE-0821,Siegburg Volunteer Fire Department Helipad,50.79913,7.21431
EBKT,Kortrijk-Wevelgem International Airport,50.818878,3.209551
EBYP,Jan Yperman Regional Hospital Heliport,50.863486,2.896702
EDAB,Bautzen Airfield,51.193611,14.519722
EDCJ,Chemnitz/Jahnsdorf Airfield,50.747501,12.8375
EHLL,L10-A Heliport,53.40333,4.20056
EKCB,Arslev Heliport,56.134444,10.081111
ENFL,Florø Airport,61.583599090576,5.0247201919556
ENWV,Valhall PH Helipad,56.28333,3.4
ES-0060,Pollença Seaplane Base,39.908121,3.101912
ES-0072,Beariz Airfield,42.461198,-8.339795
EYVP,Paluknys Airfield,54.484848,24.987373
FI-0008,Soini Airfield,62.861405,24.165115
FR-0426,Aérodrome du Girouard,46.578838,-1.606048
FR-0494,Genevrelle à Maisse Airfield,48.387512,2.349953
FR-0935,Pont toussaint Airfield,50.350833,3.774722
FR-0983,Saint Amand sur Sèvre Airfield,46.901389,-0.802778
FR-1150,Dieppe Centre Hospitalier Heliport,49.918332,1.080367
FR-1157,Cogolin Grimaud Airfield,43.257778,6.543611
GB-0109,RAF Banff,57.66629,-2.640668
GB-0129,RAF Boulmer,55.411053,-1.594505
GB-0144,RAF Burgh Castle,52.584806,1.668789
GB-0181,East Fortune Airfield,56.000849,-2.735324
GB-0246,Wharf Farm Airstrip,52.627313,-1.418407
GB-0395,Main Hall Farm Airfield,52.271944,-0.070833
GB-0718,Inglesham Private Airstrip,51.669934,-1.716056
GB-1166,RAF Spilsby,53.16465,0.16263
GR-0091,Afidnai Heliport,38.19895,23.85187
IR-0102,Imam Reza Hospital Heliport,34.378947,47.131025
IT-0077,Fly Igor Airfield,45.296717,8.007317
IT-0151,Bibione Airfield,45.669654,13.039451
IT-0176,La Filanda Airfield,43.446407,11.673973
IT-0280,Cesare Rossi Airfield,43.102879,13.557816
IT-0429,Albatros Airfield,45.770727,12.244068
IT-0646,Malfa Heliport,38.579772,14.827852
IT-0804,Mantova Airport,45.135834,10.794444
IT-0902,Elisuperficie Long,45.792959,8.540947
LDOB,Vukovar Borovo Recreational Airfield,45.386398,18.962799
LENH,Nou Hospital De Mataró Heliport,41.56079864501953,2.429719924926758
LFKL,Lyon Brindas Airfield,45.710544,4.696675
LFLS,Grenoble Alpes Isère Airport,45.3629,5.32937
LFOW,Saint-Quentin-Roupy Airfield,49.816089,3.205734
LFPD,Bernay-Saint-Martin Airfield,49.102351,0.565882
LGRP,"Rhodes International Airport ""Diagoras""",36.405399,28.086201
LIBF,Foggia Gino Lisa Airport,41.433596,15.534566
LKHK,Hradec Králové Airport,50.253201,15.8452
LV-0050,Pilsrundāle Rural Airstrip,56.42202,23.97632
LV-1288,Rumbula Air Base,56.883301,24.2267
NL-0078,Grand Hotel Huis ter Duin Heliport,52.240957,4.425935
NL-0115,Princess Margriet Barracks Heliport,52.4474,5.9972
PL-0116,Rogów Airstrip,51.800561,19.857478
PL-0138,Oleszyce Airstrip,50.170308,23.057722
PL-0158,Konary Airstrip,52.287427,20.277461
PT-0147,Cano,38.972008,-7.760231
RO-0055,Dumbrava Roșie Airfield,46.898853,26.434307
RU-0046,Tatischevo Air Base,51.6843986511,45.5481147766
RU-0411,Chernogolovka Airfield,56.0230919816,38.3258914948
RU-0788,Laishevo Airport,55.40836,49.49762
SA-0020,Khafji General Hospital Heliport,28.42003,48.47279
UA-0058,Yenakiyeve Airfield,48.179565,38.201866
UA-0089,Shevchenkove Airstrip,50.876703,29.071036
UA-0176,Yalta North Helipad,44.511515,34.155678
UA-3897,Lebedyn Air Base,50.549999,34.533298
UDYE,Erebuni Airport,40.1221008301,44.465000152600005
UMNV,Pruzhany Air Base,52.582296,24.379864
URRP,Platov International Airport,47.493888,39.924722
BA-0008,Trebinje Helipad,42.705382,18.336074
BE-0070,CRC Glons Heliport,50.73973,5.5421
BKVR,Vali Ranch Heliport,42.513732,21.534508
CY-0016,UNFICYP Helipad,35.111441,32.79351
CZ-0256,Jarošov Airstrip,49.18714,15.04273
DE-0152,Johannisau Glider Field,50.536331,9.66121
DE-0214,Gießen University Hospital Heliport,50.5759,8.6671
DE-0411,Hohenstein UL,51.533636,10.57889
DE-0488,Luftstützpunkt Meppen Heliport,52.72632,7.32988
DE-0599,Bergstraße District Hospital Heliport,49.62937,8.6235
EBSM,Verrebroek Private Airstrip,51.268281,4.175453
EDAN,Neustadt-Glewe Airfield,53.362444,11.613764
EDDG,Münster Osnabrück Airport,52.133816,7.688482
EE-0013,Kuressaare Hospital Helipad,58.252856,22.468708
EFHO,Oulun University Hospital Heliport,65.003609,25.520279
EFIM,Immola Airfield,61.249199,28.9037
EFKE,Kemi-Tornio Airport,65.778701782227,24.582099914551
EGFH,Swansea Airport,51.601366,-4.071006
EGHS,Henstridge Airfield,50.985001,-2.35722
EGSW,Newmarket Heath Airfield,52.235147,0.350643
EHKM,K12-A Heliport,53.47583,3.78722
EINN,Shannon Airport,52.702,-8.92482
ES-0283,Montealegre del Castillo Heliport,38.7994,-1.3131
ES-0351,El Cabril Heliport,38.075984,-5.414768
ESNP,Piteå Airfield,65.3983,21.260799
FR-0161,Angers Centre Hospitalier Heliport,47.486111,-0.554167
FR-0522,Aérodrome de Liorac sur Louyre,44.918681,0.645777
FR-0782,Francourt Airfield,47.655,5.738889
FR-0923,Viella Ultralight Airfield,43.611111,-0.12
FR-1046,Le Mont Dolé Airfield,49.893611,1.579167
FR-1081,Vesoul Hospital Heliport,47.637265,6.137456
FR-1112,Oulles-La Bergerie Altisurface,45.066667,5.965833
GB-0031,Middle Pymore Farm Airstrip (Private),50.751282,-2.759542
GB-0248,Rufforth East Airfield,53.952146,-1.174893
GB-0288,Castle Kennedy Airfield,54.897551,-4.936961
GB-0343,The Royal London Hospital Helipad,51.517868,-0.058343
GB-0391,Pocklington Airfield,53.925647,-0.79432
GB-0637,Clothall Common Airstrip,51.985385,-0.164144
GR-0024,Gavdos Helistrip,34.86012,24.08756
IR-0004,Shahrokhi Highway Strip,35.234192,48.601653
IT-0041,Angiale Airfield,44.833611,7.530556
IT-0374,Asolo Flight Airfield,45.758333,11.896111
IT-0534,Rivaltella Private Airfield,44.642004,10.591759
IT-0655,Levanzo Heliport,37.992772,12.338437
IT-0679,Barbarano Mossano Private Airstrip,45.398029,11.549892
IT-0751,Arca-Bessica Airfield,45.74325,11.83564
LFCB,Aérodrome de Bagnères de Luchon,42.799999,0.6
LFDA,Aire-sur-l'Adour Airfield,43.7094,-0.245278
LGKV,Kavala Alexander the Great International Airport,40.9133,24.6192
LIBD,Bari Karol Wojtyła International Airport,41.138901,16.760599
LQBK,Banja Luka International Airport,44.941399,17.297501
LRCT,Câmpia Turzii Air Base,46.5023,23.8859
MK-0006,Ilinden Military Barracks Heliport,42.017457,21.419386
MK-0008,Ilinden Military Stadium Heliport,42.019295,21.417507
NL-0147,Noordoostpolder / Emmeloord Aerodrome,52.73071,5.746676
PT-0025,Lagos Airfield ULM,37.121875,-8.67879
RO-0078,Onesti Airifeld,46.29927,26.75578
RO-0142,JTAir Heliport,44.280585,28.602755
RU-10024,Sal'sk 2 Airfield,46.45755,41.483345
RU-9992,Saratov Central Airport,51.564999,46.0467
SE-0114,Esgrene Field,58.132092,11.775177
UKWW,Vinnytsia/Gavyryshivka International Airport,49.242531,28.613778
UUOT,Donskoye Airport,52.806099,41.4828
AT-0040,Wietersdorf Heliport,46.847778320312,14.536944389343
BY-9936,Borovaya Airfield,53.960461,27.650596
CZ-0120,Ivančice u Brna ULM,49.095374,16.480516
CZ-0201,Smiley Heliport,50.096953,14.47439
DAAS,Ain Arnat Airport,36.178488,5.329909
DE-0305,Heilbronn-Böckingen Glider Field,49.1223,9.1815
DE-0454,Maroldsweisach Airstrip,50.19933,10.75923
DE-0553,Nettetal City Hospital Heliport,51.30855,6.27125
DE-0602,Wolfenbüttel Municipal Hospital Heliport (Christoph 30),52.179225,10.534531
DE-0668,Mühldorf am Inn Hospital Heliport,48.24375,12.53212
DE-0921,Altstetten Ultralight Field,48.30629,11.28652
EDHK,Kiel-Holtenau Airport,54.37957,10.145266
EDPU,Bartholomä-Amalienhof Airfield,48.746666,10.005
EDRC,Marpingen Glider Airfield,49.453,7.039
EFHA,Halli Airport,61.856039,24.786686
EGXY,RAF Syerston,53.0228,-0.911111
ES-0018,AeroSidonia,36.44026,-5.94093
ES-0144,Aeródromo de Tardienta - Monegros,41.9599129,-0.5434853
ES-0286,Casas de Lázaro Heliport,38.7748,-2.2432
ESSP,Norrköping Airport,58.58629989624024,16.250600814819336
ESSU,Eskilstuna Airport,59.351101,16.708401
ESUP,Pajala Airport,67.244569,23.074894
EVTE,Talsi Airfield,57.254398,22.566218
FI-0003,Nummijärvi Airfield,62.308695,22.518812
FR-0149,Center Parc Heliport,48.72499847412109,0.8361110091209412
FR-0203,Sophia Antépolis Heliport,43.622754,7.028391
FR-0384,Forez Ultralight Airfield,45.637824,4.060888
FR-0525,Frévent ULM,50.278098,2.302623
FR-0621,Saumont Gentieu Airfield,44.111667,0.466111
FR-0860,Mont Saint Michel Airfield,48.604444,-1.551667
FR-0982,Brizay Airfield,47.101667,0.383056
FR-1314,DURY DZ,50.245284,3.011777
GB-0083,RNAS/RAF Donibristle / HMS Merlin,56.034171,-3.353662
GB-0111,RAF Barton Bendish,52.61,0.54
GB-0146,Rougham Airfield,52.246459,0.769472
GB-0251,Chirk Airfield,52.947437,-3.046047
GB-0289,Finningley Village Airstrip,53.5081624,-0.9409418
GB-0479,Rhedyn Coch Farm Airstrip,53.2833,-3.36713
GB-0596,Palmer Moor Farm Airstrip,52.899582,-1.801554
GB-0620,Truleigh Manor Farm Airstrip,50.89813,-0.253251
GB-0783,Pond Farm Airstrip,52.562552,1.453457
GB-0828,Loadman Farm Airstrip,54.941689,-2.143493
GB-1159,RAF Thornaby,54.5317,-1.30387
GB-1326,Royal Derby Hospital Helipad,52.91043,-1.514702
GMAT,Tan Tan Airport,28.447563,-11.161749
HR-0032,Sepurine Training Base,44.209999,15.1632
IE-0040,Dorans Airstrip,53.51968,-7.67858
IE-0050,Mullingar-Milltownpass Airfield,53.452082,-7.237543
IR-0103,Farshchian Cardiovascular Hospital Heliport,34.787449,48.483219
IT-0340,Delta Club Conselice Airfield,44.541928,11.792177
IT-0552,Villa Las Tronas Helipad,40.549793,8.317852
IT-0821,Carrara Port Heliport,44.03471,10.03899
LEMN,Heli Montsiá - Amposta Heliport,40.66640090942383,0.5647220015525818
LENT,Alcoba de Los Montes Heliport,39.267248,-4.490408
LFFP,Pithiviers Airfield,48.155176,2.187563
LFJU,Lurcy-Lévis Airfield,46.712283,2.944768
LFKY,Belley-Peyrieu Airfield,45.694121,5.691533
LKPI,Přibyslav Airfield,49.580799,15.7628
LOGC,Niederöblarn ÖAMTC Heliport,47.479664,14.009866
LPJB,Algés Heliport,38.695741,-9.235799
LT-0034,Skirmantiškė airstrip,55.435248,23.360775
NO-0072,Airlift Ljosland,58.7899624,7.3558677
OS65,Shayrat Air Base,34.490299,36.909004
PL-0264,Redzikowo Air Base / Słupsk-Redzikowo Airport,54.478901,17.1075
RU-0935,Red Partisan Private Airstrip,55.339996,47.268988
RU-10088,Nikel Heliport,69.412289,30.189975
SK-0009,Tekovský Hrádok Airfield,48.171205,18.541741
TR-0193,Bursa City Hospital Helipad,40.26975,28.91379
UA-7707,Pryluki Air Base,50.5667,32.3167
UKKM,Hostomel Airport,50.6035,30.1919
ULBK,Kamenka Airfield,65.87835,44.112947
BIHR,Hvolsvöllur Airport,63.752743,-20.250893
CY-0021,Yukari Bostanci Border Post Heliport,35.156621,33.018651
CY-0084,Köprülü Heliport,35.109818,33.748683
CZ-0130,Horní Libchava Ultralight Airfield,50.703013,14.498985
CZ-0204,Children's Oncology Clinic Heliport,50.074352,14.351978
DE-0191,Aukrug Airfield,54.0647,9.7983
DE-0357,Brauna Airfield,51.282857,14.055521
DE-0675,Sankt Vincentius Hospital Heliport,49.00043,8.37832
DE-0838,Sankt Marienworth Hospital Heliport,49.846918,7.861823
DE-0845,Kalkhorst Agricultural Airfield,53.97492,11.02248
DE-0894,Baumholder Army Air Field,49.650299,7.30007
EBHM,Maasland Heliport,50.909815,5.349017
EDGK,Korbach Airfield,51.25222,8.873611
EDKA,Aachen-Merzbrück Airport,50.823055,6.186389
EDPJ,Laichingen Jakob Laur Airfield,48.496944,9.640278
EG-0049,July 3rd Tunnel Heliport,31.09078,32.27712
EG-0050,East Port Said Naval Base Heliport,31.21905,32.37619
EG-0072,RAF Kasfareet,30.247667,32.412195
EIMS,Mountshannon Seaplane Base,52.9305,-8.4245
ES-0184,Aeródromo Navalmoral de la Mata,39.91613,-5.53976
FR-0318,Bicêtre Hospital Heliport,48.809506,2.35622
FR-0326,Saint Maurice Ultralight Airfield,45.96559,0.739478
FR-0344,Saint Quentin Ultralight Airfield,49.852505,3.336229
FR-0644,Sévignacq Airfield,43.448056,-0.281389
GB-0094,RAF Andrews Field / RAF Great Saling,51.8975,0.460278
GB-0357,Bute Airfield,55.756777,-5.047962
GB-0703,Glebe Farm (Sibson) Airstrip,52.606,-1.4621
GB-0784,Blue Tile Farm Airstrip,52.8276,1.0037
GB-0853,Charmy Down Airstrip,51.427151,-2.349594
GB-0998,Dysons Osiers Airstrip,51.69443,-0.08695
GB-1270,Woodbridge Airfield,52.09,1.40583
HE33,Meliha Airport,30.732035,27.019075
HL72,Waddan Airport,29.1392,16.160299
IL-0007,Rishon Lezion Airfield,31.9672,34.7536
IQ-0050,Subakhu Airfield,33.934475,45.101368
IR-0107,Imam Reza Hospital Heliport,35.217661,48.730186
IS-0013,Tálknafjörður Airport,65.676037,-24.006114
IT-0769,Ronzo-Chienis Paraglider Field,45.901945,10.975953
LBBA,Bahovitsa Airfield,43.206111,24.655556
LBBZ,Bazan Airstrip,43.728429,26.119696
LFPH,Chelles-le-Pin Airfield,48.896568,2.606206
LGAX,Alexandria (Gidas) Airfield,40.6511,22.488701
LGTS,Thessaloniki Macedonia International Airport,40.51928,22.970009
LIBJ,"Helicopter Base ""Luigi Razza""",38.640456,16.042989
LRBK,Moara Vlasiei (Becker Aviation) Heliport,44.633011,26.197479
LTHD,Orgeneral Eşref Bitlis Askeri Heliportu,37.9306,40.2311
LV-0030,Zasa Airstrip,56.273317,26.034956
LY-0003,Gabr Airstrip,29.873888,23.347918
LZSY,Šurany Airfield,48.075971,18.114002
OSDZ,Deir ez-Zor Airport,35.2854,40.175999
PL-0078,Lipki Wielkie Airfield,52.715915,15.51115
PL-0263,Niemiry Airstrip,52.64301,21.57183
PT-0055,Aerodromo de Pias Longas (New) UL,39.597207,-8.567748
RU-0039,Kachalovka Airfield,67.987,39.834999
RU-0496,Begunitsy Northwest Airfield,59.605536,29.27302
RU-10026,Tolyatti Airport,53.596638,49.378374
RU-3693,Letneozerskiy Air Base,63.389999,40.3983
TR-0005,Tuzla Air Base,40.822643,29.335127
TR-0223,4th Battalion (Frontier Guard) Heliport,39.644556,44.472939
UA-0137,Bekhtery Airfield,46.232,32.292
D447,Untertürkheim Fa. Daimler Rooftop Helipad,48.782163,9.239661
DE-0030,Traunstein Hospital Helipad,47.874141,12.631413
DE-0377,Waltrop Ultralight Airfield,51.640381,7.426479
DE-0497,Frankfurt Westside Heliport,50.089619,8.585571
DE-0556,Landshut Hospital Heliport,48.53758,12.13869
EDAW,Roitzschjora Airfield,51.577778,12.494444
EDLO,Oerlinghausen Airfield,51.93222,8.661667
EDRP,Pirmasens-Pottschütthöhe Airfield,49.264442,7.488333
EGZL,Feshiebridge Glider Field,57.103667,-3.891667
ENST,"Sandnessjøen Airport, Stokka",65.956802,12.4689
EPBY,Ignacy Jan Paderewski Bydgoszcz Airport,53.096802,17.977699
EPPC,Pińczów Airfield,50.517439,20.516758
FI-0006,Taivalkoski,65.34774,28.34182
FR-0476,Ancien Aérodrome de Soustons,43.80543,-1.25603
FR-0519,Base ULM d'Izenave,46.027516,5.5239
FR-0629,Fourques Airfield,44.466667,0.161944
FR-0702,Le Charmois Airfield,47.019722,3.779444
FR-0707,Sainte Thorette Airfield,47.075833,2.213889
FR-0766,Les Potes Adon'fe 08 Airfield,49.635,4.284722
FR-0795,Arthenas Airfield,46.574167,5.536389
FR-0957,Les Ailes de la Morière Airfield,46.626667,-1.743889
FR-1214,Aron-les-Ecottays Ultralight Airfield,48.28317,-0.5163
FR-1322,Sèvremoine Ultralight strip,47.01879,-1.03036
FR-1323,Peronne - Moulin Chevraut Airfield,46.433079,4.801533
GB-0087,RAF Acaster Malbis,53.879807,-1.119833
GB-0609,Black Horse Ballooning Club,51.709864,-0.711025
GB-1011,Tansterne Grange Airstrip,53.818186,-0.141921
GB-1179,RAF Holbeach,52.85245,0.16434
HL84,Messla-5alv Airport,27.9757,22.357401
IQ-0058,Tikrit Heliport,34.594751,43.691355
IT-0125,Campo di Volo Platamona,40.813333,8.470278
IT-0249,Willy il Coyote Airfield,44.771828,10.832155
IT-0526,ASD Salento Fly Airfield,40.350138,18.061007
LDZP,Zvonimir Rain Glider Airfield,44.699634,15.781688
LFEH,Aubigny-sur-Nère Airfield,47.47993,2.393271
LGMG,Megara Air Base,37.981098,23.3654
LILC,Calcinate del Pesce Airfield,45.8097,8.76806
LSTR,Montricher Airfield,46.590263,6.400591
NL-0033,Langeveld Glidersite,52.297387,4.511962
NL-0077,Schiermonnikoog Heliport,53.473141,6.194632
NO-0047,"Bykle Heliport, Hovden",59.52691,7.368471
PL-0032,Środa Śląska  (Komorniki) Highway Strip,51.16279983520508,16.66860008239746
PL-0265,Legnica Airport,51.1828,16.1782
PT-0125,Corvachã Ultralight Airfield,41.231937,-7.977163
RU-0432,Karachayevsk Airfield,43.789001,41.911499
RU-0956,Vladikavkaz Gizel' Airfield,43.073397,44.586704
RU-2249,Gromovo Air Base,60.713299,30.1117
SE-0017,Frostlanda Airfield,64.482053,14.104497
SE-0044,Vuollerim Airstrip,66.4344129,20.6340556
SY-0009,Green Village Airport,35.04855,40.58405
TR-0006,Ankara BB Helipad,39.938958,32.838205
TR-0085,Serdivan Heliport,40.785258,30.366197
UA-0060,Gostra Mogila Airfield,48.532282,39.390879
UUBK,Staroselye Airport,58.104198,38.929401
AT-0030,Aspern Airfield,48.2244,16.5082
AT-0055,Wiener Neustadt ÖAMTC Heliport,47.845135,16.251601
BG-0033,Slivnitsa Airfield,42.844082,23.014162
BG-0108,Mezhda Highway Strip,42.31443,26.24916
BIRS,Reykjanes Airport,65.9142,-22.4214
BY-4247,Pribytki Air Base,52.30500030517578,31.163299560546875
CZ-0037,Masaryk Hospital Helistop,50.679862,14.020717
CZ-0054,Ramŝ Airfield,50.641667,14.541389
CZ-0206,Kunratice Heliport,49.99995,14.48192
DE-0494,Asklepios Hospital Harburg Helipad,53.459786,9.950835
DE-0584,Weinheim Hospital Heliport,49.55042,8.64409
DE-0612,Sankt Johannes Hospital Auerbach Heliport,49.69805,11.62001
DE-0652,Bautzen-Bischofswerda Hospital Heliport,51.13689,14.1775
DE-0893,Nordenbeck Airport,51.2350791174,8.81752610207
DE-0933,Ostfildern-Ruit Medius Hospital Helistop,48.741787,9.25447
DZ-0048,Omanet Airport,28.73085,8.88037
EBBZ,Buzet Aerodrome,50.542335,4.382472
EGNW,Wickenby Aerodrome,53.3167,-0.349722
EHHA,Amsterdam Heliport,52.414625,4.804802
EHLP,L13-FE-1 Heliport,53.31306,4.24667
EIDW,Dublin Airport,53.428713,-6.262121
EKVD,Kolding Vamdrup Airfield,55.436298,9.33092
ENSX,"Stavanger Heliport, University Hospital",58.9521,5.730924
EVAD,Ādaži Airfield,57.098591,24.266718
EYND,Nida Airfield,55.327778,21.045834
EYNE,Nemirseta Heliport,55.861442,21.078986
FR-0031,Sens Fire and Rescue Center Heliport,48.191991,3.306123
FR-0050,Centre Hospitalier Heliport,48.4908332824707,-2.7511110305786133
FR-0075,Lons-le-Saunier Hospital Heliport,46.677314,5.548193
FR-0269,Altisurface de Ferrère Batmale,42.888332,0.498889
FR-0405,Aérodrome de L'Isle-en-Dodon,43.380657,0.851848
FR-0508,Ter Clinic Heliport,47.73604,-3.39855
FR-0699,Egriselles-le-Bocage Airfield,48.116944,3.168611
GB-0099,RAF Ashbourne,53.006944,-1.706944
GB-0100,RAF Ashford,51.125636,0.818719
GB-0188,Black Spring Farm Airstrip,52.780593,-0.527873
GB-0594,Barcombe-North Airstrip,50.935009,0.031887
GB-0865,Grange Farm Private Airstrip,53.194747,-0.809222
GB-0914,Elan Valley Airstrip,52.28452,-3.53961
GB-1209,Rufforth West Airfield,53.947146,-1.18721
GB-1241,Aylesbury/Thame Airfield,51.775799,-0.940278
GB-1332,RAF Hemswell,53.408278,-0.590458
IQ-0024,Jalibah Southeast Air Base,30.546518,46.602779
IT-0517,Titta Airfield,43.491204,12.2428
IT-0522,Aviosuperficie Privata Avielsar,39.498207,9.612477
IT-0545,Eliporto Giorgio La Pira,36.718499,14.826982
IT-0551,Delta Club Ibis Airfield,43.022255,10.611618
IT-0647,Lipari City Hospital Helipad,38.462267,14.953542
LEEX,La Cartuja (Expo 92) Heliport,37.3993,-6.010675
LHBP,Budapest Liszt Ferenc International Airport,47.43018,19.262393
LHSS,Szolnok-Szandai Airfield,47.142879,20.197313
LKNA,Náměšť Air Base,49.166272,16.123981
LKRY,Rokycany Airfield,49.751944,13.589722
LOID,Kufstein Hospital Helistop,47.57124,12.149485
LOSM,Mauterndorf Airfield,47.131995,13.695867
LV-8044,Saraiķi lidlauks,56.698941,21.062459
ME-0002,Berane General Hospital Heliport,42.85081,19.87042
OS66,Rasm Al-Abboud Air Base,36.187099,37.583199
PL-0037,Bezmiechowa Airfield,49.518996,22.409148
PT-0099,Pista do Cabeço da Vaca UL,40.345145,-6.979752
RO-0086,BM Paramotoring and Paragliding Field,44.70336,27.91061
RO-0140,Phoenicia Luxury Hotel Helipad,44.279402,28.620624
RS-0026,Pirot Stadium Heliport,43.140062,22.594929
RU-0664,Pobedy Park Heliport,56.329755,44.032597
RU-10116,Nota River Heliport,67.990438,29.687294
SA-0027,Tanajib Aramco Gas Plant Heliport,27.81722,48.86841
TN-0004,A1 Mareth Heliport,33.56221,10.31416
TR-0045,Ataköy Marina Helipad,40.97118,28.8695
TR-0133,Hacıpaşa helipad,36.069306,36.376533
BE-0075,Aalst Hospital Helistrip,50.943087,4.055763
BG-0030,Bozhurishte Airport,42.753228,23.202753
BG-0105,Gita Airfield,42.19406,25.43875
BITN,Þórshöfn Airport,66.218459,-15.334739
BY-0024,Karolin Airfield,53.632516,23.735275
CZ-0066,Kaplice UL,48.718611,14.450556
CZ-0128,Velké Pavlovice Airfield,48.880556,16.825
DE-0431,Oldenburg Police Heliport,53.2162096,8.2177713
DE-0589,Landsberg am Lech Hospital Heliport,48.04754,10.85646
DE-0714,Helios Clinic Erfurt Heliport,50.99436,11.01206
DE-0858,Ilm District Hospital Arnstadt-Ilmenau Heliport,50.83944,10.94069
DE-0880,Bremerhaven Airport,53.506943,8.572778
DZ-0035,Tegentour Airport,28.46911,2.51871
EDAY,Strausberg Airfield,52.580555,13.916667
EDCI,Klix Airfield,51.271819,14.505708
EDNW,Weißenhorn Airfield,48.289444,10.140278
EDSN,Neuhausen ob Eck Airfield,47.976665,8.903889
EE-0007,Kagul Air Base,58.3121457,22.2644062
EGOV,Anglesey Airport,53.2481,-4.53534
ES-0087,Don Benito,38.9784666667,-5.866
ES-0317,Montanejos Heliport,40.06123,-0.53067
ESHC,Södersjukhuset Hospital Heliport,59.308529,18.054789
ESUE,Idre Airport,61.869701,12.6894
FR-0112,Mont Saint Martin Hospital Heliport,49.531286,5.785929
FR-1013,Coustellet Airfield,43.8692,5.158269
FR-1104,La Saussaye Airfield,48.4125,1.553889
FR-1134,Roanne Centre Hospitalier Heliport,46.042594,4.079833
FR-1335,Blugeon Helipad,46.166558,6.709353
GB-0066,Eddsfield Airfield,54.111252,-0.461929
GB-0155,RAF Maghaberry,54.5156,-6.1783
GB-0189,Caunton Airfield,53.118159,-0.893483
GB-0203,Westonzoyland Airfield,51.10684,-2.908688
GB-0459,Broadmeadow Farm Airstrip,52.025699,-2.762393
GB-0791,Sutton Airstrip,50.923813,-0.614376
GB-0804,Grove Farm Airstrip,52.3871,1.2561
GB-0944,Arden Heath Farm Airstrip,52.18639,-1.67465
GB-1030,West-Burton Airstrip,53.362942,-0.828925
GB-1227,RNAS Fearn Air Base,57.757594,-3.948184
GR-0065,Leptokarya Military Heliport,40.07228,22.56698
HU-0082,Szentes Heliport,46.616714,20.28359
IT-0157,Ali del Po Private Airfield,44.971119,10.294275
IT-0676,SUEM Heliport Treviso,45.655348,12.263585
IT-0692,Rimini Infermi Hospital Heliport,44.045695,12.58963
LERT,Rota Naval Station Airport,36.645198822,-6.34946012497
LFAV,Valenciennes-Denain Airfield,50.327823,3.461061
LFIT,Aérodrome de Toulouse Bourg-Saint-Bernard,43.612202,1.72528
LFJE,Altiport de La Motte Chalancon,44.4958,5.40285
LFKD,Sollières Sardières Airfield,45.253804,6.801138
LFPK,Coulommiers-Voisins Aerodrome,48.839602,3.008653
LGHI,Chios Island National Airport,38.34320068359375,26.140600204467773
LHDC,Debrecen International Airport,47.489469,21.616278
LJCE,Cerklje ob Krki Air Base,45.900002,15.5302
LLER,Ramon International Airport,29.727009,35.014116
LMMG,Xewkija Heliport,36.027199,14.2728
LV-8046,Laukgals lidlauks,56.364264,21.148337
NL-0010,St. Elisabeth Hospital Heliport,51.538882,5.104576
NL-0121,Wikselaar Satellite Trading Helipad,52.14008,5.7496
ORTF,Tall Afar Army Air Field,36.2831,42.403
RO-0042,Chilia Veche Aerodrome,45.41911,29.31393
RO-0054,Iaşi Sud,47.15778,27.6375
RU-0176,Marli Helipad,59.8904533386,29.8946247101
RU-0214,Ukhtomskaya Heliport,55.69729995727539,37.87900161743164
SK-0017,Bojná Airstrip,48.541903,18.052603
SK-0050,Širkovce Airstrip,48.27482,20.092034
UA-0184,Apostolove Airfield,47.657898,33.752977
UA-9883,Streletskaya Bukhta Heliport,44.604803,33.471857
BE-0056,Kiel Heliport,51.20007,4.358938
BG-0080,Selskostopansko Airstrip,43.40321,25.8523
BKPR,Priština Adem Jashari International Airport,42.5728,21.035801
CZ-0025,Domažlice Hospital Heliport,49.438409,12.90702
CZ-0131,Želeč Airstrip,49.330555,14.658889
CZ-0187,Domaželice Airstrip,49.444719,17.541561
DE-0054,Dobenreuth Glider Field,49.696802,11.143212
DE-0169,Vielbrunn Airfield,49.7193,9.0823
DE-0265,Kißlegg Autobahn Police Heliport,47.7689,9.8921
DE-0387,Geilsheim UL,49.024268,10.660071
DE-0413,Obersöllbach Ultralight Airfield,49.183183,9.559103
DE-0634,Kamenz Heliport,51.2641,14.12522
EDBI,Zwickau Airfield,50.701668,12.453889
EDRS,Bad Sobernheim-Domberg Airfield,49.790833,7.666111
EDTM,Mengen-Hohentengen Airfield,48.05389,9.372778
EGSQ,Clacton Airfield,51.785,1.13
EHKO,K12-D Heliport,53.42167,3.885
EIDL,Donegal Airport,55.0442008972168,-8.340999603271484
EPBK,Białystok-Krywlany Airfield,53.101398,23.170601
ES-0016,Club Aernautic Catalunya,41.750278,2.611389
ES-0033,Aerohíspalis,37.3297,-5.722783
ES-0288,Serracines Heliport,40.623,-3.3973
ES-0313,Son Espases Heliport,39.6093,2.64565
ES-0325,Morro Jable Heliport,28.05214,-14.36124
FR-0162,Centre Hospitalier Heliport,47.24555587768555,-0.05944399908185
FR-0389,Polminhac ULM,44.94278,2.577
FR-0826,Mas Sarda Airfield,42.681111,2.652222
FR-0898,Nauxion Airfield,43.737222,0.473611
FR-0991,Pouançay Airfield,47.096111,-0.0725
FR-1228,Clamecy Hospital Heliport,47.45426,3.51032
GB-0250,Shacklewell Lodge Farm Airstrip,52.652515,-0.570994
GB-0314,Otherton Airfield,52.709484,-2.092081
GB-0588,RAF Warboys,52.395349,-0.096993
GB-0644,Lake Heliport Abbotsham,51.032554,-4.251607
GB-1004,Chipstead Private Airstrip,51.291025,-0.166131
GB-1029,North Fen Farm Airstrip,53.425302,0.106194
GB-1056,Old Mill Farm Airstrip,51.026236,-0.655503
GB-1184,RAF Seighford,52.82498,-2.20133
GMFI,Ifran Airport,33.505299,-5.1529
GMTA,Cherif Al Idrissi Airport,35.177101,-3.83952
HL58,Ajdabiya Airport,30.7651,20.191401
IE-0028,Ballyboe Airstrip,52.383923,-7.618068
IT-0015,Aviosuperficie Ramacca,37.390652,14.620249
IT-0492,Vraglia Airfield,44.413209,11.747288
IT-0711,Aviosuperfice Eloro,36.85641,15.08021
LEOT,Ontur Airfield,38.615681,-1.526477
LFDV,Couhé Vérac Airfield,46.2728,0.190556
LFEV,Gray Saint-Adrien Airfield,47.431659,5.61775
LFHL,Langogne-Lespéron Airfield,44.703589,3.88485
LI-0001,Liechtenstein Hospital Helipad,47.134773,9.522753
LOPE,Elisabethinen Hospital Helipad,48.305416,14.294207
LPHC,Cascais Hospital Heliport,38.728828,-9.418976
LT-0002,Panemunelis Airstrip,55.92969,25.41844
LTBL,Çiğli Airbase,38.513,27.010099
MT-0003,Ta' Qali,35.896914,14.418733
MT-0006,Ta' Lambert Airfield,36.03082,14.264878
NO-0023,Rena Airfield Landsørkje,61.186216,11.374443
ORER,Erbil International Airport,36.236047,43.946615
RO-0135,Ploiesti Aero Taxi Heliport,44.964956,25.901118
RU-0667,Zimenki Heliport,56.156272,44.251689
SK-0067,Veľké Kapušany Airstrip,48.539865,22.062918
TR-0054,Haydarpaşa Numune Training and Research Hospital Helipad,41.00535,29.02336
TR-0222,Yenidoğan South Border Post Helipad,39.677538,44.474185
TR-0268,Yenifoça 7th Gendarmerie Regiment Command Helipad,38.677884,26.754933
UA-0102,Lyneya Airstrip,51.413316,30.87469
UKBB,Boryspil International Airport,50.345001,30.894699
UMLI,Minsk Machulishchy Air Base,53.77344,27.577411
CZ-0140,Černovice u Tábora Airstrip,49.376111,14.993889
DE-0126,Stüde Bernsteinsee Airfield,52.564326,10.682343
DE-0141,Dornberg-Sontra Airfield,51.0873,9.9155
DE-0230,Riesa-Canitz Airfield,51.3024,13.228
DE-0439,Einstazhafen Kaltenkirchen Airfield,53.825327,9.904432
DE-0870,Höllentalangerhütte Mountain Rescue Heliport,47.43736,11.02358
DK-0006,Rødekro Airfield,55.07824,9.300639
DZ-0036,REG In Salah Airport,28.07732,2.12826
EDRB,Bitburg Airport,49.945278,6.565
EDTR,Herten-Rheinfelden Airfield,47.56028,7.748333
EFFO,Forssa Airfield,60.803683,23.650802
EGCT,Tilstock Airfield,52.932363,-2.647435
EGLP,Brimpton Airfield,51.383456,-1.172096
EHTX,Texel International Airport,53.114962,4.830552
ETSI,Ingolstadt Manching Airport,48.7156982421875,11.534000396728516
FR-0117,Centre Hospitalier Heliport,43.60388946533203,2.2391669750213623
FR-0367,Ulmodrome des Landes,44.944215,1.646743
FR-0429,Fontrailles Ultralight Airfield,43.345961,0.361649
FR-0442,Grange Dieu Levroux Ultralight Airfield,46.95981,1.65979
FR-0449,Saint-Benoît-sur-Loire Ultralight Airfield,47.79157,2.33751
FR-0532,Dunkerque Harbor Heliport,51.052503,2.3472
FR-0557,Laon-Athies Air Base,49.59637,3.70885
FR-0654,Montaigu de Quercy Valprionde Airfield,44.365,1.092222
FR-0774,Lombard Airfield,46.769444,5.498333
FR-1099,Savoie Helicopteres Heliport,46.071111,6.517778
GB-0032,Bath Wilts & North Dorset Gliding Club,51.128899,-2.246017
GB-0065,Audley End Airfield,52.007042,0.224104
GB-0134,RAF Bramcote / HMS Gamecock,52.489722,-1.399167
GB-0207,Wallis International Airfield,52.579126,-0.113764
GB-0310,Bryn Gates Airfield,53.513189,-2.625593
GB-0582,Windrush Airstrip,51.804794,-1.737599
GB-0684,Glasgow Seaplane Terminal,55.85831,-4.294882
GB-1256,RAF Castletown,58.5847198881,-3.34816932678
GB-1272,Wethersfield Air Base,51.971901,0.509444
GR-0081,Krystallopigi Border Crossing Heliport,40.62212,21.05763
HEIS,Ismailia Air Base,30.597951,32.235689
HL54,Bani Waled Airport,31.739201,13.954
IE-0076,Castlebar Airport,53.8484,-9.28037
IT-0096,Aviosuperficie Sabaudia,41.333611,13.021389
IT-0213,Aliquirra Airfield,39.678438,9.462163
IT-0229,Natile Airfield,40.59059,16.769
IT-0297,Ali della Libertà Airfield,44.516167,11.100083
IT-0818,Grandi Molini Italiani Heliport,43.57928,10.32129
JO-0007,Al Qatranah Highway Strip,31.251992,36.223211
LFFT,Neufchâteau Airfield,48.35895,5.719615
LFHY,Moulins-Montbeugny Airfield,46.534599,3.42372
LFMS,Aérodrome d'Alès Cévennes,44.069698,4.14212
LIMC,Milan Malpensa International Airport,45.6306,8.72811
LOLU,Gmunden-Laakirchen Airfield,47.951541,13.867271
LT-0035,Skaudvilė airstrip,55.395323,22.591957
LTAH,Afyon Air Base,38.726398,30.601101
LTCF,Kars Airport,40.562198638916016,43.1150016784668
NL-0056,Vliegpark Vlissingen,51.459722,3.583056
NL-0074,National Aerospace Laboratory Heliport,52.680896,5.925617
NL-0109,Marine kazerne Vlissingen Helipad,51.4505,3.602
NL-0144,Soesterberg Air Base,52.1273,5.27619
NO-0033,Lillehammer Mjøsisen Ice Runway,61.095,10.44
PL-0045,Jaworze Airfield,53.31139,15.71389
PL-0079,Lotnisko Turośń Kościelna,53.003022,23.057806
PT-0010,Hospital Distrital Leiria heliport,39.744537,-8.793105
RU-0463,Sorokino Airfield,57.724212,28.240812
SI-0005,Metlika Prilozje Airfield,45.58896,15.2597
TR-0206,Kirikkale University Medical Faculty Hospital Heliport,39.869608,33.451769
TR-0281,Karamürselbey Airfield,40.701106,29.529638
UA-0195,Bucha Heliport,50.568457,30.214526
UA-8143,Stryi Air Base,49.24330139160156,23.786699295043945
UD21,Arzni Airport,40.294102,44.564602
UKDE,Zaporizhzhia International Airport,47.866962,35.314723
UKKG,Kirovograd Airport,48.542801,32.285
UMKK,Khrabrovo Airport,54.89161,20.598559
BG-0138,Timarevo Airfield,43.38894,26.88543
BY-0043,Minkavichi Agricultural Airstrip,52.361764,23.544216
CH-0046,San Vittore Airport,46.2342,9.09417
CY-0069,Paramali South Helipad,34.666455,32.811478
CZ-0126,Poděbrady Airfield,50.184305,15.166551
DE-0187,Iserlohn-Rheinermark Airfield,51.4293,7.6436
DE-0195,Dankern Airfield,52.802319,7.160291
DE-0352,Skydive Bad Lippspringe,51.79056,8.786111
DE-0451,Düdinghausen Auxiliary Helicopter Base,52.58029,8.93266
DE-0598,RoMed Hospital Wasserburg Heliport,48.05886,12.19701
DE-0607,Darmstadt Hospital Heliport,49.87451,8.64535
DE-0828,Grimma Hospital Heliport,51.2373,12.71939
DE-0833,Naumburg Hospital Heliport,51.16025,11.81553
EBZW,Genk Zwartberg Airfield,51.0154,5.52647
EDCY,Spremberg-Welzow Airfield,51.575558,14.136944
EDVW,Bad Pyrmont Airfield,51.966667,9.291667
EDXI,Nienburg-Holzbalge Airfield,52.709721,9.1625
EDXT,Sierksdorf/Hof Altona Airfield,54.066743,10.742183
EFPI,Piikajarvi Airfield,61.245602,22.193399
EPDA,Darłówo Naval Air Base,54.404701,16.3531
EPLY,Leźnica Wielka Air Base,52.004945,19.143792
ES-0164,Camp de vol La Puieda,41.9882928,2.2561665
ES-0240,Heliactivo,38.5632993,-0.1511484
ES-0361,Ciudad Sanitaria y Universitaria de Bellvitge Heliport,41.345299,2.10729
ETAD,Spangdahlem Air Base,49.976507,6.698413
FR-0103,Centre Hospitalier Heliport,45.81388854980469,1.2377779483795166
FR-0212,Centre Hospitalier Heliport,45.6694450378418,6.368610858917236
FR-0347,Mellac Ultralight Airfield,47.912079,-3.565698
FR-0466,Corbeny Ultralight Airfield,49.457382,3.854544
FR-0537,Micheville-Villerupt Airfield,49.48486,5.9181
FR-0850,Cappel Airfield,49.073611,6.841111
FR-1066,Labatut Rivière Airfield,43.521111,0.034722
FR-1289,Embry DZ,50.497677,1.968613
GB-0381,Walkeridge Farm Airstrip,51.2922274,-1.2482383
GB-0785,OaklandS Farm Airstrip,51.04,-0.3309
GB-0929,Brickwall Farm Airstrip,52.09289,0.52848
GB-1118,RAF Hornchurch,51.53637,0.20739
GB-1176,RAF Stoke Hammond,51.95091,0.73966
GB-1294,Royal Alexandria Hospital Paisley,55.834334,-4.435032
HEGN,Hurghada International Airport,27.176776,33.796692
HU-0075,Miskolc Airfield,48.13603,20.789641
IQ-0023,Injanah Air Field,34.44561767578125,44.595306396484375
IT-0039,Meggiana Altiport,45.746092,8.040702
IT-0356,Giardini di Corcolle Airfield,41.900476,12.741902
LFCZ,Aérodrome de Mimizan,44.145928,-1.16432
LFKO,Propriano Airport,41.660599,8.88975
LFLD,Bourges airport,47.060158,2.369633
LFLX,Châteauroux Déols airport,46.860221,1.728326
LFQK,Châlons - Écury-sur-Coole Airfield,48.905107,4.352703
LFRF,Granville Airport,48.883099,-1.56417
LFSN,Nancy-Essey Airport,48.692101,6.23046
LKPC,Panensky Tynec Airfield,50.306099,13.9342
LLBO,Habonim Airfield,32.649854,34.933126
LOKQ,Lienz-Nikolsdorf ÖAMTC Heliport,46.79974,12.876815
LSTO,Môtiers Airfield,46.916698,6.615
LY-DNF,Martuba Air Base,32.542,22.745001
MA-0008,Ben Guerir Air Base,32.124889,-7.877884
NL-0142,K17-FA-1 Heliport,53.06278,3.5375
NO-0093,Ruteig Airstrip,59.47519,10.19461
PL-0008,Nasielsk-Chrcynno Airfield,52.571618,20.871649
PT-0040,Aérodromo Municipal de Proença-a-Nova,39.731217,-7.87495
RO-0026,Salonti Airstrip,45.941516,23.760562
RU-0164,Tikhoretsk Air Base,45.879002,40.105
RU-10047,Rtishchevo Air Base,52.297317,43.7241
RU-3288,Umbozero Air Base,67.513427,34.30687
SE-0111,Stockholm Tullinge Airport,59.179401397705,17.907800674438
SK-0003,Dunajská Streda-Malé Blahovo Airfield,48.020261,17.612572
SK-0057,Čerín-Čačín Airstrip,48.674911,19.245273
SY-0001,Taftanaz Airbase,35.974135,36.781241
TR-0128,İSPARK Hasdal Heliport,41.09257,28.9228
TR-0142,Pınarhisar Gendarmerie Heliport,41.62548,27.50743
UA-0023,Chkalovskiy Airfield,45.073002,35.202999
UA-0131,Kukushkino Airstrip,45.698139,33.36079
UMMS,Minsk National Airport,53.888071,28.039964
AT-0023,Leoben Hospital Heliport,47.38066,15.08471
CZ-0082,Borovník Airfield,49.358611,16.242222
DE-0280,Bad Marienberg Airfield,50.6611,8.0276
DE-0430,Sindelfingen City Hospital Helistop,48.71495,9.02438
DE-0529,Dresden Elbwiesen Heliport,51.06144,13.78079
DE-0631,DRK Hospital Lichtenstein Heliport,50.74793,12.6354
DE-0645,SRH Wald-Klinikum Gera Hospital Heliport,50.86702,12.05101
DE-0835,Ingolstadt Municipal Heliport,48.77016,11.41878
DK-0009,Bolhede Glider Field,55.631971,8.755736
EBKW,Westkapelle Heliport,51.321655,3.294568
EDEB,Bad Langensalza Airfield,51.129166,10.622222
EFMA,Mariehamn Airport,60.1222,19.898199
EGPC,Wick John O'Groats Airport,58.4589,-3.09306
EGSO,Crowfield Airfield,52.173045,1.110649
EKSB,Sønderborg Airport,54.96440124511719,9.791729927062988
ES-0036,Aeroclub Totana,37.753083,-1.4487
ES-0175,Aeródromo Mazaricos,42.982329,-9.005002
ES-0191,El Bonillo Airfield,38.8727,-2.6733
ESMS,Malmö Sturup Airport,55.535564,13.376327
FR-0025,Pontonx Heliport,43.77777862548828,-0.9194440245628356
FR-0134,Arsenal-Premar Heliport,49.65388870239258,-1.6399999856948853
FR-0154,Centre Hospitalier Heliport,49.74305725097656,0.385556012392044
FR-0308,Altisurface Uls,42.851944,0.848889
FR-0350,Juan-les-Pins Ultralight Seaplane Base,43.565548,7.102469
FR-0361,Marseille Hydro,43.29909,5.347612
FR-0570,Banelle Ultralight Airfield,46.124953,3.286886
FR-0678,Queneleuc Airfield,48.098333,-2.076389
FR-0943,Valanjou Airfield,47.224444,-0.568333
FR-0958,Chesnaie ULM Airfield,47.339444,-0.925
FR-1124,Saint Jean d'Ardières Airfield,46.131344,4.742934
GB-0006,Draycot Farm Aerodrome,51.493401,-1.74382
GB-0159,RAF Millom,54.200748,-3.324995
GB-0469,Calton Moor Airfield,53.0328,-1.83495
GB-0659,RAF North Pickenham,52.627378,0.732724
GB-1306,Mid Argyll Hospital Heliport,56.040076,-5.420863
GECT,Ceuta Military Heliport,35.889018,-5.346354
GR-0010,Perneri Airfield,38.37548,23.25761
GR-0048,Lechaio Airfield,37.92649,22.859559
IM-0003,Mount Rule Farm Airstrip,54.182127,-4.51311
IT-0012,Rinaura Airfield,37.028647,15.243509
IT-0045,Cascina Colombare Airfield,45.49611,8.52527
IT-0103,Ali di Classe Airfield,44.323419,12.307577
IT-0378,Ala Jonica Airfield,37.9371,15.320702
IT-0386,Volo Club Falchi Grigi,41.9101,16.0993
IT-0568,Masseria Modesti Airfield,40.988856,16.407877
IT-0633,San Giovanni Airfield,41.239417,15.801825
LF50,Aérodrome privé de Soucelles,47.580399,-0.412269
LFCA,Aérodrome de Châtellerault-Targé,46.781399,0.551944
LFJR,Angers Marcé airport,47.560299,-0.312222
LKCS,České Budějovice South Bohemian Airport,48.948171,14.42832
LOHD,Hartberg LKH Heliport,47.273333,15.966111
LOMR,RK-1 Heliport,46.740944,13.664802
LPBJ,Beja Airport / Airbase,38.078899,-7.9324
LPNV,Torres Novas Hospital Heliport,39.469379,-8.537203
LSGS,Sion Airport,46.219166,7.326944
NO-0007,Vermundsjøen Ice Runway,60.696209,12.38142
PL-0195,Księginki Airstrip,51.95672,17.07527
PL-0202,Żodyń Airstrip,52.116033,15.977104
PL-0261,Wałyczyk Airfield,53.24402,18.98651
PS-0005,Gush Katif Airport,31.36705,34.29451
PT-0017,Alentejo Air Park,37.465556,-8.737222
PT-0092,Herdade da Lentisca Airstrip,38.339418,-7.855396
RO-0032,Ciocănești - Popasul Zburatorilor Airfield,44.583121,25.848514
RU-0314,Dubki Airfield,51.647,46.059
SE-0040,Kokhedsfältet Airstrip,66.1504889,21.0352497
SE-0051,Degerfors Grenlanda Airfield,59.102878,14.300332
TN-0009,Carthage Presidential Palace Heliport,36.854364,10.337341
TR-0276,Erdek Heliport,40.3916,27.80208
UA-0078,Chervonoarmiis'ke Airstrip,45.791888,28.72434
BE-0022,Sankt Nikolaus Hospital Heliport,50.62952,6.02817
BE-0024,Duffel Fire Station Heliport,51.10271,4.49139
BE-0081,Oostakker Airfield,51.09728,3.80086
BG-0134,Lyubimets Airport,41.83271,26.07058
CY-0028,Girne Heliport,35.326861,33.322861
DAUZ,Zarzaitine - In Aménas Airport,28.0515,9.64291
DE-0434,Christoph 12 Luftrettungszentrum,54.034939,10.562518
DE-0573,Helios Clinic Dachau Heliport,48.26608,11.42828
DE-0852,Starnberg Emergency Heliport,48.01887,11.32643
EBNM,Namur-Suarlée Airfield,50.489705,4.769697
EDGT,Bottenhorn Airfield,50.795277,8.458333
EDMI,Illertissen Airfield,48.235,10.1377
EDNY,Bodensee Airport Friedrichshafen,47.671299,9.51149
EDTU,Bad Saulgau Airfield,48.029446,9.507222
EGSL,Andrewsfield Aerodrome,51.895,0.449167
EHPH,P12-SW Heliport,52.40583,3.75861
EIIM,Inishmore Aerodrome,53.1067008972168,-9.653610229492188
EPRG,Rybnik-Gotartowice Glider Field,50.070801,18.6283
ES-0028,AeroCieza,38.32305,-1.456967
ES-0314,Bunyola Private Heliport,39.65771,2.72726
ESHB,Sahlgrenska University East Hospital Helipad,57.72097,12.04779
ESVK,Katrineholm Airfield,59.017988,16.221775
FR-0113,Nancy University Regional Hospital Heliport,48.685323,6.192464
FR-0272,Altisurface du Glacier de la Chiaupe,45.491669,6.775
FR-0899,Gondrin Airfield,43.906944,0.248889
FR-1044,Pavilly Airfield,49.601111,0.9875
FR-1270,Aérodrome de Soissons-Cuffies,49.400002,3.317
GB-0540,Ballone Castle Airstrip,57.83218,-3.808523
GB-0630,Hulcote Farm Airstrip,52.036523,-0.618255
GB-0704,Crumpton Oaks Farm Airstrip,52.1336,-2.344
GB-0869,Hermitage Airstrip,50.86621,-2.48844
GB-0901,Park Farm Airstrip,51.62191,-2.98625
GB-1075,Teuchats Farm Airstrip,56.254848,-2.969981
GE-0037,Zemo Tsubeni Heliport,42.16369,44.39625
HEGR,El Jora Airport,31.078138,34.153131
HU-0004,Mezőkövesd Air Base,47.81518,20.635585
IE-0056,Cregboy Airstrip,53.329,-8.9605
IT-0119,"Aviosuperficie ""Sa Doda""",39.361731,8.868309
IT-0807,Vigna di Valle,42.0844444,12.2183333
LB-0015,Unifil UNP 4-31 Helipad,33.31187,35.705374
LCGK,Lefkoniko Airport / Geçitkale Air Base,35.23591,33.720088
LDLO,Lošinj Airport,44.566985,14.393883
LIAF,Foligno Airfield,42.9328,12.71237
LY-0001,Samah Warehouse 59L Airport,28.1688,19.209499
PL-0107,Mostki Airstrip,52.27189,15.369729
PT-0032,Amendoeira Aerodrome,38.709167,-8.275277
PT-0160,Ota Air Base,39.087502,-8.96278
RU-0226,Korobcheyevo Airfield,55.092666,38.923033
RU-0253,City Clinical Hospital No.71 Helipad,55.7224908678,37.4304252863
RU-10083,Tomarovka Aerodrome,50.6945,36.2922
TR-0024,Gemlik Airfield,40.398499,29.0895
TR-0210,Gazelle Resort Helipad,40.682794,31.631441
TR-0263,Çamaltı 3 Borderpost Helipad,35.883551,36.009991
XK-0005,Camp Christina Heliport,42.5411,21.11224
AT-0062,Schwarzach Heliport,47.324443817139,13.154999732971
BG-0046,Dzhulyunitsa Airstrip,43.5858,25.614431
BG-0137,Lyulyakovo Airfield,43.67544,28.10369
CZ-0184,Jilemnice Airstrip,50.61056,15.538616
DE-0346,Hinterweiler Ultralight Airfield,50.24501,6.75542
DE-0697,Helios Clinic Mansfeld-Südharz Heliport,51.47178,11.31013
EBLY,Lymar Heliport,51.210662,4.576811
EDRM,Traben-Trarbach/Mont Royal Airfield,49.967777,7.111944
EFEJ,Jorvin Hospital Heliport,60.220833,24.68639
EFPR,Helsinki East-Redstone Aerodrome,60.479167,26.593889
ENEL,"Elverum Heliport, Innlandet Hospital",60.876961,11.569628
ENHX,"Haugesund Heliport, Haugesund Hospital",59.408763,5.279548
EPZR,Żar Airfield,49.771099,19.2181
ETHM,Mendig Airfield,50.366001,7.31533
FR-0078,Hôpital Jean Minjoz Heliport,47.225833892822266,5.96416711807251
FR-0454,Arbis Ultralight Airfield,44.68066,-0.25683
FR-0541,Les Chateaux Ultralight Airfield,47.31935,1.07017
FR-0575,Ulm Saint Couat Airfield,43.211111,2.646389
GB-0312,RNAS Stretton,53.34524,-2.522535
GB-0847,Langport Airstrip,51.0789,-2.8269
GB-0911,Horsey Island Airfield,51.876469,1.232071
GB-1242,RAF Newton,52.966400146484,-0.98944401741028
GR-0011,Maleme Air Base,35.5295502,23.8330614
IE-0067,Feohanagh Airstrip,52.387396,-8.973234
IT-0170,Kong Airfield,45.761969,9.445002
IT-0401,Gli Acquilotti Airfield,45.13805,12.233941
IT-0546,Helibase Pegaso 1 (Santa Maria Annunziata Hospital),43.730732,11.304224
IT-0666,Ponza Heliport,40.899427,12.948195
IT-0715,Skydive Iseo Airfield,45.816298,10.096242
LB-0009,Zboud Airstrip,34.305368,36.351591
LDSS,Sinj Piket Airfield,43.700298,16.6714
LEET,Cueto Firefighting Heliport,42.632898,-6.648556
LEMG,Málaga-Costa del Sol Airport,36.6749,-4.49911
LFAW,Villerupt Aerodrome,49.410424,5.889301
LFDC,Aérodrome de Montendre-Marcillac,45.274399,-0.452222
LFFJ,Joinville Mussey Airfield,48.385086,5.143468
LFHC,Aérodrome de Pérouges - Meximieux,45.869701,5.18722
LFNZ,Le Mazet De Romanin Airfield,43.768902,4.89361
LG54,Tympaki Air Base,35.063702,24.767401
LICB,Comiso Airport,36.99583,14.60889
LIMS,Piacenza San Damiano Air Base,44.91442,9.722318
LKER,Erpužice Airfield,49.802799,13.0381
LKNE,Nedanice Heliport,49.455627,13.385011
LRSB,Sibiu International Airport,45.785841,24.086666
LSGC,Les Eplatures Airport,47.0839004517,6.792840003970001
LYUZ,Ponikve Airport,43.898899,19.697701
NL-0126,Marine Kazerne Amsterdam Helipad,52.37474,4.9163
ORRW,Korean Village Forward Operating Base,33.019166666699995,39.9383333333
PT-0163,Cachopo Heliport,37.3349,-7.813328
RS-0027,Pirot Barracks Heliport,43.14146,22.59635
RU-0260,Bakovka Helipad,55.6827442478,37.333753109
RU-0521,Visokiy Airstrip,44.7770214,40.8997519
RU-0938,Staroe Lavshino Helicopter Base,53.56009,33.93643
SA-0103,Al-Kharsaniyah Medical Center Heliport,27.298502,49.266098
SE-0095,Urasa Air Base,56.6814002991,14.9467000961
TR-0259,Gözlekçiler Border Post Helipad,35.942718,35.994349
TR-0290,Kocaeli Köseköy Airfield,40.761217,30.005944
UA-0105,Karabachyn Airstrip,50.274742,29.441407
UA-6709,Velyka Krucha Air Base,50.1500015259,32.5332984924
UKLL,Lviv International Airport,49.8125,23.9561
ULMA,Umba Airstrip,66.696999,34.387001
UUDL,Golden Ring Yaroslavl International Airport,57.560699,40.157398
BG-0055,Shumen Airfield,43.287027,26.942278
BIHS,Hrafnseyri Airport,65.75716,-23.461404
BY-0006,Osovtsy Air Base,52.556999,24.884001
BY-0044,Mihalin Airfield,51.98863,23.90717
CH-0008,REGA basis Erstfeld,46.83416,8.63832
CZ-0085,Jehnědí Airfield,49.965,16.309722
D072,Burladingen Helipad (Fa. Trigema),48.288022,9.106573
DE-0379,Litzlohe UL,49.351883,11.488491
DE-0511,Frankfurt University Hospital Neurology Clinic Heliport,50.09148,8.64743
DE-0515,Bibergau Ultralight Airfield,49.80707,10.11947
EDAC,Leipzig–Altenburg Airport,50.981945,12.506389
EDBK,Kyritz Airfield,52.918888,12.425278
EDQG,Giebelstadt Airport,49.6480560303,9.966388702390002
EFJI,Ilvesjoki UL,62.324167,22.694167
EG-0079,Giza Embaba Airport,30.074699,31.191401
EGTB,Wycombe Air Park,51.61177,-0.808316
EHLN,L10-C Heliport,53.39306,4.20083
EHMA,AWG-1 Helipad,53.4911,5.9413
EHQJ,Q4-B Heliport,52.71639,4.29972
EKEL,Endelave Airfield,55.756753,10.248697
ENML,"Molde Airport, Årø",62.744701,7.2625
ENNE,Norne A Helipad,66.03333,8.08333
ES-0335,El Arenosilllo Airstrip,37.09727,-6.73394
ESMB,Borglanda Airfield,56.862999,16.656099
ESNZ,Åre Östersund Airport,63.193546,14.504168
EYKL,Klaipėda Airfield,55.712021,21.242892
FR-0097,Montpellier CHU Heliport,43.630001,3.849722
FR-0196,Hôpital Lenval Heliport,43.68944549560547,7.241666793823242
FR-0595,Nouvelle Clinique Tours Plus Saint-Gatien Alliance Helipad,47.433472,0.666564
FR-0725,Les Bardellières Airfield,47.498056,0.437778
FR-0971,Le Luquet Airfield,45.643333,0.331111
FR-1072,Lyon La Sauvegarde Hospital Heliport,45.788931,4.786801
FR-1129,La Ville Dieu Airfield,44.025278,1.217778
GB-0678,Marsh Hill Farm Airstrip,51.774904,-0.832815
GB-0693,Bericote Farm Airstrip,52.32719,-1.547935
GB-0764,Hawksview Airstrip,53.342308,-2.525847
GB-0792,Welcross Grange Airstrip,51.059739,-0.378342
GB-0837,Lamberhurst Farm Airstrip,51.321836,0.996376
GB-0970,Hunsdon Lea Airstrip,50.37829,-3.94406
GMFO,Oujda Angads Airport,34.789558,-1.926041
HR-0001,Daruvar Airfield,45.585073,17.211387
HU-0002,Kalocsa-Foktő Airfield,46.55149,18.942299
IT-0112,Volo Club Milano Airfield,45.449444,8.998333
IT-0270,Al Canale Airfield,40.8125,17.233056
IT-0384,Il Grifo Airfield,41.671186,13.278646
IT-0398,Aviosuperficie Amici dell'Aria,39.327868,9.146871
LELH,Alhama De Murcia Airfield,37.748901,-1.30216
LELT,Lillo Airfield,39.7169,-3.32056
LICP,Palermo-Boccadifalco Airport,38.115919,13.31337
LILA,Alessandria Airfield,44.925635,8.626728
LJSG,Slovenj Gradec Airfield,46.472,15.117
LKHD,Hodkovice nad Mohelkou Airfield,50.6572,15.0778
LKSL,Solnice Heliport,50.1954,16.247976
LSZP,Biel-Kappelen Airfield,47.088242,7.289055
LTAO,Malatya Tulga Airport,38.353699,38.253899
LW74,Logovardi Sport Aerodrome,41.017721,21.426186
MD-0007,Vinaria Et Cetera Airstrip,46.45025,29.92919
NL-0026,TrafficPort Venlo Airfield,51.393056,6.062778
RO-0176,Becicherecu Mic Airfield,45.844681,21.029849
RU-1044,Guba Ara Remote Helipad,69.355108,32.817851
SA-0026,Tanajib Aramco Admin Heliport,27.88555,48.81537
SE-0032,Porjus flygfält,66.963289,19.833215
SE-0088,Hudiksvall Airport,61.768087,17.080715
TR-0102,Federal Border Guard No. 15 Helipad,36.468229,36.547323
TR-0304,Yenisehir Airfield,40.243117,29.510874
ULSZ,Lake Krasnogvardeyskoye Water Aerodrome,60.268033,29.234033
BE-0008,Brecht/Vochten Heliport,51.332,4.62466
BIBA,Bakki Airport,63.556099,-20.137501
BIHT,Holt Airport,66.01418,-23.441691
CY-0050,Gülseren Barracks Lakeside Heliport,35.144454,33.919932
DE-0168,Nidda Airfield,50.4053,8.9881
DE-0239,Wasentegernbach,48.2777778,12.2222222
DE-0536,Elisabeth Hospital Rheydt Heliport,51.15698,6.41791
DE-0592,Asklepios ASB Hospital Radeberg Heliport,51.12457,13.93073
DE-0678,Harz Hospital Quedlinburg Heliport,51.7932,11.16262
DE-0684,Rummelsberg Hospital Heliport,49.36154,11.2649
DE-0700,Christian Hospital Unna Central Heliport,51.53704,7.68307
DE-0772,Nordoberpfalz Hospital Kemnath Heliport,49.86856,11.89058
DE-0826,Garzweiler Opencast Mine Heliport,51.06548,6.54156
DK-0041,Vestre Fjordpark Heliport,57.05865,9.88779
DTKA,Tabarka-Aïn Draham International Airport,36.98,8.87694
EDLC,Kamp-Lintfort Airfield,51.529167,6.536111
EDOJ,Lüsse Airfield,52.142706,12.67144
ENGN,Folldal Grimsmoe Airfield,62.1175,10.1108
ENOL,Ørland Airport,63.69889831542969,9.604000091552734
ENUS,Skarv Helipad,65.69972,7.65083
EPJS,Jeżów Sudecki Airfield,50.944028,15.766528
EPRP,Radom-Piastrów Airfield,51.478901,21.110001
ES-0149,Aeródromo de Velada,40.01051,-4.946316
ES-0264,Aeródromo  Forestal Villaviciosa de Córdoba,38.05406,-5.04182
ES-0299,Algeciras Caravan Park Helipad,36.13568,-5.44475
ESUL,Ljusdal Airfield,61.817001,16.004299
FR-0165,Ile D'Yeu Port Joinville Heliport,46.72833,-2.350677
FR-0225,Grand Colombier Heliport,45.881504,5.757471
FR-0294,Altisurface de l'Escoulin,44.816111,5.220278
FR-0637,Maslacq Airfield,43.446667,-0.695
FR-0775,Balaiseaux Airfield,46.968611,5.469722
FR-0847,Billy-sous-Mangiennes Airfield,49.325278,5.609722
FR-0924,Monferran Saves Airfield,43.601944,0.967778
FR-0990,Montmorillon Airfield,46.390833,0.948333
FR-1175,Trizac Airfield,45.268026,2.548348
GB-0110,RAF Bardney,53.226511,-0.292578
GB-0126,RAF Bognor,50.796205,-0.702928
GB-0428,Drayton St Leonard Airfield,51.6641,-1.12693
GB-0432,Brook Farm Ultralight Airstrip,53.897788,-2.902233
GB-0440,Tarn Farm Airfield (Rossall Field),53.933935,-2.843614
GB-0625,Aintree University Hospital Heliport,53.4647107,-2.9284169
GB-1034,Montrose Air Station,56.72925,-2.45244
GB-1151,Newbury Racecourse Airstrip,51.394,-1.30116
GB-1211,Manchester Woodford Airport,53.3381,-2.14889
GMMN,Mohammed V International Airport,33.3675,-7.58997
GR-0046,Agios Pavlos Airfield,40.366439,23.051291
IT-0070,Malabaila Airfield,44.678889,7.818611
IT-0073,Valsusa Airfield,45.1125,7.287222
IT-0245,Val Vibrata Flying Field,42.809474,13.847142
IT-0389,"Aviosuperficie ""Bore di Chienti""",43.261156,13.563302
LFDH,Auch Gers Airfield,43.683606,0.599747
LFDQ,Castelnau Magnoac Airfield,43.2794,0.521667
LFGR,Doncourt-lès-Conflans Airfield,49.152165,5.933447
LFOG,Aérodrome de Flers Saint-Paul,48.749964,-0.593927
LFPQ,Fontenay-Trésigny Aerodrome,48.706276,2.902849
LFTP,Puimoisson Airfield,43.86889,6.16278
LOIE,Reutte Heliport,47.473015,10.711659
LPEV,Évora Airfield,38.533501,-7.88964
LPLZ,Aerodromo da Lousã,40.143042,-8.240987
LT-0030,Norkaičiai Airstrip,55.29042,22.26759
LV-0013,Aizpute Airfield,56.696955,21.629296
LV-8041,Augstkalne Airfield,56.41318,23.319409
LY-0005,Al Mansura West Airport,27.548953,12.820745
NO-0048,Stangnes Heliport,68.779639,16.595484
ORBD,Balad Southeast Airport / Joint Base Balad,33.940201,44.361599
PL-0117,Kukały Airfield,51.875631,21.003014
PT-0016,Nisa heliport,39.505353,-7.644253
RU-0001,Levashovo Air Base,60.0867,30.1933
SA-0097,Helicopter Emergency Landing Zone No. 6,28.12613,35.156695
TR-0197,İSKİ Büyükçekmece Biological Wastewater Treatment Plant Heliport,41.04769,28.5504
TR-0217,Gödekli South Border Post Helipad,39.744088,44.656306
UGKO,David the Builder Kutaisi International Airport,42.177448,42.485353
UGTB,Tbilisi International Airport,41.669201,44.9547
ULWK,Kichmengskiy Gorodok Airport,59.97700119018555,45.82500076293945
URMT,Stavropol Shpakovskoye Airport,45.10919952392578,42.11280059814453
UUEI,Kimry Airfield,56.798302,37.330002
XK-0019,UNMIK Mitrovica Heliport,42.89382,20.87722
AZ-0019,Salyan Air Base,39.649811,48.986884
BA-0011,PPG Paragliding Field,44.77271,16.64856
BG-0063,Brenitsa Airstrip,43.4415329,24.1403714
BIBL,Blönduós Airport,65.644997,-20.2875
CY-0064,Paphos General Hospital Helipad,34.787977,32.445466
DE-0016,Erlangen University Hospital Ebrardstraße Heliport,49.602023,11.02244
DE-0181,Halver Airfield,51.1741,7.5045
DE-0235,Hohenthann Airfield,48.664444,12.053611
DE-0292,Paradiek Lohne bei Vechta,52.6680556,8.3213889
DE-0351,Bitterfeld Balloonport,51.624671,12.29462
DE-0374,Legoland Helipad,48.4259,10.298503
DE-0722,KMG Hospital Sondershausen Heliport,51.37388,10.87975
EDCP,Peenemünde Airport,54.15778,13.774444
EDHU,Lauenbrück Airfield,53.2075,9.573333
EDNS,Schwabmünchen Airfield,48.179169,10.702778
EDOV,Stendal-Borstel Airfield,52.628887,11.818611
EE-9279,Tapa Air Base,59.240799,25.9622
EE-9282,Tallinn West Aerodrome,59.335726,24.520798
ENSN,Skien Airport,59.185001,9.56694
ENXJ,Valhall Flank South Platform,56.226898193359375,3.4358301162719727
ES-0077,Aeródromo Pozuelo de Calatrava,38.905198,-3.852635
ES-0101,Aeródromo de la Guardia,39.770897,-3.604716
ES-0222,Pista forestal de Fuencaliente,38.5264323,-4.389622
ES-0365,Aeródromo de Linares,38.133211,-3.642554
FR-0179,Centre Hospitalier Heliport,46.31611251831055,-0.4583329856395721
FR-0209,Centre Hospitalier Heliport,44.614166259765625,4.397500038146973
FR-0414,Le Fousseret Ultralight Airfield,43.268889,1.053889
FR-0632,Fauillet Airfield,44.419444,0.295
FR-0649,Mauzens et Miremont Airfield,44.999722,0.906389
FR-0727,Sougé Airfield,47.7625,0.738889
FR-1005,Jouques Bèdes Airfield,43.661389,5.686944
FR-1181,Givry DZ,48.944791,4.888917
GB-0645,Norton Manor Camp Helistrip,51.0344817,-3.1593028
GB-0671,Thankerton private airstrip,55.624192,-3.618665
GB-0800,Bedwell Hey Farm Airstrip,52.3728,0.2249
GB-1018,Millfield Farm Airstrip,52.986646,-0.309541
GB-1019,Little Farm Airstrip,53.313229,-0.448709
GB-1124,RAF Detling,51.30737,0.59878
GB-1315,JCB Heliport,52.951521,-1.846136
HLWA,Warehouse 59A Airport,28.322399139404297,19.93000030517578
IE-0037,Gay Tracy Airstrip,52.991607,-7.892731
IQ-0003,Al Iskandariyah Airport,32.969567,44.271268
IR-0224,Imam Hassan Hospital Heliport,35.11759,48.97889
IR-0228,Sarmast Agricultural Airfield,34.03876,46.31855
IS-0001,Suðureyri Airport,66.1318,-23.544
IT-0183,Molise Ultravolo Airfield,41.97547,15.02005
IT-0591,Bari Fire Department Heliport,41.134553,16.760974
IT-0781,Beverino Airfield,44.19713,9.80555
LFNA,Gap-Tallard Airfield,44.455002,6.03778
LFTR,Toulon Navy Air Base,43.082699,5.93382
LIDT,Trento-Mattarello Airport,46.023333,11.125
LKSK,Skuteč Airfield,49.827801,16.0058
LPAR,Alverca Air Base,38.883301,-9.0301
LSGR,Reichenbach Air Base,46.613602,7.67778
LTBM,Isparta Airport,37.787409,30.588341
LTCM,Sinop Airport,42.018313,35.071774
LUBL,Bălți-Leadoveni International Airport,47.837666,27.781108
LZPE,Prievidza Airfield,48.766102,18.5867
LZTN,Trenčín Airfield,48.865171,18.000147
NO-0103,Bykle sjøflyplass - Hovden,59.52733,7.358815
OEAA,Abu Ali Airport,27.318733,49.586749
PL-0092,Annowo Airstrip,52.803389,17.879678
PL-0209,Tuszów Narodowy Airfield,50.373179,21.485498
PT-0029,Aeródromo de Coja,40.2748,-7.9747
PT-0119,Pista da Garrocheira,38.990303,-8.776832
RU-0942,Koz'modem'yansk Airstrip,56.304714,46.547653
RU-9241,Krapivnya Airfield,57.076698303222656,33.388301849365234
SE-0072,Bleckåsen Airstirp,63.387264,13.760569
SI-0011,Šentvid pri Stični Airfield,45.944112,14.850583
TN-0001,La Karouba Air Base,37.247406005859375,9.82906723022461
TR-0149,FMV Işık University Helipad,41.16733,29.56668
UA-0002,Brody Air Base,50.130001,25.17
UA-0004,Pustogorod Air Base,51.84999847412109,34.04999923706055
UA-9882,Primorsky Heliport,45.126258,35.521349
US-0220,Kingstown Municipal Airport/RAF Kingstown/RAF Carlisle,54.926944,-2.960278
AT-0029,Ossiacher See Paraglider Landing Field,46.65278,13.89145
BG-0073,Shtraklevo Airstrip,43.727328,26.050494
BG-0118,Batishnitsa Cropduster Strip,43.5426,25.87698
CH-0038,Jura Hospital Porrentruy Heliport,47.4191,7.05694
CY-0081,Cyprus Gliding Club,35.17626,33.18416
DABO,Oum El Bouaghi Air Base,35.874356,7.267742
DE-0072,Bad Wörishofen Glider Airfield,48.02678,10.60135
DE-0298,Deckenpfronn-Egelsee Airfield,48.6385,8.8175
DE-0426,Freyenstein UL,53.2752777,12.3661111
DE-0459,Helios Clinic Berlin-Buch Heliport,52.63,13.51039
DE-0873,Eisenberg Forest Rudolf Elle Hospital Heliport,50.95682,11.88139
DE-0889,Fürstenwalde Airport,52.390598,14.0972
EDAG,Großrückerswalde Airfield,50.644169,13.126389
EDAT,Nardt Airfield,51.451111,14.199444
EFME,Menkijärvi Airfield,62.946701,23.5189
EG-0030,El Tor Sinai Armed Forces Hospital Heliport,28.22944,33.63996
EKHA,Halfdan A Helideck,55.53085708618164,5.004167079925537
ENGA,Gullfaks A,61.17556,2.1875
ES-0009,Aeródromo de Villoldo,42.2655,-4.6479
ESKH,Ekshärad Airfield,60.1548,13.5286
ESOE,Örebro Airport,59.22370147705078,15.038000106811523
FR-0084,La Pitié Salpétrière Hospital Heliport,48.837142,2.361358
FR-0399,Corneilla-la-Rivière Ultralight Airfield,42.690858,2.730124
FR-0501,Base ULM du Le Gault-Saint-Denis,48.218818,1.496185
FR-0507,Boulogne-sur-Mer - Alprech Aerodrome,50.69512,1.56871
FR-0518,Base ULM de Polliat,46.255832,5.149601
FR-0998,Condac Airfield,46.020278,0.2425
GB-0085,RAF Hixon,52.83741,-2.008524
GB-0142,RAF North Witham,52.79368,-0.598154
GB-0327,Benington Airfield,51.883113,-0.123301
GB-0423,Thornbury Castle Hotel Helipad,51.613936,-2.530866
GB-0807,Foxburrow Farm Airstrip,52.744866,0.933151
GB-1183,RAF Rednal,52.84196,-2.93236
IQ-0042,Sahl Sinjar Air Base,35.8592643737793,42.14213943481445
IT-0050,Cossato Airfield,45.531909,8.201143
IT-0171,Piancada Airfield,45.76417,13.07304
IT-0394,Punta Ala Airfield,42.841916,10.82346
IT-0771,Perliera Airfield,45.05877,11.62267
LB30,Stryama Airfield,42.281706,24.866967
LFBP,Pau Pyrénées Airport,43.380001,-0.418611
LHKK,Kiskunlacháza Airfield,47.174484,19.077501
LHPP,Pécs-Pogány International Airport,45.988891,18.242044
LIDG,Lugo Francesco Baracca Airfield,44.397476,11.854777
LLHA,Uri Michaeli Haifa International Airport,32.810219,35.043719
LSVP,Petersgrat Mountain Landing Site,46.468889,7.828333
LTBK,Gaziemir Air Base,38.319099,27.159401
LTCL,Siirt Airport,37.97890090942383,41.84040069580078
LTCW,Hakkari Yüksekova Airport,37.5497,44.2381
LV-0051,Ošupe Airstrip,56.80478,26.77088
NL-0017,Erasmus Medisch Centrum Heliport,51.90999984741211,4.470832824707031
NO-0041,Spydeberg Airstrip,59.664309,11.120753
OITK,Khoy Airport,38.4275016784668,44.97359848022461
PL-0104,Ulim,52.693563,15.215912
PL-0120,Bełchatów Airstrip,51.402116,19.378239
PT-0126,Pista do Minhéu,41.540026,-7.677877
PT-0137,V.N.Milfontes,37.675042,-8.745966
SE-0028,Charlottenberg Airstrip,59.8942235,12.2722539
SE-0091,Knislinge Air Base,56.1871986389,14.136300087
SY-0003,Marj al-Sultan Heliport (North),33.50026,36.4671
SY-0004,Marj al-Sultan Heliport (South),33.487116,36.475288
TR-0118,Inanli Border Post Helipad,36.675765,37.134519
TR-0285,Zorlu Center Helipad,41.066611,29.017986
TR-0306,'Unknown' Heliport,40.054103,26.206824
UKDD,Dnipro International Airport,48.357201,35.100601
AT-0031,Leopoldsdorf im Marchfelde Airfield,48.2267,16.672199
BG-0110,Pet Mogili Airstrip,42.32262,26.06231
BG-0177,Graf Ignatievo South Airport,42.263081,24.719297
BY-0016,Gorki,54.30052,30.948463
DE-0314,Leuzendorf Glider Field,49.3518,10.0757
DE-0335,Schwann-Conweiler Airfield,48.8382,8.5432
DE-0471,Rechts der Isar University Hospital Heliport,48.136011,11.600677
DE-0601,Hannover Air Rescue Heliport (Christoph 4),52.38496,9.80657
DE-0723,Schwandorf District Hospital Oberviechtach Heliport,49.46085,12.41117
DE-0760,Leipzig University Hospital Heliport 2,51.32916,12.38882
DE-0788,Heinrich Braun Hospital Kirchberg Heliport,50.62645,12.56295
DE-0922,Frankfurt am Main Accident Hospital Roof Helipad,50.145472,8.708981
EHLQ,L13-FC-1 Heliport,53.28333,4.20833
ENRY,"Moss Airport, Rygge",59.378817,10.785439
ES-0051,Binéfar Airfield,41.853887,0.254753
ES-0057,Ses Salines (S’Olivó) Airfield,39.346746,3.057199
ESSK,Gävle Sandviken Airport,60.5933,16.951401
ETMN,Sea-Airport Cuxhaven/Nordholz / Nordholz Naval Airbase,53.767689,8.659201
FR-0121,Toulouse University Purpan Hospital Heliport,43.61328,1.40008
FR-0188,Centre Hospitalier Heliport,44.90638732910156,6.632778167724609
FR-0316,Simone Veil Beauvais Hospital Heliport,49.449339,2.068497
FR-0500,Écrosnes ULM,48.561187,1.730196
FR-0759,Bouzy Airfield,49.082222,4.136667
FR-0809,Sauvian Airfield,43.272222,3.250556
FR-0864,Piacé Airfield,48.271111,0.103889
FR-0870,Champ-Romet Airfield,48.298611,0.453056
FR-1293,LONGUEUIL SAINTE MARIE DZ,49.34388,2.716616
GB-0341,Garton Field Airstrip,53.796785,-0.091667
GB-0481,Viners Airstrip,52.4806,-1.34255
GB-0829,Whitehall Farm Airstrip,51.9682,0.5224
GB-0935,Abbotts Hill Farm Airstrip,51.728694,-0.438867
GB-1135,RAF Fylingdales,54.35605,-0.667702
GB-1210,RNAS Pembroke/RNAS Milton/RAF Carew Cheriton,51.690117,-4.812355
IQ-0061,Rawah Heliport,34.46139,41.91218
IS-0005,Heiði - Fisfélag,64.111441,-21.706037
IT-0016,Aviosuperficie Sorvoliamo,37.0084558926,14.5951116085
IT-0307,Dominio di Bagnoli Airfield,45.183946,11.857326
IT-0329,Aviosuperficie Settefrati,45.201775,10.662813
IT-0349,Verginese Airfield,44.690633,11.762535
LEJN,Sant Joan de Reus University Hospital Heliport.,41.144641,1.12506
LFHX,Lapalisse - Périgny Airfield,46.253899,3.58861
LFMZ,Lézignan-Corbières Airfield,43.1758,2.73417
LFPZ,Saint-Cyr-l'École Airport,48.812459,2.067533
LFRG,Deauville Normandie airport,49.365237,0.154481
LHSU,Surjány Airfield,47.199968,20.481934
LOXT,Brumowski  Air Base,48.319247,16.114016
LPCI,Coimbra University Hospital Helipad,40.219877,-8.413009
LT-0019,Žeimelis Airstrip,56.267717,24.01368
LY-0020,Former Sidra Airport,30.632622,18.322921
MK-0003,Radnja Airstrip,41.26633,22.18748
NL-0048,TT Circuit Assen Helipad,52.96013,6.525208
PL-0140,Jaryszewo Airstrip,52.69077,16.615541
PL-0142,Żabia Wola Airstrip,52.037988,20.678865
PL-0256,Dylew Airfield,51.71644,20.77152
RO-0076,Cremenari Airfield,44.97906,24.29719
RU-0586,Molchanovka Heliport,46.864818,38.632287
RU-10069,Lopshenga Airstrip,64.980003,37.693001
RU-10073,Nizhnyaya Pesha Airport,66.7391,47.728815
RU-1047,Polyarny Helipad,69.186391,33.45627
RU-2098,Mukachevo Air Base,48.398499,22.686896
SE-0035,Överlanda Airfield,62.958041,18.047853
SI-0023,Libeliče Airfield,46.623795,14.954946
UA-0014,Donuzlav Air Base,45.325884,33.050407
UA-0068,Mala Vyska Airfield,48.632,31.616
DAUB,Biskra - Mohamed Khider Airport,34.79318,5.738899
DE-0044,Witzenhausen-Burgberg Glider Field,51.349735,9.824789
DE-0101,Hellenhagen Airfield,52.02624,9.5628
DE-0477,Kreuzebra Ultralight Airfield,51.33262,10.25527
DE-0557,Enghausen Heliport,48.53653,11.90451
DE-0721,Hufeland Hospital Heliport,51.200385,10.468735
DK-0038,Bjørnø Airfield,55.067742,10.241796
EBBA,Baudour Heliport,50.469514,3.838767
EDFN,Marburg-Schönstadt Airfield,50.874443,8.815
EDVM,Hildesheim Airfield,52.179819,9.945803
EG-0045,El Hafair Heliport,29.74756,32.37093
EIBN,Bantry Aerodrome,51.6772,-9.487123
ENQG,Gullfaks B Helipad,61.202108,2.198832
ENXI,Valhall Flank North Helideck,56.323889,3.351111
EPGL,Gliwice-Trynek Airfield,50.268743,18.672466
ES-0038,Berbinzana,42.5225,-1.803889
ES-0182,Aeródromo de Jaen - Las Infantas,37.908577,-3.800161
ESNV,Vilhelmina South Lapland Airport,64.579102,16.833599
FR-0092,Toussus-le-Noble Heliport,48.74954,2.103994
FR-0094,Gayraud Centre Hospitalier Heliport,43.19111251831055,2.341110944747925
FR-0379,Vars Helistrip,44.548963,6.701518
FR-0536,Saint Nicolas Sarrebourg Central Hospital Heliport,48.72885,7.05223
FR-0582,La Boissière Airfield,49.124774,0.142758
FR-0797,La Selle-en-Hermoy Airfield,48.016111,2.899722
FR-1138,Le Plessis-Robinson Marie Lannelongue Hospital Heliport,48.784722,2.274167
GB-0496,Rotorspan,52.285500001,-2.1823
GB-1102,Baldardo Field,56.666793,-2.800847
GB-1323,Sellafield Helipad,54.434146,-3.495542
GB-1342,Harefield Hospital Heliport,51.60734,-0.48456
GR-0073,Grevena General Hospital Heliport,40.08887,21.43984
HE15,Helwan Air Base,29.8225,31.3309
HE30,Kawm Ushim Airport,29.543146,30.897374
HL83,Nanur Airport,31.7052,14.9116
HR-0006,Pisarovina Airfield,45.618117,15.79348
IE-0021,Eniskeane Airfield,51.737526,-8.863843
IE-0081,Killenaule Airfield,52.634261,-7.635262
IQ-0059,H1 Old Air Base,33.79491,41.45194
IT-0271,Agnedo Airfield,46.044722,11.541944
IT-0904,Elisuperficie Campo Sportivo di Cellio,45.75996,8.308008
LAKU,Kukës International Airport,42.035802,20.415955
LEHM,Hospital General De Manresa Heliport,41.720001220703125,1.840559959411621
LFEN,Tours Sorigny Airfield,47.266071,0.698691
LFMA,Aix Les Milles airport,43.506294,5.366426
LIPN,Verona-Boscomantico Airfield,45.472,10.9279
LKZA,Zábřeh Dolní Benešov Airfield,49.928258,18.075557
LL60,Kzeiot Airport,30.8594,34.4431
LLRD,Ramat David Air Base,32.6651,35.179501
LT-0025,Bistrampolis Airfield,55.59597,24.36418
LV-0025,Karķu lidlauks,57.786686,25.603455
NL-0111,Radarport Saeftinge Helipad,51.3834,4.18696
NO-0062,Trøgstad Airfield,59.68386,11.295353
OJAM,Marka International (Amman Civil) Airport,31.9727,35.9916
PL-0128,Lisy Airstrip,54.219442,22.044803
PL-0210,Brzeska Wola Airfield,51.60774,21.00479
PT-0113,Pista de Bilrete,38.984165,-8.766081
RU-0075,Korpikyulya Airfield,59.60499954223633,30.272300720214844
RU-0201,Shabanovo Airfield,57.794997,28.299999
RU-0416,Lyubytino Airstrip,58.802629,33.373418
RU-1056,Ostrov Mayak Helipad,60.20828,27.640918
SI-0015,Radenci Airfield,46.628605,16.046244
SK-0007,Malý Madaras Airfield,48.142866,17.377625
SK-0076,Nevoľné Airstrip,48.6680872,18.9349476
TR-0008,Bozcaada Airport,39.837845,25.995106
UA-0116,Nova Vasylivka Airstrip,50.3228953,28.3612108
UA-0134,Chervonyi Chaban Airfield,46.18,33.5934
UA-0186,Tarasivka Airfield,46.421041,33.055844
ULWU,Velikiy Ustyug Airport,60.7883,46.259998
BE-0009,Jan Palfijn Hospital Heliport,51.048358,3.700268
BG-0160,Borisovo Airfield,43.92375,26.24698
BG-0161,Belgun Airfield,43.59368,28.33605
BIAE,Arngerðareyri Airport,65.90470123291016,-22.363300323486328
BISA,Sandá Airport,65.134399,-19.663099
CY-0027,Çamlıbel heliport,35.314348,33.064473
CY-0087,Nicosia International Airport,35.154952,33.272855
DE-0027,Grafenrheinfeld Nuclear Power Plant Heliport,49.982235,10.191398
DE-0145,Gießen Airfield,50.6042,8.7286
DE-0268,Tübingen University Hospital Rooftop Helipad (Crona Kliniken),48.529734,9.038094
DE-0491,Wilhelmstift Catholic Children's Hospital Helipad,53.587442,10.164236
DE-0493,Johanniter Hospital Heliport,53.431836,10.385492
DE-0651,Görlitz Hospital Heliport,51.16119,14.96984
DE-0656,Oberlausitzer Bergland Hospital Heliport,51.00531,14.56841
DE-0822,Former Bad Homburg Hospital Helipad,50.2229,8.60879
EBLG,Liège Airport,50.638574,5.443897
EDDV,Hannover Airport,52.461102,9.68508
EDJA,Memmingen Allgau Airport,47.988092,10.238248
EDMF,Fürstenzell Airfield,48.518055,13.345833
EFNS,Savikko Airfield,60.52,24.831699
EG-0033,Ras Behar Heliport,27.74896,33.5533
EHKV,K14-FA-1C Heliport,53.26861,3.62639
EIRT,Rathcoole Aerodrome,52.105598,-8.98333
ENGM,Oslo-Gardermoen International Airport,60.193901,11.1004
EPGR,Łańsk / Gryźliny Airfield,53.608072,20.349692
EPJA,Jastarnia Airfield,54.710281,18.645281
ES-0007,Torremocha de Jiloca Airfield,40.6032,-1.265
ES-0127,Aeroclub L’Estartit,42.0310336,3.1793314
FR-0012,Arcachon Centre Hospitalier Heliport,44.6125,-1.113889
FR-0119,Centre Hospitalier Heliport,44.35889053344727,2.5519440174102783
FR-0493,Perreux Airfield,47.874976,3.135556
FR-0545,Tromborn Airport,49.25371,6.60171
FR-0559,Lœuilly Airfield,49.76532,2.21518
FR-0973,Saint Ciers Airfield,45.850556,0.265278
FR-1039,Le Parasoir Airfield,46.031944,4.555833
FR-1195,Vimy DZ,50.378032,2.803767
FR-1233,Pierre Wadier Airfield,48.84114,-0.11261
FR-1330,vaux andigny DZ,50.001374,3.540859
GB-0247,Low Farm Airstrip,52.672011,1.515898
GB-0296,East Lochlane Farm Airstrip,56.3678531,-3.8722739
GB-0409,Skydive Strathallan,56.324852,-3.746366
GB-0556,Blooms Farm Airstrip,51.994456,0.556469
GB-0747,Broomhill Farm Airstrip,55.843928,-3.534551
GB-0763,Farley Farm Airstrip,51.04818,-1.444627
GB-1162,RAF Dunholme Lodge,53.29146,-0.50069
GB-1237,RAF Ballykelly,55.060299,-7.02028
GB-ULL,Glenforsa Airfield,56.517202,-5.91401
GR-0047,Sitagroi Airstrip,41.12784,24.01459
GR-0078,Mikra Agia Anna Heliport,40.130587,24.297042
GR-0107,Nea Roda (Ierissos) landing spot,40.377698,23.924441
HLHB,Hateiba Airport,29.733611,19.697222
IM-0002,RAF Jurby,54.354,-4.5238
IQ-0041,Safwan Airport,30.135675,47.649387
IS-0006,RAF Kaldadarnes,63.928657,-21.168423
IT-0137,La Fenice Airfield,44.999883,10.713286
IT-0147,Campo di Volo Borgotaro Albareto,44.464558,9.715806
IT-0263,Tignes Airfield,46.15401,12.34751
IT-0308,"Campo di Volo ""Le Risare""",45.574906,11.84464
IT-0415,Valeggio sul Mincio Airfield,45.317432,10.708423
IT-0668,Giglio Heliport,42.365898,10.913201
LAFK,Tiranë Helicopter Base,41.311054,19.880002
LELC,San Javier Airport,37.775002,-0.812389
LETE,Morante Airfield,39.0369,-6.69056
LFCO,Oloron Herrere Airfield,43.163503,-0.561494
LIKD,Torraccia Airfield,43.948895,12.511411
LIPB,Bolzano Airport,46.459245,11.326125
LIPV,Venice-Lido Giovanni Nicelli Airfield,45.428779,12.388733
LIRA,Ciampino–G. B. Pastine International Airport,41.798769,12.595331
LKVP,Velké Poříčí Airfield,50.4678,16.205601
LRAR,Arad International Airport,46.176136,21.264322
LSTA,Raron Airfield,46.30449,7.819085
MD-0004,Călărași,47.2521452,28.2802413
PL-0200,Konopiska Airstrip,50.73958,19.00814
PT-0114,Aerodromo de Muge,39.097162,-8.658857
RO-0118,Titu Boteni Air Base,44.64698,25.610375
RU-0166,Giaginskaya Air Base,44.887001,39.965
RU-0187,Blagoveshchenye Vertodrom,56.32569,38.097895
RU-0287,Korenovsk Air Base,45.447,39.424
TR-0103,Federal Border Guard No. 14 Helipad,36.496051,36.533348
TR-0158,Düzlerçamı Forestry Heliport,36.98472,30.560253
UA-0096,Frunzivka Airstrip,47.3313702,29.7908674
ULPP,Peski Airfield,61.831944,34.295555
URKK,Krasnodar Pashkovsky International Airport,45.034465,39.174215
AT-0036,Oberpullendorf Heliport,47.507738,16.511697
AT-0093,Spannberg Airstrip,48.45051,16.749122
BG-0092,Kyustendil Airfield,42.29272,22.72459
BG-0158,Ovcharovo Airfield,43.67611,27.83007
CY-0035,UNFICYP OP86 Heliport,35.175556,33.408496
DE-0217,Ahlen Airfield,51.784001,7.909969
DE-0224,Reute/Bad Waldsee Airfield,47.915,9.710278
DE-0289,Imsweiler UL,49.606543,7.795593
DE-0418,DRF Air Rescue München Heliport,48.110558,11.465242
DE-0758,Helios Clinic Schkeuditz Heliport,51.39533,12.22929
DE-0827,Ayrshire Barracks South Heliport,51.16992,6.39323
EDKI,Betzdorf-Kirchen Airfield,50.817223,7.830556
EE-9278,Kunda Air Base,59.536701,26.311701
EGLM,White Waltham Airfield,51.500801,-0.774444
EKCC,København Vandflyveplads,55.69119,12.60009
ENSO,"Stord Airport, Sørstokken",59.791901,5.34085
EPOK,Oksywie Air Base / Gdynia-Kosakowo Airfield,54.5797,18.5172
ES-0247,Tomelloso Airstrip,39.11266,-2.94219
FR-0298,Altisurface de Morzine-Avoriaz,46.196667,6.759722
FR-0484,Nossage Le Priora Airfield,44.307329,5.750168
FR-0705,Guilly Airfield,47.148333,2.598889
FR-1003,Crots Ultralight Airfield,44.536743,6.435379
FR-1179,Peuplingues DZ,50.911039,1.789623
GB-0452,Mendlesham Airstrip,52.2295,1.12393
GB-0524,Tempest Airstrip,50.179428,-5.449931
GB-0724,Newgate Farm Airstrip,54.3293,-0.6838
GB-0770,Armshold Farm Airstrip,52.1746,-0.0197
GB-0953,Woods Farm Airstrip,52.39349,-1.839674
GB-0965,Morley Saint Botolph Private Airstrip,52.561326,1.03856
GB-1158,Pennypot Airfield,51.22798,0.99439
GB-1264,RAF Thorney Island,50.816048,-0.920034
GB-1295,Laurencekirk,56.870087,-2.462225
GB-1296,Scottish Police HQ Tullieallan,56.07762,-3.711953
GE-0004,Akhalkalaki Airport,41.37699890136719,43.47999954223633
HE39,As Salihiyah Airport,30.7952,32.044102
HL60,Elmarj Airport,32.525299,20.875099
IL-0012,Dimona Airport,31.06104,35.01049
IR-0108,Minoo Heliport,36.202176,49.212288
IT-0059,Città di Tortona Airfield,44.938436,8.865881
IT-0064,Campo di volo Ploia,44.884167,8.780833
IT-0575,Giannutri Airfield,42.254584,11.116147
IT-0901,Elisuperficie di Stresa,45.866932,8.566074
LECU,Madrid-Cuatro Vientos Airport,40.370701,-3.78514
LEJL,Guttmann Hospital Heliport,41.479645,2.238493
LFLH,Chalon Champforgeuil Airfield,46.825813,4.817646
LFNF,Vinon Airfield,43.737801,5.78417
LFPO,Paris-Orly Airport,48.729499,2.358963
LFQN,Saint-Omer Wizernes Airfield,50.727456,2.232586
LKJE,Jesenik Heliport,50.221599,17.186628
LOBN,Neunkirchen Hospital Heliport,47.72679,16.08644
LW71,Peshirovo Sveti Nikole Airfield,41.828073,21.986585
OERF,Rafha Domestic Airport,29.626399993896484,43.4906005859375
OSPR,Palmyra Airport,34.5574,38.316898
PL-0198,Niegowoniczki Airfield,50.373651,19.42111
PL-0216,Boronów,50.68065,18.9154
SE-0014,Ålåsen Airfield,63.865698,14.608111
SE-0093,Moholm Air Base,58.5975,14.1109
TR-0184,KTÜ Farabi Hospital Helipad,40.993341,39.767285
TR-0278,Ekinlik Island Heliport,40.55077,27.48682
TR-0298,Şanlıurfa Airport,37.094299,38.847099
UA-0003,Chernihiv Air Base,51.547537,31.309374
UA-0005,Nizhyn Air Base,51.088535,31.870995
UA-0019,Bagerovo Air Base,45.407001,36.244999
UA-0170,Shyroke Airfield,46.94635,34.91222
UA-0187,Solovka Heliport,48.364593,22.271009
AT-0092,Raffelding Airfield,48.29197,14.05555
BY-0015,Aerodrom Ozerki,55.144536,26.829358
BY-0035,Ptsich Airstrip,53.58516,27.68329
DABC,Mohamed Boudiaf International Airport,36.276001,6.62039
DE-0079,Friesener Warte Airfield,49.8364,11.04644
DE-0327,Pleidelsheim Airfield,48.9564,9.1914
DE-0361,Mellenthin Ultralight Airfield,53.9175,14.0325
DE-0724,Amberg Army Airfield,49.4209,11.84035
DE-0727,Sankt-Johannes Catholic Hospital Hagen Heliport,51.39629,7.47345
DE-0860,Bad Berka Central Hospital Heliport,50.88993,11.26623
DE-0898,Brüggen Air Base,51.199699,6.13208
EBMM,Maasmechelen Heliport,50.953841,5.704801
EBMT,Montigny-le-Tilleul Heliport,50.358515,4.368455
EFAL,Alavus Airfield,62.554699,23.573299
EFSA,Savonlinna Airport,61.9431,28.945101
EFVT,Sulkaharju Airfield,63.3978,24.0306
EGPR,Barra Airport,57.0228,-7.44306
EGQS,RAF Lossiemouth,57.7052,-3.33917
EHHO,Hoogeveen Airfield,52.730801,6.51611
EKSR,Stóra Dímun Heliport,61.685315,-6.758303
EPSU,Suwałki Airfield,54.0728,22.8992
ES-0078,Aeródromo de Sober,42.432403,-7.488721
ESDF,Ronneby Airport,56.266701,15.265
ESGG,Göteborg Landvetter Airport,57.6628,12.2798
FR-0067,Saint Dizier Hospital Heliport,48.654891,4.96497
FR-0355,Troye d'Ariège ULM,43.020043,1.877509
FR-0669,Tinhlat Airfield,45.729722,3.299444
FR-0758,Reims Concept Ultralight Airfield,49.204332,3.733799
FR-0948,Beausoleil Airfield,47.7775,-0.551111
GB-0271,Kingfisher's Bridge Airstrip,52.3305139,0.2681335
GB-0307,RAF Spitalgate,52.900933,-0.598348
GB-0326,Belle Vue Airfield,50.976851,-4.097184
GB-0527,Metropolitan Police Air Support Unit Lippitts Hill,51.653818,0.017171
GB-0623,Aberdeen Royal Infirmary Helistrip,57.152453,-2.134904
GB-0987,Sandscale Park Helipad,54.151247,-3.234297
GB-0995,Acton Farm Airstrip,51.02204,0.721062
GB-1246,RAF Bentwaters,52.127499,1.43472
IL-0011,Kedma Airport,31.69692,34.76821
IT-0320,AliMatese Airfield,41.323638,14.363949
IT-0770,Evi Airfield,45.90137,12.13299
IT-0864,Eliossola Heliport,46.122787,8.29857
IT-0921,Elisuperficie ValPrato Soana,45.525247,7.550815
LFPF,Beynes Thiverval Airfield,48.843165,1.906279
LFPP,Le Plessis-Belleville Airfield,49.108837,2.736138
LKOL,Olomouc Airport,49.587712,17.209275
LPPS,Porto Santo Airport,33.0733985901,-16.3500003815
LSGN,Neuchâtel Airfield,46.957371,6.864574
LSXM,Sankt Moritz-Bad Heliport,46.47895,9.82422
LT-0004,Kupiškio aerodromas,55.852906,24.957929
NL-0100,Escape Helipad,51.9451,6.2985
OE45,Aramco Ras Khafji Airport,28.3899,48.516499
PL-0057,Radzyń Podlaski-Marynin Airstrip,51.754169,22.628611
PT-0073,Bombeiros de Sines Heliport,37.958706,-8.861927
RO-0047,Fly Friends Airfield,44.491637,25.584884
RO-0149,Cernavodă City Hospital Helipad,44.342289,28.044432
RO-0150,CNE Helipad,44.319561,28.054581
RU-0042,Istomino Airfield,56.521719,43.480724
RU-0080,Murmashi Airfield,68.8067,32.8077
RU-1059,Ostrov Moshchny Helipad,60.022151,27.825105
RU-1061,Seskar Lighthouse (Маяк Сескар) Helipad,60.03384,28.361819
SA-0003,Qalibah Highway Strip,27.975000381469727,37.951942443847656
SE-0097,Björkvik Air Base,58.790798,16.571199
SK-0040,Buzica Airstrip,48.550702,21.09315
SK-0058,Rimavská Seč Airstrip,48.318305,20.250388
SY-0002,Qabr al-Sitt Heliport,33.45873,36.3577
TR-0269,Topraktutan Border Post Helipad,35.815064,36.156135
UA-0157,Naberezhnaya Helipad,44.39893,33.9192
AT-0060,St. Johann Im Pongau Heliport,47.39416885376,13.222222328186
BG-0052,Pirin Airfield,41.564478,23.766999
BIIS,Ísafjörður Airport,66.058098,-23.1353
BY-0030,Selhozaviatsii,52.75557,24.462681
CY-0076,Limassol General Hospital Helipad,34.707887,32.981722
CY-0078,Lazanias Helipad,34.940064,33.20146
CZ-0035,Neratovice Heliport,50.252633,14.521194
CZ-0100,Choteč Airfield,50.433889,15.530556
CZ-0160,Milhostov u Chebu ULM,50.164121,12.464089
DAAB,Blida Airport,36.503601,2.81417
DE-0681,Nürnberg North Hospital Heliport,49.46318,11.06251
DK-0029,Sulkendrup Airstrip,55.283692,10.714227
EBDR,Antwerp/Commandant Fourcault Heliport,51.239556,4.407915
EDBC,Cochstedt Airport,51.8564,11.4203
EDFZ,Mainz-Finthen Airfield,49.967499,8.147222
EDTO,Offenburg-Baden Airfield,48.448134,7.92356
EG-0009,New Bani Sweif Heliport,29.00758,31.15666
EG-0065,Dar al Fouad Hospital Heliport,29.99773,30.96831
EGBV,Silverstone Heliport,52.070172,-1.012675
EGNX,East Midlands Airport,52.8311,-1.32806
EPMX,Milewo Airfield,52.665208,20.428419
ESOH,Hagfors Airport,60.0201,13.5789
FR-0144,Donville-Les-Bains Heliport,48.8663330078125,-1.5757219791412354
FR-0511,Chamonet Airfield,45.797877,5.624628
FR-0614,ulm air estuaire Airfield,45.015,-0.498333
FR-1079,Bordeaux Haut Leveque Centre Hospitalier Heliport,44.785278,-0.660833
FR-1122,Rabastens de Bigorre Airfield,43.377778,0.161944
FR-1296,chateau de busnes DZ,50.583032,2.507195
GB-0162,RAF Wath Head,54.82321,-3.09613
GB-0331,Stoke Ferry Airfield,52.584145,0.515755
GB-0599,Bagber Farm Airstrip,50.796899,-2.265683
GB-0707,Carr Farm Airstrip,53.2331,-0.7303
GB-0717,Lodge Field House Airstrip,54.194,-1.0671
GB-0855,Lotmead Farm Airstrip,51.57274,-1.71289
GB-1265,RAF Greenham Common,51.379,-1.281
IE-0054,Craughwell Airfield,53.2461,-8.688
IQ-0001,Al Fathah Air Base,35.135398864746094,43.72520065307617
IT-0399,Campo di Volo Aliveneta,45.250934,11.036059
LEJR,Jerez Airport,36.744598,-6.06011
LTBO,Uşak Airport,38.681499,29.471701
NL-0007,Maastricht University Medical Center Heliport,50.834389,5.712478
ORWH,Washington Army Heliport,33.304688,44.403719
RO-0034,Odorhei Airfield,46.32548,25.28201
RU-10038,Borok Airfield,58.36023,30.96933
TR-0020,Çanakkale Çan Airfield,39.98899841308594,27.036800384521484
TR-0033,Sarımsaklı Airfield,39.273658752441406,26.68694877624512
TR-0167,Kaan Aviation Heliport,41.125585,28.983592
UMGI,Rogachev,53.014712,29.878516
AT-0042,Deutsch-Ordens-Spital Heliport,46.94722366333,14.410833358765
BG-0167,Targovishte Airport / Buhovtsi Airfield,43.306599,26.700899
BIVA,Vatnsnes Airport,64.03309631347656,-20.651100158691406
BY-9938,Shchuchyn,53.598206,24.763414
DE-0242,Kell Airfield,49.6216667,6.8402778
DE-0259,Neuruppin Airfield,52.94127,12.78
DE-0375,Wilhelmsburg Barracks Heliport,48.414099,9.981372
DE-0577,Johanna-Etienne Hospital Heliport,51.212838,6.659823
DE-0739,Regiomed Hospital Neuhaus am Rennweg Heliport,50.51063,11.12983
DE-0892,Nauen Airport,52.6278,12.9139
EBSJ,Sint-Jan General Hospital Heliport,51.220486,3.196068
EBWI,Wingene Heliport,51.064415,3.25919
EDFJ,Lager Hammelburg Airfield,50.098517,9.883901
EDLS,Stadtlohn-Vreden Airfield,51.995834,6.840556
EDTC,Bruchsal Airfield,49.13484,8.56412
EFJO,Joensuu Airport,62.658815,29.619398
EFJP,Jäkäläpää Airfield,68.711403,25.7528
EFPJ,Kuopio University Hospital Heliport,62.897499,27.648333
EG-0043,Ras Rawahimi Heliport,28.73211,32.81604
EGDO,Predannack Airfield,50.001202,-5.23083
ENAT,Alta Airport,69.976097,23.3717
ENDH,Drammen Hospital Heliport,59.747827,10.197394
ES-0341,Heliporto de Becerreá,42.8652,-7.18761
ES-0353,Madroñalejos Forest Fire fighting Heliport,37.537024,-6.295778
FR-0109,Nancy University Regional Hospital Brabois Heliport,48.644688,6.15149
FR-0385,Aerodrome des Salles,45.741212,0.669841
FR-0386,Aigrefeuille d'Aunis ULM,46.12722,-0.95167
FR-0735,Ligny Airfield,47.705556,1.778333
FR-0783,Saulnot Airfield,47.567778,6.644722
FR-1271,Montaudran Airfield,43.568901,1.48083
GB-0210,Twycross (Gopsall House) Airstrip,52.643194,-1.471772
GB-0301,Great Ashfield Airstrip,52.256084,0.932766
GB-0639,Ranksborough Farm Airstrip,52.688977,-0.775251
GB-0876,Buttermilk Hall Farm,52.15371,-0.92815
GB-0985,Addenbrooke's Hospital Helipad,52.1708,0.1397
GB-1069,Altnagelvin Area Hospital East Heliport,54.984526,-7.28836
GB-1105,RAF Deopham Green,52.55105,0.99155
GMFB,Bouarfa Airport,32.514306,-1.983056
GR-0103,Sarantapicho Airfield,38.02697,22.37193
HL59,Al Khadim Airport,31.998501,21.191799
IE-0010,ILAS Wexford Airfield,52.2981,-6.68194
IQ-0064,Camp Baharia South Heliport,33.33267,43.84765
IT-0136,Vigarolo Airfield,45.217533,9.467232
IT-0250,Valerio Glorialanza Airfield,44.376111,9.290278
IT-0274,"Aviosuperficie ""Villa Selva Air Park""",42.79277,13.75146
IT-0296,Elio Zambrini Airfield,44.432333,11.71815
IT-0411,Massimo Costa Airfield,43.092657,10.556215
IT-0433,Deltaland Airfield,44.8714,10.9807
IT-0554,Alta Langa Airfield,44.411152,8.120849
IT-0825,Rossetti Heliport,44.35708,9.18256
IT-0827,Laguna di Varano (K.Fly),41.875248,15.689936
IT-0933,Eliporto Ospedale di Susa,45.137145,7.051463
IT-0938,Elisuperficie Ala di Stura,45.312941,7.308574
JO-0011,Prince Hashem bin Abdullah Military Hospital Heliport,29.57194,35.01945
LEJU,La Juliana Airfield,37.294998,-6.1625
LFDS,Sarlat Domme Airfield,44.791707,1.247068
LFDX,Fumel Montayral Airfield,44.460921,1.006708
LFIH,Chalais Airfield,45.268101,0.016944
LFLZ,Aérodrome de Feurs - Chambéon,45.70622,4.19734
LFQC,Lunéville-Croismare Airfield,48.593262,6.545419
LGPZ,Aktion National Airport,38.925499,20.765301
LHBB,Légimentő bázis,47.4545191,18.9072779
LHFP,Piuszpuszta Airfield,47.744444,16.614167
LOLO,Linz-East Glider Field,48.300044,14.333606
LRCK,Mihail Kogălniceanu International Airport,44.362202,28.4883
LYKA,Kraljevo Brege Airfield,43.7318,20.717969
NL-0020,Rijnmond Medical Center South Heliport,51.885555,4.503056
OS61,Dumayr Air Base,33.60960006713867,36.749000549316406
PL-0055,Przasnysz-Sierakowo Airfield,53.00835,20.93157
RO-0061,Mugeni Airfield,46.249281,25.222732
RU-0776,Heli-Drive,59.828082,30.252743
RU-10015,Sortavala Airstrip,61.736099,30.673599
RU-10082,Belozersk Airfield,60.015745,37.755371
RU-9300,Engozero Air Base,65.86669921875,33.93330001831055
TR-0240,Dağdelen Border Post Helipad,39.417895,44.212502
UA-0065,Respect Hall Helipad,44.432273,34.081035
URRN,Potapov,47.465981,41.925036
BE-0069,Casteau / SHAPE Helipad,50.503056,3.982501
BG-0099,Dzhurovo Airport,42.96505,24.03685
DAUE,El Golea Airport,30.580732,2.861595
DE-0134,FSV Illtal Airfield,49.41,7.0547
DE-0345,Gundelsheim ULM,49.290832,9.173094
DZ-0008,Ain Naadja Military Hospital Helipad,36.72064,3.06608
EDKW,Werdohl-Küntrop Airfield,51.297222,7.818333
EEKA,Kärdla Airport,58.99079895019531,22.830699920654297
ENVE,Valle Airfield Åraksøyne,59.031723,7.554903
ES-0005,Salamanca Fire Station Helipad,40.9793128692,-5.66011816263
FI-0010,Sitikkala Airstrip,60.934393,26.235523
FR-0136,Caen Centre Hospitalier Heliport,49.203436,-0.35778
FR-0251,Altisurface de Cap De Barres,42.864034,0.516347
FR-0713,Voves Viabon Airfield,48.210459,1.673334
FR-0718,Prissac Airfield,46.519444,1.311944
FR-0803,Nébias Airfield,42.891667,2.123611
FR-0808,Puisserguier Airfield,43.398889,3.033611
FR-0960,Pléchatel Faroulais Airfield,47.873333,-1.740556
FR-1057,Aléria Padulone Airfield,42.108056,9.5425
GB-0127,Bolt Head Airfield,50.22383,-3.801637
GB-0187,Boones Farm Airstrip,51.911979,0.589698
GB-0277,Stow Airstrip,53.321569,-0.678138
GB-0328,Binstead Airfield,50.722077,-1.204915
GB-0541,Glensanda Airstrip,56.5610514,-5.5474649
GB-0709,Prospect Farm Airstrip,52.265742,-0.672114
GB-1007,Bowford Farm Airstrip,50.952993,-0.396152
GB-1040,Idsworth Airstrip,50.92723,-0.95384
GB-1194,RAF Fulbeck,53.04952,-0.65842
IT-0159,Campo di Volo Ondalba,44.776117,7.879334
IT-0267,Aviosuperficie F. Rossi,43.34,12.826944
IT-0567,Polignano Fly Airfield,41.009256,17.177493
IT-0650,Stromboli Heliport,38.799552,15.240425
IT-0820,New Apuane Hospital Heliport,44.01903,10.09754
IT-0905,Elisuperficie dei Vigili del fuoco di Varallo,45.784891,8.273306
IT-0907,Elisuperficie Protezione Civile Borghesia,45.719028,8.279561
LFLA,Auxerre Branches airport,47.850201,3.49711
LFML,Marseille Provence Airport,43.438088,5.2125
LGKP,Karpathos Airport,35.421398,27.146
LIPX,Verona Villafranca Valerio Catullo Airport,45.394955,10.887303
LOKF,Feldkirchen Airfield,46.70893,14.076722
LPMF,Aerodromo de Monfortinho,39.976398,-6.906624
LY-0018,Athadi Airport,29.62058,19.64761
NO-0080,Ravnastua Airstrip,69.527306,24.95613
PT-0066,Alhos Vedros Aerodrome,38.664821,-9.027929
RO-0028,Ghindari Airfield,46.519304,24.945037
RO-0099,Dăbâca Airfield,46.98905,23.67095
RU-0098,Oktyabrskiy Air Base,47.970001,43.720001
RU-0296,Rechnoy Yacht-club Helipad,59.963792,30.239106
RU-0494,Korpiya Airstrip,59.530483,29.331986
SA-0008,Kharmiyah Airstrip,28.1325,45.7518
TR-0065,Kırıkkale High Specialization Hospital Helipad,39.86236,33.483787
TR-0242,Başköy Border Post Helipad,39.404758,44.123276
BE-0059,Webbekom Heliport,50.958132,5.064743
BE-0086,Sint-Niklaas Airfield,51.17213,4.19202
BG-0032,Breznik Airfield,42.693305,22.896559
BG-0173,Konush Airstrip,42.072399,25.053301
CY-0054,Aslankoy South Helipad,35.205289,33.584528
CZ-0221,Pístov Heliport,49.37074,15.58038
DE-0013,Johannisthal Airfield,52.4379997253418,13.524999618530272
DE-0123,Bückeburg-Weinberg Airfield,52.2511,9.0146
DE-0328,Rastatt-Baldenau Gliderfield,48.8742,8.2129
DE-0396,Kunrau-Jahrstedt Ultralight Airfield,52.567273,10.994203
DE-0521,Thunder Pad / Savage Pad,50.320833,8.748889
EBBM,Michelbeke Heliport,50.830885,3.774096
EDTG,Bremgarten Airfield,47.903186,7.617416
EGBP,Cotswold Airport,51.668528,-2.056599
EGMC,London Southend Airport,51.570562,0.693627
EGPS,Longside Airfield,57.516836,-1.864586
EHQE,Hoorn-A Heliport,52.92417,4.15
EIIH,Midland Heliport,52.892223,-7.262778
EPKA,Kielce-Masłów Airfield,50.896702,20.731701
ES-0239,Base de Helicópteros de Guadramiro,41.011168,-6.477604
ES-0344,San Xoán de Río Forest Fire Base Heliport,42.38395,-7.30131
ES-0359,Campolara Airfield,40.903099,-4.52028
ES-0372,Helipuerto de Emergencias de Alzira,39.155154,-0.44138
EYLN,Valenčiūnai Airfield,55.0214,22.9739
FO-0001,Hattarvík Heliport,62.330297,-6.276734
FO-0005,Trøllanes Heliport,62.362427,-6.788021
FR-0027,Robert Piqué Hôpital Militaire Heliport,44.79999923706055,-0.574167013168335
FR-0057,Centre Hospitalier Heliport,47.36055755615234,1.731943964958191
FR-0077,Pontarlier Hospital Heliport,46.900693,6.359739
FR-0528,Pleucadeuc private airfield,47.78777,-2.36109
FR-0690,Champlemy Airfield,47.290833,3.363333
FR-0720,Reuilly Airfield,47.075556,2.025556
FR-0848,L'oiseau Blanc Achen Airfield,49.0475,7.161667
FR-0907,Luquet Airfield,43.241944,-0.1175
FR-1011,Les Queyrons Airfield,43.345494,6.310568
FR-1012,La Limate Airfield,43.25892,5.882615
FR-1022,Anthony Delluc Ultralight Airfield,45.011944,5.083889
FR-1227,Cuincy,50.370551,3.047124
FR-1253,Romilly Sur Seine Airfield,48.500599,3.76333
GB-0052,Eggesford Airfield,50.866839,-3.86312
GB-0230,Oaklands Farm Airstrip,51.847169,-1.439688
GB-0242,Nuthampstead Airstrip,51.995294,0.070144
GB-0380,North Hill Glider Field,50.851586,-3.274816
GB-0489,Redrock Airstrip,54.302863,-6.585688
GB-0669,Michaelwood Airstrip,51.654733,-2.408098
GB-1204,RAF Clifton,53.99084,-1.108
GB-1330,Lartington Moor Airstrip,54.53098,-2.10375
GB-1336,(Duplicete)East Kirkby Airfield,53.13889,-0.00056
GE-0038,Leviy Gentsvish Heliport,43.102991,41.820693
HL53,Abu Aisha Agricultural Aviation Airport,32.495112,13.289911
HU-0070,Sülysáp Airfield,47.49786,19.4594
IE-0077,Moyne Aerodrome,52.703098,-7.70528
IR-0040,Mianeh Emergency Heliport,37.4417,47.71147
IT-0277,Aviosuperficie La Selva,41.155556,14.21
IT-0463,Pasiano Airfield,45.832273,12.593565
IT-0718,Vicari Airfield,37.800747,13.52314
IT-0806,San Leo Airfield,43.918255,12.319971
IT-0847,Helipad Ao 2,45.739544,7.367122
IT-0882,Elisuperficie di Viggiona,46.031136,8.689896
LEMH,Menorca Airport,39.862598,4.21865
LERO,Rozas Airfield,43.116901,-7.47028
LFBA,Agen La Garenne airport,44.174171,0.59309
LFLI,Annemasse Airfield,46.192001,6.26839
LFMU,Béziers Vias airport,43.323502,3.3539
LFNG,Aérodrome de Montpellier - Candillargues,43.610298,4.07028
LGRX,Patras Araxos Agamemnon Airport,38.1511,21.4256
LKTD,Tachov Airfield,49.797223,12.707169
LOAN,Wiener Neustadt East Airport,47.8433,16.260099
LOII,Hall in Tirol Hospital Helistop,47.282808,11.515651
LPVC,Viana do Castelo Hospital Helipad,41.697716,-8.831498
LSZK,Speck-Fehraltorf Airfield,47.3764,8.7575
LY-0002,Zelten C6 Airstrip,28.954483,19.773816
MA-0005,Beni Amir Heliport,32.67406,-6.76116
OETB,Prince Sultan bin Abdulaziz International Airport,28.3711,36.624865
PL-0161,Walendów,52.0805171,20.8530837
PL-0167,Chojnice Airfield,53.680788,17.533665
PT-0028,Aeródromo de Vila Meã,40.426368,-8.232252
RU-0401,Olginskaya Airstrip,45.9383477869,38.3999097347
TR-0147,TRT Heliport,41.05694,29.03181
TR-0153,Bartin Naval Base Heliport,41.68146,32.2381
TR-0286,Acıbadem Altunizade Hospital Helipad,41.018622,29.047339
UA-0050,Kakhnovka Airfield,49.136799,33.477893
UA-0122,Iskrivka Airstrip,48.1787704,33.354016
UA-0141,Luhansk Aviation Sports Club Airfield,48.50259,39.150295
UA-0180,Sydorenko Airstrip,49.711725,35.385783
UA-9861,Zhovtneve Air Base,50.9109992980957,24.45199966430664
UKFB,Sevastopol International Airport / Belbek Air Base,44.691822,33.57462
UUOK,Kursk East Airport,51.7505989074707,36.29560089111328
BE-0006,Aalst Heliport,50.931377,4.087209
BG-0112,Opan Airport,42.19991,25.70513
DE-0250,Tauberbischofsheim Glider Field,49.6477,9.6326
DE-0252,Nastätten Glider Field,50.198,7.89
DE-0258,Neu-Gülze Airfield,53.381,10.804
DE-0487,ADAC Air Rescue Station Rheine Heliport (Christoph Europa 2),52.277279,7.431425
DE-0677,Bleicherode Airfield,51.47292,10.57113
DE-0785,Flemmingstraße Hospital Rooftop Heliport,50.845721,12.885257
DE-0829,Autobahn Police South Hesse Heliport,49.86663,8.62122
DZ-0026,Hassi Messaoud East Airport,31.50603,6.64072
EBSS,Sint-Lucas General Hospital Heliport,51.183906,3.24999
EGCH,Holyhead Heliport,53.298848,-4.616862
EILT,Letterkenny Airfield,54.951302,-7.67283
EITM,Trim Aerodrome,53.5746994019,-6.7386097908
EPHN,Narew,52.908777,23.541338
EPMY,Myślibórz-Giżyn Airfield,52.941164,15.029812
ES-0176,Aeródromo de Guadalix de la SIerra,40.7848296,-3.6397313
FR-0168,Abbeville Medical Center Heliport,50.101535,1.831298
FR-0778,Aéro Sermange Airfield,47.188056,5.6475
FR-0969,Saint Même Les Carrières Airfield,45.632778,-0.159722
FR-1152,Nord Deux-Sevres Centre Hospitalier Heliport,46.831723,-0.385841
GB-0133,RAF Bradwell Bay,51.735741,0.900936
GB-0359,Sandford Hall Airstrip,52.804565,-2.990793
GB-0471,Roserrow Airstrip,50.5617,-4.89654
GB-0512,Ipswich Airport,52.030797,1.197901
GB-0618,Great North Air Ambulance,54.6916425,-2.6621042
GB-0712,Causey Park Airstrip UL,55.2547,-1.7126
GB-0863,Llangarron Private Airstrip,51.883035,-2.699869
GB-0941,Field Farm Airstrip,51.83822,-0.95433
GR-0055,Lindos Military Area Heliport,36.117715,28.062136
GR-0083,Ellinopyrgos Heliport,39.403352,21.73966
IR-0173,Naft Hospital Heliport,31.344387,48.729561
IT-0228,Gianni Cerutti Airfield,45.34921,8.64632
IT-0540,Celenza Valfortore Heliport,41.564832,14.998817
JO-0014,Jordan Hospital Helipad,31.96089,35.89877
LBBQ,Byala Airfield,43.463484,25.711613
LBSV,Sveta Marina Hospital Helistrip,43.226962,27.939377
LESP,Hospital San Pau Heliport,41.41350173950195,2.1719601154327397
LFEC,Ouessant Airport,48.4632,-5.06358
LFGZ,Nuits-Saint-Georges Airfield,47.142032,4.968538
LFMC,Le Luc-Le Cannet Airfield,43.384701,6.38714
LIPI,Udine-Rivolto Air Base,45.978699,13.0493
LOGF,Fürstenfeld Airfield,47.061873,16.083901
LPMT,Montijo Air Base,38.70929,-9.03368
LSZV,Sitterdorf Airfield,47.5089,9.26278
LTCS,Şanlıurfa GAP Airport,37.445663,38.895592
NL-0064,Ede Airfield,52.069693,5.678129
OS67,Mezzeh Airport,33.4775,36.2234
PL-0001,Poznań-Bednary Airfield,52.5344,17.2188
PL-0105,Linowiec Airfield,54.007897,18.499983
PL-0185,Osieczna Airfield,51.915884,16.708585
PL-0187,Przyborów Airfield,51.800317,15.802489
PL-0229,Jelenia Góra Valley Regional Medical Center Heliport,50.91216,15.76221
RO-0010,Ghimbav Aerodrome,45.699386,25.528414
RO-0143,IGJR Neptun Helipad,43.87652,28.601972
RO-0171,Emergency County Hospital Craiova Helipad,44.304848,23.793694
RU-0374,Svetlograd Air Base,45.423335,42.680855
SK-0084,Senec Airstrip,48.250197,17.398739
UA-0012,Kirovskoe Air Base,45.16699981689453,35.18299865722656
UA-9889,Volnovakha Forest Park Heliport,47.664945,37.435319
UKFI,Saky Air Base,45.090611,33.598536
ULJO,Olema Airport,64.495,46.14666
AD-ALV,Andorra la Vella (Our Lady of Meritxell Hospital) Heliport,42.511228,1.533651
AL-0014,Korçë Airfield,40.649879,20.741211
AM-0001,Syunik Airport,39.202272,46.455204
BE-0017,MontLégia CHC Heliport,50.648205,5.534268
BG-0003,Trastikovo Airstrip,42.414645,27.293919
BG-0114,Resen Cropduster Strip,43.20572,25.53013
CY-0075,A6 Tunnel Eastern Entrance Helipad,34.700595,32.844101
CZ-0175,Bobrová Ultralight Airfield,49.4955,16.10199
DE-0199,Ippesheim Ultralight Airfield,49.60982,10.225507
DE-0299,Boberg Airfield,53.5147,10.1442
DE-0650,Rottweil-Rottenmünster Hospital Heliport,48.14948,8.635628
DE-0830,Dobeln Hospital Heliport,51.117054,13.129225
EDLU,Oelde Bergeler Airfield,51.830601,8.17472
EDTY,Adolf Würth Airport,49.118332,9.783889
EDXC,Schleswig-Kropp Airfield,54.425497,9.541883
EFHN,Hanko Airfield,59.8489,23.083599
EFIT,Kitee Airport,62.1661,30.073601
EGYD,RAF Cranwell,53.027308,-0.493104
EKCE,Cecilie Helideck,56.40211486816406,4.759611129760742
EKFR,Freerslev,55.898611,12.245
ES-0171,Ecija 2 private airfield,37.5142575,-5.1213502
ES-0233,"Aeródromo Forestal ""La Fonfría""",42.3466117,-2.9109476
ES-0248,Atlas Center Vuelos de Drones,38.1392261,-3.1738682
ES-0259,Piedrabuena - Los Jarales,39.05953,-4.23651
ES-0352,Cal Majoral Hotel Heliport,42.053448,1.74234
ESMT,Halmstad Airport,56.69110107421875,12.820199966430664
ESNE,Överkalix Airfield,66.529093,22.356319
ETNN,Nörvenich Air Base,50.8312,6.65817
FR-0110,Dommartin-lès-Toul Hospital Heliport,48.670708,5.929311
FR-0459,Avenue Douine Heliport,43.750243,7.480216
FR-0533,Ebersheim Ultralight Airfield,48.27802,7.49125
FR-0619,Sembas Airfield,44.3375,0.649444
GB-0062,Branscombe Airfield,50.697839,-3.15566
GB-0180,Strathaven Airfield,55.679968,-4.113381
GB-0199,Sittles Farm Airfield,52.707127,-1.750055
GB-0292,Milden Airstrip,52.069747,0.857061
GB-0368,Long Acres Farm,52.129787,-0.310853
GB-0412,Membury Airfield,51.479812,-1.560453
GB-0561,Cae Mawr Tyddyn Hen,53.157273,-4.235529
GB-0654,Pencraig Airstrip,52.833151,-3.419661
GR-0067,Agios Dimitrios Power Plant Helipad,40.390291,21.92813
GR-0086,Costa Navarino Heliport,36.938325,21.716473
HLBS,Booster Airport,29.9124,23.287275
IT-0090,Mensanello Airfield,43.373582,11.123145
IT-0132,"CdV ""38 N Fly Zone""",37.9458,15.8836
IT-0278,Falcone Airfield,41.105084,15.876483
IT-0344,Campo di Volo Poggio Primavera,42.366412,11.796702
IT-0501,Selva Negra Airfield,42.406981,11.395237
IT-0605,Eliporto aereotre,40.448041,17.622639
IT-0895,Elisuperficie dell’Enderwasser,45.910115,8.221636
IT-0967,Elisuperficie Sky Aviation S.r.l.,45.553315,8.204191
LFCU,Ussel-Thalamy Airfield,45.535738,2.424474
LFFI,Ancenis Airfield,47.4081,-1.1775
LFFN,Brienne-le-Château Airfield,48.430396,4.472487
LFFY,Étrépagny Airfield,49.305273,1.637907
LFGF,Beaune-Challanges Airfield,47.005901,4.89342
LFLV,Vichy-Charmeil Airport,46.16969,3.403637
LFOA,Avord (BA 702) Air Base,47.053299,2.6325
LFQT,Merville-Calonne Airport,50.618401,2.64224
LFYV,Yvetot Lucien Camu Airfield,49.638316,0.728467
LGKN,Marathon Kotroni Navy Helicopter Base,38.137561,23.951726
LV-0035,Bērze Airstrip,56.681346,23.464027
LYNK,Nikšić Airfield,42.773039,18.916311
MD-0003,Horeshti Airfield,46.83656,28.901639
NL-0001,Antonius Hospital Heliport,53.034898,5.640044
NL-0104,Oceanco Helipad,51.8594,4.6579
ORNI,Al Najaf International Airport,31.991116,44.405019
PL-0003,Makowice Airfield,53.761082,15.290194
PT-0068,Pista do Torrão,38.313798,-8.262169
RO-0005,Sălicea Airfield,46.683817,23.507843
RU-0259,City Clinical Hospital No.7 Helipad,55.6615168095,37.6414185762
RU-0391,Vikhrevo Airfield,56.240187,38.159867
RU-0455,Nikulino Airstrip,56.99965,29.815912
SI-0008,Močna Jurkovič Airfield,46.567801,15.766969
SK-0064,Vyšná Myšľa Airstrip,48.645044,21.375666
TR-0226,Darıca Farabi State Hospital Heliport,40.769994,29.405651
UA-3578,Konotop Air Base,51.240304,33.146532
AZ-0026,Sadarak Army Border Post Helipad,39.641422,44.831085
BE-0068,Chimay-Ronvaux Ultralight Airfield,50.247223,5.113889
BG-0091,Pirgovo Airfield,43.7063,25.89486
CZ-0022,Olomouc Hospital Helistop,49.584095,17.236528
CZ-0143,Stará Paka Airfield,50.501389,15.483056
CZ-0234,Vrchlabí Hospital Heliport,50.6221,15.60682
DE-0419,Heidelberg Army Helicopter Base,49.392397,8.651935
DE-0647,Tirschenreuth Hospital Heliport,49.88563,12.33422
DE-0753,Leipzig University Hospital Heliport 1,51.33016,12.38692
DZ-0022,El Moustakbal Base Heliport,31.56469,6.18784
DZ-0056,1st November University Hospital Heliport,35.701086,-0.582824
EBCF,Cerfontaine Airfield,50.152802,4.38722
EBJS,Ath-Ghislenghien Heliport,50.666658,3.870192
EBLJ,Janssens Heliport,51.095563,3.91835
EDCA,Anklam Otto Lilienthal Airfield,53.832801,13.668607
EDFL,Gießen-Lützellinden Airfield,50.544794,8.592753
EFHP,Haapavesi Airfield,64.113098,25.5042
EFRV,Kiuruvesi Airfield,63.705601,26.6164
EIKH,Kildare Aerodrome,53.0635986328125,-6.855279922485352
ENNH,"Namsos Heliport, Hospital",64.469981,11.504007
ES-0002,Vinaròs Airfield,40.519722222,0.390277778
ES-0010,Aeródromo de Antela,42.1045,-7.7118
ES-0250,Fresno de Losa Airstrip,42.9534667,-3.1531167
ES-0310,Mateu Órfila Hospital Heliport,39.88274,4.25225
ESFA,Hässleholm Bokeberg Airfield,56.134407,13.875647
FR-0043,Chalon Sur Saone Centre Hospitalier W. Morey Heliport,46.777401,4.841688
FR-0506,Chevry-Cossigny Paramotor Field,48.708408,2.645881
FR-0561,Beaumont de Lomagne,43.876384,0.983774
FR-1089,Saint Etienne Hopital Nord Heliport,45.482363,4.363444
FR-1170,Authie Airfield,50.1315,2.49267
GB-0417,Slay Barn Private Airstrip,51.730686,-1.143832
GB-0506,Englefield Airstrip,51.426607,-1.111306
GB-0565,South Moor Farm Airstrip,54.299574,-0.606567
GB-0668,Middle Chinnock Airstrip,50.91548,-2.737055
GB-1036,Bell Bar Private Airstrip,51.734884,-0.197706
GE-0039,Saberio Heliport,42.63606,41.914624
GMMT,Casablanca Tit Mellil Airport,33.5975,-7.465
HU-0033,Hajmáskér Airfield,47.142891,17.997437
IL-0002,Mishmar Ayalon Highway Strip H,31.883434,34.948411
IQ-0016,H1 New Air Base,33.816262,41.436712
IT-0003,San Sepolcro Airfield,43.55916,12.155903
IT-0192,Le Streghe Airfield,45.394518,8.706932
IT-0403,Always Airfield,46.133883,13.278224
IT-0447,Policoro Saline Flying Field,40.216161,16.731721
IT-0619,San Raffaele Hospital Heliport,45.504324,9.260273
IT-0673,Follonica Heliport,42.920684,10.764557
IT-0691,Heliport Colli di san fermo,45.743134,9.940835
IT-0865,Eliporto Alpe Cheggio,46.085071,8.115469
LBSF,Sofia Airport,42.696357,23.417671
LEBP,BP Oil España Heliport,39.9579,-0.011632
LENB,Cala'n Blanes Heliport,39.996836,3.814097
LERB,Rabanal del Camino Firefighting Heliport,42.480863,-6.272399
LHGY,Gyöngyös Pipishegy Airfield,47.814279,19.976792
LSEZ,Zermatt  Heliport,46.02932,7.753366
LV-0019,Aloja Airstrip,57.774561,24.887069
PL-0275,Borne Sulinowo Airfield,53.576149,16.527729
PT-0042,Campo de Voo de Valdonas UL,39.59119,-8.371753
RO-0166,Bucureşti Utility Aviation,44.502895,26.084842
RU-0031,Khodynka Airport,55.788601,37.5299
RU-0178,Yaskino Helipad,59.17024993896485,39.82509994506836
SK-0079,Nemčice-Topoľčany Airstrip,48.54662,18.14393
TR-0018,Bolu,40.748611,31.651667
TR-0032,Salyazı Airport,40.222900390625,39.79309844970703
TR-0139,Arslanyazı Garrison Helipad,35.934991,36.178987
TR-0204,Kahramankazan State Hospital Heliport,40.194759,32.678128
TR-0313,Afyonkarahisar State Hospital Heliport,38.78218,30.51303
AT-0013,Rinnsaal Airfield,47.47909,9.60508
BE-0013,Orchimont Ultralight Airfield,49.90643,4.93413
BG-0054,Saedinenie Airstrip,42.296667,24.556267
BIHE,Herðubreiðarlindir Airport,65.190902,-16.204902
CY-0044,UNFICYP OP135 Heliport,35.071073,33.820505
CY-0077,Epilas Helipad,34.774901,33.200922
CZ-0158,Sedliště Airstrip,49.722065,18.374917
CZ-0186,Radim u Chrudimi ULM,49.906716,16.006719
DE-0018,Frankfurt am Main Accident Hospital Roof Helipad (CHX2),50.145424,8.710111
DE-0243,Lobeda Heliport,50.89538,11.6027
DE-0575,Weißer Hirsch Hospital Heliport,51.06518,13.83706
DE-0763,Sankt Elisabeth and Sankt Barbara Hospital Halle (Saale) Heliport,51.47723,11.96897
DK-0039,Hesselø Airstrip,56.198194,11.701118
EBLM,Meulebeke Heliport,50.931667,3.293889
EDHO,Ahrenlohe Airfield,53.70031,9.742119
EDNE,Erbach Airfield,48.34222,9.916111
EDTB,Baden-Oos Airfield,48.791943,8.185833
EFSE,Selanpaa Airfield,61.062401,26.798901
EGHG,Yeovil/Westland Aerodrome,50.939999,-2.65861
EGYE,RAF Barkston Heath,52.960616,-0.559428
EPKR,Krosno Airfield,49.683807,21.740953
ES-0056,Aerodrómo de la Calderina,39.296287,-3.831152
ESED,Sundsvalls County Hospital Heliport,62.407936,17.302258
ESGE,Borås Airfield,57.695935,12.845002
FR-0039,Semur-en-Auxois Hospital Heliport,47.495699,4.344583
FR-0417,Labastide-Saint-Sernin Ultralight Airfield,43.73298,1.459293
FR-0565,La Tuilière Airfield,46.532778,3.118333
FR-0806,Saint Victor Airfield,44.0353,4.473412
GB-0206,Wingland Airfield,52.814181,0.113048
GB-0229,Kirkbymoorside Airfield,54.251,-0.941274
GB-0346,Queen Elizabeth Hospital Helipad,52.452751,-1.944705
GB-0404,Norwood Lodge Airstrip,51.834839,1.11391
GB-0458,RAF Stoney Cross Air Base,50.9117206,-1.6548675
GB-0563,RAF Watton,52.562189,0.865384
GB-0706,Butterfield Farm Airstrip,53.0799,-1.4035
GB-0933,Chalk Pyt Farm Airstrip,51.03121,-1.95191
GB-0938,Cherry Willingham Airstrip,53.23221,-0.449893
GB-1042,Barnfield Farm Airstrip,52.359721,-0.012274
HE20,Gabal El Zeit Airport,27.834596,33.525982
HL77,Okba Ibn Nafa Air Base,32.473400116,11.8978996277
HU-0019,Bátonyterenye-Világosipuszta sportreptér,48.025531,19.805066
HU-0076,Gyomai Airfield,46.956165,20.883123
IT-0135,La Zappaglia Airfield,45.326746,10.378411
IT-0281,Piana Cinque Miglia Airfield,41.879201,14.011133
IT-0616,Helipad Masseria del Cardinale,40.801994,17.443864
KW-0016,Skydive Kuwait Airport,28.60425,48.3093
LDVK,Koprivnica Danic Airfield,46.2131,16.8372
LEDA,Lleida-Alguaire Airport,41.728185,0.535023
LETP,Santo Tome Del Puerto Airfield,41.204201,-3.59472
LFFW,Montaigu St Georges Airfield,46.933102,-1.32556
LFLN,Saint-Yan Airport,46.414019,4.014177
LFSI,Saint-Dizier – Robinson Air Base,48.636002,4.89942
LV-0002,Griva Airfield,55.889985,26.45999
NL-0034,Nistelrode Glidersite,51.683333,5.549444
NL-0062,Helmond Airfield B.86,51.478278,5.716583
NO-0008,Salangen Airfield Elvenes,68.871052,17.983614
OSKL,Qamishli International Airport,37.020599,41.191399
PL-0052,Namysłów Airport,51.064171,17.593611
PL-0154,Nieborów-Bobrowniki Airfield,52.065745,20.032263
PL-0237,Ikar Airfield,51.87889,15.91943
PL-0241,Kuźnia Raciborska Firefighting Airstrip,50.22124,18.32237
RO-0013,Balta Verde Airfield,44.285839,23.791537
RU-0370,Kochubeyevskoye Helicopter Base,44.685864,41.749377
SK-0053,Hucín Airstrip,48.574449,20.291375
UMII,Vitebsk Vostochny Airport,55.126499176025,30.349599838257
AL-0003,Vlora International Airport (Under Construction),40.605367,19.426095
BG-0111,Lyubenova Mahala Cropduster Airstrip (disused),42.33466,25.98662
BIEG,Egilsstaðir Airport,65.2833023071289,-14.401399612426758
BIID,Ingjaldssanður Airport,66.050003,-23.6961
CZ-0108,Bezno Airstrip,50.356925,14.8068316
DAOR,Béchar Boudghene Ben Ali Lotfi Airport,31.645700454711918,-2.269860029220581
DE-0085,Greding Glider Field,49.0622,11.2924
DE-0197,Heinsberg-Selfkant Ultralight Airfield,51.050556,6.054167
DE-0295,Müllheim Airfield,47.824316,7.639475
DE-0481,Eschborn Air Base,50.135764,8.549981
DE-0595,Jakobsberg Heliport,50.25589,7.59564
DE-0624,Sana Clinic Hof Heliport,50.30143,11.9153
DE-0747,Elbe-Elster Hospital Finsterwalde Heliport,51.63642,13.69832
EBUC,UCLouvain / Saint-Luc University Clinics Heliport,50.853063,4.453561
EDKH,Hünsborn Airfield,50.928612,7.899167
EDXM,Sankt Michaelisdonn Airfield,53.978263,9.14521
EFHH,Kanta-Hämeen Central Hospital Heliport,60.991112,24.415277
EFRH,Raahe Pattijoki Airfield,64.688103,24.695801
EHAM,Amsterdam Airport Schiphol,52.308601,4.76389
EHFO,F15-A,54.21583,4.82722
ENBL,"Førde Airport, Bringeland",61.391102,5.75694
ENLX,"Lørenskog Heliport, Ahus",59.932138,10.986877
ENQM,Martin Linge A Helipad,60.5075,2.01472
EPKM,Katowice-Muchowiec Airfield,50.238184,19.033685
EPLU,Lubin Airfield,51.423,16.196199
ESSA,Stockholm-Arlanda Airport,59.64849,17.928829
FI-0002,Ummeljoki KW Ultralight Airfield,60.75732,26.734313
FI-0019,Teisko Airfield,61.7733,24.027
FR-0001,Emile Muller Hospital Heliport,47.725328,7.344995
FR-0158,Bournizeaux Airfield,46.88053,-0.28448
FR-0418,Marmouzet Airfield,43.245547,1.231971
GB-0088,RFCS Southfields / RAF Acklington,55.296111,-1.634444
GB-0603,RAF Upottery,50.885745,-3.160606
GB-0656,RAF Ossington,53.176868,-0.885138
GB-0858,Upfield Farm Airstrip,51.55177,-2.895397
GB-1062,Buchlyvie Airstrip,56.121851,-4.325039
GB-1345,Lainston House Hotel Heliport,51.082346,-1.368216
GR-0003,Florina Airfield,40.804194,21.433211
HU-0046,Jászapáti Agricultural Airfield,47.521857,20.16257
IE-0043,Whites Airstrip,53.66317,-8.63488
IR-0037,Sonqor Heliport,34.78199,47.58784
IT-0031,Dragons Fly Airfield,39.738536,16.457015
IT-0468,Campo di Volo Avio Pontina Fly,41.380947,13.180648
IT-0635,Sinello Airfield,42.173611,14.6625
LFJY,Chambley airfield,49.025501,5.87607
LFNB,Mende-Brenoux Airfield,44.502102,3.53282
LHSK,Siófok-Kiliti Airfield,46.856899,18.0958
LROD,Oradea International Airport,47.025299,21.9025
LV-0031,Vitrupe Airstrip,57.6476,24.392398
LYCA,Čačak-Preljina Airfield,43.8981,20.435
NL-0054,Waalhaven Airport,51.875833,4.443056
NL-0057,De Rips Airfield B.84,51.557778,5.759167
NO-0025,Husodden Airfield,60.74833297729492,10.239999771118164
NO-0118,Gyda Platform,56.904202,3.08361
NO-0120,Petrojarl Varg FPSO,58.0783,1.91
PL-0067,Zgorzelec-Żarska Wieś Airport,51.203335,15.128333
PT-0103,Pista de Montargil,39.051902,-8.142087
RO-0141,Phoenicia Boutique Hotel Helipad,44.282187,28.620565
RU-0160,Sennaya Guba Helipad,61.99599838256836,35.22800064086914
RU-0282,Millerovo Air Base,48.955177,40.296356
RU-0364,Suzdal Airfield,56.492614,40.380292
SI-0028,Ljubljana University Hospital Heliport,46.05512,14.52073
SK-0073,Vankovia Airstrip,48.7640939,17.526797
SK-0096,Parchovany Airfield,48.73877,21.69836
TR-0188,Uludağ Hospital Helipad,40.222192,28.867865
TR-0270,Kilis Jandarma Helipad,36.729635,37.096004
TR-0295,Sivrihisar Aviation Center,39.30217,31.49727
TR-0315,Bozüyük State Hospital Heliport,39.89328,30.05645
BY-0027,Kisyali Airfield,54.028259,26.924768
CY-0019,UNFICYP OP22 Heliport,35.104405,32.874977
CZ-0088,Letovice Airfield,49.546667,16.598611
CZ-0178,Hrabice airstrip,49.06812,13.7603
D346,Ostfildern-Ruit Medius Hospital Heliport,48.741161,9.256443
DAAY,Mecheria Airport,33.535900116,-0.242353007197
DABB,Annaba Rabah Bitat Airport,36.826781,7.81334
DE-0508,Lübbecke Hospital Heliport,52.29628,8.60262
DE-0715,Catholic Hospital Sankt Johann Nepomuk Erfurt Heliport,50.9462,11.08564
DE-0887,Bordelum Airfield,54.627499,8.930278
DK-0065,Rømø Beach Airstrip,55.144154,8.482475
EDGH,Hettstadt Airfield,49.798611,9.836667
EFMI,Mikkeli Airport,61.6866,27.201799
EFNU,Nummela Airfield,60.3339,24.2964
EHTE,Teuge Airport,52.242764,6.050004
EKHN,Horns Rev B Helideck,55.60016632080078,7.623805999755859
ENLH,"Lillehammer Heliport, Innlandet Hospital",61.11325,10.472165
ENTY,Tynset Airfield,62.256901,10.6694
EPSJ,Sobienie Field,51.951142,21.35253
ES-0186,Aeródromo de Almorox,40.2116282,-4.386763
ES-0218,Alto Vinalopó Biar Benejama,38.684431,-0.760295
ESSB,Stockholm-Bromma Airport,59.354401,17.9417
ESTF,Fjällbacka Anra Airfield,58.630009,11.314459
FI-0017,Santio Border Crossing Station Helipad,60.455114,27.723057
FR-0081,Gilles de Corbeil Hospital Heliport,48.595482,2.481174
FR-0091,Saint-Ouen-l'Aumône Heliport,49.057787,2.14487
FR-0336,Plessé ULM,47.52591,-1.841293
FR-0370,Gaussan ULM,43.219115,0.473498
FR-0411,Montpezat d'Agenais,44.364167,0.491389
FR-0577,Argeliers Airfield,43.308333,2.893333
FR-0681,Chaume-et-Courchamp Airfield,47.575603,5.351686
FR-0825,ST LUC Passa Airfield,42.576111,2.816944
FR-1304,GUEUTTEVILLE DZ 2,49.844387,0.758754
FR-1313,HERMIES DZ,50.111881,3.047333
GB-0361,Cliffe Airstrip,53.785797,-0.999844
GB-0429,Lleweni Parc Glyndwr Soaring Club,53.210445,-3.3855523
GB-0438,Baxby-Husthwaite Airfield,54.168991,-1.226767
GB-0460,Woonton Airstrip,52.1626,-2.9462
GB-0766,Baynard's Park Airstrip,51.118295,-0.442193
GB-0892,Whilton Airstrip,52.275223,-1.075908
GB-0909,Laurel Farm Airstrip,52.37791,1.30868
GB-0957,Ripple Airstrip,51.204759,1.366682
GB-1087,Moss Edge Farm Airfield,53.93485,-2.85422
GB-1207,RAF Riccall,53.82288,-1.03146
GB-1238,Castle Mill Airfield,52.143299,-0.406111
HR-0044,Mlinski Kamen recreational airfield,45.45607,16.27173
IR-0101,Khosravi Heliport,34.368632,45.488651
IT-0494,Il Gruccione Airfield,43.605515,10.411837
IT-0558,Campo di volo Cutrofiano,40.102031,18.243635
IT-0791,Gh. de la Sassiere,45.496949,7.037968
LEPB,Autoridad Portuaria de Barcelona Heliport,41.36429977416992,2.18301010131836
LFRU,Morlaix-Ploujean Airport,48.6031990051,-3.81577992439
LTAJ,Gaziantep Oğuzeli International Airport,36.947201,37.478699
LTCR,Mardin Airport,37.2233009338,40.6316986084
NL-0024,Middenmeer Airfield,52.814876,5.021245
NL-0108,Damen Yachting Helipad,51.4425,3.5829
PL-0197,Bogatynia Airstrip,50.93039,14.97937
PL-0253,Kluczewo Air Base,53.27986,14.96741
PT-0120,Porto Alto Airstrip,38.9521,-8.866782
PT-0139,Regimento Artilharia Military Airfield,38.693397,-8.443196
RO-0106,Mărgineni Airfield,46.59582,26.87647
RU-0017,Pugachev Airport,51.977055,48.720417
TR-0164,Yılair Havacılık ve Ticaret AŞ ve Helikopter Pisti,40.41513,29.108555
TR-0187,Teos Marina Helipad,38.193784,26.78312
UA-0054,Kupyansk Air Base,49.684,37.715
UA-0056,Mayske Airfield,48.491944,35.625933
UA-0148,Oleksandrivka Airfield,46.3069,31.9753
UA-0197,Luchyntsi Airstrip,49.360802,24.619849
UKFW,Zavodskoe Airfield,44.916281,34.061586
BE-0078,Brussels Expo58 Heliport,50.89932,4.33196
BY-0001,Orsha Airport - Balbasovo Air Base,54.439999,30.2967
BY-0046,Korovatichi Heliport,52.240398,30.1663
CZ-0042,Havlíčkův Brod Hospital Helistop,49.610314,15.570486
CZ-0246,Chornice Airfield,49.686095,16.730912
DE-0300,Bohlhof Glider Field,47.6509,8.3867
DE-0353,Beedeln Ultralight Flightpark,51.007235,12.814543
DK-0010,True Gliderfield,56.178925,10.076621
EBTX,Theux (Verviers) Airfield,50.551099,5.853996
EDMW,Deggendorf Airfield,48.830276,12.879722
EDNP,Pfarrkirchen Airfield,48.420277,12.864722
EDOE,Böhlen Airfield,51.21389,12.363611
EDSK,Kehl-Sundheim Airfield,48.561111,7.843333
EE-0008,Lasnamäe Airfield,59.45,24.86333
EFKO,Kalajoki Airfield,64.2286,23.826401
EGLA,Bodmin Airfield,50.499698638916016,-4.665830135345459
EH-0007,Al Mahbes UN Airstrip,27.418767,-9.171517
EHYP,IJmuiden Heliport,52.469887,4.593444
EKHK,Holbæk (Ny Hagested) Airfield,55.733919,11.604706
FR-0169,Centre Hospitalier Heliport,49.38972091674805,2.79555606842041
FR-0235,Les Deux Alpes Heliport,45.024847,6.12114
FR-0398,St Laurent de la Salanque Airbase,42.79729,3.002915
FR-0406,Vallon des Bergons,43.020745,-0.178995
FR-0427,Talmont Vendée Air Park,46.493761,-1.576506
FR-0510,Vavincourt Aerodrome,48.815556,5.212222
FR-0738,Marsainvilliers Airfield,48.221667,2.261111
GB-0225,Stoodleigh Barton Private Airstrip,50.957271,-3.530185
GB-0321,Woodview Airfield,54.370158,-6.59167
GB-0608,RAF Templeton,51.7648,-4.754015
GB-0812,Piltdown Airstrip,50.9814,0.0425
GB-1173,RAF Warmwell,50.69519,-2.35061
GB-1202,Withybush Hospital Heliport,51.814032,-4.964338
GB-1341,Bishopsgate House Heliport,51.4365,-0.59276
HL78,Hamada-Nc5 Airport,30.7019,12.484
IT-0600,Eliporto militare,40.447845,17.252242
IT-0917,Elisuperficie del Rifugio Madonna della Neve,45.676561,7.960694
LEFR,Fira M2 Heliport,41.35390090942383,2.1291699409484863
LFQF,Autun-Bellevue Airfield,46.967277,4.260925
LIBP,Abruzzo Airport,42.431079,14.182981
LTFG,Gazipaşa-Alanya Airport,36.298832,32.297017
LYJA,Jagodina-Barutana Airfield,43.976613,21.229756
NL-0065,Boxmeer Airfield,51.626056,5.931806
NL-0080,Vliehors Shooting Range and Heliport,53.24872,4.94444
NO-0101,Stadsbygd Airfield,63.526099,10.034609
PL-0243,Żegocina Airfield,49.83316,20.41098
RO-0060,Sânsimion Airfield,46.266714,25.915817
RO-0064,Crystal Tower Bucharest Helipad,44.452433,26.095448
RU-0220,Volosovo Airfield,55.068,37.454
RU-0221,Sonino Airstrip,55.2959534199,37.79211044309999
RU-0352,Gurban Helipad,56.1640972421,37.5451755524
RU-10001,Velikiye Luki Airport,56.381066,30.607846
TR-0015,Boranköy Air Base,38.4689457144,38.3651590347
TR-0262,Çamaltı 1 Borderpost Helipad,35.886646,36.065756
TR-0303,Serik Bus Station Helipad,36.913289,31.083723
UA-0144,Borodyanka Aerodrome,50.6661,29.9329
URWW,Volgograd International Airport,48.78134,44.339194
XK-0014,Dubrava Airfield,42.7716,20.54152
BE-0048,Mogimont Ultralight Airfield,49.866402,5.06806
BG-0179,Petrich Air Base,41.448806,23.216229
BIKE,Kerlingafjöll Airport,64.705002,-19.410601
DE-0008,Steinstücken Helipad,52.3902015686,13.128600120500002
DE-0046,Wildberg Glider Airfield,48.637325,8.733327
DE-0140,Der Dingel Airfield,51.536,9.3805
DE-0355,Sonderlandeplatz Meißendorf-Brunsiek,52.7122879,9.8729296
DE-0393,Dörzbach-Hohebach Ultralight Flightpark,49.350308,9.715267
DE-0468,ADAC Air Rescue Center Heliport (Christoph 1),48.083663,11.559414
DE-0911,Christoph Hansa ADAC Helipad,53.507971,10.173382
DE-0932,Ludwigsburg Hospital Helistop,48.899571,9.204076
EDAD,Dessau Airfield,51.8318,12.184011
EDKN,Wipperfürth-Neye Airfield,51.124168,7.373611
EE-1612,Võhma Air Base,58.661853,25.578403
EFJE,North Karelia Central Hospital Heliport,62.590832,29.777779
EG-0074,Helwan University Heliport,29.86491,31.32082
EGSA,Shipdham Airfield,52.629398,0.928056
EKCR,Christianshede Airfield,56.104407,9.392495
ENSH,"Svolvær Airport, Helle",68.243301,14.6692
ES-0122,Huevar 2,37.386693,-6.250106
ESME,Eslöv Airfield,55.848923,13.329935
FR-0108,Chateau De Saint Maixant Heliport,45.99361038208008,2.20888900756836
FR-0205,Zi Les Paluds Heliport,43.286667,5.603889
FR-0781,Bucey-lès-Gy Airfield,47.415,5.871389
FR-1188,Merckeghem DZ,50.864112,2.29919
GB-0767,Gamlingay Helicopter Strip,52.1482,-0.2141
GB-0771,Valley Farm Airstrip,52.76239,-2.12734
GB-0803,Inglenook Farm Airstrip,51.1856,1.3156
GB-0857,Brookside Farm Private Airstrip,51.177984,-3.527255
GB-0910,Hopkiln Farm Airstrip,51.41115,-0.9976
GB-1153,Newmarket Heath / Rowley Mile Airstrip,52.242,0.369
GB-1222,RAF Wyton,52.357117,-0.107787
GB-1248,Leavesden Aerodrome,51.689201,-0.420556
GMME,Rabat-Salé Airport,34.051498,-6.75152
GR-0049,Margariti Ultralight Airfield,39.37243,20.4139
HECA,Cairo International Airport,30.111534,31.396694
HL82,Ghani Field Airport,28.961901,17.5881
HU-0037,Kerekharaszt,47.678889,19.644167
IT-0042,Astigiana Airfield,44.888806,8.354867
IT-0423,Bracciano Air Base,42.0822,12.07459
IT-0430,Dream Fly Airfield,45.930381,12.257512
IT-0634,San Severo Airfield,41.7125,15.43
IT-0752,Chiesa del Presidio Heliport,41.801993,12.498981
IT-0912,Elisuperficie di Cascinetta,45.720791,8.151147
LEGR,F.G.L. Airport Granada-Jaén Airport,37.188702,-3.77736
LETK,Teknon Medical Center Heliport,41.406624,2.127997
LFAL,La Flèche-Thorée-les-Pins Airfield,47.69261,-0.002198
LFMK,Carcassonne Salvaza Airport,43.216,2.30632
LFSO,Nancy-Ochey (BA 133) Air Base,48.583099,5.955
LGKY,Kalymnos Airport,36.9632987976,26.9405994415
LIET,Tortolì Airport,39.9188,9.68298
LOIH,Hohenems-Dornbirn Airfield,47.384477,9.699776
LOLD,Europa 3 Heliport,48.400802,13.449803
LPER,Évora Hospital Helipad,38.567973,-7.902436
NO-0020,Wadahl,61.49944305419922,9.798333168029783
OERR,Arar Domestic Airport,30.90660095214844,41.13819885253906
ORAT,Al Taqaddum Air Base,33.33810043335,43.597099304199
PL-0194,Rawicz Airstrip,51.61527,16.90386
PL-0204,Sławno Airfield,54.39293,16.68227
PT-0041,Leziria Aerodrome,38.902297,-8.93682
RS-0018,Golubinci Airstrip,44.970289,20.060234
RU-0285,Primorsko-Akhtarsk Air Base,46.059,38.24
RU-0300,Lensovetovskiy Heliport,59.7655047384,30.4800224304
RU-0500,Aleksandrov East Airport,56.403308,39.067037
RU-0524,Southern Sky Airfield,44.937911,38.929186
RU-4948,Lyuban Chudovo Airfield,59.2383,31.27
SI-0026,Dol pri Ljubljani Ultralight Airfield,46.089601,14.647086
TR-0175,Erzurum Bölge Eğitim Ve Araştırma Hastanesi Helikopter Pisti,39.889903,41.24
TR-0177,Cumhuriyet Parkı Helipad,39.753783,30.492112
TR-0215,Nevşehir Heliport,38.66602,34.81896
UA-0079,Andrushivka,50.0193428,28.9912024
UA-0111,Rudnya Airstrip,49.37228,27.531321
UA-9876,Podorozhnje Airfield,49.03422,33.10005
BG-0144,Sevlievo Airfield,43.04274,25.07027
BIGR,Grímsey Airport,66.5458,-18.0173
BY-0033,Stepanovo Airstrip,53.32445,31.58792
CZ-0060,Studenec ULM,50.549584,15.535908
CZ-0169,Kejžlice Airfield,49.591899,15.401365
CZ-0249,Liban Airfield,50.370444,15.201044
DAUT,Timimoun Airport,29.237101,0.276033
DE-0150,Eudenbach Glider Field,50.673223,7.365639
DE-0287,Drensteinfurt Ultralight Airfield,51.767335,7.747003
DE-0461,Charité Clinic Virchow Campus Heliport,52.54049,13.34266
DE-0474,München South Surgical Hospital Heliport,48.103039,11.548246
DE-0484,IABG Helipad,51.609169,8.935168
DE-0549,RoMed Hospital Bad Aibling Heliport,47.865479,12.017729
DE-0702,Dortmund Hospital North Heliport,51.53326,7.45482
DE-0703,Sankt Christophorus Hospital Heliport,51.67545,7.61918
DE-0710,Magdeburg University Hospital Heliport,52.10217,11.61981
DE-0761,Martha-Maria Halle-Dölau Hospital Heliport,51.50387,11.8801
EBAW,Antwerp International Airport (Deurne),51.190667,4.463153
EDBJ,Jena-Schöngleina Airfield,50.915345,11.714201
EDQA,Bamberg-Breitenau Airfield,49.920403,10.914233
EFPT,Tampere University Hospital Heliport,61.50639,23.8125
EGDJ,Upavon Aerodrome,51.28657,-1.782239
EGHT,Tresco Heliport,49.945599,-6.33139
EHKS,K15-FB-1 Heliport,53.27556,3.87167
EHLT,L8-P4 Heliport,53.66056,4.53944
EKHE,Annisse flyveplads,55.984722,12.214444
ES-0076,AeroVeleta ULM,37.294754,-3.712869
ES-0086,Cocoll Firefighting Airstrip,38.73217,-0.144053
ES-0232,Jarde Airport,28.391185,-13.982968
ESGL,Lidköping-Hovby Airport,58.4655,13.1744
EYJB,Jurbarkas Aerodromas,55.118049621,22.7648735
FR-0065,Châlons-en-Champagne Hospital Heliport,48.973991,4.369338
FR-0343,Rocroi RCAF Air Base,49.914941,4.426403
FR-0531,Fourmies Hospital Heliport,50.010003,4.060527
FR-0540,Trois Forêts Ultralight Airfield,48.65195,6.93542
FR-0623,Clairac Airfield,44.361111,0.403889
FR-0993,Libarderie Blond Airfield,46.059722,0.985833
FR-0995,Bataillou Airfield,45.768889,0.781111
FR-1077,Vendome Centre Hospitalier Heliport,47.79404,1.061903
GB-0063,Farway Common Airfield,50.735827,-3.179173
GB-0136,RAF Talbenny,51.758239,-5.141378
GB-0676,RAF Leiston,52.223329,1.55631
GB-0741,Nethershields Farm Airstrip,55.712329,-4.075713
GB-0757,Chelworth House Airstrip,51.0493,0.0142
GB-0805,Newton Hall Farm Airstrip,52.03433,0.804234
GB-0841,Home Farm Airstrip,52.0533,-1.729
GB-1043,Altamuskin,54.522128,-7.083564
GB-1084,Langdon Battery Heliport,51.13338,1.3418
GB-1085,Scale Hall Airfield,54.05869,-2.82458
GR-0075,Eagles Heliport,40.354626,23.953945
HU-0021,Papkutapuszta Airfield,46.874977,18.039036
HU-0061,Telekgerendás Airfield,46.65295,20.96272
IT-0290,"Aviosuperficie ""Il Pratone""",42.093703,13.042332
IT-0885,Elisuperficie mineraria Kreas,45.874604,7.936104
LFAT,Le Touquet-Côte d'Opale Airport,50.518284,1.621656
LIAA,"Aviosuperficie ""Alvaro Leonardi""",42.573333,12.584444
LICT,Vincenzo Florio Airport Trapani-Birgi,37.9114,12.488
LILU,Ferrero Heliport,44.701988,8.020256
LRCD,Măgura Airfield,45.737222,24.165278
LSGE,Ecuvillens Airfield,46.755279,7.075746
LT-0007,Ličiūnai Airstrip,56.061212,24.544761
PL-0005,Broczyno Air Base,53.51944351196289,16.28416633605957
PL-0174,Wieluń-Olewin Airfield,51.214465,18.631675
RO-0080,Amicii Dabija Airfield,46.09834,27.54224
RU-0003,Protasovo Regional Airport,54.493301,39.931702
RU-0716,Kizhi helipad,62.076514,35.226102
RU-10046,Kirovsk-Apatity Airport,67.462851,33.585294
RU-6031,Petrovsk Air Base,52.273,45.386669
RU-9587,Sumsk Air Base,59.30500030517578,29.09670066833496
RU-9991,Rostov-on-Don Airport,47.258203,39.8181
SA-0007,Uwayqilah Airport,30.3469725273,42.2126054764
SK-0091,Dolna Telka Airstrip,48.34239,19.6035
TR-0055,Selimiye 1st Army Command Branch Heliport,41.006532,29.0142
TR-0110,Federal Border Guard No. 4 Helipad,36.791192,36.640264
UA-0109,Malyn Airstrip,50.786675,29.246711
UKLC,Lutsk Airport,50.678404,25.487165
UMKS,Strelnya Airfield,54.515919,20.618509
UUML,Severka Airfield,55.206608,38.679149
UUWK,Kudinovo Airfield,55.023839,36.244583
AL-0013,Gjadër Air Base,41.895199,19.5987
BIGS,Grímsstaðir Airport,65.633394,-16.154178
CY-0060,Nicosia General Hospital Helipad,35.128055,33.378521
CY-0085,Skyriders Aero Sport Club Helipad,34.747472,32.44662
CZ-0252,Terezín Airfield,50.519444,14.155833
DE-0148,Hörbach Airfield,50.6683,8.2604
DE-0746,Jerichower Land District Hospital Heliport,52.26335,11.8311
DE-0783,Bad Berleburg Air Rescue Heliport,51.06198,8.40527
DE-0929,Pfronstetten-Aichelau Helipad,48.288442,9.394458
EBMW,Meise/Wolvertem Heliport,50.948076,4.296012
EDFE,Frankfurt-Egelsbach Airport,49.96,8.643043
EDHE,Uetersen-Heist Airfield,53.645477,9.703503
EDNL,Leutkirch-Unterzeil Airfield,47.858891,10.014167
EDPQ,Schmidgaden Airfield,49.429443,12.098056
EFPL,Päijät-Hämeen Central Hospital Heliport,60.99177,25.569456
EG-0017,Al Battikh Airfield,31.34512,30.97628
EGBG,Leicester Airport,52.606574,-1.030226
EGPF,Glasgow Airport,55.871899,-4.43306
EGWU,RAF Northolt,51.553001,-0.418167
EHJB,K1-A Heliport,53.84306,3.07806
EIHN,Hacketstown Aerodrome,52.85499954223633,-6.547220230102539
EISG,Sligo Airport,54.280200958252,-8.5992097854614
ES-0152,Campo de Aviación de Peralveche,40.6025245,-2.4293518
ETND,Diepholz Air Base,52.585556,8.342222
EYPA,Palanga International Airport,55.973202,21.093901
FR-0356,Seyne les Alpes Glider Field,44.341944,6.372778
FR-0630,Segalas Airfield,44.591389,0.556944
FR-0918,Montbartier Airfield,43.899722,1.275833
FR-1315,ARLEUX EN GOHELLE DZ,50.363586,2.873869
GB-0113,RAF Bircotes,53.433827,-1.037521
GB-0958,Pittodrie-House,57.309118,-2.488232
GB-1331,Tarbert,57.890626,-6.796712
HU-0030,Tapolca Airfield,46.8687,17.407322
IL-0014,RAF Petah Tikva,32.087673,34.914894
IL-0022,Sde Dov Airport,32.1147,34.7822
IT-0128,Fiorano Wings Airfield,45.11933,9.705951
IT-0180,Il Gabbiano Airfield,43.051711,10.552012
IT-0316,Campo di Volo Palosco,45.600679,9.821166
IT-0343,Aviosuperficie Santa Bruna,42.382873,12.344158
IT-0431,Butterfly 2 Airfield,45.85255,12.45734
IT-0451,Campo di Volo Calledro,42.464848,12.428715
IT-0544,Eliporto di Siracusa Pantanelli,37.061536,15.267566
IT-0922,Helimontblanc pick up ronco,45.494383,7.541363
IT-0960,Elisuperficie di Pemonte,45.365719,7.619528
KW-0037,Al Zour Refinery Heliport,28.70825,48.29629
LB-0012,Unifil UNP 8-30 Helipad,33.18651,35.507252
LFCR,Rodez–Aveyron Airport,44.407902,2.48267
LFES,Guiscriff Scaer Airfield,48.052502,-3.66472
LFFV,Vierzon-Méreau Airfield,47.194052,2.065412
LFJI,Aérodrome de Marennes - Le Bournet,45.825001,-1.07667
LGKM,Kavala Amygdaleon Lydia Airfield,40.972801,24.3414
LHSZ,Szentes Aerodrome,46.612511,20.283197
LV-0048,Nereta Airstrip,56.22175,25.29949
LV-0052,Biržu lidlauks,56.40475,25.79567
LYKI,Kikinda Airfield,45.768122,20.417261
MA-0014,Fes Sefrou Airport,34.008099,-4.96556
NL-0039,Havelte Airport,52.7838888889,6.2375
NO-0015,Ler Airfield,63.197383880615234,10.290842056274414
RU-0202,Karachikha Airfield,57.650002,39.759998
RU-0373,Rostov-na-Donu Severny Heliport,47.256631026,39.7347164154
RU-10093,Babaevo KS-22 Heliport,59.366841,35.991728
SE-0012,Kvikkjokk Heliport,66.9418987,17.7391567
SK-0039,Bátka Airstrip,48.371677,20.153322
SK-0044,Tužina Airstrip,48.893072,18.625023
SY-0007,Aleppo Municipal Council Helipad,36.203,37.1463
TR-0277,Avşa Island Heliport,40.53559,27.5151
UA-0173,Hlukhiv Airfield,51.68335,33.87135
BG-0152,Veliki Preslav Airfield,43.16865,26.7936
CY-0033,Yakın Doğu Üniversitesi Helipad,35.228454,33.33049
CZ-0132,Bojkovice Airfield,49.030233,17.817857
CZ-0180,Jestřabí v Krkonoších ULM,50.68215,15.48237
CZ-0267,Černovice Air Base,49.1775016784,16.6608
DE-0064,Oberleichtersbach Airfield,50.271942,9.823622
DE-0550,Pirna Hospital Heliport,50.95862,13.95239
EDLM,Marl-Loemühle Airfield,51.647202,7.16333
EDPD,Dingolfing Airfield,48.656727,12.498794
EE-0014,Hiiumaa Hospital Helipad,58.999432,22.756878
EG-0029,Saint Catherine Hospital Heliport,28.5672,33.95215
ELLX,Luxembourg-Findel International Airport,49.626845,6.212134
EPZA,Zamość-Mokre Airfield,50.701698,23.204399
ES-0080,Aeródromo de Valverde del Camino,37.5056,-6.70245
ETHC,Celle Army Airfield,52.591202,10.0221
FR-0230,Hôtel Du Château Heliport,46.358055114746094,6.132500171661377
FR-0450,La Collancelle Ultralight Airfield,47.19121,3.644
FR-0591,Albi Castelvert Airfield,43.83,2.121111
FR-0871,Artigat Airfield,43.146667,1.44
FR-1310,MD Rally DZ,48.838467,-1.245875
FR-1339,Croix en Ternois Racetrack HLS,50.378191,2.296572
GB-0222,Tower Farm Airstrip,52.259481,-0.655653
GB-0903,Colthrop Manor Farm Airstrip,51.404931,-1.227732
GB-1199,South Hykeham Airfield,53.173055,-0.605224
GB-1301,Wishaw Hospital,55.774133,-3.937385
GB-1343,Windsor/Ascot Heliport,51.540965,-0.673344
HL80,Sidra Airport,30.643,18.320801
HR-0009,Lila Airstrip,45.553,18.110166
HU-0001,Kákahalom Airfield,46.803936,20.527838
IQ-0008,Ar Rumaylah Southwest Air Base,30.354156,47.10854
IQ-0057,Al-Faw Palace Heliport,33.2638,44.265
IT-0528,Dune Aeroclub Città Bianca Francesco Santoro Airfield,40.772189,17.637754
LEZG,Zaragoza Airport,41.666199,-1.04155
LFAY,Amiens Glisy Airfield,49.873004,2.387074
LFHW,Belleville Villié Morgon Airfield,46.140843,4.713817
LFPA,Persan-Beaumont Airfield,49.165798,2.31306
LIDW,Luciano Narder Airfield,45.6992,12.5431
LYBJ,Lisičji Jarak Airfield,44.939858,20.445828
LYPO,Ćemovsko Polje / Špiro Mugoša Airfield,42.422306,19.291018
NL-0002,Leeuwarden Medical Center Heliport,53.188621,5.802857
RU-0250,Shevlino Helipad,56.085,36.7916666667
RU-0254,A.K. Eramishantsev Hospital Helipad,55.865541,37.664593
RU-0263,MKAD 35 Kilometr Helipad,55.5818226716,37.5727432966
RU-0321,Oryol Severny Airport,53.0044288837,36.0287618637
SI-0016,Gorica pri Šmartnem Airstrip,46.27079,15.23875
TN-0008,A1 El Djem Heliport,35.31021,10.64913
AL-0017,Sarandë Airfield,39.876113,20.037663
BA-0003,Brčko-Brod Airfield,44.846235,18.761888
BA-0013,Ćoralići Air Base,44.980871,15.869373
BE-0047,Michamps Ulmodrome,50.0527992249,5.79861021042
BG-0031,Draganovtsi Airfield,42.943042,25.169528
BY-0023,Bobruisk Aeroclub,53.21033,29.129039
BY-0036,Krichev Air Base,53.73478,31.91705
CZ-0007,Břeclav Hospital Heliport,48.752309,16.877881
DE-0006,Locktow Airfield,52.1165,12.709562
DE-0031,Bad Reichenhall Hospital Helipad,47.7284922303,12.8724843264
DE-0338,Günching UL,49.267765,11.572641
DE-0660,Sankt Antonius Hospital Heliport,51.77196,6.13523
DE-0885,Fürstenfeldbruck Air Base,48.205555,11.266944
DK-0019,Estruplund Airfield,56.557898,10.358906
DZ-0002,Gara Djebilet Airport,26.88352,-7.16477
EDLP,Paderborn Lippstadt Airport,51.612527,8.617459
EG-0081,Ismailia Barracks Heliport,30.623209,32.255505
ENAH,Ål Medical Center Heliport,60.62995,8.566951
ENHE,Heidrun A Helipad,65.32556,7.31583
ENZV,"Stavanger Airport, Sola",58.876701,5.63778
EPMI,Miroslawiec Military Air Base,53.3951,16.0828
ES-0261,Sollana Agro Airstrip,39.270605,-0.364932
ES-0364,Aeródromo de Sangüesa,42.56736,-1.2889
ESGR,Skövde Airport,58.456402,13.9727
FR-0010,Castets Heliport,43.91666793823242,-1.1569440364837646
FR-0073,Laboratoires Boehringer Heliport,49.27516,4.011615
FR-0106,Centre Médical Heliport,46.133331298828125,1.8833329677581787
FR-0358,Henri Fabre Seaplane Base,43.422315,5.065586
FR-0628,Villeton Airfield,44.356944,0.286111
FR-0779,Masevaux Airfield,47.804167,6.946389
FR-1255,Champ de Courses Airfield,48.2239,5.93528
GB-0193,Bourne Park Airfield,51.26417,-1.460791
GB-0920,Willington Court Airstrip,51.91507,-2.24028
GB-1134,Maidstone Hospital Heliport,51.27658,0.48479
GB-1147,Pilling Sands Microlight,53.933,-2.98
GE-0017,Ochamchire Airport,42.75681,41.53069
GE-0026,Camp Dzvileti Heliport,42.14103,43.84496
GR-0009,Kopaida Dimitra Airfield,38.456549,23.134646
HU-0003,Matkópuszta Airfield,46.800343,19.68257
IQ-0029,Khan Bani Saad Airport,33.591599,44.594937
IR-0029,Camp Andimeshk East Heliport,32.416335,48.17769
IT-0298,Phoenix Airfield,44.74714,11.34161
IT-0454,Fly Roma Airfield,41.884894,12.718286
IT-0512,Aviosuperficie Maletto Fly,37.845756,14.869846
IT-0518,Grave di Papadopoli Jonathan Field,45.783887,12.316765
IT-0537,CdV Colibri,42.3008333,12.3797222
KW-0006,Marina Waves Heliport,29.345723,48.068869
LEEI,Talavera de la Reina Heliport,39.924064,-4.801274
LFCD,Aérodrome d'Andernos,44.755,-1.065
LFKP,La Tour-de-Pin Airfield,45.554924,5.385867
LFOX,Étampes-Mondésir Airfield,48.381901,2.07528
LKBO,Bohuňovice Airfield,49.670601,17.295
LKTB,Brno-Tuřany Airport,49.151276,16.693972
LT-0005,Pečiulių aerodromas,55.4936031,25.1949249
PL-0031,Rossoszyca  (Warta) Highway Strip,51.703899,18.7183
PL-0135,Brody Airfield,53.360165,23.133138
PT-0049,Coimbra Hospital Covões Heliport,40.194812,-8.460207
PT-0145,Monte de Freixial Airstrip,38.79809,-7.16397
RS-0024,Vranje Heliport,42.54138,21.90943
RU-0389,Noginsk Helicopter Base,55.916097,38.480387
RU-0487,Cherek,43.527152,43.997648
SY-0028,Jabbour Airfield,33.473974,35.608798
TR-0107,Federal Border Guard No. 10 Helipad,36.684507,36.60678
BG-0019,Voynika Airfield,42.377701,26.843519
BG-0100,Smilets Airfield,42.41318,24.36765
BIHV,Krókstaðarmelar Airport,65.270241,-20.848696
CZ-0072,Buranos Aires Ultralight Strip,50.008926,14.037743
DE-0158,Reinheim Airfield,49.84,8.851
DE-0260,Mönchsheide Glider Field,50.508023,7.256813
DZ-0006,Guelma Belkheir Airport,36.451942,7.470961
DZ-0029,Oued Zine North Airport,28.21292,0.20262
EBMO,Moorsele Airfield,50.851285,3.147669
EDWE,Emden Airport,53.391109,7.2275
EGXW,RAF Waddington,53.166199,-0.523811
ES-0126,Aires de Doñana,37.25689,-6.562895
ES-0172,Aeródromo de Écija,37.5802316,-5.171264
ES-0295,Beas Airstrip,37.41816,-6.76054
ESNG,Gällivare Airport,67.13240051269531,20.814599990844727
FR-0148,Casino Heliport,49.59999847412109,1.5333329439163208
FR-0408,Torre-Blanc Llauro,42.550278,2.731389
FR-1223,Bergues,50.957906,2.438713
FR-1241,Reims-Champagne (BA 112) Air Base,49.310001,4.05
GB-0475,Osbaston Lodge Farm Airstrip,52.6367,-1.39051
GB-0516,RNAS St. Merryn,50.503964,-4.979277
GB-0794,Ventfield Farm Airstrip,51.80892,-1.156054
GB-1206,RAF Holmpton,53.68209,0.07216
GCDC,Nuestra Señora de Candelaria University Hospital Helipad,28.448687,-16.28462
HE16,Birma Air Base,30.836599,30.936001
HE37,Bilbeis Air Base,30.394899,31.6014
HU-0055,Zirc-Tündérmajor Repülőtér,47.259864,17.838192
IQ-0039,Rasheed Air Base,33.279327,44.493706
IT-0160,Campo di Volo Castel Caladan,45.461305,9.576677
IT-0437,Aviosuperficie Santo Stefano,42.072262,12.2628
IT-0680,Pantanella Air Base,41.136989,15.920187
IT-0896,Elisuperficie di Campello Monti,45.935203,8.237997
LCEN,Ercan International Airport,35.153064,33.507352
LECE,Reus Emergency Center Heliport,41.133698,1.187351
LEDG,Dirección General de Tráfico Heliport,40.44929885864258,-3.646130561828613
LEMO,Moron Air Base,37.17490005493164,-5.615940093994141
LEMX,La Mancha-Toledo Airfield,39.562099,-3.25075
LENN,La Centenera,38.11489,-4.11547
LKPM,Příbram Airfield,49.7201,14.1006
LOAR,Altlichtenwarth Gliderfield,48.6661,16.825
LPPM,Portimão Airport,37.1493,-8.58396
LQSA,Sarajevo International Airport,43.8246,18.331499
LROP,Bucharest Henri Coandă International Airport,44.571792,26.103285
LT-0020,Klebonai Airstrip,55.50751,24.41479
LTBV,Bodrum-Imsık Airport,37.140099,27.669701
LTCB,Ordu–Giresun Airport,40.966872,38.085995
NO-0092,Skitnerød flyplass,58.98093,9.84491
PT-0121,Alcochete Military Airfield,38.766933,-8.802624
RS-0005,Vojka Airfield,44.933532,20.174569
RU-0584,Kamyshevatskaya Airstrip,46.4665,37.9568
RU-7444,Koshka Yavr Air Base,69.251701,31.196698
SE-0001,Trosa Troslanda airfield,58.898617,17.498474
SK-0015,Čab Airstrip,48.3888085,18.0043553
SK-0098,Vajnory Slovaki Airfield,48.204399,17.1917
TR-0179,Lokman Hekim University Helipad,39.956382,32.583486
TR-0252,Sarıçimen Border Post Helipad,39.168394,44.112975
TR-0271,Beşiriye Border Post Helipad,36.664824,37.366687
UA-0191,Volna Helicopter Base,45.890486,34.896269
UWKJ,Yoshkar-Ola Airport,56.7006,47.904701
BG-0178,Dobrich Air Base,43.6096,27.8365
BIST,Stykkishólmur Airport,65.058851,-22.764616
CY-0011,Ayios Nikolaos North Heliport,35.09067,33.88774
CZ-0018,Teaching Hospital Heliport,49.82722091674805,18.156944274902344
CZ-0194,Písek UL Airstrip,49.339444,14.113889
CZ-0205,Malešice Heliport,50.07431,14.535359
CZ-0213,Vraclav u Vysokého Mýta ULM,49.953134,16.107759
DE-0204,Meiersberg Airfield,51.2996,6.9565
DE-0294,Zschorna Ultralight Airfield,51.386455,12.821102
DE-0701,Kamen Hospital Heliport,51.5955,7.66145
DE-0729,DonauIsar Hospital Landau Heliport,48.6664,12.70314
DE-0866,Schützenplatz Emergency Heliport,50.98716,12.98901
EBSU,Saint Hubert Air Base,50.034401,5.44081
EDQS,Suhl-Goldlauter Airfield,50.632047,10.726013
EE-9281,Rakvere Airfield,59.364032,26.35874
EFKN,Kannus Airfield,63.920601,24.0867
EGBN,Nottingham City Airport,52.919998,-1.07917
EGPK,Glasgow Prestwick Airport,55.501499,-4.577182
ENFG,"Fagernes Airport, Leirin",61.015598,9.28806
ENQK,Kvitebjorn Helipad,61.08333,2.5
EPCE,Cewice Naval Air Base,54.416525,17.765734
EPMO,Warsaw Modlin Airport,52.451099,20.6518
EPSK,Słupsk-Krȩpa Airfield,54.410036,17.090572
ES-0052,Vicente Huerta Airfield,39.953679,-0.622487
ES-0192,Aeródromo Tiurana,41.97416,1.257531
ES-0278,Santa Eulària des Riu Airfield,38.990453,1.503496
FR-0464,Chausey Heliport,48.870166,-1.822713
FR-0762,Harricourt la Gonio Airfield,48.280383,4.913463
FR-0863,BELLEME St Germain de la Coudr Airfield,48.300556,0.581111
FR-0929,Caylus Airfield,44.2225,1.7325
FR-0930,Caussade Septfonds Airfield,44.18,1.597222
FR-1123,Vic en Bigorre Airfield,43.393333,0.101667
FR-1156,Chanaz Airfield,45.818889,5.79
FR-1306,GUEMPS DZ,50.913235,2.002634
GB-0014,Blease Hall Airfield,54.293611,-2.693611
GB-0024,Croft Farm Airfield,52.085667,-2.135722
GB-0364,Cottered Airstrip,51.948102,-0.098191
GB-0385,Abbots Bromley Airfield,52.819638,-1.900911
GB-0424,Jenkins Farm Airstrip,51.6404,0.202711
GB-0461,Gransden Lodge Airfield,52.181597,-0.112033
GB-0503,Glebe Farm Airstrip,52.2007,-1.3651
GB-0973,Brown Farm Airstrip,52.134897,0.876782
GB-1083,Crymych Airstrip,51.94453,-4.62888
GB-1139,Meoble,56.926051,-5.621206
GR-0042,Koufonisi Heliport,36.93606,25.60122
IE-0036,Spollens Airstrip,53.2934,-7.530334
IQ-0012,Baqubah Airport,33.794022,44.600473
IR-0043,Abhar Flight School Airport,36.13005,49.19908
IT-0223,K-Fly Flying Field,41.91128,15.81102
IT-0914,Elisuperficie Monte Casto,45.642567,8.062967
LB-0005,Baalbek Airfield,34.047911,36.173396
LKFM,Frýdek-Místek Hospital Helistop,49.691047,18.354977
LPMR,Monte Real Air Base,39.828335,-8.8875
LYPG,Podgorica Airport / Podgorica Golubovci Airbase,42.359402,19.2519
MK-0011,Krivolak Airstrip,41.540292,22.104539
NL-0036,Veendam Glidersite,53.084444,6.823611
PL-0030,Ostrowy  (Łobodno) Highway Strip,50.94829940795898,19.013599395751957
PL-0077,Konstancin-Jeziorna Airfield,52.07500076293945,21.187000274658203
PL-0137,Żłobek Mały Airfield,51.454611,23.542472
PL-0236,Lipowa Airfield,49.69775,19.09678
PT-0033,Aeródromo de Pombal UL,39.885631,-8.649693
RO-0069,Săcălășeni Airfield,47.578155,23.53415
RO-0084,Constanța Palas Airport,44.155328,28.603942
RO-0120,Constanța Palazu Mare Seaplane Base,44.230119,28.61078
RU-0954,Maslovskiy Airfield,54.768365,39.094089
RU-1058,Gogland Northern Cape Helipad,60.10448,26.957895
SK-0022,Plášťovce Airstrip,48.128776,19.000553
TR-0072,Balcali Hospital Helipad,37.05257,35.36235
TR-0098,Bükülmez Borderpost Helipad,36.326022,36.658212
TR-0251,Hangediği Border Post Helipad,39.213359,44.086458
UA-0106,Anan'iv Airstrip,47.6797,29.966926
UUOW,Valuyki  Airfield,50.224929,38.110891
AM-0002,Goris Airport,39.450989,46.34724
BG-0016,Raykova Mogila Airfield,41.815966,26.304145
BG-0181,Ravnets Air Base,42.526788,27.272322
CY-0020,UNFICYP OP32 Heliport,35.156876,33.02405
DE-0313,Leibertingen Airfield,48.0445,9.0314
DE-0349,Frankendorf Ultralight Airfield,49.836506,11.089082
DE-0688,Erlangen University Hospital Rooftop Heliport,49.60007,11.01116
DK-0042,Aarhus University Hospital Helipad B,56.19078,10.17492
DK-0046,Solbjerg Airfield,56.057195,10.081105
DZ-0011,Tinerkouk Airstrip,29.80322,0.60902
EDLB,Borkenberge Airfield,51.779999,7.288056
EG-0042,Ras Bakr Heliport,28.5508,32.92708
EGHN,Isle of Wight/Sandown Airport,50.653099,-1.18222
EIMN,Inishmaan Aerodrome,53.092999,-9.56806
ENSI,Ski Airfield,59.706972,10.881665
ENXT,Tor Platform,56.64139938354492,3.3255600929260254
ES-0304,Pulpí Helipad,37.401077,-1.746113
ESCM,Ärna Air Base,59.897301,17.5886
ESVG,Gagnef Airfield,60.551701,15.0816
EYPI,Panevėžys Istra Airfield,55.828144,24.35704
FR-0071,Hôtel Florotel Heliport,48.725897,3.834196
FR-0125,Centre Hospitalier Heliport,50.41833114624024,1.564167022705078
FR-0392,Col de Bacchus Airstrip,44.8531,5.168788
FR-0547,Bambi Air Club,49.1145,6.60587
FR-0741,Egry Airfield,48.106389,2.448056
FR-0954,Mouchamps Airfield,46.808611,-1.030556
FR-0966,Frétoy-le-Château Airfield,49.6675,2.968056
FR-0972,Brettes Airfield,46.011111,0.0525
FR-1074,Vallée de la Maurienne Hospital Heliport,45.277715,6.34182
FR-1246,Thionville Yutz Airport,49.354698,6.20139
GB-0093,Staindrop Private Airstrip,54.57053,-1.792738
GB-0114,RAF Beaulieu,50.806212,-1.503659
GB-0842,Manor Farm Airstrip,51.09764,-1.969303
GB-1144,RAF Welford,51.46666,-1.39591
GB-1154,Scarborough Farm,54.252988,-0.4132
GR-0072,Camp Papapetrou Heliport,40.689243,21.66814
HLTD,Ghadames Airport,30.145484,9.702095
IR-0232,Qasr-e Shirin Hospital Heliport,34.50755,45.5948
IT-0134,Careas Airfield,45.50668,9.66814
IT-0163,Sagrantino Airfield,42.890278,12.533056
IT-0193,Lucchina Fly Club Airfield,45.321482,8.000236
IT-0538,Campo Volo SAT Torino,44.889233,7.680422
IT-0694,Ospedale di Jesolo Helipad,45.509314,12.658936
IT-0833,Base  Piedimulera,46.022684,8.273048
IT-0839,Entrevers helipad,45.812223,6.95949
IT-0913,Elisuperficie di Corte,45.634289,8.088427
KW-0026,Al Rajhi Bank Building Heliport,29.389948,47.990946
LFSG,Épinal Mirecourt Airport,48.325001,6.06998
LKPD,Pardubice Airport,50.015049,15.73981
LOXN,Wiener Neustadt West Airport,47.836933,16.221838
LV-0053,Gātciema Airfield,56.9212,23.64144
LY-0009,Kambut Airport,31.8345,24.6061
NL-0094,Scheper Ziekenhuis Helipad,52.784181,6.911581
NL-0112,Queen Wilhelmina Barracks Heliport,51.3805,4.37048
PL-0011,Gdańsk-Wrzeszcz Air Base,54.39611053466797,18.602500915527344
RU-0273,Sofrino Helipad,56.1551591134,37.9261350632
RU-0394,Kovdor Airfield,67.534149,30.619197
RU-0418,Ozyorny Heliport,57.865483923,33.6708641052
RU-0655,Devyatkino Vertodrome,60.06033,30.41631
RU-10148,Uspensky Airstrip,54.426479,38.695253
RU-1054,Kozlinyy Ostrov Helipad,60.442305,27.792773
SE-0094,Kosta Air Base,56.844501,15.4528
SU01,Campo di volo Porto Pino,39.012206,8.601758
TR-0115,Çalkaya Border Post Helipad,36.793147,36.834655
TR-0245,Somkaya Border Post Helipad,39.388524,43.997991
UA-0021,Skadovsk Airfield,46.131888,32.902506
UA-0061,Dalnik Airfield,46.493108,30.618859
UKIN,Haisyn Airfield,48.825876,29.33431
UKKE,Cherkasy International Airport,49.4156,31.9953
UUBP,Bryansk International Airport,53.214403,34.175965
AT-0011,Herrnbaumgarten Airstrip,48.6976,16.6598
AT-0032,Trausdorf Airport,47.798024,16.558172
BE-0001,Froidchapelle Glider Field,50.176388,4.352222
BG-0041,Selskostopansko Airstrip,42.544095,26.673452
BG-0101,Devene Airfield,43.3903,23.61661
BG-0162,Dolna Dikanya Airfield,42.43235,23.10819
CZ-0020,Šumperk Hospital Heliport,49.957642,16.963011
CZ-0149,Komárovice u Jihlavy ULM,49.340112,15.669723
DE-0365,Teldau-Amholz Airfield,53.328233,10.832841
DE-0404,Walxheim-Unterschneidheim UL,48.953631,10.323716
DE-0453,Starnberg-Landstetten Airfield,47.981058,11.243291
DE-0530,Coswig Specialty Hospital Heliport,51.13189,13.5931
DE-0707,Fichtelgebirge Hospital Marktredwitz Heliport,50.00113,12.0651
DE-0745,Werra-Meißner Eschwege Hospital Heliport,51.18225,10.04925
DK-0018,Filskov Airfield,55.81478,9.047152
DK-0050,Hundelev Private Airstrip,57.422473,9.862525
EDKO,Brilon-Hochsauerland Airfield,51.402833,8.643043
EENI,Nurmsi Airfield,58.865002,25.73
EFAH,Ahmosuo Airfield,64.895302,25.752199
ENQS,Statfjord C Helipad,61.2961,1.90083
EPPI,Piła Airfield,53.170095,16.711092
ES-0262,"Base de aviones ""La Cerra""",42.521305,-4.855477
ESUB,Arbrå Airfield,61.512501,16.372499
ESUK,Kalixfors Airfield,67.764801,20.2572
FR-0163,Centre Hospitalier Heliport,48.06666564941406,-0.7833330035209656
FR-0233,Hôtel Royal Heliport,46.39666748046875,6.595555782318115
FR-0524,Aérodrome de Saint Crépin Carlucet,44.967076,1.251023
FR-0917,Banadets Airfield,44.048333,1.283333
FR-0953,Coëx La Boissière Airfield,46.723611,-1.757778
GB-0084,Redlands Airfield,51.560833,-1.704444
GB-0130,RAF Bovingdon,51.726804,-0.545883
GB-0579,RNAS Dale Air Base,51.714807,-5.194209
GB-0586,Cricklade Hotel Heliport,51.636387,-1.874226
GB-0774,Haddenham Backstable Airstrip,51.770915,-0.909517
GB-0883,Longford Airstrip,52.892833,-2.531167
GB-1311,Castleton Farm,55.813033,-3.064963
HU-0041,Felsőráda Airstrip,47.264102,19.173974
IE-0018,Abbeyfeale Airfield,52.395797,-9.34006
IE-0057,Ellistown Airstrip,53.5364,-6.2593
IT-0076,Canavese Ultralight Flight Club,45.358734,7.71929
IT-0204,Sasso d'Oro Agrotourism Airfield,46.181389,12.8225
IT-0596,Vitrani Barracks Heliport,41.096667,16.87962
IT-0690,Elisuperficie Arturo Santi,44.664704,8.298604
IT-0734,Novate Heliport,46.21449,9.45288
IT-0785,Ghiacciaio del Lys,45.917118,7.855349
IT-0792,Gh. del Miravidi breul,45.711963,6.822829
LDRO,Otočac Airfield,44.845517,15.288607
LECV,Base Aérea de Colmenar Viejo,40.697296,-3.763255
LEJO,Madrigalejo Del Monte Airfield,42.134399,-3.73103
LFLR,Saint-Rambert-d'Albon Airfield,45.251531,4.826403
LFQE,Lieutenant Étienne Mantoux Air Base,49.226898,5.67222
LILH,Voghera-Rivanazzano Airfield,44.952,9.01653
LSXB,Balzers Heliport,47.067908,9.480774
LSXH,Holziken Heliport,47.314143,8.026126
NL-0059,Kessel Airfield,51.812472,5.405583
NL-0110,Inter Scaldes Heliport,51.45616,4.021286
OICC,Shahid Ashrafi Esfahani Airport,34.3459014893,47.1581001282
PS-0002,Muqeible Airfield,32.503056,35.289167
RU-0059,Alakurtti Naval Air Base,66.973335,30.344999
RU-0062,Kalinovskaya Airfield,43.599614,45.532849
RU-0506,Danilkovo Airport,56.213543,42.263569
SK-0019,Ludanice Airstrip,48.509677,18.132026
SY-0006,Aleppo Air Defense Base Helipad,36.2236,37.0819
TR-0183,LOSEV - LÖSANTE Children and Adults Hospital Helipad,39.833125,32.719136
TR-0246,Somkaya South Border Post Helipad,39.371833,44.01464
UA-0031,Oleksandriya Helicopter Base,48.68,33.18
UA-0082,Vinnytsia Aircraft Sports Club - Sutysky Airfield,49.066667,28.44166
UA-0166,Frumushyka Heliport,46.29598,29.41779
UBBF,Fuzuli International Airport,39.594578,47.196128
AT-0018,Meidling Accident Hospital Heliport,48.17287,16.34463
BG-0006,Vardim Airfield,43.617466,25.523912
BG-0029,Staro Selishte Airfield,43.650178,26.754078
CZ-0155,Náchod Vysokov Airfield,50.412962,16.121845
DE-0060,Karlstadt-Saupurzel Glider Field,49.971234,9.790516
DE-0081,Füssen Glider Airfield,47.58306,10.6909
DE-0130,Ummern Airfield,52.6204,10.4092
DE-0886,Gütersloh Air Base,51.922104,8.308732
EE-0001,Aste Air Base,58.3650016784668,22.44499969482422
EFWB,Wredeby Airfield,60.663601,26.7458
EG-0041,Egyptian General Petroleum Resort Heliport,28.49013,32.97593
EGTK,London Oxford Airport,51.836899,-1.32
EHFD,F3-FB-1,54.85306,4.69472
EHGO,G14-B,54.21583,5.43472
EHMR,L15-FA-1 Heliport,53.32944,4.83083
ENUH,"Oslo Heliport, Ullevaal",59.936215,10.736541
ES-0024,Ultralight Aeroclub Müller,37.26076,-1.85236
ES-0037,Aeroclub Alto Palancia,39.79781,-0.418318
FR-0328,La Flamengrie ULM,50.00025,3.94482
FR-0700,Saint Fargeau Airfield,47.621944,3.106389
FR-0791,La Malachère Airfield,47.448333,6.070278
FR-1068,Gourgé Les Grippeaux Airfield,46.695556,-0.161111
FR-1171,Esperce field,43.3178,1.4083
GB-0081,RAF Nutts Corner / Belfast-Nutts Corner Airport,54.630282,-6.154575
GB-0237,Little Chase Farm Airstrip,52.357289,-1.622811
GB-0389,Sutton Meadows Airfield,52.38711,0.06061
GB-0494,Avon Lane Airfield,51.410211,-2.447792
GB-1149,Dishforth Village Airfield,54.151402,-1.421142
GB-1254,RAF Binbrook,53.446701,-0.21
GB-1325,RNAS Windermere,54.360865,-2.929073
GE-0012,Signakhi Airport,41.634417415,46.0128879547
GMTT,Tangier Ibn Battuta Airport,35.731741,-5.921459
GR-0008,Missolonghi Aerodrome,38.356863,21.48081
IT-0331,Aviosuperficie Santa Anna,43.366053,13.457496
IT-0532,Volare Un Po Ultralight Airfield,45.01642,10.100069
IT-0574,Eliporto Peschici,41.92814,16.012815
IT-0602,Eliporto di Grottaglie,40.520956,17.39846
IT-0705,Bormio Heliport,46.454484,10.365125
IT-0732,Livigno Heliport,46.51764,10.12533
IT-0796,Matera Heliport,40.67337,16.54763
IT-0828,Spotorno Seaplane Base,44.218942,8.415297
LFFU,Châteauneuf Sur Cher Airfield,46.871101,2.37694
LFNL,Aérodrome de Saint-Martin-de-Londres,43.8008,3.7825
LIPC,Cervia Air Base,44.224201,12.3072
LIRZ,Perugia San Francesco d'Assisi – Umbria International Airport,43.095901,12.5132
LKBA,Břeclav Airfield,48.790439,16.892531
LKZB,Zbraslavice Airfield,49.814201,15.2017
LOJR,Mittelberg Heliport,47.35788,10.17551
LOKH,Friesach/Hirt Airfield,46.927491,14.431848
LY-0016,Bir El Baheira Airfield,31.845198,24.599762
NL-0023,Malden Glider Airfield,51.785259,5.88099
NO-0006,Stavanger Airport Forus,58.89440155,5.69944000244
PL-0157,Kutno,52.2085919,19.3907223
PL-0166,Heli Taxi Chocznia,49.8806084,19.4671623
PL-0182,Czersk Świecki,53.5779,18.48456
PL-0278,Czerwonak Paraglider Field,52.56005,16.9934
PS-0003,Bethlehem Heliport,31.695021,35.188522
PT-0053,Fátima Salgueira Airstrip,39.560839,-8.640919
RO-0053,Plopul Airstrip,45.00556,29.1
SE-0021,Finnskoga/Backa Airfield,60.553495,13.102787
SY-0036,Al Al Airport,32.7867,35.717
TR-0123,Tayfursökmen Borderpost Helipad,36.230191,36.398137
TR-0130,Ziyaret Garrison Helipad,36.168702,36.360353
TR-0289,Orhan Ünsal Air Park,39.670069,32.201065
TR-0305,Newant Olympos Health Resort Helipad,36.369341,30.423544
AL-0005,University Trauma Hospital Heliport,41.342857,19.793764
BE-0041,Saint-Jean Barracks Heliport,50.60326,3.40073
BE-0052,Elsenborn Air Base,50.484818,6.183014
BE-0073,Kortemark Heliport,51.007703,3.045058
BG-0067,Aytos Airstrip,42.677296,27.254723
BY-0020,Njeman Heliport,53.6793,25.5686
CZ-0192,Choceň Airstrip,49.97728,16.184921
DE-0010,Feldkirchen-Mitterharthausen Airfield,48.82833,12.562372
DE-0210,Wanlo Glider Field,51.101,6.3936
DE-0847,Deutschherrnwiese Heliport,49.45495,11.05905
DE-0912,Bocholt Heliport,51.82111,6.61704
DK-0008,Holstebro Glider Field,56.306282,8.58603
DK-0028,Varde Airfield,55.607778,8.440278
EBHS,Stevoort Heliport,50.923472,5.234433
EDAE,Eisenhüttenstadt Airfield,52.197199,14.585696
EGEY,Colonsay Airstrip,56.057499,-6.24306
EGPH,Edinburgh Airport,55.950145,-3.372288
EKHD,Harald Helideck,56.344120025634766,4.27191686630249
ES-0162,Aeródromo Loring,40.6602,-3.59489
ES-0377,Aeródromo de La Salceda,41.06474,-3.88266
EYPN,Panevėžys Airfield,55.709512,24.345188
FR-0022,La Canéda Centre Hospitalier Heliport,44.90024948120117,1.2231240272521973
FR-0101,Brive-La Gaillarde Centre Hospitalier Heliport,45.1702766418457,1.5341670513153076
FR-0587,Loches Airfield,47.153889,1.014167
FR-0817,Air Galamus Airfield,42.820556,2.496389
FR-1020,Étoile-sur-Rhône Airfield,44.831587,4.866416
FR-1088,Pierre Oudot Hospital Heliport,45.596009,5.244911
GB-0425,Burnham Airstrip,52.938004,0.772644
GB-0600,Freshwater Fruit Farm Airstrip,50.681613,-1.492295
GB-0893,Rhoshirwaun,52.84753,-4.68153
GB-1104,RAF Watchfield,51.620556,-1.647778
GB-1284,RIE Rooftop,55.921057,-3.137
HE34,Kibrit Airport,30.246901,32.492298
HR-0011,Heliport Palagruža island,42.393077,16.257534
IR-0065,Shahid Moarebi Zadeh Hospital Heliport,30.66143,48.65149
IT-0240,Campo di Volo Monreale,39.583099,8.773265
IT-0735,Codera Heliport,46.23743,9.472632
LEPR,Palma del Río Airfield,37.714384,-5.215226
LEUL,Ullastrell-Teresa Vilá Heliport,41.52429962158203,1.9715800285339355
LFCY,Royan-Médis Airport,45.628101,-0.9725
LFJF,Aérodrome d'Aubenasson,44.6945,5.15111
LFOR,Chartres-Métropole Airfield,48.457502,1.519843
LFSB,EuroAirport Basel–Mulhouse–Freiburg,47.60068,7.521117
LHNS,Nagyszénás,46.698056,20.668611
LKKA,Křižanov Airfield,49.368301,16.1161
LKMI,Mikulovice Airfield,50.301701,17.297501
LWOH,Ohrid St. Paul the Apostle Airport,41.18,20.7423
MA-0013,El Jadida Airport,33.233299,-8.51667
NL-0004,Queen Beatrix Regional Hospital Heliport,51.979701,6.700391
NL-0027,Axel Glidersite,51.255556,3.891389
NO-0009,Grong/Bjørgan Airfield,64.395309,12.34108
NO-0057,"Tønsberg Heliport, Hospital",59.273235,10.41618
NO-0070,Gulli Airstrip,60.133915,11.453247
NO-0107,Gjøvik heliport,60.803812,10.679162
PL-0273,Sochaczew Air Base,52.198601,20.292801
PT-0060,Pista de Montevil (Batalha),38.397661,-8.575387
RU-0055,Bereznik,62.823334,42.796665
RU-0227,Uzunovo Airport,54.5264613145,38.5971164703
RU-0320,Pervomayskiy Airport,55.6702275936,41.3566589355
RU-10169,Konakovo Heliport,55.420408,37.178562
SE-0064,Nyby Private Airstrip,59.87213,16.41971
SE-0066,Motala flygklubb,58.49494,15.1024
TR-0202,Merzifon Karamustafa Paşa Public Hospital Helipad,40.866017,35.437485
TR-0258,Denizgören Border Post Helipad,35.930238,35.957627
UGMS,Mestia Queen Tamar Airport,43.053597,42.749012
URMM,Mineralnye Vody Airport,44.225101,43.081902
BE-0029,Ardenne Hospital Heliport,49.92489,5.37936
DAOV,Ghriss Airport,35.207699,0.147142
DE-0061,Altötting Airfield,48.2162,12.6484
DE-0118,Scheuen Airfield,52.6693,10.088
DE-0119,Schnuckenheide-Repke Airfield,52.7163,10.5336
EBWZ,Wingene/Zwevezele Heliport,51.052033,3.238951
EDCM,Kamenz Airfield,51.296944,14.1275
EETS,Teenuse-Saare Aerodrome,58.809444,24.184723
EGTE,Exeter International Airport,50.734261,-3.413984
EGUD,RAF Abingdon,51.690614,-1.316568
ENUL,Os Vaksinen Ulven Airfield,60.1922,5.4225
EPOM,Ostrów Wielkopolski Michałków Airfield,51.700767,17.84663
ES-0274,Alborán Helistrip,35.93932,-3.03519
FR-0469,Kogenheim Ultralight Airfield,48.322866,7.535108
FR-0664,Mazeyrat Airfield,45.108056,3.503611
FR-0820,Montescot Airfield,42.611667,2.938889
FR-1086,Digne Les Bains H1 Centre Hospitalier Heliport,44.070556,6.168333
FR-1268,St Malo St Serva Airfield,48.613602,-1.97361
GB-0260,Felixkirk Airstrip,54.25185,-1.294692
GB-0514,Roddige Airfield,52.715263,-1.745357
GB-0768,Landmead Farm Airfield,51.649084,-1.370003
GB-0817,Church Farm Airstrip,52.4532,1.5019
GB-1258,RNAS/RAF Calshot,50.819913,-1.306772
GB-1298,Ayr University Hospital,55.43076,-4.598218
GR-0051,Alexandroupoli University Hospital Heliport,40.86366,25.80518
HLZG,Oxy A 103 Airport,29.00629997253418,20.78610038757324
HU-0079,Terpes Airport,47.974924,20.146968
IE-0045,Maganey Airstrip,52.898174,-6.928672
IR-0018,Khomajin Airport,35.053018,49.18922
IT-0756,campo di volo Pian Mune',44.6458,7.244931
IT-0932,Eliporto chiomonte,45.1226,6.980937
LBLS,Lesnovo Airfield,42.632465,23.650102
LKOT,Zlín Otrokovice Airfield,49.198299,17.517799
LSMA,Alpnach Air Base,46.943901,8.28417
LTFK,Gökçeada Airport,40.204498,25.883302
NL-0081,Gavi-Kavel Heliport,52.05839,4.37561
OS69,Khalkhalah Air Base,33.077301025390625,36.55820846557617
PT-0118,Aerodromo da Azambuja UL,39.05955,-8.827193
RU-0275,MKAD 63 Kilometr Helipad,55.7904882502,37.3722910881
RU-0789,Belaya,55.83613,44.43664
RU-6558,Lyambir Air Base,54.28499984741211,45.16830062866211
SE-0103,Hede Air Base,65.838302612305,21.468799591064
SE-0116,Gotska Sandön Heliport,58.391302,19.191707
TR-0097,"Özeker Hd KRK, No. 10 Border Post Helipad",36.237698,36.546378
TR-0099,Border Post Helipad,36.349089,36.598577
UA-9887,Kiev - Gora Heliport,50.365525,30.838816
AM-0008,Sisian Airstrip,39.54694,46.05694
AT-0021,Floridsdorf Hospital Heliport,48.26766,16.405914
BE-0071,Oud-Turnhout Airfield,51.321566,5.012685
CZ-0058,Částkovice Airfield,49.409349,15.143687
CZ-0095,Doudleby Airstrip,48.885037,14.486375
CZ-0110,Miroslav ULM,48.931389,16.298611
DE-0139,Braunfels Airfield,50.525446,8.392514
DE-0179,Emmerich Airfield,51.8221,6.2745
DE-0270,Grambeker Heide Airfield,53.5834,10.6985
DE-0272,Eßweiler Airfield,49.5621,7.58
DE-0309,Hülben Airfield,48.5293,9.398
DE-0498,Flugplatz Peine-Eddesse,52.4025,10.228889
EBNL,Nijlen Heliport,51.174,4.665874
EDRA,Bad Neuenahr-Ahrweiler Airfield,50.557779,7.137144
EE-0017,Aruvalla Airfield,59.239749,25.017607
EEHK,Vanamõisa Heliport,59.333491,24.55924
EERI,Ridali Airfield,57.939999,26.979
EGJA,Alderney Airport,49.706104,-2.21472
EKRK,Copenhagen Roskilde Airport,55.585602,12.1314
ES-0302,Rota Naval Base Heliport,36.639569,-6.328779
ES-0328,Cabrera Helipad,39.142996,2.937596
EVLU,Ludza Helipad,56.521137,27.694057
FI-0014,Turenki Private Airstrip,60.946,24.66863
FR-0261,Altiport du Col de la Marrano,42.662498,2.166667
FR-0448,Le Pommier Ultralight Airfield,46.19701,1.45252
FR-0792,Gevigney Airfield,47.796944,5.913056
FR-1318,AUCHEL DZ,50.502373,2.468448
GB-0097,RFC Anwick / RAF Anwick,53.047881,-0.34812
GB-0499,Windsor Farm Airstrip,53.197605,0.03781
GCHU,Universitario de Canarias Hospital Heliport,28.456101,-16.291888
GR-0060,Tilos Heliport,36.448705,27.354014
GR-0069,Ptolemaida Bodosakeio General Hospital Heliport,40.544775,21.654691
HU-0023,Hódmezővásárhely Airfield,46.384444,20.308333
IT-0141,Ali Venete Airfield,45.664881,11.807449
LESL,Sant Lluis Airfield,39.861878,4.251739
LFNE,Aérodrome d'Eyguières,43.658298,5.01361
LRBN,Bistrița Airfield,47.158575,24.552311
MA-0001,Cheikh Khalifa Bin Zayed Al Nahyan Hospital Heliport,33.55178,-7.66799
PL-0033,Wielbark Highway Strip,53.36669921875,20.791900634765625
PL-0233,Lipowa Airstrip,50.73297,17.4242
PT-0002,Barlavento Algarvio Hospital Heliport,37.156737,-8.540811
PT-0083,Pista do Belo,37.576079,-7.743988
PT-0129,Quinta da Foz Airstrip,38.97308,-8.840962
RO-0059,Copalnic-Manastur Airfield,47.509161,23.68935
RU-0063,Lakhta Naval Air Base,64.383331,40.716667
RU-0103,Azov Airfield,47.0846,39.406169
RU-10025,Pyatigorsk Airport,44.0496271493,43.0214738846
SE-0022,Vassunda Private Airfield,59.721673,17.719996
TR-0100,Federal Border Guard No. 19 Helipad,36.354363,36.60863
UA-0048,Poltava Air Base,49.627,34.487
UA-0118,Rafalivka Helicopter Base,51.360218,25.9194958
UB12,Nasosnaya Air Base,40.591599,49.5574
AT-0002,Scalaria Airchallenge Water Landing Area,47.7347054331,13.4438323975
BY-0045,Sivitsa Aerodrome,54.103559,28.577714
CZ-0172,Letiště Orlová,49.85503,18.43521
DE-0475,Aussenlandeplatz Innenstadtkliniken Goetheplatz,48.133208,11.562263
DE-0564,Wurzen Hospital Heliport,51.379229,12.732144
DE-0754,Evangelical Deaconess Hospital Leipzig Heliport,51.34239,12.31806
DK-0049,Bramming Airstrip,55.53471,8.79486
DZ-0052,Zaouiet Kounta Airport,27.25148,-0.16633
EBEU,Antwerp University Hospital Heliport,51.155894,4.409841
EDTN,Nabern-Teck Airfield,48.612778,9.477222
EDUF,Falkenberg-Lönnewitz Airfield,51.547779,13.228056
EG-0069,Safaga Heliport,26.751875,33.951665
EHLI,L10-E Heliport,53.43167,4.23556
EHTS,Terschelling Heliport,53.384129,5.278094
EKHL,Holsted Helipad,55.496667,8.910833
ENRA,"Mo i Rana Airport, Røssvoll",66.363899230957,14.301400184631
ENSR,Sørkjosen Airport,69.786797,20.9594
ESMK,Kristianstad Airport,55.9217,14.0855
EYRK,Rokiškio aerodromas,55.971924,25.604239
FR-0017,Centre Hospitalier Heliport,43.19633865356445,-0.6160079836845398
FR-0054,Mairie Heliport,48.20277786254883,-3.820555925369263
FR-0195,Marseille Hôpital La Timone Heliport,43.289846,5.402436
FR-0505,Le Plantis Heliport,48.602347,0.391484
FR-0665,Charbonnières les Vieilles Airfield,46.013611,3.023889
FR-0835,Saint Priest des Champs Airfield,45.958889,2.748889
FR-0905,Ponson Dessus Airfield,43.295278,-0.064444
FR-0939,La Possardière Airfield,46.964444,-1.703333
FR-1047,Luçon Airfield,46.424722,-1.193333
FR-1302,Raismes DZ,50.410159,3.458333
GB-0322,Arran Heliport,55.57663,-5.134378
GB-0519,RAF Faldingworth,53.354588,-0.449772
GB-0912,Rhigos Airstrip,51.74571,-3.58662
GB-1015,Spire-View Airstrip,51.020503,-1.860466
GB-1039,Tullochgribban-High Airstrip,57.307125,-3.749256
GB-1070,PSNI Maydown Heliport,55.026446,-7.256445
GB-1198,RAF Clyffe Pypard,51.480556,-1.8975
GB-1307,Polmont,55.980548,-3.694702
GB-1320,Swan Hotel Helipad,54.269754,-2.969127
GR-0028,Argos Airport,37.65919,22.704
HLLS,Sabha Airport,26.992452,14.466162
IE-0064,Tory Island Helistrip,55.26521,-8.23405
IT-0017,Aviosuperficie Terranova,37.576624,12.944491
IT-0025,Albatros Airfield,37.972478,13.77335
IT-0035,Ivrea Montalto Dora Airfield,45.487546,7.84323
IT-0040,Marc Ingegno Airfield,45.778056,8.268611
IT-0053,Gattinara Airfield,45.604341,8.324461
IT-0291,Sky Ufita Airfield,41.046165,15.121532
IT-0295,Air Service Center,45.06828,9.37491
IT-0391,Tarquinia San Giorgio Airfield,42.192687,11.724573
IT-0392,Montemelino Airfield,43.102464,12.254116
IT-0441,Campiglia Airfield,43.019437,10.594659
IT-0565,Dune Airpark,40.794151,17.491959
LFIF,Saint-Affrique-Belmont Airfield,43.824568,2.743979
LFNX,Bédarieux La Tour Airfield,43.6408,3.14556
LIAR,Furbara Air Base,41.994141,12.013544
LSGP,La Côte Airfield,46.406399,6.25806
LT-0013,Mediniai Airstrip,56.2395,24.600564
NL-0068,Rotterdam Red Bull Airport,51.898628,4.473506
PL-0108,Herburtowo Forest Airfield,52.902234,16.129615
PL-0206,Trzebicz Nowy Airfield,52.799733,15.796799
PT-0026,Casarão UL,40.548704,-8.40548
PT-0098,Pista do Sorraia,39.966636,-8.157102
SE-0062,Hellby Säteri Private Airstrip,59.71731,16.62933
SK-0061,Kráľovský Chlmec Airstrip,48.413942,22.002993
SK-0062,Udavské Airstrip,48.97872,21.947888
TR-0062,Anadolu Health Center Helipad,40.818157,29.354271
TR-0203,Düzce Atatürk State Hospital Helliport,40.843369,31.136438
UA-0085,Iziaslav,50.1196431,26.8681069
ULMM,Emperor Nicholas II Murmansk Airport,68.7817,32.750801
AZ-0012,Agdam Airport,39.976002,47.000145
BG-0120,Slavyantsi Airstrip,42.75117,26.7338
BIBF,Borgarfjörður eystri Airport,65.516769,-13.81578
CY-0049,Dhekelia Station Helipad,34.994222,33.737434
CZ-0080,Sázava Airfield,49.887833,14.940548
DZ-0018,El Merk Airport,30.30442,8.16308
EDGL,Ludwigshafen Accident Hospital Heliport,49.486509,8.389243
EE-0015,Toila Airfield,59.409187,27.551925
EGHP,Popham Airfield,51.194688,-1.233071
ENGC,Gullfaks C Helipad,61.214063,2.270984
EPZB,Zborowo Airfield,52.362056,16.638722
ES-0297,La Línea de la Concepción District Hospital Heliport,36.17512,-5.35255
FR-0015,Centre Hospitalier Heliport,45.19175338745117,0.7315620183944702
FR-0223,Flaine-Ete Heliport,46.00333404541016,6.696667194366455
FR-0310,Valloire-Bonnenuit Altisurface,45.121079,6.41871
FR-0539,Saint-Avold Airfield,49.10222,6.735
FR-1173,Buc Airfield,48.76694,2.1235
FR-1254,Aérodrome d'Angers Avrillé,47.499199,-0.572778
FR-1292,St Vaast DZ,50.19355,3.429451
GB-0080,RNAS Arbroath / HMS Condor / RM Condor Air Base,56.580867,-2.615187
GB-0165,RAF Hornby Hall,54.659023,-2.652931
GB-0610,RAF Stradishall,52.130551,0.520487
GB-0655,RAF Oulton Air Base,52.798818,1.181889
GB-0781,Harpsden Park Airstrip,51.5197,-0.8969
GB-0846,Hawling Manor Farm Airstrip,51.9036,-1.9144
GB-0887,Newhall Mains Airfield,57.661186,-4.192057
GB-0961,Western Isles Hospital Helipad,58.22178,-6.3816
GB-1059,Howden Airstrip,53.74275,-0.85444
GB-1228,Langford Lodge Air Base,54.62310028,-6.30000019
GB-1275,Breighton Airfield,53.802794,-0.917179
IE-0007,Inishbofin Airfield,53.6196,-10.21085
IE-0015,Ruskey Airstrip,54.8405299,-7.6547115
IE-0060,Dunslaughlin Airstrip,53.5192,-6.6001
IR-0160,Khorramabad Heliport,33.548977,48.208742
IT-0251,San Dalmazio Airfield,44.4125,10.843611
IT-0419,San Sisto di Poviglio Airfield,44.847142,10.505501
IT-0470,Valmontone Airfield,41.765562,12.864436
IT-0598,Heliport Castellana grotte,40.883284,17.148167
IT-0910,Elisuperficie di Trivero,45.661822,8.173259
LB-0023,Unifil UNP 1-0A Helipad,33.106409,35.209009
LDOC,Osijek-Čepin Airfield,45.542778,18.631944
LFQP,Phalsbourg-Bourscheid Air Base,48.766203,7.200551
LGAL,Alexandroupoli Democritus Airport,40.8559,25.956301
LIGT,San Genesio Airfield,46.572786,11.307635
LSPV,Wangen-Lachen Airfield,47.204835,8.867346
NO-0021,Atna,61.72579956054688,10.84220027923584
OS63,Marj Ruhayyil Air Base,33.2864990234375,36.457401275634766
PL-0127,Zawiszyn Airfield,54.277943,22.537944
PL-0199,Smolnik Altiport,49.281514,22.119274
RO-0111,Mamaia Airfield,44.302248,28.604515
RU-0236,Vyazma Zapadny Airstrip,55.2035614169,34.2527103424
RU-0366,Polyany Helipad,55.0346630319,38.821520805400006
RU-10012,Novgorod Airport,58.493301391602,31.24169921875
RU-10048,Semyazino Airport,56.127423,40.315202
RU-10049,Soltsy-2 Air Base,58.139545,30.33042
RU-10070,Trufanovo Airfield,59.308998,39.849998
RU-10092,Abrau-Dyurso Heliport,44.700515,37.603042
RU-1065,Progress Airfield,44.881707,40.232148
SE-0074,Muskö Airstrip,59.00512,18.11521
SE-0076,Ragglanda Airfield,57.86829,14.338317
ZDM,Ramallah Heliport,31.91123,35.20756
AT-0079,Glock Heliport,46.522736,14.29705
AZ-0017,Hajigabul Kazı Magomed Airport,40.03094,48.902764
BE-0038,Federal Road Police Antwerp Grobbendonk Heliport,51.17411,4.75769
BE-0058,Westmalle Heliport,51.287224,4.714167
BG-0011,Milkovitsa Airfield,43.634274,24.757254
BG-0042,Selskostopansko Airstrip,43.236482,27.045656
BG-0051,Ovchepoltsi Airstrip,42.322784,24.41949
BY-0031,Suklina Airstrip,55.2516188,27.9213048
CZ-0170,Budkovice Airfield,49.078687,16.355617
CZ-0261,Česká Lípa Hospital Heliport,50.68602,14.55015
DE-0343,Hasselfelde Airfield,51.704242,10.875735
DE-0446,Rhein-Maas Hospital Heliport,50.814876,6.143212
DE-0731,Marburg University Hospital Rooftop Heliport,50.81474,8.80778
DTTB,Bizerte Sidi Ahmed Air Base,37.242356,9.787016
EBHO,Holsbeek heliport,50.919676,4.768925
EDCV,Pasewalk Airfield,53.50528,13.948333
EDKM,Meschede-Schüren Airfield,51.302776,8.239167
EDMX,Oberschleissheim Heliport,48.23795,11.565419
EDVF,Blomberg-Borkhausen Airfield,51.917221,9.111667
EE-0005,Roomassaare Seaplane Base,58.213254,22.50854
EGHQ,Cornwall Airport Newquay,50.440601,-4.99541
EGXZ,RAF Topcliffe,54.204116,-1.380265
ENEN,Engeløy Airfield,67.967222,14.9925
ENKA,Kautokeino Airfield,69.040298,23.034
ENWG,Gudrun Helipad,58.845,1.74333
EPRD,Mazury Air Camp Airfield,54.134375,21.598754
ES-0075,Aeródromo de Navianos de Valverde,41.959145,-5.835035
ES-0307,Los Llanos Helipad,28.65657,-17.9159
ESMJ,Kågeröd Simmelsberga Airfield,55.994701,13.0509
FR-0066,Vitry-le-François Hospital Heliport,48.716584,4.602244
FR-0267,Crete De Brouffiers Altiport,45.34111,5.886111
FR-0352,Base Hydro-ULM de Montrevel-en-Bresse,46.34499,5.142219
FR-0761,Champagne Vol Libre Airfield,48.936111,4.061667
FR-0916,Les Gardios Négrepelisse Airfield,44.080833,1.500833
FR-1019,Deyras Saint Victor Airfield,45.093333,4.706944
FR-1095,Grand Hôpital de l'Est Francilien - Marne-la-Vallée Central Hospital Heliport,48.848641,2.769879
GB-0057,Walton Wood Airfield,53.629285,-1.26554
GB-0132,RAF Bracebridge Heath,53.19244,-0.523584
GB-0502,Poplars Farm Airstrip,52.234596,-1.4206706
GB-0558,Tarsan Lane Microlights,54.457555,-6.436968
GB-1192,RAF Goxhill,53.67986,-0.31585
GR-0032,Patmos Heliport,37.33534,26.54751
IE-0039,Crossmolina Airstrip,54.134279,-9.366467
IT-0483,UFO Airfield,41.512595,13.283537
IT-0589,Murgia Fabio Perinei Hospital Heliport,40.819719,16.470718
IT-0617,Helipad military,40.643136,17.206854
IT-0778,Manduria Airfield,40.444303,17.629851
IT-0862,Elisuperficie di Monteossolano,46.126522,8.237026
LB-0026,Unifil UNP 8-34 Helipad,33.161725,35.527208
LERV,Servei D'Evacuació Del Circuit De Catalunya Heliport,41.571999,2.26203
LFIK,Aérodrome de Ribérac-Tourette,45.238667,0.264798
LFQU,Sarre-Union Airfield,48.950944,7.078468
LIVV,Moncucco-Vische Airfield,45.344613,7.919072
LOKA,Klagenfurt Clinic Heliport,46.635386,14.306521
LOKG,Ferlach-Glainach Airfield,46.532778,14.330833
LRCC,Oituz (PA&CO) Heliport,46.210684,26.603018
LTCI,Van Ferit Melen Airport,38.46820068359375,43.332298278808594
LV-8047,Durbe Airfield,56.587974,21.329041
LV-8050,Rujiena Airfield,57.887663,25.333786
LYVA,Valjevo Divci Airfield,44.29793,20.021567
NL-0116,Duiven Helipad,51.966,6.0076
RU-0057,Tarnogskiy Gorodok Airfield,60.5033,43.6017
RU-10097,Abinsk Airfield,44.904915,38.176651
RU-1241,Dno Air Base,57.78329849243164,29.966699600219727
TR-0089,Cikcilli Heliport,36.556,32.0334
UA-0154,State House #8 (Berehove) Heliport,44.4045,33.8663
UPTS,Truskavets – Rixos Heliport,49.267747,23.496729
BE-0021,Camp King Albert Heliport,50.240628,5.366017
BY-0034,Obsianka Airstrip,54.2313,30.77433
CZ-0196,Prague Motol University Hospital Helistop,50.073716,14.342281
CZ-0244,Kostomlaty Airstrip,50.20843,14.92585
DE-0142,Eibinger Forstwiese Airfield,50.0186,7.89324
DE-0149,Hoherodskopf Airfield,50.5017,9.2227
DE-0164,Schotten Airfield,50.5348,9.1455
DE-0248,Titschendorf Airfield,50.3941,11.5217
DE-0764,Halle (Saale) University Hospital Heliport,51.50082,11.93521
EBGB,Grimbergen Airfield,50.948546,4.39181
EG3L,Milfield Glider Field,55.591636,-2.087231
EG74,Bruntingthorpe Aerodrome,52.492972,-1.12509
EGNP,Leeds Heliport,53.878175,-1.662477
ENQB,Troll B FPU,60.773899,3.50139
ES-0190,El Molinillo Airfield,38.739954,-6.391888
ES-0200,Xeraco Airfield,39.025781,-0.207753
ES-0336,Parque de Bomberos de Cangas de Onís Heliport,43.35014,-5.11164
ESSN,Norrtälje Airfield,59.732592,18.695215
ESSW,Västervik Airport,57.779999,16.5236
ETOU,Wiesbaden Army Airfield,50.049800872802734,8.325400352478027
FR-0052,Cornouailles Heliport,47.98527526855469,-4.096109867095947
FR-0140,Centre Hospitalier Heliport,48.74666595458984,-0.0177779998630285
FR-0160,Saint Nazaire Centre Hospitalier Heliport,47.267338,-2.256591
FR-0171,Chauny Hospital Heliport,49.625405,3.236193
FR-0391,Aérodrome d'Aynac ULM,44.796911,1.836498
FR-0589,Roanne Mably Airfield,46.08561,4.086736
FR-0682,Dampierre et Flée Airfield,47.4775,5.358333
FR-0734,Selles Saint Denis Airfield,47.4,1.916944
FR-1078,Nimes Caremeau Centre Hospitalier Heliport,43.823889,4.323056
GB-0241,Taw Mill Airstrip,50.776381,-3.904455
GB-0330,Boughton North Airfield,52.590886,0.517013
GB-0403,Crockham Hill Airfield,51.233604,0.08001
GB-0535,Luxter Farm Airstrip,51.59597,-0.892865
GB-0554,Carr Valley Microlight Airfield,53.688505,-2.796592
GB-0580,Carden Park Hotel Helistrip,53.073103,-2.809839
GB-0802,Roughay Farm Airfield,50.988908,-1.253471
GB-0820,Fisherwick Airfield,52.672908,-1.723502
GB-1101,Barrisdale Airstrip,57.085118,-5.514887
HLRF,Jaref Airport,31.2075,16.423
HU-0010,Kunmadaras Air Base,47.390839,20.785009
IQ-0056,Adnan Khair Allah Hospital Helipad,33.343871,44.378074
IT-0067,Chamois Altiport,45.833502,7.617651
IT-0184,Arcora Flying Field,41.94428,15.04761
IT-0215,"Campo di Volo ""Aligubbio""",43.3173,12.5731
IT-0260,Obiettivo Volare Aeroclub,44.889329,10.160223
IT-0370,Pica Airfield,42.696389,13.916985
IT-0509,Scortichino Airfield,44.859083,11.353583
IT-0583,Presidio Giuseppe Tatarella Hospital Heliport,41.272728,15.917643
IT-0665,Ventotene Heliport,40.800864,13.430235
IT-0698,Ospedale di Sora Heliport,41.72915,13.6321
IT-0731,Montespluga Heliport,46.48898,9.33744
IT-0940,Elisuperficie di Ceres,45.321733,7.394888
IT-TQR,San Domino Island Heliport,42.117775,15.490655
LB-0024,Unifil UNP 1-21 Helipad,33.104224,35.279975
LFCF,Aérodrome de Figeac - Livernon,44.673302,1.78917
LFCQ,Aérodrome de Graulhet-Montdragon,43.771099,2.01083
LFGM,Montceau-les-Mines Pouilloux Airfield,46.60318,4.338162
LFHV,Villefranche-Tarare Airfield,45.918314,4.635184
LFQH,Châtillon-sur-Seine Airfield,47.843924,4.580045
LHEM,Esztergom Ernő Rubik Airfield,47.756811,18.730459
LIEA,Alghero-Fertilia Airport,40.632099,8.29077
LPCD,Santa Comba Dão Heliport,40.398473,-8.134162
LSGT,La Gruyère  Airfield,46.5942,7.09444
NL-0070,Voorburg Airfield,52.07389,4.33972
NL-0097,De Koperen Hoogte Helipad,52.584779,6.188706
OJHR,H4 Air Base,32.5392,38.195
PL-0028,Mostowo Highway Strip,54.069199,16.537201
PL-0071,Szprotawa-Wiechlice Air Base,51.561278,15.588913
PL-0172,Ldzań Airfield,51.58955,19.25418
PL-0242,Otmice Airport,50.56192,18.14532
PT-0037,Aeródromo da Pampilhosa da Serra,40.026869,-7.955008
RO-0019,Comana Airstrip,44.200367,26.139661
RS-0009,Banjički Vis Military Heliport,44.761512,20.472175
RU-0377,Makhachkala-1 Airfield,43.0126495066,47.4357461929
RU-0430,Kamyshin Airport,50.0532536947,45.3695440292
RU-10125,Koynas Landing Strip,64.73241,47.661781
SE-0084,Rotnäset Airstrip,64.45328,15.57484
SK-0006,Krakovany Airfield,48.633889,17.732222
SK-0016,Višňové Airstrip,49.171375,18.778598
SK-0071,Klčov Airstrip,48.994162,20.664952
SY-0025,Qudsaya,33.553016,36.184114
TR-0053,Sultan Abdulhamid Hospital Helipad,41.00042,29.02056
UA-0159,Pension Wisteria Helipad,44.461824,34.145346
Z19M,Al Abdaliyah Highway Strip,29.045299530029297,47.79079818725586
BG-0119,Zhelyu Voyvoda Cropduster Strip,42.58531,26.49089
BIBV,Breiðdalsvík Airport,64.790037,-14.043927
CZ-0004,Blansko Hospital Heliport,49.362389,16.654029
CZ-0084,Dačice Airfield,49.06986,15.456004
CZ-0195,Tisá,50.786995,14.026666
CZ-0200,Vinohrady University Hospital Heliport,50.074618,14.482014
D372,Reutlingen Betzingen Helipad,48.491533,9.155087
DE-0664,DonauIsar Hospital Dingolfing Heliport,48.62124,12.48935
EDEH,Herrenteich Airfield,49.345001,8.487778
EDHS,Stade Airfield,53.561111,9.499167
EDNV,Vogtareuth Airfield,47.94611,12.204722
EDNX,Schleissheim Airfield,48.239166,11.559334
EDPW,Thalmässing-Waizenhofen Airfield,49.064167,11.209167
EDQY,Coburg-Steinrücken Airfield,50.230556,10.995833
EPPL,Płock Airfield,52.562225,19.720322
ES-0044,Aeródromo de la Curiscada,43.3330166667,-6.3785
ES-0133,Valdecebro Forestry Airstrip,40.353799,-1.013488
ES-0330,Punta de l'Avançada Heliport,39.905053,3.109839
ES-0334,Globedrom de Son Perot,39.574676,3.15622
ESIA,Karlsborg Air Base,58.513802,14.5071
FR-0340,Ramonchamp Ultralight Airfield,47.895567,6.754418
FR-0491,Régat Ultralight Airfield,42.98382,1.894069
FR-0685,Recey Le Mont de Lucey Airfield,47.794167,4.855
FR-0840,Peyrelevade Airfield,45.707778,2.0325
FR-1017,Flayosc Ultralight Airfield,43.538487,6.319804
FR-1336,Saint Raphael DZ,43.462338,6.818621
GB-0092,RAF Alness / RAF Invergordon,57.68202,-4.260309
GB-0164,RAF Brayton Park,54.773889,-3.301111
GB-0294,Upwood Glider Field,52.437321,-0.142813
GB-0632,Debach Airfield,52.134134,1.265958
GB-0708,Hanbeck Farm Airstrip,52.9767,-0.4887
GB-0738,Dunroaming Heliport,56.070928,-4.378363
GB-1089,RAF Kingsnorth,51.10452,0.88974
GB-1182,RAF Church Lawford,52.35489,-1.3442
GR-0002,Dhokimion Airfield,38.613696,21.392955
IR-0027,Ahvaz Air Defense Base heliport,31.375906,48.650704
IT-0383,Campo di Volo Giovanni Zaccini,41.560349,13.34412
IT-0516,Linnarta Airfield,40.412091,9.723621
IT-0758,Maratea Hospital Heliport,39.998792,15.719108
IT-0909,Elisuperficie di Soprana,45.641888,8.194551
LB-0007,Tel al Zaatar Airfield,33.86781,35.55294
LEBD,El Bodon Heliport,40.484557,-6.577145
LFAJ,Argentan Airfield,48.709456,0.002856
LFKE,Saint-Jean-en-Royans Airfield,45.027802,5.31
LKPR,Václav Havel Airport Prague,50.100874,14.259911
LLHS,Hatzor Air Base,31.762501,34.7272
LOBK,OAMTC / Gneixendorf Heliport,48.446465,15.628517
LOWZ,Zell am See Airfield,47.291468,12.790632
LSPU,Münster Airfield,46.480301,8.26333
LY-0006,Former Bombah Airport,32.41779,23.126135
LZJS,Jasná Airfield,49.047939,19.506791
OIGG,Sardar-e-Jangal Airport,37.323333,49.617778
PL-0014,Brzezie Highway Strip,53.814197,16.977513
PL-0090,Tworzyjanów Airstrip,50.922834,16.678917
PL-0231,Nowe Tarnowo,52.16494,16.76524
PT-0047,Monchique Heliport,37.32013,-8.552329
RU-0281,Bely Klyuch Airfield,54.1965,48.321
RU-0326,Kamenka Air Base,53.205,44.065
SE-0069,Skeppsdal Airstrip,59.49633,18.42299
SI-0010,Kamnik - Dulnica Airfield,46.197037,14.580982
SI-0025,Prekopa Airstrip,46.25017,14.99706
SY-0013,Murshid Sarhan Agricultural Airport,36.03552,36.68491
TR-0025,Bingöl 49th Motor Rifle Brigade Command Heliport,38.87961,40.51455
TR-0231,Güngören North Border Post Heliport,39.603575,44.459772
UA-0024,Askaniya-Nova Airport,46.419998,33.724998
UA-0038,Kyiv Chaika Airfield,50.431185,30.30093
UMNM,Novo-Pashkovo Airfield,53.945,30.244
XK-0021,Camp Villaggio Italia Heliport,42.63094,20.28684
BG-0004,Zagortsi Airfield,42.401306,27.070605
BG-0098,Vetovo Airport,43.71982,26.2748
BG-0154,Ognyanovo Airfield,43.88898,27.67983
BISK,Skógasandur Airport,63.517682,-19.4925
D154,Gerlingen Fa. Bosch Helipad,48.785525,9.062897
DE-0117,Quakenbrück Airfield,52.6634,7.9249
DE-0267,Tübingen Trauma Hospital Rooftop Helipad,48.532977,9.03551
DE-0318,Möckmühl-Korb Airfield,49.3442,9.401
DE-0853,Hanau Fire Department Emergency Heliport,50.14534,8.94291
EDHW,Wahlstedt Airfield,53.969444,10.221667
EDRL,Flugplatz Lachen-Speyerdorf,49.330833,8.209722
EIKN,Ireland West Airport Knock,53.910439,-8.817002
EKSD,Spjald Airfield,56.102699,8.51423
EPNM,Nowe Miasto nad Pilicą Airfield,51.628335,20.541228
ES-0049,Aerodrómo de Sanchidrián,40.89995,-4.609617
ES-0146,Aeródromo de San Torcuato,42.474227,-2.872739
ESND,Sveg Airport,62.047798,14.4229
FR-0005,Sainte Catherine Hospital Heliport,48.745702,7.350851
FR-0193,Hôpital Jean Marcel Heliport,43.40305709838867,6.066389083862305
FR-0260,Col de la Fenêtre Altiport,45.35498,6.488339
FR-0283,Altisurface de Honteyde,42.837223,0.502222
FR-0633,Mascar Airfield,44.649167,0.818889
FR-1049,Théoule-sur-Mer Seaplane Base,43.478333,6.940556
FR-1286,Domaine de Vadancourt,49.900343,3.183224
FR-1295,golf wimereux DZ,50.788503,1.61168
GB-0026,Newton Peveril Airfield,50.794959,-2.096689
GB-0115,RAF Bekesbourne,51.252397,1.160015
GB-0392,South Wales Gliding Club,51.719348,-2.848748
GB-0667,Park Farm Airstrip,54.287538,-1.831541
GB-0822,Great Friars Thornes Farm Airstrip,52.658476,0.64167
GB-0826,Berry Grove Farm Airstrip,51.053005,-0.896823
GB-1267,RAF West Malling,51.27,0.4
GB-1283,Addiston Mains Farm Heliport,55.915381,-3.349063
GE-0019,Ochamchire Base Heliport,42.666106,41.484162
HEBA,Alexandria International Airport,30.93249,29.696437
HR-0010,Mirkovac Airstrip,45.7310129,18.7884716
HU-0078,Balassagyarmat Airfield,48.078037,19.321749
IE-0078,Gormanstown Aerodrome,53.6348,-6.2277
IT-0318,Sedico Airfield,46.091613,12.089596
IT-0640,Tortorella Airfield,41.484722,15.652778
IT-0689,Elisuperficie Pennile di Sotto,42.8561,13.596429
LAKV,Kuçovë Air Base,40.7719,19.901899
LFAG,Péronne Saint-Quentin Airfield,49.868871,3.029566
LFST,Strasbourg Airport,48.5383,7.62823
LGML,Milos Airport,36.696899,24.4769
LGNX,Naxos Island National Airport,37.0811,25.368099
LIMJ,Genoa Cristoforo Colombo Airport,44.412039,8.840732
LIQB,Arezzo Molin Blanco Airfield,43.455248,11.847393
LKBD,Brodek u Přerova Heliport,49.483889,17.326944
LKTH,Těchonín HEMS Heliport,50.060128,16.612182
LT-0028,Balbieriškis airstrip,54.53103,23.84071
LV-0045,Garlene Airstrip,57.2668037,22.8155028
LY89,Bor Airport,44.0182,22.1371
LZTR,Trnava Airfield,48.451959,17.531818
NL-0076,Salland Glider Field,52.468333,6.333333
NO-0026,Evje Airfield,58.60472106933594,7.8125
PL-0136,Szorce Airstrip,53.285388,22.674194
RU-0192,Kozhin Airfield,51.125,49.639999
RU-0362,Bolshoy Lutsk Airstrip,59.4120340638,28.577284812900004
RU-0516,Kusnetsovka Airfield,56.61675,34.517382
TR-0073,Osmaniye Provincial Hospital Helipad,37.051149,36.183218
UA-0039,Tsuniv Airfield,49.831848,23.690052
UA-8381,Liubsha Air Base,49.2883,24.198299
UUOD,Pridacha Airport,51.652861,39.256244
CY-0023,Gaziveren Heliport,35.167112,32.897665
CZ-0146,Jinošov Airstrip,49.226931,16.176596
CZ-0209,Chrášťany Airfield,50.05872,14.92307
DE-0178,Düsseldorf-Wolfsaap Glider Field,51.2649,6.8539
DE-0246,Urspring Airfield,48.553,9.9038
DE-0525,Nennig Heliport,49.53668,6.38792
DE-0586,Juraklinik Scheßlitz Heliport,49.9801,11.03935
DK-0012,Aarhus University Hospital Helipad,56.192954,10.167553
EBKG,Kortrijk - AZ Groeninge Helipad,50.802873,3.264039
EDGQ,Schameder Airfield,51.000266,8.30914
EDHN,Neumünster Airport,54.079445,9.941389
EG-0056,Wadi Firan Heliport,28.6886,33.35797
EGNG,Bagby Thirsk Airfield,54.211226,-1.292417
ENBM,Bømoen Airfield,60.638098,6.499786
ENSK,"Stokmarknes Airport, Skagen",68.578827,15.033417
ES-0159,Campo de Vuelo Moixent-Mogente,38.817024,-0.833138
ES-0270,Torres Torres Airstrip,39.730145,-0.330234
ES-0337,Ibias Park Fire Fighting Heliport,43.027069,-6.88433
ESEL,US Linköping Hospital Helipad,58.401555,15.619415
ESTL,Ljungbyhed Airfield,56.082802,13.2125
FR-0339,Saint Sigismond ULM,47.439444,-0.935833
FR-0380,Les Bories Ultralight Airfield,44.511353,3.270996
FR-0423,Le Burgaud Ultralight Airfield,43.816327,1.13966
FR-0555,Brisset Hospital Heliport,49.92565,4.0722
FR-0784,Tincey Airfield,47.606154,5.785216
FR-1183,Rumegies,50.499384,3.358437
FR-1258,Bitche Army Air Base,49.06007,7.45009
GB-0265,Lower Withial Farm Airstrip,51.125318,-2.596594
GB-0299,RAF Winfield,55.7496625,-2.1643404
GB-0463,RAF Davidstow Moor,50.6363,-4.6134
GB-0626,North Reston Hall Farm Airstrip,53.325672,0.071807
GB-0845,Halesland Glider Field,51.262,-2.7319
GB-1088,RAF Framlingham / Parham Airfield,52.19644,1.40837
GB-1137,Isham Airstrip,52.361109,-0.718167
HR-0003,Rijeka Seaplane Terminal,45.326054,14.438421
HR-0041,Našice Barracks Heliport,45.484955,18.075061
IE-0085,Castlebridge Airport,52.3978,-6.4628
IT-0005,Aviosuperficie Bovarella,37.792694,12.845078
IT-0097,"Campo di Volo ""Fly Club""",41.10457,14.45698
IT-0189,Rivoli Avro Airfield,46.233786,13.072443
IT-0230,Campo di Volo Pietralunga,43.450539,12.401383
KW-0011,Ouha Island Helipad,29.3777,48.44129
LDSH,Hvar Airfield,43.181702,16.633301
LELA,La Calderera Airfield,38.747898,-3.51456
LETO,Madrid–Torrejón Airport / Torrejón Air Base,40.487875,-3.456808
LFJB,Mauléon Airfield,46.902802,-0.697778
LFSV,Pont-Saint-Vincent Airfield,48.600127,6.056514
LIPL,Ghedi Air Base,45.432551,10.268612
LOKN,Nötsch im Gailtal Airfield,46.5811,13.6292
LZSE,Senica Airfield,48.657927,17.329459
MT-0007,Comino Heliport,36.01007,14.347306
NL-0143,Slootdorp Glidersite,52.8353,4.95056
NO-0004,Gressholmen Seaplane Base,59.883888244628906,10.716667175292969
NO-0085,Lier Airfield,59.884192,10.280081
PL-0259,Pokrzywki Airfield,53.30729,19.42302
RO-0004,Ineu King's Land Airfield,47.079167,22.100278
RO-0087,Laci Oros Airfield,47.30468,22.39987
RU-0422,Mostovskoy Airfield,44.393346,40.81614
RU-10065,Pudozh,61.825001,36.580002
RU-10159,Vasilevo Airstrip [INACTIVE],56.55732,38.58063
SK-0074,Rozhanovce Airstrip,48.751817,21.328326
SY-0010,Al-Mayadin Airport,34.99724,40.42123
TR-0039,Kayseri Hava İkmal Airfield,38.7029942184,35.504550933800004
TR-0157,Alara Helipad,36.659185,31.665097
TR-0288,Gokceada Old Airport,40.208108,25.890265
UA-0162,Partenit Heliport,44.586,34.3396
XK-0003,Malisheva Airfield,42.47664,20.78648
AT-0051,Baden Hospital Helipad,48.000612,16.255796
CZ-0148,Veselí u Přelouče Airfield,50.00682,15.616915
CZ-0185,Mříčná Airstrip,50.59624,15.48122
D430,Stuttgart Katharinen Hospital Helistop,48.783827,9.173173
DE-0067,Dürabuch Glider Airfield,48.26225,11.2094
DE-0087,Hallertau Airfield,48.64972,11.59687
DE-0251,Singhofen Airfield,50.2714,7.8548
DE-0337,Crawinkel Airfield,50.778494,10.81692
DE-0654,Ortenau Hospital Lahr-Ettenheim Heliport,48.34407,7.88709
DE-0730,Marburg University Hospital Ground Heliport,50.8139,8.8044
DZ-0005,Boulaadam Air Base,29.6397,-3.9939
EBAM,Amougies Airfield,50.740101,3.4849
EDLW,Dortmund Airport,51.518299,7.61224
EDNC,Beilngries Airfield,49.021389,11.484722
EDPC,Bad Endorf/Jolling Airfield,47.926899,12.2872
EDSR,Radolfzell-Stahlringen Airfield,47.802587,8.979378
EGXG,Leeds East Airport,53.834747,-1.194678
EKAN,Syd Arne Nord Helideck,56.095833,4.219167
ESCF,Malmen Air Base,58.397666,15.522422
ESEB,Borås Hospital Heliport,57.724183,12.964318
FR-0044,Circuit Automobile de Nevers Magny-Cours Heliport,46.856388092041016,3.1541669368743896
FR-0088,Percy Army Training Hospital Heliport,48.814283,2.253921
FR-0388,ZTN Air ULM,49.0139,0.03611
FR-0843,Lalœuf Airfield,48.463333,6.024167
FR-1090,Louis Raffalli Manosque Hospital Heliport,43.828121,5.806012
FR-1231,Lantheuil Airfield,49.27103,-0.53224
FR-1285,Le canotier,50.25081,3.285288
GB-0244,RAF Cammeringham / RAF Ingham,53.340841,-0.548759
GB-0272,Newnham Airstrip,52.01986,-0.167785
GB-0660,North Rigton Private Airstrip,53.940831,-1.552205
GB-0674,Hendon Aerodrome,51.601,-0.245
GB-0699,Drayton Home Farm Airstrip,52.408663,-0.596008
GB-0728,Greenhills Farm Airstrip,54.745743,-1.393826
GB-0850,Middlegate Farm Airstrip,51.0621,-2.7969
GB-1216,Brough Airport,53.7197,-0.566333
GR-0029,Eordaea Airfield,40.57211,21.582899
HR-0016,Prelog Marina Airfield,46.32439,16.60041
IQ-0017,H2 Air Base,33.36372375488281,40.5880241394043
IT-0082,Madonna di Loreto Airfield,43.43913,13.57054
IT-0126,Delta Club Napoli Airfield,41.065757,13.962901
IT-0569,Batfly Airfield,41.343401,16.213181
IT-0714,Versilia Hospital Heliport,43.91513,10.221968
LBKL,Kalvacha Airfield,42.585997,25.426976
LELB,Regional Emergency Center Heliport,40.475232,-2.383516
LEXJ,Seve Ballesteros-Santander Airport,43.427101,-3.82001
LFIM,Saint Gaudens Montréjeau Airfield,43.107425,0.619132
LHHO,Hajdúszoboszló Airfield,47.459717,21.390904
LTFE,Milas Bodrum International Airport,37.249314,27.66401
LV-0007,Skrunda Airfield,56.683379,21.998273
LV-0054,Lejasciems airfield,57.290981,26.618413
LWSK,Skopje International Airport,41.958087,21.622581
NO-0105,Fagernes flyplass - Strandefjorden,60.98326,9.23538
PL-0016,Debrzno (Słupia) Highway Strip,53.570662,17.26088
PL-0213,Iwno Airstrip,52.39084,17.282088
RO-0045,Barza Târgu-Jiu Airfield,45.003929,23.333545
RO-0169,SIIFT MH Helipad,44.850933,24.8608
RU-0083,Verkhnyaya Zolotitsa Airfield,65.68571,40.36182
RU-0185,Marino Airstrip,56.6339988708,36.8860015869
RU-10064,Vytegra Airfield,61.032001,36.435001
RU-9545,Zherdevka Air Base,51.833302,41.549999
TR-0114,"Aybastı ""Border Eagles"" Border Post Helipad",36.761004,37.000944
TR-0186,Marmaris State Hospital Heliport,36.858493,28.258161
UKVN,Nalyvaikivka Airfield,50.479167,29.735833
US-0214,RAF Castle Archdale/RAF Lough Erne,54.4806105242,-7.72707939148
AT-0056,Sankt Pölten Heliport,48.213279,15.627702
AT-0059,Goldeck Talstation Heliport,46.792967,13.483221
AZ-0018,Qarachala Airport,39.83179,48.966751
BE-0011,Neerpelt/Tilburgs Heliport,51.240015,5.417956
BG-0081,Kalugerene Airstrip,43.906551,26.866593
CZ-0133,Křinec Airstrip,50.2547,15.125108
CZ-0165,Kravi Hora Airfield,48.917038,16.841317
DE-0048,Steinberg in Surwold Glider Airfield,52.956445,7.556663
DE-0429,Böblingen Hospital Heliport,48.690553,9.03221
DZ-0046,Tin Fouye Tabankort Airport,28.43879,7.55191
EBHC,Hof Van Cleve Heliport,50.903791,3.509388
EDOL,Oschersleben Glider Field,52.038055,11.205556
EG-AUE,Abu Rudeis Airport,28.899694,33.202057
EGCA,Coal Aston Airfield,53.304809,-1.42886
EGLW,London Heliport,51.46992,-0.179538
EGWN,RAF Halton,51.790699,-0.737972
EHOW,Oostwold Airfield,53.208775,7.033053
EKFU,Fur Airstrip,56.824886,8.987213
EPRS,Sochaczew-Rybno,52.242789,20.126579
ES-0062,Aeródromo de Royanejos,38.979917,-6.345167
ES-0367,Doctor Negrín Hospital Heliport,28.122167,-15.443469
ES-0378,Airbus Helicopters España,38.942781,-1.877506
ESNU,Umeå Airport,63.791801,20.282801
ETNW,Wunstorf Air Base,52.457298,9.42717
FR-0362,Fresnoy-le-Grand  Ultralight Airfield,49.947375,3.393068
FR-0390,Saint-Suffren Private Ultralight Airfield,43.644951,5.312621
FR-0461,Glénan Heliport,47.723504,-4.003029
FR-0650,Campsegret Airfield,44.961111,0.563889
FR-0928,Berdoues Airfield,43.470556,0.389167
FR-1094,Melun Hospital Heliport,48.557644,2.641718
FR-1207,Winnezeele DZ,50.841137,2.553978
FR-1215,Les Valettes Glider Landing Field,43.70051,7.00483
GB-0104,RAF Babdown Farm,51.644309,-2.223701
GB-0652,Pauncefoot Farm Airstrip,50.976818,-1.520684
GB-0881,New Farm Airfield,52.175375,-0.831192
GB-0986,Godney Airstrip,51.197526,-2.754478
GB-1054,Greaghlough Airstrip,53.85961,-6.9959
GB-1344,Broadoaks Country House Heliport,54.401592,-2.917709
IE-0059,Kilbrook Airstrip,53.423,-6.7785
IT-0094,Masseria Macri Airfield,40.054607,18.214738
IT-0105,Lyra 34 Airfield,44.500278,11.944444
IT-0225,Aviosuperficie Artena,41.673056,12.845556
IT-0357,"Campo di Volo ""Air Ardara""",40.625979,8.868129
IT-0432,"Aviosuperficie ""Val Vibrata 2""",42.80427,13.794678
IT-0480,Sturaro Airfield,45.196389,12.068889
IT-0695,Police Helipad,44.048416,8.132994
IT-0712,Priolo Airfield,37.07992,14.38008
IT-0869,Elisuperficie di Cavaglio S.Donnino,46.068981,8.646723
LEHA,Alcorcón Hospital Heliport,40.349702,-3.83819
LHER,Eger Apolló Airfield,47.9052,20.4055
LHPA,Pápa Air Base,47.363602,17.500799
LKJA,Jaroměř Airfield,50.331402,15.9539
LPST,Sintra Air Base,38.8311,-9.33955
LTAW,Tokat Airport,40.32472,36.39056
LV-0005,Kazruņģis,57.5580332,25.8375718
NO-0073,Ballangen Airfield,68.33635,16.830884
OS72,Tiyas Air Base,34.5225982666,37.629901886
TN-0010,A1 Turki Heliport,36.56764,10.51647
TR-0060,Sakarya Heliport,40.75879,30.39025
TR-0212,AIBU Helipad,40.715924,31.531502
UBBA,Akstafa Airport,41.123616,45.420793
UMBK,Borisovo Air Base,52.164,24.3999
BE-0090,[Duplicate] ERQUELINNES DZ,50.292177,4.151947
BY-0007,Bykhau Air Base,53.52000045776367,30.200000762939453
CZ-0109,Dušníky Ultralight Airfield,50.412778,14.198056
CZ-0218,Světlá nad Sázavou Airstrip,49.68058,15.39649
CZ-0225,Brno Trauma Hospital Heliport,49.19785,16.616
DE-0020,Höchst Industrial Park Helipad,50.089386,8.538054
DE-0128,Tarmstedt Airfield,53.2514,9.1084
DE-0773,Dessau Municipal Hospital Rooftop Heliport,51.81586,12.19702
DE-0825,Neurath Power Station Heliport,51.03358,6.61428
DE-0901,Flughafen München-Riem,48.137798,11.6903
DK-0051,Grimlund/Hoven Airstrip,55.822478,8.717765
EDRF,Bad Dürkheim Airfield,49.4728,8.195737
EDVT,Ithwiesen Airfield,51.952,9.662
EG-0018,Borj El Arab Stadium Heliport,30.99648,29.72718
EG-0077,Baloza Airport,30.999518,32.551396
EKAO,Ærø Heliport,54.89068,10.398566
ENSE,Snorre A Helipad,61.4489,2.1425
ES-0109,Folgueroles Airfield,41.9527,2.3072
ES-0331,La Graciosa Heliport,29.229606,-13.510984
ESMV,Hagshult Air Base,57.292194,14.136792
ESOK,Karlstad Airport,59.444698,13.3374
FO-0004,Faroe Islands National Hospital Helipad,62.001588,-6.774736
FR-0096,Le Corum Heliport,43.61360931396485,3.882221937179565
FR-0123,Toulouse Rangueil Pech David Heliport,43.5613899230957,1.44861102104187
FR-0124,Boulogne-sur-Mer Hospital Heliport,50.722951,1.62887
FR-0590,L'Isle sur Tarn Airfield,43.856944,1.820833
FR-0712,Santilly Airfield,48.158889,1.853333
FR-1045,Bolleville Airfield,49.600556,0.5525
FR-1084,Langon Centre Hospitalier Heliport,44.544722,-0.243611
FR-1217,Le Pommereuil,50.116302,3.599584
GB-0037,White Ox Mead Airstrip,51.319857,-2.400939
GB-0734,Kenyon Hall Farm Airstrip,53.4542,-2.5813
GB-0877,The Moy Airstrip,54.43514,-6.67659
GB-1066,Dollar airstrip,56.170594,-3.654502
GB-1081,Pathfinder Flying Club Airstrip,52.35523,-0.11775
GB-1328,RNAS Inskip (HMS Nightjar),53.827559,-2.836441
GR-0026,Othoni Heliport,39.860692,19.42056
HR-0022,Split-Resnik Seaplane Base,43.528647,16.302628
IE-0020,Tibohine Airfield,53.884757,-8.488176
IE-0072,Adamstown Airfield,53.536548,-6.734977
IT-0473,Gallipoli Flying Field,40.015211,18.023823
IT-0661,HeliSorrento Heliport,40.614109,14.362
IT-0786,Champillon altiporto,45.850642,7.273913
LERG,Berga Heliport,42.104811,1.85812
LFBS,Biscarrosse Parentis airfield,44.3694,-1.13056
LGMT,Mytilene International Airport,39.057406,26.598629
LIBA,Amendola Air Base,41.538443,15.717181
LSPF,Schmerlat Airfield,47.690203,8.526178
LSYR,Rosa Blanche Mountain Landing Site,46.060833,7.354722
LT-0026,Dainava Airstrip,54.32387,25.24008
LW73,Štip Airstrip,41.798058,22.109863
MT-0004,RAF Krendi,35.835423,14.435584
OETR,Turaif Domestic Airport,31.692188,38.731544
PT-0011,Hospital do Divino Espirito Santo Heliport,37.75285,-25.676204
RO-0046,Ilfoveni (Aerogetic) Airfield,44.794536,25.589261
RS-0016,Zlatibor Sport Airstrip (U.C.),43.724368,19.678661
RU-8974,Yaroslavl Levtsovo,57.729377,40.046008
SA-0044,Haql General Hospital Heliport,29.29476,34.93807
UMKE,Medovoye Airfield,54.540937,20.336244
UMOO,Mogilev Airport,53.95489883422852,30.09510040283203
BG-0153,Gara Dulovo Airfield,43.790882,27.126844
BIGH,Gunnarsholt Airport,63.85329818725586,-20.262800216674805
BISR,Stórikroppur Airport,64.632625,-21.490859
DA13,Tinfouchy Airport,28.879299,-5.8229
DAOI,Chlef Aboubakr Belkaid International Airport,36.216614,1.341114
DAUK,Touggourt Sidi Madhi Airport,33.067799,6.08867
DE-0104,Höpen Airfield,53.1473,9.796
DE-0641,Siloah Sankt Trudpert Hospital Heliport,48.8979,8.67334
DE-0814,Ottmarsbocholt Airfield,51.82325,7.51512
DE-0924,Worth Ultralight strip,53.4769,10.40871
DK-0005,Bogense Flyveplads,55.543022,10.032566
DK-0011,Rigshospitalet Helipad,55.696662,12.566769
EDCQ,Aschersleben Airfield,51.766945,11.498333
EDXB,Heide-Büsum Airport,54.153332,8.901667
EG-0003,Bilbeis 2 Airfield,30.42060089111328,31.67889976501465
EGED,Eday Airport,59.19060134887695,-2.7722198963165283
EGEH,Whalsay Airstrip,60.376835,-0.927229
EHJF,K5-ACP Heliport,53.69556,3.33889
EICK,Cork International Airport,51.841301,-8.49111
EKVH,Vesthimmerland Airfield,56.846613,9.460602
ESML,Landskrona Enoch Thulins Airfield,55.946124,12.870001
FR-0048,Centre Hospitalier Heliport,48.63888931274414,-2.0083329677581787
FR-0635,Boeil Bezing Airfield,43.245,-0.213333
FR-0800,Thoiry Airfield,48.875357,1.79374
FR-0880,Cox Airfield,43.7625,1.0525
FR-1026,Saint Vincent de Mercuze Airfield,45.368333,5.968889
GB-0150,Knockrome Airstrip,55.874329,-5.908993
GB-0202,Insch Airstrip,57.310997,-2.648415
GB-0282,Newnham Grounds Airstrip,52.2376234,-1.1416561
GB-0642,Liskeard Heliport,50.414315,-4.394102
GB-0647,Prince Charles Hospital Helipad,51.763496,-3.386852
GB-0651,Lennox Plunton Airstrip,54.841753,-4.15884
GB-0730,Ings Farm Airstrip,54.2049,-0.616
GB-1224,RAF Cottesmore,52.731772,-0.654545
HU-0009,Kenderes Airfield,47.269824,20.689702
IQ-0038,Radif Al Khafi Highway Strip,31.93083953857422,42.14059448242188
IT-0037,Merlo Romano Airfield,44.834433,7.363565
IT-0427,Andrea Bozzo Airfield,44.863742,7.407068
IT-0717,Eagles Airfield,37.520917,14.846016
IT-0843,elisuperfice Pile,45.686216,7.310929
LEOS,Aeródromo de los Oteros,42.333056,-5.451944
LERM,Robledillo De Mohernando Airfield,40.865299,-3.24778
LFBY,Dax Seyresse Airfield,43.689201,-1.06889
LFNS,Sistéron-Vaumeilh Airfield,44.286471,5.929086
LFQX,Juvancourt Aerodrome,48.113977,4.819424
LFRZ,Saint-Nazaire-Montoir Airport,47.31142,-2.152634
LHFH,Farkashegy Airfield,47.486196,18.915263
LOJD,Dornbirn City Hospital Heliport,47.406315,9.740058
LPMA,Cristiano Ronaldo International Airport,32.697812,-16.774613
LPPB,Baltar Heliport,41.19,-8.385557
LSPL,Langenthal Airfield,47.18281,7.741191
LT-0022,Aukštelkai Airfield,55.863079,23.62833
LT-9518,Kaunas Gamykla Airfield,54.880001,23.9072
LTHE,Süleyman Satır Heliport,36.834114,30.603468
LZMC,Malacky/Kuchyňa Air Base,48.402,17.118401
OETN,Ras Tanajib Airport,27.8678,48.7691
PT-0140,Herdade da Galega,39.387534,-8.358682
RO-0101,Mihăieni Airfield,47.55131,22.74838
RU-0138,Girvas Air Base,62.483002,33.75
RU-10133,Batushkovo Airfield,56.234781,37.555211
RU-7519,Povorino Air Base,51.089886,42.175312
SK-0020,Rybany Airstrip,48.6660912,18.228065
TR-0047,Zeytinburnu Pier Helipad,40.98072,28.89584
TR-0111,Federal Border Guard No. 1 Helipad,36.825974,36.662691
UKCM,Mariupol International Airport,47.07609939575195,37.44960021972656
UKHS,Sumy Airport,50.858299,34.762501
XK-0008,KFOR Camp Maxhunaj Heliport,42.78224,21.03111
BA-0015,Banja Luka Hospital Heliport,44.784259,17.175871
BG-0121,Archar Airport,43.80974,22.88929
CZ-0224,Brno University Hospital Bohunice Ground Heliport,49.17605,16.56811
DE-0066,Königsdorf Gliding Center,47.82868,11.465
DE-0138,Dehausen Airfield,51.4635,9.04925
DE-0177,Düren-Hürtgenwald Airfield,50.6937,6.4185
DE-0499,Tangeln Private Airstrip,52.66652,11.012335
DE-0561,Asklepios Children's Clinic Sankt Augustin Heliport,50.77646,7.1802
DE-0687,Bamberg Hospital Heliport,49.8676,10.88804
DK-0047,Drejø Airstrip,54.9741,10.39631
EBST,Sint-Truiden / Brustem Airfield,50.790772,5.19958
EDGW,Flugplatz „Graner Berg“,51.30722,9.175278
EFKG,Kumlinge Airfield,60.246899,20.804701
ENLI,Lista Airport,58.099499,6.62605
ES-0025,Aerodromo de Figueira dos Cavaleiros,38.077502,-8.235832
ES-0029,Fuenterrobles,39.56601,-1.36225
ES-0294,Portocristo Airstrip,39.55833,3.32024
FR-0045,Le Port Heliport,47.981175,3.386718
FR-0348,La Motte-du-Caire Glider Field,44.32286,6.031286
FR-0639,Navarrenx Airfield,43.340556,-0.710278
FR-0849,Folschviller Airfield,49.074444,6.666389
FR-0855,Bining Airfield,49.041667,7.242222
FR-0956,La Rogerie Airfield,48.311667,-0.535278
FR-1006,La Roquebrussanne Airfield,43.329167,5.996944
GB-0192,Ditton Priors Airstrip,52.503434,-2.562513
GB-0198,Priory Farm Airstrip,52.452504,1.130862
GB-0220,Spence Airfield,51.839053,-2.59089
GB-0365,Holmbeck Farm Airfield,51.910275,-0.729577
GB-0578,RAF East Moor Air Base,54.0695132,-1.0830345
GB-0690,Costock Heliport,52.8218,-1.1478
GB-0921,Home Farm Airstrip,52.10795,-1.71938
GB-1035,Greenhill Down Airstrip,51.5506,-1.45504
GB-1107,RAF Shepherds Grove,52.31549,0.91946
GB-1219,Sheffield City Airport,53.39451,-1.39306
GE-0014,Isani-Samgori Heliport,41.651019,44.870111
HLNR,Nafurah 1 Airport,29.2132,21.5924
IT-0026,Campo di Volo Ali Val di Neto,39.184793,17.107129
IT-0413,Aviosuperficie del Parteolla,39.400471,9.139151
IT-0594,Bari Coast Guard Heliport,41.137947,16.847497
IT-0664,Santo Stefano Heliport,40.789318,13.453112
IT-0931,Elisuperficie Sauze d'Oulx,45.029164,6.854739
JO-0008,Al Quwayrah Highway Strip,29.8239934905,35.3279650211
LETF,Tomás Fernández Espada Airfield,36.871793,-5.648775
LFBG,Cognac-Châteaubernard (BA 709) Air Base,45.658298,-0.3175
LFIR,Revel Montgey Airfield,43.4814,1.98
LFNH,Edgar Soumille Airfield,44.027689,5.084255
LIPD,Udine-Campoformido Airfield,46.0308,13.18225
NO-0049,Harstad Hospital Heliport,68.795716,16.525347
PL-0009,Dęblin-Ułęż Air Base,51.619167,22.101667
PL-0130,Bożykowo Airfield,54.073224,21.83375
PL-0257,Nadolna Airfield,51.91343,19.8563
RO-0001,Zanesti Airfield,46.843751,26.558603
RU-0074,Borki Airfield,58.371133,31.043243
RU-10023,Oktyabrskiy Airport,61.079011,43.198193
SE-0092,Sjöbo Air Base,55.648998260498,13.626099586487
SE-0101,Kubbe Air Base,63.632499694824,17.936000823975
SK-0025,Rusovce Airstrip,48.053679,17.133268
TR-0106,Federal Border Guard No. 11 Helipad,36.635561,36.569454
UA-0076,Turynka,50.120551,24.035789
UA-0124,Vychivka Helicopter Base,51.8205394,26.2873632
UA-0145,Chernihiv West Airfield,51.5196,30.955
UUOQ,Parus Airfield,51.587233,39.490063
BA-0001,Ciljuge Sport Airfield,44.436094,18.686457
BG-0045,Mogilishte Airstrip,43.49156,28.351996
BG-0170,Sapareva Banya Airport,42.311254,23.246098
DAON,Zenata – Messali El Hadj Airport,35.012732,-1.457117
DE-0052,Bischofsberg Airfield,50.432197,10.28316
DE-0363,UL-Gelände Bürstadt,49.6558333,8.4747222
DE-0526,Nürburgring Heliport,50.331241,6.943107
DE-0570,Ulm Military Hospital Emergency Heliport,48.424923,9.947619
DE-0638,Lausitzring Red Bull Airport,51.53357,13.92804
DE-0653,Sankt Josefs Hospital Heliport,48.46829,7.96692
DK-0001,Femø Airfield,54.984115,11.537662
DK-0064,Avnø Air Base,55.083,11.783
EBOB,Blanden Heliport,50.822622,4.708992
EDWF,Flugplatz Leer-Papenburg,53.271942,7.441667
EGCL,Fenland Airfield,52.739201,-0.029722
EGFF,Cardiff International Airport,51.396702,-3.34333
EHQT,Q13-A Heliport,52.19111,4.13638
EPLS,Leszno-Strzyzewice Airfield,51.834999,16.5219
ES-0096,Guadix,37.412624,-3.075759
EYBI,Biržai Airfield,56.1758,24.7603
FEA,Fetlar Airstrip,60.603333,-0.872778
FR-0002,Hautepierre Hospital Heliport,48.593357,7.704855
FR-0026,Relais De Margaux Heliport,45.052955627441406,-0.6622499823570251
FR-0218,Mont Blanc Regional Hospital Heliport,45.914241,6.862941
FR-0313,Col du Palet Altiport,45.450452,6.882602
FR-0401,Sadournin Airfield,43.32606,0.415109
FR-0529,Île Chambière Heliport,49.131518,6.186375
FR-0617,Latécoère Seaplane base,44.353889,-1.167222
FR-0733,Frepelle Airfield,47.826605,1.319255
FR-1283,Béthune DZ,50.552843,2.633543
FR-1305,RENTY DZ,50.593726,2.080611
GB-0268,Westover Farm Airstrip,50.842154,-4.167039
GB-0570,Wisley Airfield,51.306651,-0.459107
GB-0885,Mullaglass,54.216441,-6.401272
GB-0924,Bonnington Airstrip,51.05891,0.94806
GCXO,Tenerife Norte-Ciudad de La Laguna Airport,28.482752,-16.341707
HEAZ,Almaza Air Force Base,30.091702,31.359739
HLMB,Marsa al Brega Airport,30.378099,19.576401
HLZA,Zella 74 Airport,28.587462,17.298746
HR-0045,Voloder Airstrip,45.527149,16.646176
IE-0022,Morriscastle Airstrip,52.516621,-6.26371
IR-0045,South Ghazal Heliport,36.25167,49.20246
IR-0104,Rowan Power Plant Heliport,35.133543,48.85354
IR-0230,Qale Sefid Border Heliport,34.5512,45.63483
IT-0106,Ali Filanti Airfield,44.582222,11.923056
IT-0121,Oasi da Peppe Airfield,40.452191,15.000098
IT-0244,Trike Team Cormorano,37.0994444,14.17
IT-0521,Medole Airfield,45.339031,10.480944
IT-0548,Fonte di Papa Heliport,42.047787,12.568338
IT-0656,Marettimo Heliport,37.970069,12.070802
IT-0754,San Martino Hospital Heliport,46.138985,12.200123
IT-0945,Elisuperficie Villar Perosa A.I.B. e P.C.,45.263323,7.538794
JO-0002,King Feisal Air Base,30.3435,36.147701
LETS,Torre Picasso Heliport,40.44982914369999,-3.69314432144
LFAI,Nangis-Les Loges Aerodrome,48.596199,3.00679
LFEQ,Quiberon Airfield,47.482201,-3.1
LFHM,Megève Altiport,45.823005,6.649406
LIMZ,Cuneo International Airport,44.547458,7.623045
LIRJ,Marina di Campo Airport,42.760871,10.239811
LKPU,Pardubice Regional Hospital Rooftop Helipad,50.028953,15.789145
LOIB,Hörlahof Heliport,47.466857,12.367752
LOWG,Graz Airport,46.9911,15.4396
LQMO,Mostar International Airport,43.282489,17.846101
LU-0009,Grevenmacher Heliport,49.673869,6.431973
LYTV,Tivat Airport,42.404701,18.723301
NL-0124,Majoor Mulder Kazerne Helipad,52.195911,5.70356
OITP,Parsabad-Moghan Airport,39.6036,47.8815
OS62,Jirah Air Base,36.096699,37.936501
PL-0044,Goszczanów Airfield,51.799687,18.491781
PL-0066,Wysokie Mazowieckie Air Base,52.931389,22.52639
PT-0097,Aerodromo do Coentral,40.0767,-8.158336
RS-0029,Niš Military Hospital Heliport,43.31222,21.91886
RU-0257,Vyazma Air Base,55.148322,34.382915
RU-0313,Zernograd Air Base,46.835,40.38
RU-10054,Myachkovo Airfield,55.560001,37.985001
RU-10153,Yuryevka Heliport,55.328274,37.107432
SE-0018,Frölunda Airfield,59.456951,17.707942
TR-0091,NEBİLER UYEM HELIPORT,36.946246,30.599759
TR-0301,Kayseri Airport,38.406299591064,35.327800750732
UA-9863,Luhansk International Airport,48.41903,39.374342
BE-0025,Arlon Hospital Heliport,49.67729,5.81996
BG-0175,Stanke Dimitrov Highway Strip,42.175697,23.050475
BY-0010,Borovukha-2 Helipad,55.534696443,28.7904453278
CY-0045,UNFICYP OP138 Heliport,35.072159,33.861347
CZ-0008,Kyjov Hospital Helistop,49.008403,17.110684
CZ-0183,Moravské Budějovice Airfield,49.042693,15.828638
DE-0348,Roggenhagen Ultralight Airfield,53.670895,13.3999
EDXO,Sankt Peter-Ording Airport,54.308887,8.686944
EFSO,Sodankyla Airport,67.3949966431,26.6191005707
EHKA,L4-PN Heliport,53.82333,4.04972
EHKQ,K12-G Heliport,53.35528,3.98222
EHQW,Hollandse Kust West Alpha Heliport,52.67972,3.80472
EKSS,Samsø Airfield,55.889073,10.613766
ENBG,Grønneviksøren (Haukeland Sykehus) Heliport,60.37988,5.346029
EPGD,Gdańsk Lech Wałęsa Airport,54.377602,18.4662
ES-0219,Aeródromo de Camarenilla,40.024702,-4.071202
FR-0296,Mont Llaret Pic d'Aude Altisurface,42.575001,2.038889
FR-0330,Kerfot Ultralight Airfield,48.723882,-3.027055
FR-0410,Villeneuve du Latou Airfield,43.20358,1.418663
FR-0548,Douai Hospital Heliport,50.3371,3.10133
FR-0703,ulm St Eusebe Airfield,46.725556,4.449444
FR-0780,Soppe Airfield,47.725556,7.096944
FR-0933,Herlies ULM,50.585278,2.838889
FR-1033,Habère Poche Airfield,46.271944,6.463889
FR-1128,La Fontaine au Berger Airfield,48.582222,1.728889
FR-1211,Fublaines DZ,48.930133,2.945409
FR-1325,Sepmes Airfield,47.06087,0.68297
FR-1331,fontjoncouse circuit DZ,43.031137,2.795044
FR-1334,Seraussaix Farm HLS,46.197537,6.74633
FR-JCA,Cannes Croisette Heliport,43.535287,7.038296
GB-0007,Enstone Aerodrome,51.928167,-1.4285
GB-0035,Old Park Farm Airstrip,51.546906,-3.717291
GB-0076,Lane Farm Airstrip,52.115802,-3.196275
GB-0448,Slieve Croob Airfield,54.329596,-5.945292
GB-0636,Raemoir House Hotel Helipad,57.08511,-2.505362
GB-0797,Retreat Farm Airstrip,51.746557,0.595665
GE-0027,Camp Seribalta Heliport,42.17419,43.72795
GR-0100,Porto Cheli Airport,37.29891,23.148923
HR-0028,Pitomača Airfield,45.946747,17.283494
IT-0083,La Tomasina Airfield,45.328903,8.797781
IT-0143,"Aviosuperficie ""San Giuseppe""",45.85649,12.06555
IT-0455,Campo di Volo Sangermano,41.991555,12.13791
IT-0579,Eliporto Vico del Gargano,41.894802,15.964009
IT-0750,Cascina Costa Agusta Heliport,45.632557,8.740717
IT-0868,Elisuperficie di Spoccia,46.090224,8.602456
LBSB,Slanchev Bryag (Sunny Beach) Airstrip,42.726582,27.624472
LBWB,Balchik Airfield,43.423801,28.181299
LEZO,Lozoyuela Heliport,40.93602,-3.62504
LFXQ,Coëtquidan Air Base,47.943056,-2.185872
LICG,Pantelleria Airport,36.816502,11.9689
LIDC,Cà Negra Private Airstrip,45.08608,12.161455
LJDI,Divača Airfield,45.682778,14.003234
LPFR,Faro - Gago Coutinho International Airport,37.015909,-7.970939
LZKC,Kamenica nad Cirochou Airfield,48.936242,21.994196
NL-0075,Royal Dutch Aerospace Center,52.680884,5.922704
NO-0031,Feiring Airfield,60.512294,11.188105
NO-0123,Jotun B Platform,59.4506,2.36528
OICB,Baneh Airport,35.987701416015625,45.84709930419922
OS68,Saiqal Air Base,33.68239974975586,37.21390151977539
PT-0044,Torres Vedras Heliport,39.089058,-9.263175
RO-0025,Topoloveni Airfield,44.793683,25.086322
RU-0207,Chavanga Helistrip,66.112731,37.757778
RU-0215,Zhulebino Heliport,55.6870002746582,37.84000015258789
RU-0392,Zvezda Airfield,52.9409832951,49.6066188812
RU-2504,Reshma Air Base,57.426700592041016,42.43000030517578
SE-0047,Åviken Fly Camp,63.212778,18.749167
SK-0011,Želiezovce Cropduster Strip,48.047222,18.596111
UA-0064,Yalta Heliport,44.485596,34.13744
AL-0011,Berat Regional Hospital Heliport,40.70228,19.96852
BIHL,Hella Airport,63.8358,-20.377501
BISH,Stora-Holt Airport,65.4000015258789,-21.933000564575195
DAUI,In Salah Airport,27.250999,2.51202
DE-0423,Bad Saarow Hospital Heliport,52.284419,14.06036
DE-0603,ADAC Air Rescue Station Bremen Heliport (Christoph 6),53.035281,8.816995
DE-0839,Robert Koch Hospital Heliport,51.01379,11.51299
EE-0009,Avaste Airfield,58.707634,24.221667
EGEL,Coll Airport,56.601898,-6.61778
EGHI,Southampton Airport,50.950298,-1.3568
EKGC,Gorm C Helideck,55.57984924316406,4.758889198303223
ENEV,Harstad/Narvik Airport,68.491302,16.678101
ENOC,Oseberg C Platform,60.6078,2.77444
EPMM,Minsk Mazowiecki Military Air Base,52.1954994202,21.6558990479
ES-0243,Pitres Heliport,36.932903,-3.3404525
ESHG,Gamla Stan HLS,59.322763,18.066631
ESNB,Sollefteå/Långsele Airfield,63.1712,16.985201
FR-0304,Saint-Roch Mayères Altisurface,45.94923,6.587126
FR-0701,Saint Martin des Champs Airfield,47.665278,3.044167
FR-0743,St Germain Airfield,47.958333,2.843333
FR-0804,Fleury d'Aude Airfield,43.213611,3.13
FR-0974,Chenommet Airfield,45.926111,0.261389
FR-1069,Chenay Airfield,46.346667,-0.015556
FR-1279,Base ULM Île de Ré,46.229429,-1.419833
GB-0173,RAF Llandow,51.43523,-3.49816
GB-0436,Charlton Mires Airstrip,55.478947,-1.726299
GR-0058,Tsairi Military Hospital Helipad,36.389901,28.201941
HLLQ,Al Abraq International Airport,32.789036,21.954864
HLWF,Wafa Airport,28.903,10.081667
IQ-0005,Al Muhammadi Airport,33.440785,42.912845
IS-0015,Geitamelur Airfield,63.828479,-20.17622
IT-0339,Gli Aironi Airfield,44.462771,11.789613
IT-0465,Albatros Airfield,43.754752,12.954763
IT-0523,San Pancrazio Air Base,40.437947,17.857062
IT-0533,Ali dello Stilaro Flying Field,38.424475,16.551869
LFAQ,Albert Bray airport,49.970049,2.693939
LFCJ,Aérodrome de Jonzac Neulles,45.4842,-0.421389
LFFQ,Cerny-La Ferté Alais Airfield,48.498571,2.336891
LILV,Valbrembo Airfield,45.719864,9.593954
LIME,Il Caravaggio International Airport,45.669362,9.708851
LSZA,Lugano Airport,46.004299,8.91058
LV-0044,Gudenieku lidlauks,56.903657,21.639275
NL-0098,Camp Holterhoek Helipad,52.077575,6.669248
NL-0118,Camping De Muk Helipad,51.8675,5.6969
PL-0012,Gostyń-Gola Air Base,51.88722229003906,16.976110458374023
PL-0102,Szklarka Przygodzicka Airfield,51.488091,17.795207
PL-0269,Żagań-Tomaszowo Air Base,51.627499,15.4083
RU-0231,Vatulino Airfield,55.661964,36.139039
RU-0238,Medyn Airfield,54.946,35.861
RU-0293,Krasnogorye Airfield,57.7133,43.6878
RU-0324,Mordovo Airport,52.0783455164,40.7843399048
RU-0419,Maksatikha Airport,57.7728697983,35.8950805664
RU-0449,Atsevo,57.0934603,29.7212392
RU-0768,Romanovo Airfield,56.66735,39.24273
RU-10146,Ilyino Heliport,55.180308,37.041066
SK-0042,Volica Airstrip,49.1637807,21.9129184
SK-0056,Haniska Airstrip,48.609863,21.248697
TR-0162,Kıyı Emniyet Gemi Hizmetleri Merkezi Heliport,40.228439,26.425834
UA-2644,Starokostiantyniv Air Base,49.748299,27.2733
URSS,Sochi International Airport,43.449902,39.9566
BA-0009,Grad Sunca Helipad,42.707812,18.286613
CZ-0142,Zbilidy Ultrallightport,49.448033,15.440085
CZ-0162,Mladá Airfield,50.243594,14.855856
DE-0198,Dolmar Airfield,50.6125,10.472778
DE-0516,Dresden Neustadt Hospital Heliport,51.090019,13.709502
DE-0662,Westpfalz Hospital Kaiserslautern Heliport,49.44169,7.75684
DE-0790,Erlabrunn Hospital Heliport,50.47181,12.70706
DE-0862,Lauterbacher Mühle am Ostersee Private Hospital Heliport,47.79255,11.2915
EBHT,Houthalen Heliport,51.01415,5.3593
EBNB,Namur Bouge Heliport,50.479007,4.885021
EBOS,Ostend-Bruges International Airport,51.1998,2.874673
EDBV,Stralsund Airfield,54.335835,13.043333
EDHB,Grube Airfield,54.244446,11.024722
EDHI,Hamburg-Finkenwerder Airport,53.535278,9.835556
EG-0007,Al Omraniya Heliport,29.34741,31.29848
EG-0046,Adabiya Heliport,29.87089,32.47481
EKBH,Arnborg Gliding Center,56.011109,9.016041
ENBE,Balder A FPU,59.190601,2.35806
EPDE,Deblin Military Air Base,51.551021,21.892322
ES-0104,Aerodromo El Busto,42.34463,-5.803481
ES-0211,Campo de Vuelo de Oteo,43.0168667,-3.3120333
ESKK,Karlskoga Airport,59.345901,14.4959
ETIP,Landstuhl Army Heliport,49.4030555556,7.53611111111
ETSB,Büchel Air Base,50.173801,7.06333
FR-0400,Saint Génis Ultralight Airfield,42.546575,2.908942
FR-0437,Les Noyers Ultralight Airfield,49.25944,1.65973
FR-0912,Roquemaure Airfield,43.821667,1.605278
FR-0945,Jumelles Airfield,47.435556,-0.096667
FR-1332,Chateau de Lastours Test Track HLS,43.044304,2.89964
GB-0075,Elvington Airfield,53.922976,-0.993347
GB-0138,RAF Brenzett,51.014444,0.879167
GB-0413,Nether Huntlywood Airstrip,55.676638,-2.60787
GB-0455,Brooklands Farm Airstrip,52.3575,-0.242917
GB-0772,Holly Hill Farm Airstrip,52.806,0.9585
GB-1243,RAF Leconfield,53.875801,-0.435
HU-0036,Sárospatak Airfield,48.318035,21.586117
HU-0051,Soltvadkert Sports Aerodrome,46.57223,19.42941
IT-0069,Airfield ASD Carisio Gliding Club,45.446617,8.191496
IT-0102,Campo di Volo Montefano,43.42075,13.39928
IT-0258,Settecrociari Airfield,44.13595,12.18976
IT-0488,Francesco Cantelmo Airfield,42.488611,11.798611
IT-0743,Marcon Airfield,45.565275,12.322812
IT-0916,Elisuperficie di Rosazza,45.67429,7.973092
LB-0027,Unifil UNP 9-1 Helipad,33.263088,35.412106
LFIG,Cassagnes-Bégonhès Airfield,44.177799,2.515
LGRD,Maritsa Air Base,36.383099,28.1089
LIDV,Prati Vecchi d'Aguscello Airfield,44.790884,11.671901
LKBE,Benešov Airfield,49.740799,14.6447
LKJH,Jindřichův Hradec Airfield,49.150682,14.972413
LLSR,Soroka Medical Center Heliport,31.259628,34.800278
LSHI,Inselspital Hospital Heliport,46.948237,7.424296
LSML,Lodrino Air Base,46.295898,8.99213
LTBI,Eskişehir Air Base,39.7841,30.5821
NL-0029,Castricum Glidersite,52.536667,4.626667
NL-0090,Generaal-Majoor Brugman Kazerne Helipad,52.96709,5.9069
NL-0129,Forteiland IJmuiden Helipad,52.465557,4.576224
PL-0007,Chojna Airfield,52.939445,14.421667
PT-0014,São Sebastião Hospital Helipad,40.929417,-8.548319
RO-0024,Piatra Craiului (Zărnești) Aerodrome,45.56553,25.396588
RU-0423,Labinsk,44.663708,40.752668
SA-0099,Helicopter Emergency Landing Zone No. 3,28.14588,34.83137
SY-0005,Nayrab Military Heliport,36.1787,37.22041
TR-0043,Titreyengöl Helipad,36.755223,31.446676
UA-0147,Yuzhne Heliport,46.61731,31.11865
BY-0029,Kliepačy Airstrip,52.7040425,24.3782919
CZ-0112,Kralovice Airstrip,49.985091,13.528817
CZ-0147,Bánov Airstrip,48.983399,17.704586
DE-0070,Frankfurt am Main Police Headquarters Heliport,50.13276,8.67318
DE-0213,Weipertshofen Airfield,49.086572,10.123837
DE-0254,Arnschwang ULM,49.271627,12.778309
DE-0301,Degmarn Glider Field,49.2579,9.2745
DE-0403,Ohlsbach Ultralight Airfield,48.433145,7.972054
DE-0771,Bayreuth Hospital Heliport,49.94438,11.5355
DTTG,Gabès Matmata International Airport,33.733691,9.91941
EDXN,Nordholz-Spieka Airfield,53.767223,8.643611
EEAE,Aespa Airfield,59.204711,24.610995
EFHL,Hailuoto Airfield,64.969553,24.704218
EGTH,Old Warden Airfield,52.084591,-0.3201
ES-0067,Aeródromo de Hiendelaencina-Alto Rey,41.108267,-2.985967
ES-0147,Villaumbrales UL,42.095282,-4.595404
ES-0170,Aeròdrom de Foixà,42.029933,2.990761
ES-0195,Pista Forestal Valdelamusa,37.7763167,-6.8826667
ES-0360,Castejón de los Monegros Airfield,41.6078,-0.218327
ESGF,Morup Airfield,56.968598,12.388047
ESUI,Mellansel Airfield,63.391806,18.319471
EVJC,Nākotne Centra Jaunzemji Heliport,56.606284,23.452138
FR-0003,Haguenau Hospital Heliport,48.797797,7.776888
FR-0131,Ternois Polyclinic Heliport,50.387774,2.335425
FR-0393,Aérodrome de Loupiac,44.831328,1.474571
FR-0822,Plaine de Lacan Airfield,43.848889,3.915
FR-0829,Les Chansèves Airfield,45.09,1.855278
FR-0844,Chassey-Beaupré Airfield,48.45469,5.446813
GB-0253,Manor Farm Airstrip,52.912604,0.952548
GB-0497,Kirton-in-Lindsey Glider Field,53.4622,-0.5769
GB-1020,Lower-Durston Airstrip,51.051996,-3.00549
GB-1026,Langley House Airstrip,51.48283,-2.10134
GB-1098,Speke Airport,53.345063,-2.880564
GB-1115,RAF Gosfield,51.9473,0.58317
GB-1278,Cark airfield,54.163753,-2.962299
GB-1327,Penzance Heliport,50.130376,-5.513946
GB-PSV,Papa Stour Airstrip,60.321701,-1.69306
GR-0061,Nisiros Heliport,36.603829,27.131556
IT-0302,AS77 Airfield,45.961084,13.204394
LB29,Maslarevo Airstrip,43.405399,25.474001
LBVR,Vratsa Airfield,43.2559,23.5327
LCRA,RAF Akrotiri,34.590401,32.9879
LESO,San Sebastián Airport,43.356499,-1.79061
LEVH,Vielha Heliport,42.697126,0.801571
LFGT,Sarrebourg Buhl Airfield,48.716875,7.074316
LFNO,Florac Ste Enimie Airfield,44.2864,3.46667
LPHB,Herdade da Brava Heliport,37.695354,-7.62045
LSTB,Bellechasse Airfield,46.979315,7.13253
LSZF,Birrfeld Airfield,47.4436,8.23361
NL-0113,Landgoed Marienhof Helipad,51.628983,5.237823
PL-0129,Stare Juchy Landing Site,53.90725,22.233334
PL-0262,Lojaka Airfield,52.5136,21.05474
PT-0012,Hospital José Joaquim Fernandes heliport,38.01333618164063,-7.869441986083984
PT-0108,Vendas Novas Airstrip,38.677419,-8.496015
RO-0085,Stănești Airfield,45.09826,23.23882
RS-0038,Kragujevac Ravni Gaj Airfield,43.92256,20.76442
RU-0016,Lipetsk Air Base,52.634998,39.445
RU-0163,Yegorlykskaya Air Base,46.573002,40.59
RU-0310,Sal'sk Airfield,46.416,41.519
RU-0380,Akhtubinsk Air Base,48.3085,46.2365
SA-0028,Tanajib Aramco Marine Port Heliport,27.76995,48.87706
SE-0015,Orrlanda Flygfält,63.0928328,14.4414464
SE-0082,Lagan Private Airstrip,56.5174,12.97121
SK-0012,Gajary Airstrip,48.448391,16.938858
SK-0046,Domaniža Airfield,49.0517234,18.5533962
TR-0283,KTO Karatay University Airfield,38.095469,32.779033
UA-0126,Pidhirya Airfield,48.788823,24.476531
US-0221,RAF Cardington,52.108922,-0.422499
UUBN,Zmeyevo Airfield,56.914691,35.935672
UUBS,Smolensk South Airport,54.745,32.065
XK-0011,Gjilan Airfield,42.46204,21.44515
AT-0005,Retzer Land Heliport,48.75447,15.962132
AT-0077,Karres Heliport,47.218956,10.768817
CY-0082,RAF Troodos Helipad,34.917178,32.880549
CZ-0099,Bystřice nad Pernštejnem Airfield,49.522778,16.232222
DE-0022,Mainz ZDF-Complex Helipad,49.96620178222656,8.212699890136719
DE-0749,Bad Salzungen Hospital Heliport,50.8042,10.21672
DE-0756,Leipzig Heart Center Rooftop Heliport,51.30757,12.43564
DE-0905,Pellworm Field,54.536388,8.68
DE-0927,Meerwind S O,54.399167,7.700052
DZ-0009,Algiers Great Mosque Heliport,36.73459,3.14417
EBMK,Maarkedal - Nukerke Heliport,50.781947,3.619635
EBZH,Kiewit Airfield Hasselt,50.970375,5.375331
EFHY,Meilahti Hospital Helipad,60.188909,24.907276
EHMF,L5-C Heliport,53.69583,4.64528
EKDF,Dan F Helideck,55.47809982299805,5.105527877807617
EKFA,Froðba Heliport,61.543701,-6.77442
ENFB,Statfjord B,61.20639,1.82889
ENHA,"Hamar Lufthavn, Stavsberg",60.8181,11.068
ENHN,Elverum Starmoen Airfield,60.876399,11.675513
ENXW,Grane Helipad,59.165,2.48667
ES-0277,Mofeta Helicopter Base,36.34737,-5.65463
ESKV,Arvika Airfield,59.6759,12.6394
FO-0002,Koltur Heliport,61.984601,-6.963484
FR-0153,Centre Hospitalier Heliport,49.44060134887695,1.111109972000122
FR-0280,Altisurface du Grand Terrus,44.422779,5.644167
FR-0453,Flavacourt Ultralight Airfield,49.35105,1.81304
FR-0572,Base ULM La Bouble,46.218609,2.952293
FR-0596,Trimbach Airfield,48.938056,8.007778
FR-0854,Langatte Aéro Passion Airfield,48.753333,6.965
FR-1027,Montaud Airfield,45.258333,5.554167
FR-1030,Cret de Montieux Airfield,45.463889,4.607778
GB-0033,Heywood Farm Airstrip,51.003954,-3.240817
GB-0077,Finmere Aerodrome,51.985282,-1.056383
GB-0267,Rosemarket Airstrip,51.74526,-4.9642344
GB-0488,St Mellion Airstrip,50.475245,-4.308403
GB-0882,RNAS Crail,56.268619,-2.606592
GB-1234,Panshanger Aerodrome,51.802502,-0.158056
GCLB,El Berriel Aeroc Airport,27.782499,-15.5072
IT-0326,Zagavia Airfield,45.359762,10.65676
IT-0424,Mascioni Airfield,45.899167,8.71735
IT-0505,Felonica Airfield,44.966938,11.354105
IT-0685,Musciano Private Airstrip,43.66433,10.72981
IT-0709,Bolgheri Airfield,43.209663,10.543751
IT-0757,Alino Airfield,46.221329,11.169695
LBKJ,Kaynardzha Airfield,43.969999,27.469754
LFBN,Niort - Marais Poitevin Airport,46.313477,-0.394529
LFGP,Saint-Florentin - Chéu Airfield,47.98019,3.775583
LFSM,Montbéliard-Courcelles Airfield,47.487,6.79054
LFTM,Serres - La Bâtie-Montsaléon Airfield,44.458302,5.72833
LIPS,Istrana Air Base,45.684382,12.086594
LOGX,Rottenmann Hospital Helistop,47.525022,14.367092
LOMN,Sonnenalpe Naßfeld Heliport,46.569037,13.273951
LQNI,Nisici Airfield,44.069444,18.508974
LRSV,Suceava Ștefan cel Mare International Airport,47.6875,26.354099
LSGG,Geneva International Airport,46.238098,6.10895
LT-0029,Dievogala Airstrip,54.85452,23.74284
LTAN,Konya Airport,37.979,32.561901
LZPP,Piešťany Airport,48.62519836425781,17.828399658203125
ME-0004,Splendid Hotel Helipad,42.282278,18.865537
PL-0015,Chociw  (Kanice) Highway Strip,51.656912,20.273529
PL-0048,Krzewica Airport,52.05389,22.70056
PL-0276,Dargomyśl-Dębno Airfield,52.72012,14.6292
PT-0063,Pista de Melides,38.196371,-8.729496
PT-0107,Aerodromo de Mação,39.572335,-7.987393
RU-0002,Afrikanda Air Base,67.456703,32.786701
RU-0097,Oktyabrskiy Airfield,44.64500045776367,40.22200012207031
RU-0523,Podgornoye Airfield,54.740583,20.726472
SY-0034,T3,34.528179,38.733823
TR-0027,Karacabey Hara Airfield,40.156374,28.348111
TR-0146,Liv Hospital Heliport,41.06037,29.0284
TR-0198,ÇOSB Helipad,41.315069,27.97749
UDLS,Stepanavan Airport,41.048500061,44.3372001648
UMMA,Baranavichi Air Base,53.099998,26.049999
UUAE,Pereslavl-Zalessky Heliport,56.691653,38.842977
UWPP,Penza Airport,53.1106,45.021099
AT-0052,Horn Heliport,48.669249,15.660705
BE-0088,Blakenberg Airfield,50.94458,5.05254
BG-0074,Tsar-Kaloyan Cropduster Strip,43.6058,26.287
BG-0140,Ekzarh Antimovo Cropduster Strip,42.54068,26.97151
CY-0022,UNFICYP Camp Roca Helipad,35.13614,32.837374
CZ-0117,Zbudov Airstrip,50.111532,16.517451
CZ-0189,Slezská Harta Airstrip,49.908788,17.535768
DA12,El Abiodh Sidi Cheikh Airport,32.898499,0.524694
DAAF,Aoulef Airport,27.0624,1.1111
DE-0360,Katensen private UL strip,52.4411581,10.1661266
DE-0567,Medinos Clinics Sonneberg District Heliport,50.35401,11.1623
DK-0023,Grønbæk Airfield,56.270588,9.623194
EBSL,Zutendaal Air Base,50.949352,5.593549
EDAX,Müritz Airpark,53.306389,12.752222
EDAZ,Schönhagen Airfield,52.204631,13.159526
EDHM,Hartenholm Airfield,53.915001,10.035556
EDXU,Hüttenbusch Airfield,53.286667,8.947222
EGES,Sanday Airport,59.250301,-2.57667
EGGW,London Luton Airport,51.874699,-0.368333
ENTS,Trysil Sæteråsen Airfield,61.229279,12.266407
ENWK,Gina Krog Helipad,58.57139,1.69528
ES-0081,Aeródromo de Utrera,37.153417,-5.798882
ES-0196,Tinajeros Airfield,39.09825,-1.72071
ES-0267,Santa Cruz de la Zarza Airstrip,39.976746,-3.197516
ES-0285,Albacete University Hospital (FATO) Heliport,38.9823,-1.8444
FR-0107,Château Castel Novel Heliport,45.18333435058594,1.4500000476837158
FR-0360,Base Hydro-ULM du Barrage de Pareloup,44.20667,2.74417
FR-0444,Courseulles-sur-Mer Ultralight Airfield,49.314065,-0.454022
FR-0492,Treigny Ultralight Airfield,47.550607,3.196549
FR-0676,Amanlis Janzé Airfield,47.993056,-1.491389
FR-0709,Jouet sur l'Aubois Airfield,47.0425,2.995556
FR-0768,Vaitella Galeria,42.416111,8.707778
FR-1093,Tonnerre Hospital Heliport,47.85565,3.979356
FR-1212,Ghyvelde DZ,51.032097,2.49615
FR-1259,Le Valdahon Air Base,47.166698,6.35
GB-0053,Lower Manor Farm Airstrip,50.627441,-2.51853
GB-0823,Pentlow Airstrip,52.077414,0.623453
GB-0870,Mosside Farm Airstrip,55.741982,-3.810046
GB-0955,Sears-Crossing Airstrip,51.89257,-0.672483
GB-0983,Ringstead Private Airstrip,52.363769,-0.538888
GB-1141,Kyle of Lochalsh,57.279882,-5.710031
GB-1171,Avisford Park Hotel Heliport,50.8504,-0.617468
HEGO,El Gouna Private Airport,27.365594,33.668461
HU-0007,Börgönd Airfield,47.129833,18.50029
IQ-0018,H3 Air Base,32.92938232421875,39.74510192871094
IS-0008,Einholtsmelar Airport,64.24533,-20.299587
IS-0014,Möðrudalur,65.384167,-15.904444
IT-0078,Prosecco Airfield,45.703333,13.759722
IT-0153,Volturno Fly Aviosuperficie,41.1575,14.3669444
IT-0196,Natale/Battistoni Airfield,45.334957,8.824167
IT-0234,Valdichiana Airfield,43.214021,11.823111
IT-0283,Aviosuperficie Carocci,42.247516,12.308311
IT-0531,Apricena Fly Airfield,41.79806,15.419932
IT-0542,Casa Bianca Model Airfield,45.466596,10.347943
IT-0576,Giannutri Heliport,42.25347,11.100215
IT-0638,Stornara Airfield,41.290108,15.740617
IT-0728,Ternate Seaplane Base,45.779714,8.694788
IT-0915,Elisuperficie San Paolo  Cervo,45.650431,8.013175
IT-0952,Elisuperificie Caselle,45.205948,7.645615
LDHB,Veliki Brijuni Heliport,44.892485,13.75015
LIAU,Capua Airport,41.116001,14.178
LSZU,Buttwil Airfield,47.264702,8.3025
LSZW,Thun Airfield,46.756401,7.60056
LTBF,Balıkesir Airport,39.619301,27.926001
LTFM,İstanbul Airport,41.274874,28.732136
MA-0020,FoumZguid Airfield,30.06854,-6.86244
NL-0063,Heesch Airfield B.88,51.715278,5.568611
NO-0086,Askestad Airstrip,59.74945,10.353466
NO-0130,Torod Airstrip,59.1841,10.40582
OS71,Minaq Air Base,36.521599,37.0415
PL-0134,Krynice Kolonia,53.231111,23.044081
RO-0071,Mânăstirea Airfield,44.21899,26.8735
RO-0113,Chitila-Giulești Airfield,44.49574,26.012836
RU-0354,Krasny Posyolok Airfield,55.8135,36.978
RU-0402,Medvedkovskaya Airstrip,45.4433769126,38.9604592323
RU-0475,Pricep Airstrip,55.098395,38.00034
SA-0046,Neom Bay Staff Compound Heliport,28.003552,35.192857
SE-0070,Sticksjö Private Airstrip,59.31151,15.47868
SK-0024,Klátová Nová Ves Airstrip,48.57884,18.285934
TR-0082,ÖzdilekPark River Plaza Helipad,41.077335,29.009588
UA-0104,Dymer Airstrip,51.0071035,29.9782477
AZ-0016,Pirsagat Airport,39.853999,49.340018
BA-0005,Rajlovac Helicopter Base,43.86972,18.30428
BE-0083,Merchtem Airfield,50.93815,4.20585
BY-7836,Smarhon Air Base,54.52330017089844,26.306699752807617
DE-0146,Edermünde-Grifte Airfield,51.221,9.4475
DE-0279,Esslingen-Jägerhaus Airfield,48.762222,9.333889
DE-0302,Hangensteiner Hof Airfield,48.9328,8.8155
DE-0359,Fehmarn-Neujellingsdorf Airfield,54.455942,11.109612
DE-0717,Helios Clinic Gotha Heliport,50.92894,10.67889
DK-0032,Vejrø Airfield,55.025703,11.347842
EDOM,Klein Mühlingen Airfield,51.947498,11.769722
EERD,Riidaja Airfield,58.08457,25.89877
EGDR,RNAS Culdrose,50.08610153198242,-5.255710124969482
EGNJ,Humberside Airport,53.576152,-0.34954
EGNV,Teesside International Airport,54.509201,-1.42941
EHHV,Hilversum Airfield,52.191898,5.14694
ES-0046,Aeródromo de Trasmirás,42.0517681,-7.5986285
ES-0050,Aeródromo de Villaconejos,40.0969757,-3.5083487
ES-0112,Camaleño-Artañin ULM,43.17817,-4.674958
ES-0210,Palma del Rio 2 UL,37.668501,-5.262086
ES-0284,La Roda Sescam Heliport,39.1907,-2.1486
ESMQ,Kalmar Airport,56.685501,16.2876
FI-0020,Haapajärvi Airport,63.7122,25.395
FR-0036,Centre Hospitalier Heliport,46.981388092041016,3.1222219467163086
FR-0085,Lariboisière Hospital Heliport,48.88262,2.354472
FR-0167,Camas Heliport,49.732176,3.214097
FR-0231,Hôtel Georges Blanc Heliport,46.22083282470703,4.988889217376709
FR-0526,Mondreville Ultralight Airfield,48.168611,2.597778
FR-0553,Le Quesnoy Fire Station Heliport,50.25227,3.62458
GB-0049,Bowerswaine Farm Airfield,50.889923,-1.985821
GB-0373,Forest Farm Airstrip,52.669214,-3.0299325
GB-0398,Saint Michaels Airfield,53.8518,-2.79346
GB-0418,Wishanger Farm Private Airstrip,51.150481,-0.808142
GB-0606,Wortham Airstrip,52.345236,1.064814
GB-0722,Meonstoke Airstrip,50.97394,-1.147556
GB-1130,RAF Downham Market / Bexwell Aerodrome,52.61093,0.40522
GCGO,San Sebastián de La Gomera Heliport,28.0972,-17.1024
HU-0016,Ballószög Airfield,46.8618,19.5566
HU-0018,Balatonfőkajár Airfield,47.0065,18.21188
IE-0052,Lough Sheelin Airstrip,53.7964,-7.28455
IR-0225,Ga'em Hospital Heliport,34.79161,48.11913
IT-0210,Aviosuperficie Pegaso Flying Club,41.541847,13.370451
IT-0317,Fant Air Club Airfield,46.085023,12.068712
IT-0440,Aviosuperficie Grecciano,43.628814,10.482438
IT-0503,Delta Team Lucca Airfield,43.784226,10.603388
IT-0571,Campo di volo Marchese,41.407394,15.29284
LEIG,Igualada/Odena Airfield,41.585602,1.65306
LFCE,Guéret Saint-Laurent Airfield,46.176071,1.953831
LGZA,Zakynthos International Airport Dionysios Solomos,37.7509,20.8843
LPPR,Francisco de Sá Carneiro Airport,41.2481002808,-8.68138980865
LPTM,Bragança Hospital Helipad,41.80265,-6.768767
LSZI,Fricktal-Schupfart Airfield,47.5089,7.95
LW75,Stenkovec Brazda Airfield,42.0594,21.388514
PL-0029,Osie  (Lipinki) Highway Strip,53.60829925537109,18.45059967041016
PL-0175,Lotnisko Wisznice,51.7789,23.165767
RU-0076,Lepsari Airfield,60.138401,30.886499
RU-0234,Emergency Children's Surgery and Traumatology Research Institute Helipad,55.7377542577,37.6176381111
RU-0288,Kushchyovskaya Air Base,46.537,39.548
RU-0291,Nezhitino Airport,57.4813,43.2863
RU-10058,Severomorsk-3 Naval Air Base,68.866669,33.716667
UA-9878,Tyshkivka Airfield,48.475065,30.937243
ULAO,Onega Airfield,63.909376,38.121786
AZ-0025,Sangachal Oil Terminal Heliport,40.200361,49.492087
BE-0065,Trazegnies Heliport,50.476665,4.355556
BG-0104,Chirpan Airfield,42.203822,25.297211
BG-0169,Dobroslavtsi Air Base,42.811795,23.300114
BG-0180,Silistra Polkovnik Lambrinovo Air Base,44.055199,27.178801
CZ-0166,Chvojenec Airstrip,50.108633,15.926742
CZ-0210,Chotouň Heliport,50.05915,14.95774
CZ-0230,Most Hospital Heliport,50.503437,13.630541
CZ-0272,Blátna Air Base,49.431173,13.797095
DE-0094,Agathazell Airfield,47.554788,10.272868
DE-0096,Am Salzgittersee Airfield,52.1702,10.31573
DE-0340,Pretzschendorf Ultralight Airfield,50.884038,13.531042
DE-0843,Sana Hospital Borna Heliport,51.13545,12.5065
DK-0007,Ejstruphede Glider Field,56.02115,8.69093
EDRW,Dierdorf-Wienau Airfield,50.566113,7.653333
EDTL,Lahr Airport,48.369301,7.82772
EDVH,Hodenhagen Airfield,52.761865,9.61056
EDWI,JadeWeser Airport,53.50222,8.052222
EGNO,Warton Aerodrome,53.745098,-2.88306
EIBT,Belmullet Aerodrome,54.2228012085,-10.0307998657
EKKV,Klaksvík Heliport,62.217619,-6.576274
EPKW,Bielsko-Biała Kaniów Airfield,49.94159,19.019566
EPPK,Poznań-Kobylnica Airfield,52.434582,17.044036
ES-0217,Benejama UL,38.696193,-0.744936
ES-0226,Aeródromo forestal de Herrera del Duque,39.2264442,-4.8863799
ETNS,Schleswig Air Base,54.459301,9.51633
FR-0221,Croix de Lognan Heliport,45.96775,6.94023
FR-0363,Soustons,43.7132299,-1.305385
FR-0689,Ville Langy Airfield,46.9475,3.490278
FR-1061,Sainte Hélène Airfield,44.983889,-0.907778
FR-1300,Bouttemy DZ,50.305887,2.699794
FR-1321,Château de Champlâtreux,49.08615,2.408645
GB-0003,Alexandra Park Aerodrome,53.436401,-2.2502
GB-0542,Forfar Airstrip,56.653363,-2.832775
GB-0686,Old Manor Farm Airstrip,53.0443,-0.3328
GB-0696,Manor House Farm Airstrip,52.9726,-0.7157
GB-0874,Burdon Head Farm Airstrip,53.88781,-1.55512
GB-0889,Grove Field Airstrip,52.229,-1.61853
GB-0978,Greenlease Farm Airstrip,50.7484,-0.76941
GB-1016,Swingate Airfield,51.13596,1.34055
GR-0006,Komotini Airfield,41.112185,25.324119
IE-0082,Moneygall Aerodrome,52.849998,-7.983
IL-0018,Jerusalem Airport Helipad,31.86512,35.21785
IQ-0011,As Salman North Air Base,30.646995544433597,44.56970977783203
IT-0140,Pravisdomini Airfield,45.821769,12.68341
IT-0306,Padova Sud Airfield,45.325086,11.872916
IT-0328,Că Mantovane Airfield,45.239484,10.889615
KW-0018,Sabiya Thermal Power Plant Heliport (Entrance),29.573784,48.170929
LGSR,Santorini International Airport,36.400045,25.478638
LIQG,Cecina Airfield,43.2856,10.521183
LKKT,Klatovy Josef Hubáč Airfield,49.418301,13.3219
LW70,Veles Airfield,41.758796,21.842451
NL-0016,Albert Schweitzer Hospital Amstelwijck Heliport,51.776313,4.651054
PL-0075,Przytoczna Airfield,52.52399826049805,15.725000381469728
PT-0043,Aeródromo de Óbidos,39.3907221,-9.1982199
RO-0155,Delta Nature Resort Helipad,45.202278,28.627802
RU-0497,Golubkovo Airfield,58.558887,29.935358
RU-8602,Engels Air Base,51.480499,46.215
SE-0056,Stöde / Prästbordet flygfält,62.408119,16.531705
SK-0031,Šalgovce-Orešany Airstrip,48.50853,17.922363
SY-0012,El Lani Borderpost Helipad,36.165839,36.369263
AL-0010,Korçë Teni Konomi City Hospital Heliport,40.6114,20.7852
AT-0035,Kittsee Heliport,48.09321,17.06593
AT-0057,Kilb Heliport,48.086067,15.428381
BE-0033,Federal Road Police Antwerp Heliport,51.20284,4.37927
BY-9935,Minsk 1 Airport,53.864498,27.5397
CY-0053,Aslanköy Heliport,35.207612,33.586282
CZ-0070,Stará Voda Emergency Field,49.996795,12.575119
CZ-0163,Excalibur City Airfield,48.761552,16.055408
CZ-0176,Třebihošť ULM,50.43546,15.69312
DE-0180,Gustorfer Höhe Airfield,51.0767,6.5475
DE-0385,Fresh Breeze UL,52.518069,9.732115
DE-0581,Ochtendung Heliport,50.35352,7.42395
DE-0680,Nürnberg South Hospital Heliport,49.41419,11.1477
DE-0934,Bavaria Zscheckwitz Rehabilitation Hospital Heliport,50.953246,13.752254
DK-0013,Næstved Airfield,55.210902,11.717592
DK-0015,Aversi Airfield,55.342295,11.832681
DZ-0037,REG In Salah North Airport,28.08605,2.14052
EBLS,Sart Tilman Heliport,50.571148,5.565253
EBNH,Oostende Heliport,51.194097,2.854192
EBOK,Brussels - Groot-Bijgaarden Heliport,50.869522,4.280602
EDTQ,Pattonville Airfield,48.864166,9.224722
EFKT,Kittilä International Airport,67.700996,24.8468
EHBD,Kempen Airport Budel,51.255299,5.60139
EHLW,Leeuwarden Air Base,53.22859954833984,5.760560035705566
ENHD,"Haugesund Airport, Karmøy",59.345299,5.20836
ENHL,Jæren Mikroflyklubb Field,58.684171,5.584273
ES-0065,Aeródromo Aerópolis,40.020804,-4.558266
ETNL,Rostock-Laage Airport,53.918201,12.2783
FR-0293,La Tovière Altiport,45.465669,6.932395
FR-0297,Mont Llaret Roc d'Aude Airfield,42.580555,2.025
FR-0921,Nadesse Airfield,43.854167,1.186944
FR-0936,Courçon Eol'Aunis Airfield,46.248333,-0.830833
FR-1163,Villeneuve Sur Lot Centre Hospitalier Heliport,44.406944,0.747778
FR-1284,Brissay-Choigny,49.721622,3.380656
GB-0410,Tandragee Airstrip,54.3865651,-6.4001751
GB-0419,Shotteswell/Banbury Airfield,52.099336,-1.380587
GMFZ,Taza Airport,34.231887,-3.94701
GR-0064,Kilkis Airfield,40.979304,22.864308
HLZW,Zuwarah International Airport,32.952301,12.0155
IL-0010,Hadassah Heliport,31.799975,35.24041
IT-0072,Val Triversa Airfield,44.906894,8.034096
IT-0194,Santa Lucia Airfield,45.483966,9.953184
IT-0284,Pegaso Airfield,45.318282,12.056959
IT-0410,SCUV Aero Club Valdarno Airfield,43.528658,11.474759
IT-0457,Aviosuperficie Ocria,42.427255,12.457864
IT-0527,Corte Bariani Airfield,45.033193,11.724132
IT-0813,Chiaromonte Hospital Heliport,40.123085,16.216614
KW-0028,Al Sabah Air Ambulance Center,29.32789,47.890857
LBML,Malenovo Heliport,42.56004,26.776538
LFCL,Toulouse-Lasbordes Airfield,43.58677,1.49924
LFGY,Saint-Dié-Remomeix Airfield,48.266475,7.007447
LFRO,Lannion Airport,48.754398,-3.47166
LKHA,Havířov Heliport,49.783668,18.439745
LKLC,Liberec Regional Hospital Helistop,50.77001,15.06394
LKZO,Znojmo Hospital Heliport,48.86828,16.051332
LSZB,Bern Airport,46.912736,7.498819
LT-0009,Naukaimio aerodromas,55.131368,22.964454
LZNZ,Nové Zámky Airfield,47.961944,18.184444
NL-0051,HeliAir Harskamp Heliport,52.124512,5.73547
RO-0021,Fazi Airstrip,46.347099,25.873769
RS-0012,Titel Airstrip,45.1975,20.278889
RS-0034,Zabrežje Airfield,44.68874,20.20939
RU-0290,Kineshma Airport,57.416,42.19
RU-0353,Bunkovo Heliport,55.8802339278,36.8073749542
SE-0087,Emmaboda Airfield,56.610802,15.6048
TR-0150,Kefken Coast Guard Heliport,41.17676,30.22468
UA-0177,Ximik Airfield,47.34706,35.142817
ULOO,Princess Olga Pskov International Airport,57.781316,28.39384
XK-0018,University Clinical Center of Kosovo Heliport,42.64596,21.1627
AT-0088,Vienna University Hospital Heliport,48.221426,16.346201
BIKA,Kaldármelar Airport,64.7789,-22.256901
BISV,Skálavatn Airport,64.115301,-18.785153
BY-0032,Mazalovo Airstrip,53.973285,31.58801
CY-0031,Metehan Helipad,35.176511,33.308935
CZ-0069,Druzcov u Lípy Ultralight Airfield,50.727793,14.925241
CZ-0138,Loučeň Airstrip,50.278744,15.061007
DE-0108,Aue bei Hattorf Airfield,51.6334,10.2544
DE-0281,Baumerlenbach Airfield,49.231,9.421
DE-0311,Isny Glider Field,47.7002,10.0207
DE-0483,Lehnin Military Training Area Fläming Barracks Heliport,52.213658,12.798691
DE-0642,Groß-Gerau District Hospital Heliport,49.91367,8.47589
DE-0882,Jever Air Base,53.533501,7.88867
EDBY,Schmoldow Airfield,53.972761,13.343377
EDPS,Flugplatz Sonnen,48.682777,13.694722
EDSB,Karlsruhe Baden-Baden Airport,48.7794,8.0805
EDWH,Oldenburg-Hatten Airfield,53.06889,8.313611
EHQI,Q4-A Heliport,52.77861,4.26667
EHSA,Europlatform Heliport,51.99792,3.27481
EKHR,Horns Rev A Helideck,55.50894927978516,7.874917030334473
ENRV,Reinsvoll Airfield,60.672199,10.5675
EPWA,Warsaw Chopin Airport,52.165699,20.9671
ES-0209,Aeródromo de Griñón,40.2237809995,-3.866911
ES-0327,Grossa Helipad,39.898227,0.684122
ES-0329,Capdepera Aerodrom,39.692111,3.406375
FR-0432,Mosloy Airfield,49.174466,3.154335
FR-0554,Jean Bernard Emergency Hospital Heliport,50.36115,3.49924
FR-0573,Hommes Volants Ultralight Airfield,47.418534,0.323495
FR-0631,Caudecoste Airfield,44.105278,0.725833
FR-0750,Saint Benoit du Sault Airfield,46.453611,1.404444
FR-0978,Augignac Airfield,45.563056,0.704444
FR-1064,Courcité Airfield,48.29,-0.259167
GB-0208,Thornborough Grounds Airstrip,52.005948,-0.935376
GB-0339,Chipping Airfield,53.885042,-2.620864
GB-0569,Rivar Hill Glider Field,51.3414659,-1.541894
GB-0583,RAF Croft,54.45547,-1.558772
GB-0778,Hill Top Farm Airstrip,51.141744,-0.621929
GB-0832,Dalkeith Farm Airstrip,52.415286,-0.388534
GB-0871,Deptford Airstrip,51.1476,-1.971
GB-0988,Bonnallack Airstrip,50.09776,-5.18582
GE-0028,Camp Djalabeti Heliport,42.3952,43.64011
IQ-0031,Markab Northeast Airport,33.252525329589844,43.59450149536133
IT-0198,Reno Air Club Airfield,44.612923,11.324329
IT-0334,Antares Aeroclub Brindisi Airfield,40.503697,17.964934
IT-0697,Ceccano Heliport,41.53391,13.37462
IT-0772,Sant'Anna Hospital Heliport,44.80066,11.69987
IT-0859,Champoluc Heliport,45.839857,7.730419
IT-0899,Elisuperficie di Gravellona G.A.G.,45.944208,8.433471
IT-0943,Elisuperficie comune Monastero di Lanzo,45.295362,7.428823
IT-0966,Elisuperficie Miro,45.567001,8.181553
LEAM,Almería Airport,36.843899,-2.3701
LEMD,Adolfo Suárez Madrid–Barajas Airport,40.493407,-3.572249
LFMX,Château-Arnoux-Saint-Auban Airfield,44.060001,5.99139
LIPQ,Trieste Airport,45.827862,13.466672
LIRM,Grazzanise Air Base,41.060799,14.0819
LKTC,Točná Airfield,49.985435,14.426465
LODC,Sankt Michael ÖAMTC Heliport,47.33593,15.00104
LOGO,Niederöblarn Airfield,47.478742,14.007101
LPTH,Tomar Hospital Helipad,39.610553,-8.395223
LU-0006,Kirchberg Hospital Heliport,49.632616,6.177118
NL-0032,Heli Holland Heliport,52.803333,6.957222
NL-0122,Kootwijkerbroek Helipad,52.15767,5.70275
NO-0059,Setermoen Airstrip,68.856128,18.350973
NO-0081,Tana Bru Heliport,70.200968,28.192003
RU-10109,Polessk (ex. Labiau Eichwalde) (ZD6S),54.83745,21.11748
TN-0002,Bordj Choucha Heliport,33.13711,11.46215
TR-0108,Federal Border Guard No. 8 Helipad,36.743157,36.604418
UA-0036,Dmitrievka Airfield,48.950001,39.115002
UA-0132,Slavne Airfield,45.731711,33.21123
AT-0082,Schwaz Military Heliport,47.334998,11.697559
BE-0014,Ichtegem Heliport,51.062009,3.030462
BIHZ,Húsafell Airport,64.699773,-20.89216
BY-0002,Bobr Air Base,54.375,29.376699
CY-0055,Pasakoy Heliport,35.155544,33.604919
CZ-0073,Bořitov ULM,49.435539,16.593046
DE-0073,Benediktbeuern Airfield,47.71564,11.3914
DE-0249,Konz-Könen Glider Field,49.675969,6.543002
DE-0291,Morschenich Ultralight Airfield,50.873203,6.552472
DE-0859,DRF Rescue Station Bad Berka Heliport,50.88991,11.26387
DK-0060,Ro Airport,55.2103004456,14.8786001205
DTTX,Sfax Thyna International Airport,34.717999,10.691
EDBR,Rothenburg/Görlitz Airfield,51.363335,14.95
EDDN,Nuremberg Airport,49.498699,11.078056
EDLD,Dinslaken-Schwarze Heide Airfield,51.616018,6.861262
EDWM,Weser-Wümme Airfield,53.05389,9.208611
EE-0006,Piirissaar Airfield,58.378889,27.523333
EERA,Rapla Airfield,58.99028,24.716386
EFET,Enontekio Airport,68.362602233887,23.424299240112
EGVN,RAF Brize Norton,51.75,-1.58362
EHPD,P6-B Heliport,52.73722,3.80361
ES-0113,Aeródromo de La Lora,42.769601,-3.953427
ES-0118,Alcolea de Cinca,41.734222,0.10758333
ETWM,Meppen Air Base,52.723202,7.32633
FR-0229,Hôtel Ariana Heliport,45.67388916015625,5.908888816833496
FR-0404,Sarriac Bigorre Airfield,43.382794,0.134009
FR-0428,Base ULM Thollon les Mémises,46.396667,6.716667
FR-0657,Benesse Maremne Airfield,43.641667,-1.391111
FR-1121,Alzing Airfield,49.270556,6.55
FR-1142,Cannes Simone Veil Hospital Heliport,43.564232,7.005279
GB-0257,Stones Farm Airstrip,51.989162,0.65789
GB-0401,Graveley Airstrip,51.9407,-0.203425
GB-1208,RAF Firbeck,53.39174,-1.1632
GB-1231,RAF Thorne,53.6222,-0.928056
GB-1263,RAF Tangmere,50.847175,-0.703011
GMMI,Essaouira-Mogador Airport,31.397499,-9.68167
HE40,Sidi EL Barrani Airport,31.47201,25.879272
HU-0026,Dány Airfield,47.500436,19.504709
IE-0038,O'Loughlin Airstrip,53.17023,-7.019048
IE-0087,Oranmore Aerodrome,53.283056,-8.918889
IQ-0070,Duhok International Airport (under construction),36.9249,42.7331
IR-0100,Javanrūd Hospital Heliport,34.803571,46.502006
IT-0158,Campo di Volo Aerdomus,41.9419444,12.1402778
IT-0341,Oasi Airfield,45.696556,8.826948
IT-0416,Arcadia Airfield,45.500837,10.789056
IT-0497,AvioSciacca Airfield,37.528809,13.003122
IT-0649,Air Panarea Heliport,38.645999,15.07075
IT-0947,Turin CTO Hospital Helipad,45.033717,7.675249
KW-0021,National Assembly of Kuwait Heliport,29.36981,47.96526
LB-0029,Unifil UNP 2-1 Helipad,33.257651,35.312778
LBSZ,Stara Zagora Airport,42.376667,25.655
LEAB,Albacete Airport / Los Llanos Air Base,38.948502,-1.86352
LEGD,Garidells Heliport,41.21390151977539,1.241559982299805
LELM,Almansa Airfield,38.895,-1.11318
LFBC,Cazaux (BA 120) Air Base,44.533298,-1.125
LFDJ,Aérodrome de Pamiers - Les Pujols,43.090599,1.69583
LFKJ,Ajaccio Napoléon Bonaparte airport,41.923599,8.80292
LFLM,Mâcon-Charnay Airfield,46.295131,4.795977
LFSJ,Sédan Douzy Airfield,49.659698,5.03778
LILS,Clusone Heliport,45.883888244628906,9.966388702392578
LKKO,Kolín Airfield,50.0019,15.1733
LOJS,Falbeson ÖAMTC Heliport,47.05056,11.23622
NL-0095,Johannes Post Kazerne Helipad,52.7937,6.2049
NO-0111,Narvik Framnes Airport,68.436897,17.3867
NO-0112,Huldra Platform,60.855301,2.64861
PL-0074,Kakolewo (former military),52.235001,16.243
RU-0444,Kuzreka Airport,66.621,34.753
SE-0003,Bollnäs,61.356201171875,16.328800201416016
SK-0080,Mlynica Airfield,49.104809,20.318398
TR-0280,Karaköy Helipad,39.028969,27.917617
UA-9864,Chepelevka (Uzin) Air Base,49.7906,30.441401
AL-0002,Korroticës së Ulët Airport,42.605253,20.910351
AT-0019,Vienna State Police Directorate Heliport,48.21528,16.36419
BA-0002,Banja Luka Zalužani Airfield,44.8482,17.222826
CH-0006,Helipad Station Corvatsch,46.417572,9.820629
CZ-0005,Boskovice Hospital Heliport,49.48963,16.646267
CZ-0104,Plešnice Airfield,49.772222,13.162222
DE-0182,Hengsen-Opherdicke Airfield,51.4729,7.6451
DE-0223,Bad Bibra Airfield,51.20199,11.498222
DE-0271,Fischbek Airfield,53.4561,9.8317
DE-0473,Deutsches Herzzentrum München Heliport,48.152786,11.548548
DE-0486,Christoph  Westfalen-ADAC,52.123376,7.690313
DE-0611,Grafenwöhr West Heliport,49.66886,11.65067
DE-0628,Heinrich Braun Hospital Zwickau Heliport,50.7231,12.47106
EBLU,Lummen Heliport,50.991941,5.23903
EDOA,Auerbach Airfield,50.497305,12.377987
EDOR,Stölln-Rhinow Airfield,52.740833,12.39
EPBB,Babięta,53.667905,21.255426
ES-0106,Olula del Río,37.362538,-2.331969
ES-0167,La Llosa Airfield,39.74979,-0.181346
ESQO,Arboga Airfield,59.3866,15.9241
ETSL,Lechfeld Air Base,48.185504,10.8612
FR-0009,Altisurface Notre-Dame-des-Neiges-Abbaye,44.601293,3.927773
FR-0035,Mâcon Hospital Heliport,46.31445,4.8123
FR-0771,Bonnay Airfield,47.333611,6.035833
FR-0955,la brossette Airfield,46.828333,-1.305556
FR-1028,Montverdun Airfield,45.704444,4.074722
FR-1087,Lyon South Hospital Heliport,45.702617,4.807411
FR-1311,BUSSU DZ,49.945669,2.967854
GB-0001,RAF Barford St John,52.004799,-1.35754
GB-0120,RAF Bishopscourt,54.30741,-5.575476
GB-0319,Archerfield Airstrip,56.043574,-2.801755
GB-0378,Barling Airfield,51.569041,0.794642
GB-0437,Ayton Castle Airstrip,55.8512,-2.11824
GB-0484,Birds Edge Airstrip,53.566906,-1.684762
GB-0577,Kirriemuir Farm Strip,56.650319,-3.028797
GB-0657,RAF Wing,51.903056,-0.748333
GB-0677,RAF Halesworth,52.364097,1.531005
GB-0945,Bridge Farm Airstrip,52.64829,1.57163
GB-1014,Fingland,55.324701,-3.204789
GB-1053,Woodhouse Farm Airstrip,54.477841,-1.119415
GB-1157,Queen Elizabeth The Queen Mother Hospital Heliport,51.37581,1.3883
GB-1280,Bognor Regis Lec Airfield,50.801667,-0.658847
GB-1316,West Cumberland Hospital Helipad,54.528256,-3.560958
GG-0002,Jethou Private Heliport,49.45857,-2.46263
HLZU,Zuetina Airport,30.870199,20.0755
HR-0038,Lumbarda Seaplane Terminal,42.923159,17.17049
IL-0001,Kefar Gallim Highway Strip,32.7617093312,34.9535393715
IL-0017,Plugot Airfield,31.640741,34.745581
IT-0081,Pradelle Airfield,45.49278,10.119883
IT-0120,Campo di Volo Sardegna,39.621944,9.101944
IT-0129,Caposile Airfield,45.56529,12.576835
IT-0387,Aviosuperficie Delfina,42.842934,12.734494
IT-0507,Oasi del Volo Airfield,39.407537,9.174867
IT-0766,Azienda Agricola Balduit Giuliano Airfield,45.73732,13.44837
IT-0803,Martina Franca Air Force Base,40.700001,17.333
LDVD,Daruvar Blagorod Airfield,45.559399,17.0331
LFEP,Pouilly-Maconge Airfield,47.221401,4.56111
LFHO,Aubenas-South Ardèche Airport,44.544367,4.372194
LFIV,Aérodrome de Vendays-Montalivet,45.3806,-1.11583
LFTF,Cuers-Pierrefeu Airfield,43.247615,6.126654
LGIK,Ikaria Airport,37.6827011108,26.3470993042
LHZA,Zalaegerszeg Andráshida Airfield,46.884701,16.7889
LIVD,Dobbiaco-Toblach Airstrip,46.727021,12.230723
LKSB,Stichovice Pluml Airfield,49.48739,17.05261
LPVL,Vilar de Luz Airfield,41.27729,-8.516209
LRMA,Mir Aero Heliport,45.687288,25.527105
LT-0012,Vaski Airstrip,56.836457,23.020737
NL-0025,Lukkien Heliport,52.0224444444,5.62394444444
NO-0028,Vestby Airfield,59.620556,10.701111
RU-0261,Golitsyno Helipad,55.5770953068,36.8873906136
RU-0307,Kotelnikovo Air Base,47.635,43.095
RU-0365,Novinki Airfield,54.978557,37.657439
RU-1043,Arctic LNG 2 Construction Yard Heliport,69.089797,33.230432
SE-0106,Fällfors Air Base,65.107597351074,20.761100769043
TR-0038,Yüksekova Highway Strip,37.5439478243,44.3380093575
TR-0136,Şanlı Karakolu Border Post Helipad,35.950741,36.279735
UA-0181,Novomikolayivka Airfield,47.100432,35.702487
UUOL,Lipetsk Airport,52.70280075073242,39.53779983520508
XK-0013,Rahovec Airfield,42.37305,20.61994
AT-0004,Güssing Hospital Helipad,47.04977,16.3217
BE-0076,Gontrode Airfrield,50.98189,3.78642
CZ-0091,Horní Počáply Airstrip,50.418117,14.384269
CZ-0161,Luhačovice Airfield,49.088188,17.718769
CZ-0250,Napajedla Airfield,49.198889,13.6
DE-0063,Rammertshof Amberg Airfield,49.4394,11.8107
DE-0103,Rote Wiese Glider Field,52.2336,10.9809
DE-0125,Peine-Glindbruchkippe Airfield,52.3238,10.1815
DE-0442,Sankt Elisabeth Hospital Iserlohn Heliport,51.380347,7.690685
DE-0546,Vinzenz-Pallotti Hospital Heliport,50.96117,7.17554
DE-0562,Saxon Switzerland Clinic Sebnitz Heliport,50.9828,14.26838
EDLA,Arnsberg-Menden Airfield,51.483891,7.898333
EDMU,Gundelfingen Airfield,48.569343,10.358541
EDNK,Kirchdorf/Inn Airfield,48.238335,12.976667
EFEU,Eura Airfield,61.1161,22.201401
EFMN,Mäntsälä Airfield UL,60.572498,25.5089
EGSP,Peterborough/Sibson Airfield,52.5571,-0.386982
EGSS,London Stansted Airport,51.884998,0.235
EKKA,Midtjyllands Airport / Air Base Karup,56.297139,9.104311
ENGS,Snåsa Airfield Grønøra,64.183586,12.171478
ES-0374,Palma Hospital Heliport,39.583853,2.631692
ESGU,Rörkärr Airfield,58.366493,11.773879
ESUO,Graftavallen Airfield,63.041698,14.0014
FR-0175,Centre Hospitalier De Poitiers Heliport,46.56055450439453,0.382777988910675
FR-0876,Saint Félix Lauragais Airfield,43.438611,1.908889
FR-1002,Thorame-Basse Airfield,44.076793,6.47395
FR-1158,Annecy Centre Hospitalier Heliport,45.932778,6.118611
GB-0009,Aboyne Airfield,57.075003,-2.839832
GB-0105,RAF Bacton,52.838,1.479
GB-0388,Pitsford Water Aerodrome,52.3153,-0.871944
GB-0396,Ysbyty Gwynedd Hospital Heliport,53.208729,-4.15706
GB-0439,Headon Microlight Airfield,53.280868,-0.868435
GB-0575,RAF Errol,56.403486,-3.185044
GB-0852,South Wraxall private Airstrip,51.3853,-2.255
GB-0904,New Grimmet Farm Airstrip,55.361009,-4.643065
GB-1057,Green Lane Farm Airstrip,52.71212,1.247592
GB-1180,RAF Freiston,52.94489,0.06399
GB-1335,Lisburn Heliport,54.49328,-6.097745
HU-0071,Velence Airstrip UL,47.25452,18.64159
HU-0074,Csákvár Air Base,47.350899,18.43
IL-0016,Mount Hermon Helipad,33.304008,35.795109
IL-0020,Cyclone damper,32.906065,35.18946
IS-0012,Sauðanes Airport,66.251859,-15.273914
IT-0085,Samolaco Airfield,46.234686,9.432771
IT-0123,Il Volo Airfield,40.421944,8.686667
IT-0332,Campo di Volo Ali del Chienti,43.260263,13.518618
IT-0358,Cornegliano Airfield,45.288819,9.491562
IT-0422,Pajaro Loco Airfield,45.867979,12.792206
IT-0487,La Strozza Airfield,44.894653,11.669125
IT-0550,Helibase Pelikan 1,46.497639,11.30527
IT-0572,Alidaunia Foggia Heliport,41.423974,15.533946
IT-0740,Edolo Heliport,46.173812,10.334809
LJVE,Šoštanj Airfield,46.397499,15.0453
LPMD,Mirandela Hospital Heliport,41.484771,-7.190643
LSMM,Meiringen Air Base,46.742324,8.108919
LTCG,Trabzon International Airport,40.995098,39.7897
NO-0022,Sølenstua Airfield,61.83666610717773,11.726666450500488
NO-0058,Northern Norway University Hospital Heliport,69.683925,18.984699
PL-0013,Gorzów Wielkopolski Hospital Helipad,52.760165,15.235376
RU-0014,Borisoglebsk Air Base,51.366699,42.178299
RU-0582,Oktyabr'skiy Airstrip,46.4636,38.2878
SA-0102,Tanajib Aramco Hospital Heliport,27.88877,48.80332
SE-0108,Hässleholm Vankivar Airport,56.184700012207,13.75030040741
UA-0127,Kosino Spa Resort Airfield,48.25318,22.498503
UKHH,Kharkiv International Airport,49.926943,36.290814
BG-0022,Staro Zhelezare Airstrip,42.447797,24.663927
BY-0005,Polotsk Airfield,55.411667,28.748333
CZ-0081,Třebíč Airfield,49.198333,15.903056
CZ-0106,Sazomín Ultralight Field,49.5086111,15.9711111
CZ-0283,Lochousice,49.674905,13.099417
DA14,Mostaganem Airport,35.90518,0.144539
DE-0174,Borghorst Airfield,52.1505,7.4531
DE-0175,Büren Airfield,51.5427,8.5808
DE-0237,Landau-Ebenberg Airfield,49.176859,8.131229
DE-0548,Collm Clinic Oschatz Heliport,51.291871,13.11432
DE-0578,Helios Clinic Krefeld Heliport,51.31996,6.56446
DE-0705,Brambauer Hospital Heliport,51.59027,7.443
DE-0808,Göttingen University Clinic Heliport,51.5517,9.94329
DE-0812,Christophsbad Heliport,48.70053,9.64216
DK-0043,Kaleko Airstrip,55.09864,10.2688
DK-0055,Fanø Airstrip,55.3682,8.4593
EBLE,Leopoldsburg Airfield,51.12,5.307222
EDCU,Güstrow Airfield,53.805279,12.230556
EG34,Ledbury Airfield,52.0019,-2.47416
EKOD,Odense Hans Christian Andersen Airport,55.475307,10.327206
EKVJ,Stauning Vestjylland  Airport,55.990101,8.35391
EPKK,Kraków John Paul II International Airport,50.077702,19.7848
ESHD,Danderyds Hospital Heliport,59.391072,18.033473
ESUJ,Tälje Airfield,62.5653,15.8347
FR-0069,Robert Debré Reims University Hospital Heliport,49.22578,4.018508
FR-0810,Mas Nouguier Airfield,43.605833,3.285278
FR-0862,Portbail Airfield,49.335278,-1.713889
FR-1000,Oraison Airfield,43.921888,5.904283
GB-0101,RAF Atcham,52.689291,-2.635489
GB-0379,Latch Farm Airstrip,55.8742,-3.45464
GB-0591,Warren Farm Airstrip,51.290216,-2.719748
GB-0759,Danehill Airstrip,51.0264,-0.0121
GB-0899,Spite Hall Farm Airstrip,54.52297,-1.11655
GB-0960,Sule Skerry Heliport,59.08498,-4.40659
GB-1033,Settrington Airstrip,54.127995,-0.736513
GB-1215,Manston Airport,51.342201,1.34611
GB-1304,Cringletie House Hotel,55.688258,-3.219197
GB-FOA,Foula Airfield,60.121725,-2.053202
HE45,Ras Sedr Airport,29.603,32.689604
HR-0014,Osejava Heliport,43.283997,17.029197
HR-0031,Đakovo Airfield,45.31588,18.44786
HR-0035,Čazma Grabovnica Airfield,45.749699,16.663601
IE-0084,Trevet Airfield,53.543611,-6.531944
IT-0061,Capitalia Heliport,41.824691,12.381729
IT-0853,(?Duplicate?)Elisuperficie Breuil Cervinia,45.927062,7.62493
IT-0935,Elisuperficie Rifugio la Riposa,45.178191,7.081836
LB35,Golyama Smolnitsa Airstrip,43.627269,27.695203
LFMT,Montpellier-Méditerranée Airport,43.576199,3.96301
LHSB,Szabadszállás-Balázspuszta Airfield,46.900278,19.366389
LILY,Como (Idroscalo - Water Ad) Hidroport,45.814701,9.06972
LKKM,Kroměříž Airfield,49.285599,17.4158
LOXZ,Hinterstoisser Air Base,47.202801,14.7442
LQJL,Tuzla Jegin Lug Sport Airfield,44.4578,18.808122
NO-0094,Blestergrende Airstrip,62.079959,9.060599
PL-0069,Gozdnica Airfield,51.459999084472656,15.104999542236328
PL-0205,Stegna-Popowo Airfield,54.303729,19.11149
PL-0283,Dr. Ludwik Rydygier Provincial Hospital Heliport,54.118322,22.926273
PT-0003,Fafe heliport,41.456435,-8.138046
RO-0148,Civitas Tropaensium Museum Helipad,44.091939,27.941483
RO-0167,Dacia Group Mioveni Helipad,44.949127,24.922121
RU-0037,Kaliningrad Devau Airport,54.725128173828125,20.573894500732425
RU-0095,Troekurovka Air Base,53.225454,48.549725
RU-0209,Derevyannoe Air Base,61.606998,34.620998
RU-0256,Nagornoye Helipad,55.9128802485,37.6252770424
RU-0325,Ryshkovo Airfield,51.6561578589,36.1818408966
RU-0504,Kameno Airport,56.409669,40.978079
RU-1046,Skalisty Submarine Base Helipad,69.263263,33.345761
BE-0049,Bassenge-Wonck Ultralight Airfield,50.778301,5.61667
CH-0032,Baden Cantonal Hospital Heliport,47.45567,8.27856
CY-0046,UNFICYP OP140 Heliport,35.06776,33.912798
CZ-0258,Viléma Zítka Gardens Emergency Heliport,50.0722,14.41475
DE-0667,Altötting-Burghausen District Hospital Altötting Heliport,48.23503,12.67676
DE-0686,Meidelstetten Gliderfield,48.36233,9.31004
DE-0692,Ochsenfurt Hospital Heliport,49.65971,10.08672
DE-0820,Congress Center East Kölnmesse Heliport,50.94327,6.98101
EDMD,Dachau-Gröbenried Airfield,48.228675,11.422134
EDNR,Regensburg-Oberhub Airfield,49.141945,12.081944
EDOC,Gardelegen Airfield,52.529641,11.349421
EDXQ,Rotenburg (Wümme) Airfield,53.128334,9.348611
EFTV,Turku University Central Hospital Heliport,60.451111,22.290277
EHAL,Ameland Airport Ballum,53.453612,5.678396
ES-0111,Aeródromo Villanueva del Pardillo,40.5001069999,-3.9920997
ES-0141,Aeródromo de Valdeazores,39.490575,-4.661292
ES-0194,Aeródrome de Arcones,41.11453,-3.73378
ETIC,Grafenwöhr Army Air Field,49.6987,11.9402
ETOR,Coleman Army Air Field,49.563599,8.46339
EYSE,Šeduva Airfield,55.745938,23.804506
FR-0130,Coquelles Eurotunnel Heliport,50.91805648803711,1.7949999570846558
FR-0156,Hopital Jacques Monod Heliport,49.52472305297852,0.1847220063209533
FR-0226,Hôpital Bellevue Heliport,45.4113883972168,4.391666889190674
FR-0419,Le Tucoulet Ultralight Airfield,43.201258,0.547353
FR-0651,Château Vénus Airfield,44.629167,-0.376944
FR-0883,Biran Airfield,43.6775,0.408611
FR-0949,La Bochet Airfield,47.531667,-2.114444
FR-1176,Maubeuge Hospital Helipad,50.28033,3.98849
FR-1257,Vittel-Auzainvilliers Airfield,48.2286,5.84302
GB-0055,Milton Airfield,52.584698,-0.329528
GB-0281,Lyveden Airfield,52.465318,-0.574808
GB-0290,Garforth Airstrip,53.790653,-1.356093
GB-0605,Tunbridge Wells Hospital Heliport,51.149602,0.307671
GB-0628,Eastfield Farm Airstrip,53.364727,0.119561
GB-0875,Curry Rivel Airstrip,51.013215,-2.883267
GB-1273,Plockton Airstrip,57.335499,-5.67308
GR-0027,Xanthi Aeroclub,41.116,24.9211
GR-0054,Chalki Heliport (Ελικοδρόμιο Χάλκης),36.217439,27.61084
IR-0038,Mirmiro Agricultural Airport,34.56826,45.82255
IT-0261,Achille Private Ultralight Airfield,43.99883,12.10792
IT-0269,Rovasenda 2000 Airfield,45.544351,8.278914
IT-0330,"Campo di Volo ""Condor Men""",43.224706,13.329554
IT-0345,Campo di Volo Montalto di Castro,42.362738,11.656572
IT-0614,Otranto Helicopter Base,40.115959,18.499753
IT-0651,Filicudi Porto Heliport,38.557854,14.582586
KW-0008,Qaruh Island Helipad,28.817665,48.776211
LEVO,Villahermosa Heliport,38.750938,-2.842076
LFOB,Beauvais-Tillé airport,49.454399,2.11278
LFSK,Vitry-le-François Vauclerc Airfield,48.702367,4.683109
LLHY,Hillel Yaffe,32.4530556,34.895
LOIR,Reutte-Höfen Airfield,47.470897,10.6913
LQVI,Visoko Kenan Jusufbasic Airfield,44.025059,18.097114
LRIA,Iaşi International Airport,47.179633,27.621431
LRTR,Timișoara Traian Vuia International Airport,45.809898,21.3379
LTBY,Hasan Polatkan Airport,39.811644,30.519268
MD-0002,Vadul lui Voda Airfield,47.0681,29.0954
OITT,Tabriz International Airport,38.1339,46.235001
OKNB,Ras al-Qulayah Naval Base Heliport,28.864500045776367,48.27280044555664
PL-0101,Makosieje Airfield,53.807373,22.540594
PT-0007,Hospital Distrital de Abrantes heliport,39.456142,-8.199821
RO-0131,Constanța County Emergency Clinical Hospital Helipad,44.185713,28.641368
RU-0279,Vera Helipad,55.6203,38.1521
RU-0308,Romanovskaya Airfield,47.530133,42.03
RU-0385,Volsk Airfield,52.0303435013,47.322063446
SA-0015,KJO Hospital Heliport,28.419196,48.512217
SE-0019,Karolinska University Hospital Heliport,59.351101,18.035163
SE-0077,Slageryd Airfield,57.312966,14.954281
TR-0001,Akhisar Military Airport,38.976571,27.853267
TR-0224,Assos Aviation Village Airport,39.49862,26.35856
UA-0020,Melitopol Air Base,46.880001,35.305
VA-0001,Eliporto Internazionale della Città del Vaticano,41.902,12.4465
AEI,Algeciras Heliport,36.12882,-5.441079
BG-0109,Mlekarevo Airport,42.37034,26.08092
BIHY,Hrísey Airport,65.989204,-18.394117
CY-0072,Episkopi Cantonment Helipad,34.685292,32.847448
CZ-0021,Tabulový Vrch Heliport,49.58341,17.220513
CZ-0116,Dynín Airstrip,49.128341,14.633441
CZ-0242,Milovice UL,50.237435,14.909992
CZ-0260,Lednice Power Station Heliport,50.57912,13.7822
DE-0391,Malsch-Ettlingen Ultralight Flightpark,48.901667,8.328333
EBVE,Veurne Heliport,51.02264,2.680374
EDCS,Saarmund Airfield,52.308334,13.100556
EDDE,Erfurt-Weimar Airport,50.978281,10.960713
EDGM,Mosbach-Lohrbach Airfield,49.398888,9.123889
EDMN,Mindelheim-Mattsies Airfield,48.106945,10.525
EDMO,Oberpfaffenhofen Airport,48.081402,11.2831
EDOK,Rudolstadt-Groschwitz Airfield,50.732777,11.236111
EDPK,Schönberg Airfield,48.047779,12.500556
EDQO,Ottengrüner Heide Airfield,50.225834,11.731667
EFRU,Ranua Airfield,65.973099,26.365299
EFUT,Utti Air Base,60.8964,26.9384
EKCH,Copenhagen Kastrup Airport,55.617900848389,12.656000137329
ENAN,"Andøya Airport, Andenes",69.295193,16.139379
EPZK,Konopnica Airfield,51.360179,18.822057
ES-0079,Aeródromo La Balanzona,37.9617333333,-4.80705
ES-0083,Aeródromo forestal de La Yesa,39.909035,-0.948624
ES-0117,Alcolea Airstrip,37.945619,-4.615416
ES-0148,Villanueva de la Cañada Airfield,40.436582,-4.024985
ES-0342,FIB Xurés Heliport,41.95115,-7.95731
FR-0147,La Ferme Saint Siméon Heliport,49.424686431884766,0.22359499335289
FR-0183,Aérodrome de Monhoudou,48.2758993,0.3257194
FR-0477,Vol d'Oiseau Ultralight Airfield,45.690886,-1.005394
FR-1180,Enevelin DZ,50.540093,3.126588
GB-0016,Bryngwyn Bach Airfield,53.270314,-3.355823
GB-0342,Vanguard Heliport,51.490626,-0.025373
GB-0371,Decoy Farm Airstrip,52.865514,-0.303276
GB-0821,Lodge Farm Airstrip,51.7965,1.1059
GB-0879,Slemish Airfield,54.902845,-6.135285
GB-1168,Milton Keynes University Hospital Heliport,52.025499,-0.734462
GB-1220,Bristol Filton Airport,51.519402,-2.59083
GE-0021,Mukhrani Airport,41.916,44.566
IL-0006,Naan Airstrip,31.8851,34.8862
IT-0048,Castelnuovo Don Bosco Airfield,45.024444,7.966389
IT-0058,Prealpi-Musinè Airfield,45.124499,7.521442
IT-0150,Francesco Baracca Airfield,45.842203,12.193594
IT-0268,Banda Bassotti Airfield,44.926373,11.051473
IT-0681,Aviosuperfice Tronto,42.89005,13.87096
IT-0817,Cecina Hospital Heliport,43.31615,10.53216
LFGK,Joigny Airfield,47.994462,3.392715
LKNY,Nymburk Airfield,50.169101,15.05245
LYLE,Leskovac / Mira Sport Airfield,43.019665,21.931963
NL-0030,De Voorst Glidersite,52.684722,5.910556
PL-0190,Wilków Średzki,51.06434,16.6979
RU-0217,Sormovo Airfield,56.31999969482422,43.79999923706055
RU-0304,Kapustin Yar Airfield,48.667,45.732
RU-0381,Osypnoy Bugor Airfield,46.2871581029,48.0611729622
SK-0037,Drienovec Airstrip,48.607864,20.938503
TR-0016,Balıkesir Manyas Airfield,40.115021,27.93894
TR-0156,Akdeniz Uni. Hospital Helipad,36.89544,30.660369
UA-0040,Sovyetskiy Air Base,45.35499954223633,34.939998626708984
UA-0198,Fadiivka Airstrip,49.99397,27.40754
UK59,Chuhuiv Air Base,49.8382,36.641201
UKFK,Kerch Airport,45.372501,36.401402
ULWC,Cherepovets Airport,59.273601532,38.0158004761
AT-0073,Schwaz Hospital Helistop,47.343887,11.704742
BG-0084,Nedelevo Airstrip,42.338768,24.610223
CH-0047,Ascona Airport,46.157799,8.78194
CY-0070,Paramali South Helipad,34.666881,32.807612
CZ-0253,Kozmice Airstrip,49.91333,18.1643
DE-0166,Eschwege Airfield,51.197,10.025
DE-0228,Dingelstedt Airfield,51.986122,10.967081
DE-0588,Sankt Josef Hospital Heliport,48.03333,10.72428
DE-0877,Schwerin Parchim International Airport,53.426998,11.7834
DK-0024,Orupgård Airfield,54.76877,11.948487
DZ-0019,Hassi Bel Guebour Airport,28.68354,6.49767
EBAR,Arlon-Sterpenich Ultralight Airfield,49.661981,5.885953
EBHL,Halen Heliport,50.930274,5.080558
EBLC,Citadelle Heliport,50.653392,5.57765
EDDC,Dresden Airport,51.134123,13.767831
EDGA,Ailertchen Airfield,50.593056,7.945
EDQF,Ansbach-Petersdorf Airfield,49.361111,10.669444
EFVU,Vuotso Airfield,68.087196,27.123899
EG-0019,Kafr el-Sheikh Heliport,31.09911,30.95668
EG-0052,Suez Oil Heliport,28.9424,33.18593
EG-0060,Sheikh Zayed City Military Airstrip,30.03825,30.885848
EG-0061,Sheikh Zayed City Military Heliport,30.039018,30.893517
EGER,Stronsay Airport,59.1553,-2.64139
EGHJ,Bembridge Airport,50.678101,-1.10944
EGOW,RAF Woodvale,53.5816,-3.05552
EHBK,Maastricht Aachen Airport,50.911087,5.769401
EHKX,K12-K Heliport,53.42278,3.96028
EHTP,Maasvlakte Heliport,51.95940017700195,4.090000152587891
EICD,Craddenstown Airfield,53.542749,-7.061153
ES-0225,"Aeródromo Forestal ""Puebla de Don Rodrigo""",39.066067,-4.488502
ES-0345,Barco de Valdeorras Heliport,42.434147,-6.972064
ES-0357,Hinojosa del Duque Airfield,38.51209,-5.107215
ETJB,Schonewald CRC Helipad,53.509955,13.43567
EYMO,Molėtai Airfield,55.112875,25.336484
FR-0115,Prechac Heliport,42.999939,-0.079361
FR-0424,Bazas Cazats Airfield,44.462263,-0.187844
FR-0603,Saint Julien Airfield,44.728611,0.446111
FR-0874,Bozouls Airfield,44.478056,2.747222
FR-1076,Franche-Comté North Hospital Heliport,47.575996,6.87308
FR-1110,Château de l'Estang Airfield,47.207222,1.264444
GB-0067,Canterbury Airfield,51.291875,0.999584
GB-0143,RAF Bungay / RAF Flixton,52.43006,1.418352
GB-0191,Cruglas Synod Inn Airstrip,52.129609,-4.366433
GB-0195,Easton Maudit Airstrip,52.213547,-0.70149
GB-0743,Clyde Heliport,55.867934,-4.333116
GB-0816,Notley Green Airstrip,51.9934,-0.0637
GB-1013,Montrose Airstrip,56.727913,-2.500514
GR-0057,Gadouras Helipad,36.138093,28.070957
IQ-0071,Tasluja Army Heliport,35.61258,45.26013
IT-0190,Baialupo Airfield,45.5529,9.50567
IT-0252,Delta Culture Club Airfield,44.571111,11.451667
IT-0593,Bari Carabinieri Heliport,41.137914,16.781691
IT-0624,Celone Airfield,41.551111,15.558889
LEDV,San Martin Firefighting Heliport,40.357728,-4.376101
LFAM,Berck-sur-Mer Airfield,50.4231,1.59194
LFHT,Ambert - Le Poyet Airfield,45.516196,3.74514
LFMP,Perpignan-Rivesaltes (Llabanère) Airport,42.740398,2.87067
LFPE,Meaux-Esbly Airfield,48.927462,2.833457
LFRT,Saint-Brieuc-Armor Airport,48.538628,-2.853518
LIMF,Turin Airport,45.200802,7.64963
LOGL,Lanzen-Turnau Airfield,47.556155,15.320327
LV-0014,Grotūžis Airstrip,57.440742,25.875658
NL-0085,Coolen Heythuysen Helipad,51.24289,5.90547
NL-0133,Pettelaar Heliport,51.679065,5.335698
NO-0036,Ljørdalen Flyplass,61.3561484,12.7570594
NO-0045,Østfold Hospital Heliport,59.318877,11.023754
RS-0036,BIA (Security Information Agency) Heliport,44.76119,20.46897
RU-0244,Krasnyye Sosenki Heliport,56.843,40.485
RU-0378,Khunzakh Alart Airport,42.570339,46.729059
RU-0767,Yam Airfield,56.33257,38.6369
SI-0002,Mostje Lendava Airfield,46.599656,16.432071
SI-0024,Zagorje ob Savi Airfield,46.142412,14.998541
SY-0015,Tarek Heliport,34.434067,40.913862
UA-0032,Artsyz Air Base,45.945829,29.376832
UA-0120,Novopavlivka Airstrip,48.13629,36.73524
UG27,Vaziani Air Base,41.627998,45.0308
AT-0081,Hochfilzen Heliport,47.477500915527,12.650278091431
AT-0089,Fels am Wagram Airfield,48.43317,15.80151
BG-0125,Begovo Airstrip,42.41256,24.80449
CZ-0024,Chrudim Hospital Heliport,49.941085,15.808309
DE-0331,Forst-Sengenthal Ultralight Airfield,49.215229,11.400697
DE-0492,Hamburg Military Hospital Helipad,53.596875,10.077857
DZ-0017,Menzel Lejmat Nord Airport,30.33557,7.834783
EDEQ,Mühlhausen Airfield,51.213055,10.548611
EGPO,Stornoway Airport,58.215599,-6.33111
EGPT,Perth/Scone Airport,56.439201,-3.37222
EHQM,Q1-D Heliport,52.87222,4.17139
ES-0229,Villena,38.5868201,-0.8559465
ES-0271,Terrinches Agro Airstrip,38.61471,-2.85748
ES-0363,Sa Sabina Heliport,38.716547,1.399969
ESAN,Norra Alvsborgs County Hospital Heliport,58.319006,12.26819
FR-0394,Aérodrome de Lacave le Frau,44.841835,1.58879
FR-0875,Saint Félix de Lunel Airfield,44.5625,2.541944
FR-1085,Gien Centre Hospitalier Heliport,47.690278,2.634722
FR-1208,Carré du Helin,50.542945,3.15357
GB-0089,RAF Akeman Street,51.823889,-1.515556
GB-0382,Seighford Glider Field,52.827865,-2.203651
GB-0384,Kenley Glider Field,51.305429,-0.095957
GB-0562,Stow Maries Great War Aerodrome,51.66948,0.632684
GB-0694,Camp Farm Airstrip,52.473919,-1.446033
GB-0720,Newcastle City Heliport,54.9615,-1.6274
GB-0834,Little Engeham Farm Airstrip,51.1003,0.7789
GB-1188,RAF Chetwynd,52.81081,-2.4028
GB-1292,HMS Caledonia,56.032196,-3.451508
GMML,Laayoune Hassan I International Airport,27.142467,-13.224947
HU-0063,Martfű Airstrip,47.01397,20.28573
IT-0007,Campo di Volo Assoro,37.56181,14.496374
IT-0395,Collina Airfield,43.988371,11.389562
IT-0628,Lucera Airfield,41.497978,15.419444
IT-0775,Verolengo Airstrip,45.18612,7.98596
IT-0908,Elisuperficie di Mezzana M.,45.624446,8.185346
LB36,Sokolovo Airstrip,43.475641,28.103522
LDHE,Cres Heliport,44.965682,14.398595
LEGU,Aeródromo de Guadalupe,39.345699,-5.19735
LFAP,Rethel-Perthes Airfield,49.48097,4.363304
LFPV,Vélizy-Villacoublay Air Base,48.774406,2.203102
LGLR,Larissa Air Base,39.650253,22.4655
LGSD,Sedes Air Base,40.5331,23.025299
LKPP,Predni Kopanina Heliport,50.119444,14.303056
LSHG,Gampel Heliport,46.310055,7.724794
LT-0031,Krokialaukis,54.426259,23.774189
PL-0159,Suliszew 2 Airstrip,51.925352,20.265214
PL-0268,Ziemsko Airfield,53.477805,15.730927
RO-0160,Emergency County Hospital Bacau,46.556444,26.910131
RU-10077,Yeysk Airport,46.68,38.21
SE-0002,Stegeborg,58.433696,16.606826
SE-0033,Vindeln Flygfält,64.2676824,19.6187966
TR-0207,Yeni State Hospital Heliport,36.243603,36.560386
UA-0022,Kacha Air Base,44.779764,33.572245
UA-0090,Korostelivka Airstrip,50.557536,28.779839
AD-0002,Arinsal (Coll de la Botella) Heliport,42.544983,1.452258
AM-0011,Jermuk Airport,39.823666,45.67327
BG-0071,Medovnitsa Airstrip,43.647866,22.797611
BY-0048,Palačany Airstrip,54.24219,26.72302
CH-0001,San Vittore Heliport,46.232196,9.089497
CY-0040,UNFICYP OP126 Heliport,35.015922,33.683042
CZ-0107,Litoměřice Airstrip,50.526515,14.18616
DE-0200,Kerken Ultralight Airfield,51.438889,6.445556
DE-0283,Auf der Schaufel Ultralight Airfield,51.093889,9.148333
DE-0504,Asklepios Clinic Bad Tölz Heliport,47.755941,11.551597
DE-0757,Sankt Elisabeth Hospital Leipzig Heliport,51.30341,12.37863
DE-0863,Feldafing Heliport,47.93597,11.29251
EDGR,Gießen-Reiskirchen Airfield,50.566376,8.869164
EDOS,Pennewitz Airfield,50.669692,11.051087
EDWC,Damme Airfield,52.487558,8.185151
EE-0011,Piibe Airfield,59.40601,25.26657
EFVI,Viitasaari Airfield,63.122501,25.816099
EGTF,Fairoaks Airport,51.348099,-0.558889
EHLU,L8-P Heliport,53.64,4.5625
EPBA,Bielsko-Biała Aleksandrowice Airfield,49.805,19.0019
ES-0001,Trebujena Airfield,36.858889,-6.139167
ESGI,Rödene Airfield,57.948888,12.575827
FR-0295,Château de Montmeilleur Airfield,44.793799,5.764096
FR-0321,Mens Altiport,44.804998,5.754122
FR-0369,Base Hydro-ULM La Salanque Latécoère,42.81667,3.0
FR-0478,Aérodrome de Cossé le Vivien,47.97263,-0.91864
FR-0567,Omaha Beach Airfield,49.353231,-0.843067
FR-0815,Fenestres Airfield,44.844167,3.188056
FR-0959,Saint Martin des Fontaines Airfield,46.553611,-0.900556
FR-1256,Fréjus Airport,43.417524,6.735697
FR-1273,Vouzon le Rabot Airfield,47.655587,1.988071
GB-0316,Napps Field Airstrip,51.65625,0.42067
GB-0334,Breidden Airfield,52.702036,-3.092449
GB-1110,RAF Debden,51.99196,0.27474
GB-1302,Holyrood Palace temp landing site,55.952523,-3.16835
GMMZ,Ouarzazate International Airport,30.9391,-6.90943
GR-0093,Giannioti Watermill Heliport,40.44124,21.53112
HL64,Benghazi Aviation Club Airport,31.9757,20.026899
IT-0087,Guglielmo Zamboni Airfield,44.475,11.541664
IT-0273,Giuliano Borgonovi Airfield,45.187103,9.042821
LB33,Leskovo Airfield,43.724185,27.690751
LEMP,Los Martínez Del Puerto Airfield,37.836817,-1.097667
LFDP,St Pierre d'Oléron Airfield,45.959202,-1.31611
LFLQ,Montélimar-Ancône Airfield,44.579883,4.738789
LFMN,Nice-Côte d'Azur Airport,43.658401,7.21587
LFOM,Lessay Airfield,49.202276,-1.507983
LFSP,Pontarlier Airfield,46.904032,6.326826
LKTO,Toužim Airfield,50.086399,12.9528
LSGL,Lausanne la Blécherette Airport,46.54509,6.616629
LSXT,Trogen Heliport,47.408977,9.473074
LV-0011,Taurene Airfield,57.169426,25.676857
LZZI,Žilina-Dolný Hričov Airport,49.233292,18.613386
OICD,Abdanan Airport,32.934502,47.483398
OITL,Ardabil Airport,38.3256988525,48.4244003296
PL-0150,Folwark Piaski Airfield,52.4798514,17.7678974
PS-0004,RAF Gaza,31.472586,34.478874
PT-0165,Pista Agricola de Azambuja,39.065756,-8.857362
RU-0165,Agoy Airfield,44.138929,39.028943
RU-0197,Zimovniki Air Base,47.141998,42.395
RU-0417,Okulovka Airport,58.3744706694,33.3122205734
TR-0253,Yayuz Sel Border Post Helipad,39.114394,44.133352
UA-0067,Kanatove Air Base,48.5613645875,32.3872071505
UA-0129,Koktebel Gliding Center,45.020896,35.206845
UBBZ,Zangilan International Airport,39.11443,46.74392
BIFL,Flúðir Airport,64.144595,-20.327069
BY-0040,Pinsk / Galevo Airfield,52.155729,26.128964
CY-0090,Athienou Helipad,35.080933,33.509089
CZ-0033,Hořovice Hospital Heliport,49.840144,13.917671
CZ-0076,Milovice Air Base,50.236111,14.922222
CZ-0103,Střemy Airstrip,50.385,14.577222
CZ-0277,Lukla Airstrip,50.511019,13.339142
DE-0153,Homberg (Ohm) Airfield,50.7465,9.0192
DE-0532,Saint Vincent Hospital Limburg Heliport,50.38764,8.05149
DE-0597,RoMed Hospital Prien Heliport,47.85012,12.36949
DE-0669,Evangelisches Diakonie Hospital Schwäbisch Hall Heliport,49.12535,9.74176
DK-0021,Gesten Glider Field,55.550967,9.189979
DTTA,Tunis Carthage International Airport,36.851002,10.2272
EDQN,Neustadt/Aisch Airfield,49.587502,10.5775
EDTZ,Konstanz Airfield,47.681435,9.139258
EFKJ,Kauhajoki Airfield,62.463212,22.390817
EFYL,Ylivieska Airfield,64.054722,24.725278
EGGP,Liverpool John Lennon Airport,53.334863,-2.849637
ENWA,Alvheim FPSO Helideck,59.566667,1.991667
EPLR,Lublin Radwiec Airfield,51.221901,22.394699
ES-0151,Aeródromo de Treviño,42.7212725,-2.6783924
ESET,Torsby Hospital Heliport,60.136687,12.997441
ESQP,Berga Heliport,59.070202,18.117001
FR-0102,Centre Hospitalier Heliport,45.26666641235352,1.7666670083999634
FR-0646,Pommevic Airfield,44.084167,0.925833
FR-0668,Grand Prouilhat Airfield,45.932778,3.316389
FR-0706,Dun sur Auron Airfield,46.876111,2.503611
GB-0868,Hollym West Airfield,53.711034,0.036907
GB-0992,Chesham Vale Airstrip,51.73334,-0.60826
GE-0040,Tskhinvali Heliport,42.232158,43.936895
IE-0051,Carrigart Airstrip,55.161563,-7.710258
IQ-0063,Camp Baharia Army Heliport,33.33409,43.84786
IQ-0073,Anbar Operations Command Heliport,33.441974,43.258886
IR-0231,Qasr-e Shirin Border Regiment Medical Heliport,34.52559,45.60622
IT-0355,Aviosuperficie Vallesanta,42.427317,12.805221
IT-0555,L'Airone Airfield,40.972203,16.909364
IT-0748,Mirano Hospital Heliport,45.500707,12.113037
LGEL,Elefsis Air Base,38.063801,23.556
LGKC,Kithira Airport,36.273978,23.016719
LIBG,Taranto-Grottaglie Marcello Arlotta Airport,40.517502,17.4032
LKCB,Cheb Airfield,50.066101,12.4117
LKHV,Hořovice Airfield,49.848099,13.8935
LLMG,Megiddo Airport,32.597301,35.228802
LT-0010,Griškabūdis Airstrip,54.830228,23.197771
LTBH,Çanakkale Airport,40.1376991272,26.4267997742
LY-0011,Jofra Oilfield Airport,29.3613,18.00728
ME-0001,Ulcinj Airport,41.88909,19.34169
MK-0012,Alekso Demniveski - Bauman Military Base Heliport,41.713567,21.7617
NO-0029,Gjølstad Airfield,60.2666666667,12.0208333333
PL-0081,Działyń Airstrip,52.603819,17.477329
PL-0282,Szczecin Hospital Heliport,53.450159,14.50603
PT-0005,Hospital de Santa Cruz heliport,38.726135,-9.234083
RO-0107,Deveselu Air Base,44.0773010254,24.4164009094
RS-0032,Ćuprija Airstrip,43.94069,21.40903
RU-0033,Plestsy Air Base,62.71947,40.498156
RU-0683,Bestuzhevo Airstrip,61.5929,43.9428
SA-0105,Saudi Aramco Wasit Heliport,27.1139,49.29449
SE-0010,Vallentuna flygfält,59.541786,18.038661
SE-0034,Malå flygfält,65.2133586,18.6844303
TR-0173,Turkey Air Traffic Control Center Helipad,40.138042,32.99355
UKDB,Berdyansk Airport,46.814999,36.758099
AM-0007,Meghri Airport,38.9115725716,46.198925972
BG-0076,Ezerets Airstrip,43.59181,28.50535
BIMS,Tungubakkar Airport,64.181754,-21.706101
CH-0035,Jura Hospital Delémont Heliport,47.36894,7.34014
DE-0055,Tirschenreuth  Airfield,49.8739,12.3281
DE-0192,Lindlar Glider Field,50.9952,7.3738
DE-0229,Schlechtenfeld Glider Strip,48.284722,9.673333
DE-0284,Roßberg Becherbach Airfield,49.642961,7.6841
DE-0307,Hilzingen Airfield,47.7604,8.7683
DE-0551,Catholic Clinic Marienhof Koblenz Heliport,50.35987,7.57101
DK-0022,Frederikssund Nord Glider Field,55.852511,12.074404
EDAU,Riesa-Göhlis Airport,51.29361,13.356111
EDLZ,Soest-Bad Sassendorf Airfield,51.578056,8.214722
EDOY,Ahrensfelde Heliport,52.601,13.576
EDPM,Donzdorf Airfield,48.678177,9.845909
EGAE,City of Derry Airport,55.042801,-7.16111
EHLM,L10-M Heliport,53.40528,4.0225
EINC,Newcastle Aerodrome,53.071098,-6.04528
EKAH,Aarhus Airport,56.303331,10.618286
ESGA,Backamo Airfield,58.1772,11.9735
ESGV,Varberg Getterön Airfield,57.125052,12.229157
ESTA,Ängelholm-Helsingborg Airport,56.29610061645508,12.847100257873535
FR-0243,Gendarmerie and Civil Security Helicopter Base,45.93893,6.895783
FR-0443,Beaulieu-sur-Loire Ultralight Airfield,47.55844,2.8242
FR-0463,Île-Molène Heliport,48.399964,-4.959996
FR-0869,Lassay les Châteaux Le Rudson Airfield,48.457778,-0.425833
GB-0020,RAF St Davids,51.886134,-5.216221
GB-0125,RAF Bodney,52.561638,0.714712
GB-0320,Arclid Airfield,53.14197,-2.318138
GB-0370,Derryogue,54.0517,-6.029625
GB-0416,Shenington Gliding Club,52.0843451,-1.4735737
GB-0761,Manor Farm Airstrip,51.4957,-1.4822
GB-0919,Throstle Nest Farm Airstrip,54.529774,-0.927207
GB-0927,Romney Street Airstrip,51.335465,0.223031
GB-1031,Eccles Newton Farm Airstrip,55.65592,-2.35326
GB-1266,RAF Lympne / Lympne Airport,51.079991,1.016622
GE-0010,Senaki Air Base,42.2403057198,42.0454931259
GR-0102,Skiathos Heliport,39.14462,23.44039
HE19,As Sallum Airport,31.464013,25.278039
HE21,Ras Shukeir Airport,28.19694,33.206005
IE-0083,Powerscourt Airfield,53.178301,-6.196495
IT-0201,Aviosuperficie del Sole,40.624425,14.845842
IT-0324,Borgo Castelvecchio Airfield,43.012021,11.733956
IT-0762,Alicusa,37.612908,12.700109
IT-0805,Cerrina Airfield,45.005,7.492778
LFGB,Mulhouse-Habsheim Airfield,47.741299,7.43221
LFPT,Pontoise-Cormeilles Aerodrome,49.096064,2.035543
LFRI,La Roche-sur-Yon Les Ajoncs Airport,46.7019,-1.37863
NL-0031,Haamstede Glidersite,51.708889,3.712222
NL-0038,Venlo-Herongen Air Base,51.368611,6.211944
NL-0092,De Kreupel Helipad,52.792778,5.240659
PL-0002,Kołobrzeg-Bagicz Airfield,54.200077,15.683752
PT-0131,Faias UL,38.687721,-8.745375
RO-0175,Ruck Ventilatoare private airstrip,46.324995,24.308566
RU-9942,Shaykovka Air Base,54.2267,34.3717
SE-0005,Åre / Molanda,63.3283291729,13.425722122199998
SE-0041,Satter Airstrip,66.88023,21.91066
SI-0009,Imeno Field,46.12669,15.603708
UA-0030,Luzhani Airfield,48.38399887084961,25.767000198364254
UA-0041,Yuzhniy Airfield,44.5800018311,33.4959983826
UA-0099,Kremydivka Airfield,46.758049,30.792846
AT-0037,Schwerpunkt Heliport,47.279549,16.201566
BE-0018,Mont-Godinne University Hospital Heliport,50.35869,4.884487
BIFZ,Forsæti Airport,63.84816,-20.716267
BY-0018,Bozhki Airstrip,55.816719,28.025859
BY-0026,Komsomolskaya Airstrip,53.213143,27.36075
CY-0089,Unmanned Systems Research Laboratory (USRL) Runway,35.095038,33.08165
CZ-0055,Česká Třebová Airstrip,49.91,16.455278
DAAV,Jijel Ferhat Abbas Airport,36.794125,5.873652
DE-0165,Stauffenbühl Airfield,51.1592,10.0472
DE-0376,Mittelfischach Ultralight Airfield,49.034134,9.871645
DE-0425,Machern Cropduster Strip,51.35862,12.611778
DE-0540,Porz am Rhein Hospital Heliport,50.89163,7.05102
DE-0698,Westphalia Miners' Hospital Heliport,51.51896,7.53337
DK-0016,Sølager Airfiield,55.949956,11.925052
EBMD,ZNA Middelheim Hospital Heliport,51.181674,4.421096
EDLG,Goch-Asperden Airfield,51.690834,6.104167
EDPG,Griesau Airfield,48.953888,12.421389
EDTH,Heubach Airfield,48.802996,9.927714
EEPS,Paljassaare Heliport,59.457942,24.701042
ES-0157,Aeródromo de Ordis,42.2325,2.8869444
ES-0168,Lebrija UL,36.896138,-6.0393716
ES-0279,Formentera Heliport,38.707918,1.435214
EVAH,Limbaži Airfield,57.485476,24.672384
FR-0142,Jacques Monod Hospital Heliport,48.74947,-0.53896
FR-0327,Crottet-Le Bief Ultralight Airfield,46.284929,4.885957
FR-0436,Val-de-Reuil Ultralight Airfield,49.282168,1.23167
FR-0530,Sélestat Hospital Heliport,48.261787,7.432241
FR-0601,Beaumont Airfield,44.766111,0.724722
FR-0772,Arc-sous-Cicon Airfield,47.045833,6.388889
FR-1137,Gueret Centre Hospitalier Heliport,46.161203,1.86877
FR-1187,Peuplingues DZ,50.912558,1.764625
FR-1320,HASNON DZ,50.425498,3.382201
GB-0176,Jackrells Farm Airstrip,51.032542,-0.330362
GB-0252,Crowland Glider Field,52.709547,-0.139669
GB-0687,Bitteswell Farm Airstrip,52.475124,-1.207507
GB-1063,Innerleithen (closed),55.621797,-3.08773
GB-1291,RAF Spadeadam,55.057248,-2.565286
GE-0018,Inkiti Lake Airport,43.177093,40.323395
HEAR,El Arish International Airport,31.055324,33.827964
HU-0045,Bácsbokod Border Police Heliport,46.10847,19.15722
IE-0069,Clonkeiffy Farm Airstrip,53.80343,-7.18509
IT-0080,Mazarack Flying Field,45.639444,12.943611
IT-0435,Ali Fucecchio Airfield,43.751529,10.8078
IT-0819,Gaetano Pasquinucci Heart Hospital Heliport,44.01919,10.15235
IT-0888,Elisuperficie di Rima,45.883855,8.00236
LEDE,Córdoba-Villarrubia Airfield,37.836632,-4.896426
LERE,Aeródromo Requena El Rebollar,39.474701,-1.03444
LHNK,Nagykanizsa Airfield,46.428304,16.957569
LJMS,Murska Sobota Airfield,46.629398,16.174999
LOGW,Weiz-Unterfladnitz Airfield,47.170293,15.664468
LTBT,Akhisar Airport / Akhisar Air Base,38.808899,27.8339
LV-0018,Strēlnieks Airstrip,56.508202,24.076641
MK-0005,Mother Teresa Clinical Center Heliport,41.988576,21.423777
NO-0051,"Kristiansand Heliport, Hospital",58.164124,7.981816
NO-0061,Eidsberg Airstrip,59.535537,11.243937
PL-0192,Chalin 1 Airstrip,52.586038,16.034364
PT-0065,Herdade do Rio Frio Airstrip,38.680518,-8.857877
PT-0124,Entre-os-Rios Airstrip,41.075924,-8.271482
PT-0132,Heliporto do Tabaçô,41.829959,-8.443393
RO-0023,Drobeta-Turnu Severin Airfield,44.580503,22.847785
RU-0158,Severskaya Airfield,44.85499954223633,38.63999938964844
RU-10154,Klenovo Heliport,55.329964,37.342382
RU-9994,Bykovo Airport,55.616979,38.059995
TR-0093,Karpuzkaldıran Military Helipad,36.853054,30.796124
TR-0119,Inanli Village Border Post Helipad,36.665583,37.166737
AZ-0015,Sangachaly Air Base,40.129771,49.454956
BG-0007,Glozhene South Airport,43.678589,23.796827
CH-0031,Zug Cantonal Hospital Heliport,47.1941,8.51831
DE-0106,Hoya Airfield,52.8119,9.1638
DE-0209,Sundern-Seidfeld Airfield,51.3032,7.9807
DE-0395,Sonderlandeplatz Kremmen-Hohenbruch UL,52.797548,13.102406
DE-0872,Haar Hospital Heliport,48.11777,11.74781
DE-0897,Hopsten Air Base,52.33869934082,7.5413298606873
DK-0044,Emmelev Flyveplads,56.47528,10.78563
DK-0063,Nakskov Airfield,54.8172,11.1308
EDAI,Sonderlandeplatz Segeletz,52.826668,12.541944
EDNQ,Bopfingen Airfield,48.848057,10.333889
EEPA,Paslepa Airfield,59.018446,23.489258
EFKS,Kuusamo Airport,65.987602,29.239401
EGDN,Netheravon Airfield,51.2472,-1.75425
EGDP,RNAS Portland Heliport,50.5681,-2.44972
EGHU,Eaglescott Airfield,50.928651,-3.988446
EGKL,Deanland Lewes Airfield,50.881093,0.154345
EHLH,L10-B Heliport,53.45667,4.23167
ENRI,Ringebu Airfield Frya,61.545440673,10.061588287
ENVR,Værøy Heliport,67.654555,12.727257
ENXM,Embla Platform,56.33250045776367,3.2469398975372314
EPIN,Inowrocław Airfield,52.806155,18.283133
EPJL,Laszki Field,50.008497,22.918897
FR-0574,Torreilles Airfield,42.746077,3.015628
FR-0717,Vicq sur Nahon Airfield,47.110833,1.563611
FR-0740,Cravant Les Lilas Airfield,47.836706,1.617899
GB-0054,Yatesbury Airfield,51.43182,-1.910401
GB-0564,Chalksole Green Airstrip,51.144824,1.209165
GB-0685,Athey's Moor Airfield,55.316961,-1.785493
GB-0897,Wolves Hall Airstrip,51.887431,1.126199
GB-0991,Durleighmarsh Farm Airstrip,51.014862,-0.872469
GB-1300,Dumfries Hospital,55.060637,-3.66087
GB-1324,Wordsworth Hotel Helipad,54.458148,-3.022211
GCHG,Insular Hospital Helipad,28.082835,-15.417392
IE-0041,Warrens Airstrip,52.640212,-6.298816
IT-0022,Campo di Volo Marano,37.386467,14.143471
IT-0257,Colli Euganei Airfield,45.202641,11.793715
IT-0287,Banana Airfield,45.597525,12.30855
IT-0304,Base Bravo Airfield,45.392864,11.692645
IT-0645,Vulcano Heliport,38.428187,14.95568
IT-0835,Rifugio Deffeyes Helicopter landing site,45.675602,6.986387
IT-0936,Elisuperficie Rifugio Cà D'Asti,45.191413,7.074745
IT-0942,Elisuperficie Pessinetto,45.288648,7.403358
LEJT,Hospital Doctor Josep Trueta Heliport,41.99789810180664,2.8213999271392822
LFYR,Romorantin Pruniers Airbase,47.317543,1.691036
LG56,Olimpoi Aerodrome,38.236208,25.938721
LIMP,Parma Airport,44.826351,10.29705
LKKV,Karlovy Vary Airport,50.202999,12.915
LSHC,Collombey-Muraz Heliport,46.268501,6.959773
LWST,Suchevo Recreational Airfield,41.759745,22.147781
NL-0127,Boels Verhuur Diemen Helipad,52.3315,4.99358
OENN,Neom Bay Airport,27.924261,35.29358
RO-0031,Crasna Deltafly Airfield,47.167853,22.854567
RO-0075,Aripile Fagarsului Airfield,45.74613,25.02131
RO-0130,Corsarul Air Heliport,44.455312,25.725442
RU-0093,Sasovo Airfield,54.356106,41.983345
RU-0267,Novo-Ogaryovo Helipad,55.7311578707,37.2017562389
SE-0118,Fjällflygarna AB,66.274352,16.68746
ULAS,Solovki Airport,65.029999,35.733334
ULBM,Purnema Airfield,64.3854,37.441235
URKR,Armavir Air Base,44.968661,41.107408
URML,Makhachkala Uytash International Airport,42.816799,47.652302
USKK,Pobedilovo Airport,58.503883,49.347831
XK-0010,Gjakovë Air Base,42.435066,20.427768
BE-0044,Zaffelare Heliport,51.130384,3.864098
BG-0040,Air Belozem Airstrip,42.216573,25.068086
BG-0068,Lozarevo Airstrip,42.757368,26.900321
BG-0077,Ruen Airstrip,42.801632,27.29394
BIHN,Hornafjörður Airport,64.295601,-15.2272
CH-0045,Porrentruy Airfield,47.410599,7.05167
CZ-0202,Prague British School Heliport,50.010367,14.443687
CZ-0257,Podbořany Heliport,50.22492,13.41896
CZ-0270,Bechyně Air Base,49.2736,14.5018
DE-0154,Langenberg Airfield,50.7968,9.5631
DE-0347,Möckern-Tryppehna Airfield,52.1773,11.929264
DE-0787,Bergstadt Schneeberg Polyclinic Heliport,50.60464,12.64301
DK-0035,Ølgod / Vallund Airfield,55.833411,8.552873
EDER,Wasserkuppe Airfield,50.498807,9.954166
EDFB,Reichelsheim Airfield,50.337973,8.878984
EDSL,Blumberg Airfield,47.843676,8.564344
EDVN,Northeim Airfield,51.70639,10.039722
EKKU,Kirkja Heliport,62.317141,-6.313314
ES-0268,Riola Agro Airstrip,39.180737,-0.338459
ES-0300,Ronda Helicopter Base,36.76178,-5.17335
FR-0062,Châteauroux Hospital Heliport,46.798219,1.697225
FR-0191,Hyères Hospital Heliport,43.118728,6.111932
FR-0240,Relais Du Soleil Heliport,44.90972137451172,5.022500038146973
FR-0611,Cabanac et Villagrains Airfield,44.614167,-0.576389
FR-0940,Campbon La Berthelière Airfield,47.420833,-2.011944
FR-1222,Cerfontaine,50.258388,4.027283
GB-0431,Barnards Farm,51.564,0.355231
IT-0068,Chatelair Airfield,45.74,7.480556
IT-0098,Aviosuperficie Condor,41.415,12.979444
IT-0107,Icaro Village Airfield,44.842996,11.485068
IT-0663,Ischia Casamicciola Terme Heliport,40.750963,13.898701
IT-0736,Mese Valchiavenna Heliport,46.31269,9.38766
IT-0857,Elisuperficie Echallod,45.6399,7.708942
IT-0872,Elisuperficie del Bacino,46.04981,8.248082
LDZE,Zvekovac Airfield,45.823056,16.5
LFBX,Périgueux-Bassillac Airport,45.198101,0.815556
LFHF,Ruoms Airfield,44.444611,4.332755
LFPL,Lognes Emerainville Airfield,48.821028,2.625967
LGSM,Samos Airport,37.689999,26.911699
LIDU,Carpi-Budrione Airfield,44.833231,10.871186
LOWI,Innsbruck Airport,47.260201,11.344
LV-0036,Rožupe Airstrip,56.351531,26.334265
LZSV,Spišská Nová Ves Airfield,48.940833,20.533889
NO-0088,National Police Heliport,59.803891,10.840657
PL-0021,Kliniska  (Szczecin) Highway Strip,53.427439,14.805435
PL-0240,Wysoka Airfield,52.76275,15.00426
RO-0117,Târgșoru Nou Airfield,44.910511,25.872073
RS-0010,Bogatić Airfield,44.826667,19.499722
RS-0025,Vranje Military Heliport,42.55397,21.90995
RU-0724,Zubovo Airstrip,60.32048,37.02119
SY-0018,Malikiyah,37.185815,42.2321
SY-0037,Emergency Airstrip,32.777371,36.494286
TR-0214,Rize Heliport,41.03832,40.520024
UA-0026,Blagoyevo Air Base,46.89500045776367,30.700000762939453
UA-0175,Holubivka Airfield,48.63034,38.67211
ULPS,Segezha Airfield,63.758999,34.283001
BG-0184,Doyrantsi Airstrip,43.610644,27.153111
CH-0015,University Hospital of Zurich Heliport,47.376917,8.551108
CH-0028,See-Spital Horgen Heliport,47.26296,8.59025
CZ-0067,Frymburk ULM,48.698611,14.1975
CZ-0164,Nabočany Airstrip,49.945996,15.89545
CZ-0216,Dlouhé Dvory Airfield,50.26494,15.73942
DE-0156,Laufenselden Glider Field,50.2217,7.9985
DE-0332,Roßfeld Airfield,48.513231,9.3331
DE-0369,Wertheim Airfield,49.72579,9.506707
DE-0417,Rebstock Airfield,50.111029,8.613238
DE-0640,Bad Neustadt an der Saale Hospital Heliport,50.32265,10.23508
EDBO,Oehna Airfield,51.899734,13.052809
EDGE,Eisenach-Kindel Airport,50.991604,10.47973
EFKM,Kemijärvi Airfield,66.712898,27.156799
EGYM,RAF Marham,52.648395,0.550692
EHJM,K8-FA-1 Heliport,53.49944,3.36889
ENUA,Kristin FPU Helieck,64.993956,6.551342
ES-0208,"Aeródromo forestal ""Requena 2""",39.4422585,-1.0493454
ES-0323,Daroca Heliport,41.13216,-1.41989
ES-0324,Melilla Heliport,35.3021,-2.94448
ESGN,Brännebrona Airfield,58.573374,13.611237
FR-0906,Anères Airfield,43.080833,0.466389
FR-1010,Pampelonne Altisurface,43.684512,6.136022
FR-1035,Assieu Paramotor Airfield,45.402182,4.840763
FR-1248,Chailley Airfield,48.07915,3.712921
FR-1251,Pézenas Nizas Airfield,43.505798,3.41361
FR-1309,MONDICOURT DZ,50.175507,2.455605
GB-0040,Northrepps International Airport,52.901659,1.328642
GB-0204,Plaistows Airfield,51.728167,-0.380173
GB-0243,Melrose Farm Airstrip,53.868434,-0.837945
GB-0468,Ewesley Airstrip,55.2205,-1.92621
GB-0511,RNAS Ford,50.8171,-0.59044
GB-0571,RAF Poulton,53.129618,-2.892399
GB-1002,Clotton airstrip UL,53.16963,-2.69955
GB-1152,Hazlewood Gallop / Tadcaster Airfield,53.845833,-1.3205
GR-0005,Spetsai Airport,37.3489,23.254
HR-0036,Pula Seaplane Terminal,44.876066,13.846447
HU-0005,Hódmezővásárhely  Airport,46.456257,20.392963
IQ-0019,H3 Highway Strip,32.848533630371094,39.31089401245117
IT-0167,Ceresara Airfield,45.263695,10.582549
IT-0529,Base elicotteri corpo forestale di Villasalto,39.479449,9.385912
IT-0897,Elisuperficie di Fornero,45.907428,8.327647
LBWC,Chayka Naval Air Base,43.188139,27.848255
LDZK,Zabok-Gubaševo Airfield,46.012746,15.860159
LEAX,La Axarquía-Leoni Benabu Airfield,36.801666,-4.135556
LEBL,Josep Tarradellas Barcelona-El Prat Airport,41.2971,2.07846
LFDR,La Réole Floudes Airfield,44.5681,-0.056111
LFEZ,Nancy-Malzéville Airfield,48.7244,6.20778
LFGW,Verdun-Le Rozelier Airfield,49.122398,5.46905
LFRL,Lanvéoc-Poulmic Air Base,48.2817,-4.44502
LKKL,Kladno Airfield,50.112801,14.0897
LL59,Palmahim Air Base,31.8979,34.6908
LV-0021,Zaļenieki Airstrip,56.546718,23.534192
LV-8045,Libau Airfield,56.539206,21.01255
OESK,Al-Jawf International Airport,29.783301,40.100905
OS64,An Nasiriyah Air Base,33.91899871826172,36.86660003662109
PL-0025,Machliny Highway Strip,53.458327,16.371672
PL-0286,Pałowo Airstrip,54.44638,16.81782
RU-0358,Grachi Helipad,55.4382719556,38.0714249611
RU-0427,Bugry Helipad,60.0564926747,30.3958761692
TR-0132,Kıyıgören Garrison Helipad,36.130135,36.36799
TR-0229,Yenidoğan Transmitter Station Helipad,39.765059,44.387695
UWPS,Saransk International Airport,54.12513,45.212257
BE-0074,Liège  heliport,50.630727,5.571717
BG-0018,Irechekovo Airfield,42.470249,26.733295
BG-0036,Veren Airport,42.332352,25.169588
BG-0056,Karamanite Airstrip,43.494528,27.448031
CH-0007,Ulrichen Air Base,46.50193,8.299415
CY-0005,Kornos Highway Strip,34.909671783447266,33.40373229980469
CY-0047,UNFICYP CP10 Heliport,35.071598,33.965399
CY-0061,Cyprus Expo Helipad,35.151346,33.316221
CZ-0053,Bynovec Airfield,50.821899,14.27174
CZ-0097,Dvorce,48.99913,14.72214
CZ-0265,Rokycany Hospital Heliport,49.74828,13.60423
DE-0098,Große Höhe Airfield,52.9861,8.5722
DE-0111,Berliner Heide Airfield,52.6697,10.3705
DE-0329,Reiselfingen Airfield,47.8517,8.3715
DE-0673,Sankt Elisabeth Hospital Straubing Heliport,48.88594,12.59089
DE-0736,Harz Hospital Wernigerode Heliport,51.83587,10.77361
DE-0851,Ostallgäu-Kaufbeuren Hospital Heliport,47.88773,10.60982
EDBN,Neubrandenburg Trollenhagen Airport,53.6022,13.306
EDSA,Albstadt-Degerfeld Airfield,48.249722,9.0625
EDST,Hahnweide Airfield,48.631841,9.429201
EDXE,Rheine-Eschendorf Airfield,52.276389,7.492778
EDXR,Rendsburg-Schachtholm Airfield,54.220001,9.599444
EE-9280,Raadi Air Base,58.404701,26.7761
EFVP,Vampula Airfield,61.0397,22.5917
EGCV,Sleap Airfield,52.834809,-2.770312
EHKL,K9-AB-A Heliport,53.52,3.9925
EKBI,Billund Airport,55.740335,9.157019
ES-0084,Aeródromo forestal de Enguera,38.9431666667,-0.76915
ES-0166,Aeródromo de Loja,37.1377455,-4.2698489
ES-0216,Aeròdrom de Cervera,41.687597,1.250494
ES-0339,Taragudo Airfield UL,40.82177,-3.09347
ESVA,Avesta Airfield,60.180401,16.122801
FR-0504,La Trétoire Ultralight Airfield,48.86822,3.24902
FR-0845,Beauclair Airfield,49.461745,5.10957
FR-1205,Heli-Technique DZ,48.921491,3.043503
GB-0121,RAF Bisterne,50.818333,-1.780556
GB-0648,Croft Heliport,52.554172,-1.231451
GB-0967,Moxon's Farm Private Airstrip,52.526274,-1.402892
GCLG,IES La Guancha Heliport,28.377407,-16.649328
GMMX,Marrakesh Menara Airport,31.604807,-8.035788
IT-0212,"Campo di Volo ""Air Patria""",40.926943,14.061944
IT-0377,Club Deltasport Airfield,44.653559,10.991591
IT-0937,Elisuperficie Usseglio,45.233188,7.216478
KW-0030,Al-Shaheed Tower Heliport,29.37616,47.98627
LENA,Benabarre Airfield,42.0228,0.482222
LETR,Tremp Heliport,42.16939926147461,0.8927779793739319
LFDU,Lesparre St Laurent Medoc Airfield,45.1978,-0.882222
LIMR,Novi Ligure Eugenio Mossi Airfield,44.779999,8.78639
LKHC,Hořice Airfield,50.3576,15.576983
LTAR,Sivas Nuri Demirağ Airport,39.813801,36.9035
LV-8038,Jelgava Airfield,56.672798,23.679199
LY87,Kovin Airstrip,44.7743,20.9613
PL-0284,Osieczany Ultralight Strip,49.849164,19.987822
RU-0271,City Children's Clinical Hospital No.9 Helipad,55.755484,37.539044
RU-10044,Aleshkino Airfield,54.372734,21.768279
TR-0087,Kocatepe Afyon Provincial Health Directorate Heliport,38.789281,30.467759
AZ-0020,Pushkino East Air Base,39.516043,48.690634
BY-0014,Lipki Air Base,53.913545,27.708775
CZ-0243,Zvole Western Airfield,49.47985,16.17137
CZ-0282,Panoší Újezd Airfield,50.038665,13.696813
DE-0115,Oppershausen Airfield,52.5955,10.2235
DE-0402,Donstorf UL,52.655,8.556944
DK-0059,Hadsund Airfield,56.755924,10.228829
EEHV,Tabasalu Heliport,59.450342,24.602228
EENA,Narva Airfield,59.388599,28.1136
EG-0064,Salloum Helipad,31.526236,25.179726
EGLF,Farnborough Airport,51.275799,-0.776333
EHFR,L5-FA-1,53.81083,4.35111
EHJE,K4-A Heliport,53.75028,3.30944
EHMZ,Midden-Zeeland Airfield,51.512199,3.73111
EKRB,Bornholm Hospital Heliport,55.090753,14.70809
ES-0123,Aerodrom Tapioles,42.225478,2.615891
ETIN,Kitzingen Airfield,49.744293,10.207313
FR-0234,La Daille Heliport,45.45722198486328,6.967778205871582
FR-0250,Cabaliros Altiport,42.952496,-0.133166
FR-0375,Mont Blanc Hélicoptères,45.57524,6.83133
FR-0624,Lamourache Nord Airfield,44.622778,0.193333
FR-0625,Lavardac Airfield,44.170833,0.308611
FR-0688,Blanot Airfield,47.173889,4.233611
FR-0785,Arc-lès-Gray Airfield,47.475556,5.569167
FR-0790,Jasney Airfield,47.882644,6.169634
FR-0877,Villematier Airfield,43.827222,1.489722
FR-0932,Lac de Maury SPB,44.660278,2.684167
FR-1092,Ales Centre Hospitalier Heliport,44.147675,4.095508
FR-1337,Le Ravin Off-road Circuit HLS,50.339414,2.083551
GB-0223,Pent Farm Airstrip,51.109091,1.053118
GB-0531,Orchardleigh Private Airstrip,51.254077,-2.324791
GB-0916,Kitcombe Airstrip,51.10314,-0.99593
GB-0942,Homestead Farm Airstrip,51.24093,-0.64909
GB-0968,Langmoor Farm Airstrip,52.775269,0.859158
GB-1051,Knoll Airstrip,52.40254,-2.16059
GE-0011,Lagodekhi Airfield,41.8150179007,46.2341594696
GR-0018,Serres-Chortero Airfield,41.224442,23.363543
GR-0090,Megalopoli Airfield,37.43286,22.10709
HEOC,October Airport,29.812707,30.823461
HU-0029,Atkár Airfield,47.720908,19.904652
HU-0049,Kislőd Airstrip,47.1336,17.640073
IQ-0021,H3 Southwest Air Base,32.74492645263672,39.59955596923828
IT-0510,Amanti Volo Ultraleggero Airfield,44.326615,11.659263
IT-0520,Silvia-Giovanni Airfield,45.263771,10.533114
IT-0713,Campo d'Aviazone Private Heliport,43.862432,10.255292
LEBE,Beas de Segura Airfield,38.271949,-2.952914
LEPV,Costa Norte-Puerto de Viveiro-Celeiro Heliport,43.674801,-7.59523
LFEX,Nancy Azelot Airfield,48.59347,6.241035
LGKO,"Kos International Airport ""Ippokratis""",36.794523,27.09115
LIDH,Thiene Arturo Ferrarin Airfield,45.67783,11.496306
LIKA,Arco Hospital Helipad,45.919477,10.874897
LIRL,Latina Air Base,41.5424,12.909
LPBG,Bragança Airport,41.8578,-6.70713
LSPD,Dittingen Airfield,47.438599,7.49139
MD-0008,Giurgiulești Heliport,45.49542,28.18215
NL-0071,Eemshaven Airfield,53.445011,6.800237
RU-0183,Kyargozero Air Base,63.305,34.455002
RU-0184,Yuryevskoye Airfield,56.779999,36.285
RU-0376,Kalininskiy Airfield,44.8582,44.1829
RU-0443,Olenitsa Airfield,66.4695,35.359
RU-10115,Vency Zarya Airfield,45.322497,40.811273
RU-10158,Belousovo Heliport,55.41046,37.01508
SE-0016,Nyholm Airstrip,64.86937,20.44866
SE-0075,Strängnäs Air Base,59.3138,17.1091
TR-0084,15 July Camili Helipad,40.853043,30.319881
BE-0016,Walem Heliport,51.0703,4.44653
CY-0056,Kirklar Helipad,35.136592,33.511078
CZ-0009,Brno University Hospital Bohunice Reserve Heliport,49.175688,16.569328
DAUG,Noumérat - Moufdi Zakaria Airport,32.384102,3.79411
DE-0017,Kelley Barracks Helipad,48.721699,9.1815
DE-0109,Brockzetel Glider Field,53.4814,7.6511
DE-0226,Bobzin Ultralight Airfield,53.486111,11.168333
DE-0256,Perleberg Glider Field,53.070464,11.818672
EDDS,Stuttgart Airport,48.689899,9.22196
EDLN,Mönchengladbach Airport,51.230278,6.504444
EDMG,Günzburg-Donauried Airfield,48.486668,10.283333
EFKU,Kuopio Airport,63.007099,27.7978
EG-0059,Katameya Air Base,30.057669,31.845586
EKRS,Ringsted Airfield,55.4258,11.8067
ENOA,Oseberg A Platform,60.491402,2.82556
ES-0332,El Membrillar,39.39256,-4.73449
ESPE,Vidsel Air Base,65.875298,20.1499
EVPA,Ikshkile Airfield,56.815668,24.524324
FI-0009,Hangasjärvi Airstrip,66.75258,28.71291
FR-0210,Centre Hospitalier Heliport,46.00555419921875,4.693056106567383
FR-0279,Glacier Lombard Altisurface,45.108334,6.322222
FR-0311,Altisurface de Valmorel,45.455,6.41306
FR-0502,Zoufftgen Airfield,49.449166,6.125555
FR-0535,Cann'Air ULM,49.34389,6.28805
FR-0549,Hazebrouck Hospital Heliport,50.72921,2.53835
FR-0730,Pontlevoy Airfield,47.385278,1.218889
FR-0764,Les Ailes du Der Airfield,48.435622,4.851837
FR-0807,Limbardier Airfield,43.325556,3.186111
FR-0894,Gelard Airfield,43.502778,0.195278
FR-1024,Monestier de Clermont Les Verd Airfield,44.924167,5.612222
GB-0056,Roche Barton Farm Airstrip,50.419951,-4.805554
GB-0293,Little Down Farm Airstrip,52.361079,-2.545702
GB-0329,Blair Atholl Airfield,56.763509,-3.825599
GB-0450,Witherenden Airstrip,51.0046,0.621697
GB-0750,Bossington Airstrip,51.0766,-1.5389
GB-0848,Garston Farm Airstrip,51.46052,-2.30159
GB-0990,Woolaston Airstrip,51.689257,-2.598588
GB-0999,Cowbit Airstrip,52.757061,-0.140913
GB-1058,Phocle Green Airstrip,51.94328,-2.54575
GB-1082,Sibsey Airstrip,53.040886,0.026497
GB-1140,Cluanie Estate helipad,57.149767,-5.149067
GB-1190,Arley Airfield,53.33304,-2.51669
GB-1200,Loch Tay Water Aerodrome,56.556975,-4.102392
IT-0013,Aviosuperficie Minotaurus e Medusa,38.049105,14.541306
IT-0091,Termon Altiport,46.270833,11.025833
IT-0322,Aerlight Faenza Airfield,44.334746,11.930103
IT-0580,Eliporto Militare Jactenente,41.821111,15.987275
IT-0760,Campo di volo S.Elia (Buccino),40.658381,15.335616
IT-0959,Elisuperficie Pratialto,45.367961,7.581623
KW-0002,KOC Heliport,29.059166,48.054752
LEEV,E. Castellanos-Villacastín Airfield,40.783901,-4.46278
LEST,Santiago-Rosalía de Castro Airport,42.896301,-8.41514
LEZL,Seville Airport,37.417999,-5.89311
LFIS,Saint-Inglevert Aerodrome,50.882608,1.735757
LFKG,Aérodrome de Ghisonaccia - Alzitone,42.053387,9.400241
LHDV,Dunaújváros Airfield,46.895802,18.9139
LOLC,Scharnstein Airfield,47.898602,13.9394
LSPG,Kägiswil Airfield,46.908298,8.25417
LT-9517,Paliepiai Air Base,55.321701,23.52
LU-0005,Robert Schuman Hospital Helipad,49.603429,6.128129
LV-0027,Dobele Airstrip,56.675963,23.312442
LV-0040,Priekuļu lidlauks,56.4297479,21.5796735
MA-0007,Khouribga West Airport,32.8767,-7.08445
MK-0010,Ponikva Highway Airstrip,42.025968,22.355895
NO-0063,Gjerstad Gård Airstrip,60.2574,11.7511
OJHF,Prince Hassan Air Base,32.160702,37.149399
PL-0091,Baryt Air Base,51.055531,16.013636
PL-0113,Solec Kujawski,53.071092,18.195064
PT-0076,Pista da Sonega,37.84125,-8.743787
PT-0152,Autódromo Internacional do Algarve Heliport,37.228976,-8.629054
RO-0002,Bănești Airfield,45.068378,25.806155
RO-0168,Nidec Motor Corporation RO Helipad,44.868074,24.897112
RU-0174,Emergency Medicine Research Institute Helipad,59.87360000610352,30.358699798583984
RU-0216,Vokhma Airport,58.91699981689453,46.72700119018555
RU-0246,Kolchugino Airfield,56.282,39.473
RU-0439,Guba Gryaznaya Heliport,69.0652,33.2916
RU-0580,Borodinskaya Airstrip,46.0928,38.2347
RU-3709,Bagay-Baranovka Air Base,52.139652,46.969387
SK-0028,Prša Airstrip,48.295864,19.784368
TR-0219,Gödekli Military Base 1 Helipad,39.789639,44.603132
UA-0155,GK Tavriya Resort Seaside Helipad,44.4043,33.8779
UA-0158,Oreanda Heliport,44.4513,34.1293
UA-0178,Mala Bilozerka Airport,47.268353,34.962648
UA-2904,Dubno Air Base,50.444987,25.838414
XRWL,Lebyazhye Air Base,50.201698,45.208302
AT-0034,Kitzbühel Hospital Helipad,47.449756,12.396033
BG-0131,Zheglitsa Cropduster Strip,43.88882,22.80133
CY-0004,Kingsfield Air Base,35.014275,33.715851
CZ-0139,Košice Airfield,49.318055,14.749167
CZ-0190,Kněževes Airstrip,49.4619,15.98493
CZ-0284,Jeneč Airstrip,50.0825,14.222778
DE-0053,Cham-Janahof Airfield,49.2120464989,12.6541042328
DE-0163,Rothenberg Airfield,49.485747,8.935769
DE-0582,Ebersberg Heliport,48.08125,11.95861
DE-0659,Sankt Marien Hospital Ahaus,52.06904,6.99206
DE-0871,Erding District Hospital Heliport,48.29414,11.8956
EDFO,Michelstadt-Odenwald Airfield,49.678466,8.971614
EFKY,Kymi Airfield,60.5714,26.896099
EFRY,Räyskälä Airfield,60.744701,24.1078
EGVL,RAF Little Rissington,51.866475,-1.694984
EGXT,RAF Wittering,52.612598,-0.476453
EHGG,Groningen Airport Eelde,53.119107,6.577652
EHKH,K9C-A Heliport,53.6525,3.87278
EPSC,Solidarity Szczecin–Goleniów Airport,53.584702,14.9022
ES-0039,Aeródromo de Alcazarén,41.3727778,-4.6958333
ES-0093,Alcalá de la Jovada Airstrip,38.786611,-0.231057
ES-0107,Las Torres de Aliste,41.68315,-6.30767
ESSD,Dala Airport,60.422001,15.5152
EVSM,M-Sola Heliport,56.664136,24.904061
FR-0431,Azur Ultralight Airfield,49.461033,3.848283
FR-0516,Mionnay Ultralight Airfield,45.900511,4.896242
FR-1048,Château-Thierry Jeanne de Navarre Hospital Heliport,49.05238,3.41221
FR-1133,Montluçon Hospital Heliport,46.341521,2.60927
GB-0472,Titsey Airstrip,51.2756,0.0267556
GB-0723,Birchwood Lodge Airstrip,53.818,-1.0146
GB-0739,Balado Airfield,56.217477,-3.459611
GB-1250,RAF Swinderby,53.147532,-0.682691
GB-DOC,Dornoch Airfield,57.868999,-4.023
HR-0005,Gradac Airstrip,45.310897,17.821682
IT-0214,Peter Pan Airfield,42.97183,12.371257
IT-0342,Aviosuperficie Umiltà,42.192111,12.331621
IT-0490,Aviosuperficie Torre Foghe,40.1833333,8.4694444
IT-0623,Castelluccio Airfield,41.319914,15.544642
LB-0008,Halat Air Strip,34.10468,35.65336
LEGA,Armilla Air Base,37.133202,-3.63569
LENE,La Caminera Airfield,38.669727,-3.303194
LEPA,Palma de Mallorca Airport,39.551701,2.73881
LFAF,Laon-Chambry Airfield,49.595798,3.63167
LFLW,Aurillac airport,44.891399,2.42194
LFPI,Paris Issy-les-Moulineaux Heliport,48.832987,2.273043
LSYX,Glacier du Trient Mountain Landing Site,45.9883,7.0425
LT-0001,Rūdininkai Air Base,54.3877067565918,25.094318389892575
LY-BCQ,Brak Airport,27.653,14.272
PL-0004,Borsk Airfield,53.951046,17.948034
PL-0254,Fire Rescue Training Heliport,49.587793,20.663663
PT-0009,Hospital Distrital de Guarda Heliport,40.529842,-7.278002
PT-0142,Quinta de Fôja,40.18503,-8.704338
RO-0114,Popești-Leordeni Airfield,44.37332,26.190763
RU-0072,Gorskaya Airfield,60.03329849243164,30.01499938964844
RU-0188,Dubna Seaplane Base,56.71500015258789,37.05500030517578
RU-0189,Kostomuksha Airfield,64.617996,30.687
RU-0685,Bolshaya Pyssa Airfield,64.1694,48.8127
RU-10120,Dalniye Zelentsy-2 Heliport,69.132427,36.057736
SA-0021,Khafji Harbor Heliport,28.41919,48.52471
SE-0039,Tjautjasjaure Airstrip,67.3275684,20.7439752
SI-0022,Hude Ravne - Dole pri Litiji Airfield,46.008708,15.038019
TR-0228,Yenidoğan North Border Post Helipad,39.722134,44.502979
UA-0007,Kolomiya Airport,48.55099868774414,25.04199981689453
UUEE,Sheremetyevo International Airport,55.976858,37.41121
D030,Balingen Healthcare Helipad,48.287047,8.863409
DE-0045,Kleve-Wisseler Dünen Airfield,51.769461,6.299106
DE-0151,Huhnrain Airfield,50.490126,9.847907
DE-0657,Freiburg University Hospital Heliport 1,48.00746,7.83927
DE-0915,Borkum Riffgrund II Helideck,53.952,6.488
DZ-0015,Tipaza Aeroclub,36.58291,2.10286
EBMS,Bra Heliport,50.321706,5.73087
EDVX,Gifhorn Federal Police Heliport,52.495184,10.510287
EDXZ,Kührstedt-Bederkesa Airfield,53.568054,8.789444
EEKI,Karksi Airfield,58.117078,25.552783
EFKV,Kivijärvi Airfield,63.125301,25.124201
EHSF,Borssele Beta Heliport,51.72667,2.96611
EKSI,Siri Helideck,56.48271560668945,4.911110877990723
ENRM,"Rørvik Airport, Ryum",64.838302612305,11.14610004425
ES-0047,Aeródromo de Reboira,43.1782148,-7.0494408
ES-0071,Ronda,36.73786,-5.114125
ES-0354,El Revolcadero,28.022594,-17.242289
ESEK,Lake Luossajärvi Heliport,67.859903,20.207155
FR-0265,Altisurface de Coste Del Palm,42.60833,2.011111
FR-0686,Saint-Romain Airfield,47.016944,4.699722
FR-0987,Saint Laurent sur Sèvre Airfield,46.938056,-0.915556
FR-1062,Leyrieu Airfield,45.768056,5.243889
FR-1174,Bonneville-la-Louvet Airfield,49.263476,0.371935
FR-1274,Saint-Claude Pratz Airfield,46.384722,5.770278
GB-0347,Lundy Island Helipad,51.164763,-4.666801
GB-0555,Brown Shutters Farm Airstrip,51.311203,-2.309329
GB-0775,Manor Farm (Haddenham) Airstrip,51.763475,-0.938333
GB-1109,RAF Eye,52.33297,1.12965
GB-1112,RAF Chedburgh,52.18188,0.61813
GB-1160,Haldon Aerodrome,50.57743,-3.53379
IS-0010,Hrauneyjarfoss Airport,64.204759,-19.264756
IT-0188,Campo di Volo Thiesi,40.53542,8.6055
IT-0587,Elisuperficie la Quercia,40.963263,16.632791
IT-0688,San Benedetto del Tronto Heliport,42.923231,13.889487
IT-0797,Torremezzo di Falconara Airfield,39.28182,16.05505
IT-0854,Elisuperficie  Piazzola elisoccorso di Singlin,45.89609,7.619517
KW-0005,Old Ahmadi Hospital Heliport 2,29.090414,48.053885
LBSK,Studen Kladenets Seaplane Base,41.630278,25.480833
LEBB,Bilbao Airport,43.301102,-2.91061
LEVB,El Carrascal Airfield,41.824699,-4.89306
LIDR,Ravenna Airport,44.364291,12.224996
LIPR,Federico Fellini International Airport,44.020024,12.612198
LKVL,Vlašim Airfield,49.728901,14.8789
LOWS,Salzburg Airport,47.793301,13.0043
LPBR,Braga Municipal Aerodrome,41.587,-8.445189
LSPM,Ambri Airport,46.512501,8.68978
LTBS,Dalaman International Airport,36.7131,28.7925
LV-0046,Ezere Airfield,56.404546,22.337208
PT-0100,Pista do Ladoeiro,39.849493,-7.281222
RU-0091,Baronovskiy Airfield,44.92366,40.987973
RU-0181,Solntsevo Heliport,55.64300155639648,37.387001037597656
RU-0769,Nekrasovo Airfield,57.78792,40.84022
RU-10019,Maryovo Airport,57.319999694824,32.049999237061
SA-0085,Neom Community 1 Heliport,28.11236,35.11282
SI-0004,Marič Airfield,46.682156,16.203745
TR-0122,Konak Border Post Helipad,36.912036,38.210454
TR-0275,İmralı Island Heliport,40.555917,28.546112
UA-0183,Balabyne Airfield,47.768436,35.2604
UKON,Mykolaiv International Airport,47.057899,31.9198
BG-0168,Zimnitsa Airstrip,42.600498,26.633699
BIBR,Búðardalur Airport,65.074583,-21.802193
BY-9934,Luninets Air Base,52.275673,26.774629
CZ-0157,Šumvald Ultralight Airstrip,49.845196,17.138485
DE-0129,Walsrode-Luisenhöhe Airfield,52.8882,9.6
DE-0136,Aßlarer Hütte Airfield,50.5999,8.4439
DE-0277,Söller Airfield,49.0934,7.7941
DE-0583,Mainz University Hospital Heliport,49.99405,8.2547
DK-0031,North Jutland Ultralight Flying Club,57.247811,9.940858
DZ-0023,El Borma Ouargla Airport,31.57946,9.12337
EDEG,Gotha-Ost Airfield,50.970001,10.727778
EEHA,Humala Airfield,59.3579,24.3795
EH-0024,Tarfaya Airport,27.9487,-12.9166
ENSL,Sleipner A Platform,58.366699,1.90694
EPKT,Katowice Wojciech Korfanty International Airport,50.476015,19.080705
ES-0059,Binissalem Airfield,39.68105,2.877281
ES-0350,Igualada Hospital Helipad,41.588386,1.620875
EYKT,Kartena Airfield,55.921791,21.566704
FR-0206,Centre de Secours de Courchevel Heliport,45.415000915527344,6.633056163787842
FR-0224,Flaine-Hiver Heliport,46.00388717651367,6.690278053283691
FR-0373,Meyrargues Ultralight Airfield,43.652732,5.525225
FR-0387,Base ULM Les Châteaux,47.335432,1.274904
FR-0732,Chouzy-sur-Cisse Airfield,47.506944,1.232778
FR-0942,St Macaire du bois Airfield,47.126389,-0.281389
FR-1130,Fréjus Ultralight Airfield,43.423708,6.69805
FR-1161,Martigues Hospital Heliport,43.413047,5.038967
FR-1213,Rollancourt DZ,50.403752,2.120029
GB-0018,Camphill Airfield,53.305,-1.731389
GB-0027,Stancombe Farm Airstrip (Private),50.72453,-2.634466
GB-0393,Currock Hill Glider Field,54.932695,-1.846739
GB-0510,RAF Doncaster,53.513889,-1.11
GB-0574,RNAS HMS Tern Air Base,59.0887808,-3.2846396
GB-0801,Baileys Fram Airstrip,51.7789,-1.0192
GB-0930,Shear Down Farm Airstrip,51.27719,-1.18798
GB-0951,The Plassey Airstrip,53.005876,-2.97369
GB-0956,Tinnel Farm Airstrip,50.45598,-4.21859
GB-1055,Patridge Green Airstrip,50.953317,-0.3159
GB-1230,Birkdale Sands Beach Runway,53.645302,-3.02861
GB-1236,Dounreay/Thurso Airport,58.580973,-3.730702
HE41,Misheifa Airport,31.032399,25.854349
IT-0101,Aerolight Marche Airfield,43.511883,13.191231
IT-0202,Venaria Reale Mario Santi Airfield,45.130127,7.612008
IT-0420,Top Gun Airfield,44.682302,10.568648
LDPM,Medulin Campanoz Airfield,44.843878,13.904376
LFEU,Bar-le-Duc Airfield,48.867519,5.185068
LHHH,Hármashatárhegy Glider Field,47.551503,18.976386
LPBH,Braga Hospital Heliport,41.56855,-8.399884
LPCH,Aerodromo de Chaves,41.722356,-7.463064
LSTZ,Zweisimmen Airfield,46.551713,7.381012
MK-0017,Former General Mihajlo Apostoloski Military Base Heliport,41.12954,20.80965
NL-0049,Keent Aerodrome,51.765556,5.687222
PT-0006,Hospital de Sao Teotonio heliport,40.649082,-7.905788
PT-0105,Pista da Comenda,39.427111,-7.827158
RO-0081,Botoșani Airfield,47.791044,26.65957
RO-0128,Children's World Park Bucharest Helipad,44.405063,26.115044
RU-0581,Yasenskaya Airstrip,46.3927,38.2848
SE-0115,Göteborg Torslanda,57.70761,11.77764
SK-0014,Mirkovce Airstrip,48.891407,21.317362
SK-0093,Hrádok Airport,48.58572,19.21684
SY-0019,Rahiba Airport,37.115865,42.084018
TR-0190,Erguvan Bursa Provincial Health Directorate Heliport,40.226116,29.073486
UA-0011,Karankut Air Base,45.577999,34.282001
UA-0052,Korotych Airfield,49.97482,36.01425
UA-0192,Rata Heliport,50.268803,23.593541
UBBQ,Gabala International Airport,40.808617,47.725389
AL-0018,Shijak Airfield,41.33102,19.54983
AM-0010,Victory Park Helipad,40.19627,44.52476
BG-0124,Glozhene Cropduster Strip,43.69826,23.7847
CZ-0245,Cebin Airfield,49.318678,16.496816
DE-0278,Aventoft Airfield,54.8961,8.8208
DE-0330,Burgebrach Ultralight Airfield,49.838199,10.778872
DE-0381,Straßham Ultralight Airfield,48.179722,11.927222
DE-0625,Marien Hospital Siegen Heliport,50.87863,8.02942
DE-0725,Sankt Marien Hospital Amberg Heliport,49.44836,11.86676
DK-0020,Frederikssund Syd Flyveplads,55.814761,12.081471
DZ-0021,Trczina Airport,31.12059,6.34713
EDCT,Taucha Airfield,51.395,12.536944
EDKP,Plettenberg-Hüinghausen Airfield,51.191878,7.79098
EDVE,Braunschweig-Wolfsburg Airport,52.319199,10.5561
EEJI,Jõhvi Airfield,59.325974,27.392883
EELU,Lyckholm Airstrip,59.02211,23.57808
EGCC,Manchester Airport,53.349375,-2.279521
EIKY,Kerry Airport,52.180901,-9.52378
ENVA,"Trondheim Airport, Værnes",63.457802,10.924
EPGE,Giże Airfield,53.982436,22.403149
ES-0031,La Segarra Airfield,41.681294,1.414266
ES-0150,Aeródromo Valdetorres,38.942651,-6.127169
ES-0163,Aeroguillena,37.561238,-6.0308241
FR-0126,Dunkerque Hospital Heliport,51.037441,2.396763
FR-0322,Col de Lèques Airfield,43.86661,6.463966
FR-0580,Thérondels Douzalbats Airfield,44.893056,2.718056
FR-0586,Orbigny Les Pallis Airfield,47.221389,1.285556
FR-0597,Schillersdorf Ultralight Airfield,48.870833,7.516944
FR-0816,Ribennes La Cheminade Airfield,44.658611,3.341667
FR-0827,Lagarde Enval Airfield,45.177222,1.802778
FR-0839,Saint-Julien Sancy Airfield,45.660833,2.674444
FR-0890,Saint Clar Airfield,43.912222,0.747222
FR-1201,Carnières,50.172315,3.350004
FR-1245,Arbois Airfield,46.919998,5.76
FR-1291,St FOLQUIN DZ,50.946302,2.126691
GB-0286,Hall Farm Airstrip,53.300953,0.274894
GB-0672,London Red Bull Airport,51.50729,0.056734
GB-0788,Bensons Farm Airstrip,51.5937,0.4445
GB-0825,Frieslands Farm Airstrip,50.895,-0.4045
GB-0866,Blair Drummond Private Airstrip,56.150833,-4.044535
GB-0975,Peter Hall Farm Airstrip,52.422054,-1.393484
GB-1060,Sheardale airstrip,56.144981,-3.693255
GB-1061,Inverkip airstrip,55.891236,-4.876063
GB-1169,Arrow Mill Hotel Heliport,52.202773,-1.88037
GE-0001,Telavi Air Base,41.96204376220703,45.5380744934082
GE-0022,Aviaservice Heliport,41.72479,44.97401
GMFM,Bassatine Airport,33.879101,-5.51512
HE28,Gebel El Basur Air Base,30.540501,30.5602
HR-0033,Ploče Airport,43.0387,17.4296
IQ-0068,Akashat,33.67276,39.95513
IR-0005,Shahid Nejad Rezaei Highway Strip,34.070489,46.597095
IR-0169,Suleiman Aghl Border Post Helipad,39.367309,44.042081
IT-0079,La Speziana Airfield,45.128536,9.362869
IT-0093,Beppe Rascaglia Flying Field,38.515556,15.942222
IT-0626,Giulia Airfield,41.304167,15.841667
IT-0654,Isola Formica Heliport,37.989091,12.424335
IT-0824,Rapallo Motor Club A Olivari Heliport,44.35526,9.19578
IT-0955,Elisuperficie Rivarolo Canavese,45.324302,7.73253
LETI,El Tietar Airfield,40.2439,-4.79444
LFCC,Cahors Lalbenque airport,44.351398,1.47528
LFDL,Loudun Airfield,47.035941,0.100619
LGKF,Kefallinia Airport,38.12009811401367,20.5004997253418
LHSN,Szolnok Air Base,47.122897,20.2355
LLPO,Poriya Medical Center,32.7541667,35.5425
LODO,Oberwart ÖAMTC Heliport,47.30526,16.18352
LPMZ,Porto Moniz Helipad,32.866783,-17.165167
LT-0011,Slikiai Airstrip,55.208166,24.068935
LT-9521,Kupiskis Airfield,55.92476,24.95255
LY-0013,Gharyan International Airport,31.943495,13.159046
OITZ,Zanjan Airport,36.7737007141,48.3594017029
PL-0039,Sieradz Airfield,51.535556,18.801389
PL-0051,Nadarzyce Poligon Fake Airport,53.470001,16.456671
PL-0193,Krępsko Airfield,53.25052,16.75209
PT-0048,Sardoal Heliport,39.54254,-8.160328
PT-0081,Armacao de Pera Airfield ULM,37.110756,-8.34417
RU-0225,Bronnitsy Airfield,55.424,38.3015
RU-0671,Arkhangelsk / Keg Ostrov Airfield,64.537374,40.453422
RU-10150,Chernetske Heliport,55.248274,37.328186
SK-0060,Dolná Strehová Airstrip,48.256185,19.504961
SK-0090,Šarovce Airstrip,48.113592,18.672466
UDSG,Shirak International Airport,40.750401,43.859299
ULWW,Vologda Airport,59.282501,39.944401
AL-0006,Pogradec Heliport,40.90539,20.65453
BE-0053,Lierneux Microlight Airfield,50.286701,5.83639
DE-0143,Garbenheimer Wiesen Glider Field,50.574,8.529
DE-0193,Altenbachtal Glider Field,49.922867,9.158177
DE-0444,Borkum Heliport,53.566654,6.755764
DE-0672,Augsburg University Hospital Heliport,48.38452,10.83784
DE-0908,Ahlhorn Airport,52.888968,8.233252
EDDM,Munich Airport,48.353802,11.7861
EFTP,Tampere-Pirkkala Airport,61.414101,23.604401
EGAB,Enniskillen/St Angelo Airport,54.398274,-7.651179
EGBO,Wolverhampton Halfpenny Green Airport,52.517502,-2.25944
EHEH,Eindhoven Airport,51.4500999451,5.37452983856
EPKL,Krasocin Field,50.899319,20.12804
ES-0040,Zalduendo ULM,42.873599,-2.337437
ESEW,Västmanland's Hospital Heliport,59.615741,16.582017
FR-0020,Escary Aramits Altiport,43.121208,-0.742491
FR-0033,Troyes Hospital Heliport,48.277917,4.070177
FR-0866,La Cudelais Airfield,48.415,-1.522222
FR-0965,Gonesse Hospital Heliport,48.99208,2.45152
FR-0986,Le Grand Moiré Airfield,46.86,-0.185
FR-1116,La jalabertière Airfield,45.483889,4.467778
FR-1120,Mosailes en Moselle Airfield,49.035833,6.864167
GB-0205,Nantclwyd Airstrip,53.063218,-3.32298
GB-0333,Bowldown Farm Airstrip,51.628872,-2.237254
GB-0943,Barton Ashes Airstrip,51.12826,-1.37068
GB-0947,Bradleys Lawn Airstrip,50.98873,0.2476
GB-0963,Muckle Flugga Helipad,60.85556,-0.88521
GB-1017,South View Farm Airstrip,52.930497,-0.287195
GB-1226,RAF Linton-on-Ouse,54.047749,-1.256819
GCGM,La Gomera Airport,28.0296,-17.2146
IT-0066,Campo Volo Angela e Sara,45.163889,8.123333
IT-0100,Aviosuperficie Alisoriano,42.433658,12.292147
IT-0104,Villafranca Airfield,44.291111,12.026111
IT-0146,Cà del Conte Airfield,44.870165,9.938164
IT-0379,Rosangeles Airfield,45.362976,9.017057
IT-0519,Ali Piacenza Airfield,45.030556,9.605556
LESA,Salamanca Airport,40.952099,-5.50199
LFOC,Châteaudun Airfield,48.057907,1.379309
LHMR,Maklár Airfield,47.811857,20.422254
LTCA,Elazığ Airport,38.597974,39.28348
MK-0025,Eurokontrol Heliport,41.8806,22.33097
NL-0105,HagaZiekenhuis Den Haag Heliport,52.055806,4.26266
NO-0024,Mesnali Airfield,61.083875,10.684208
PL-0072,Bystrzyca Klodzka Airfield,50.308715,16.645908
PL-0095,Wyszonowice UL,50.782972,17.161753
PL-0119,Świebodzin Airstrip,52.252266,15.566415
PL-0215,Bojszowy Airstrip,50.04975,19.09411
PT-0072,Pista do Cabo Sardão,37.631286,-8.763292
RU-0086,Zavetnoe Airport,47.135167,43.899133
RU-0262,Anino Helipad,55.5854762102,37.5863313675
RU-0657,Topki Heliport,53.33984,39.58225
SE-0089,Sättna Airport,62.4814,17.002899
TR-0049,Samatya Sahil Helipad,41.00203,28.94543
UA-0047,Dolgintsevo Air Base,47.887,33.533
UA-0156,GK Tavriya Resort Heliport,44.40605,33.88245
BE-0045,Outer ULM,50.854401,3.98528
BG-0116,Getsovo Cropduster Strip,43.54914,26.45848
CY-0018,UNFICYP OP18 Heliport,35.082253,32.835103
CY-0026,Sadrazamköy heliport,35.383494,32.938376
DE-0633,Erzgebirge Hospital Heliport,50.59373,13.00303
DE-0748,Rotenburg an der Fulda Cardiovascular Center Heliport,51.004436,9.738468
DE-0762,BG Hospital Bergmannstrost Halle Heliport,51.46054,11.98771
EBFN,Koksijde Air Base,51.090302,2.65278
EDKB,Bonn-Hangelar Airfield,50.76889,7.163333
EDNB,Arnbruck Airfield,49.124722,12.985556
EE-0019,Mustvee Highway Strip,58.776432,26.917191
EGPE,Inverness Airport,57.5425,-4.0475
ENLE,Ekofisk Oil Pltf Helipad,56.5333,3.21667
ES-0045,Base Aérea Las Navas,42.953642,-3.473773
ES-0103,Cervera de Pisuerga,42.887425,-4.530838
ES-0231,Prádanos de Ojeda Airstrip,42.6921604,-4.3486359
ES-0296,Aerodromo de Sevares,43.36372,-5.24199
FR-0145,Flamanville Heliport,49.53335571289063,-1.8817059993743896
FR-0170,Soissons Hospital Heliport,49.369323,3.331053
FR-0309,Val Thorens Altiport,45.281685,6.569465
FR-0479,Joigny Ultralight Airfield,47.16895,2.75894
FR-0753,Chouzy sur Cisse Hydro base,47.498889,1.238056
FR-0963,Ambrières-les-Vallées Airfield,48.440556,-0.638889
GB-0019,Carlton Moor Airfield,54.411111,-1.200556
GB-0261,Top Farm Airfield,52.123039,-0.117424
GB-0664,RAF Montford Bridge,52.748477,-2.843399
GB-0665,Middle West Farm Airstrip,52.619908,-0.155396
GB-0689,Brine Pits Farm Airstrip,52.288322,-2.135233
GB-0691,Crosbie Field UL,52.0127,0.7475
GB-0873,Coetir Bach Farm Airstrip,51.824692,-4.082623
GB-0925,Frinsted Airstrip,51.27758,0.70572
GB-1044,Corston Airstrip,59.052331,-3.19069
GMMY,Kenitra Air Base,34.298901,-6.59588
IR-0014,Ella North Airport,31.92180801,48.87751713
IT-0321,Vasto Flying Field,42.155381,14.699362
IT-0446,Policoro Airfield,40.170967,16.6628
IT-0514,Vallecamonica Airfield,45.855901,10.147571
LBDA,Daskal-Atanasovo Airfield,42.321322,25.893692
LBRD,Erden Airfield,43.499168,23.304722
LEMF,Mafé - Gibraleón Airfield,37.3643,-6.92094
LGTP,Tripolis Air Base,37.530602,22.403601
LTHA,Ufuk Danişmend Polis Heliportu,39.803611,32.844167
NL-0019,HMC Westeinde Heliport,52.07406,4.3001
NL-0046,P. van Zutphen Heliport,51.535475,5.378768
NO-0012,Frosta Airfield,63.574158,10.719438
PL-0097,Nysa Airfield,50.471573,17.266817
PL-0115,Żernica Airfield,49.362597,22.330595
PL-0214,Marianka Airfield,51.75776,14.740208
PL-0223,Rysie Airstrip,52.22054,21.47366
PL-0239,Poręba Airfield,50.4878,19.37662
PL-0244,Robakowo Airfield,53.35427,18.66706
PS-0006,Yasser Arafat International Airport,31.246401,34.2761
PT-0019,Sines Heliport,37.954969,-8.879527
PT-0093,Cerieira Airfield,38.424545,-7.72326
RU-0420,Staritsa Airstrip,56.512343544100005,34.9719715118
RU-10005,Lodeynoye Pole Air Base,60.709999,33.57
RU-4609,Shatalovo Air Base,54.34,32.473301
SA-0083,Duba Hospital Heliport,27.33635,35.7214
SE-0038,Stalons flygfält,64.950554,15.826759
SY-0030,al-Hasakah,36.590992,40.587208
TR-0254,Osmanlı Border Post Helipad,39.136533,44.100131
UA-0143,Blagodatnoye Delta-Paradrome,47.9042,38.5194
UKFF,Simferopol International Airport,45.0522,33.975101
UKOR,Kulbakyne Air Base,46.936433,32.098618
UUOO,Voronezh International Airport,51.814324,39.230948
UUWL,Luzhki Heliport,55.42536,37.1299
BA-0007,Gorice Airfield,44.911565,18.738884
BE-0020,Delta General Hospital Rumbeke Campus Heliport,50.91723,3.16542
BE-0067,Dompire Heliport,50.550835,4.996389
BIKJ,Kroksfjard-Arnes Airport,65.46700286865234,-21.950000762939453
BY-0038,Voirovka East Airfield,53.62221,27.56414
CZ-0101,Dětřichov Oáza ULM,49.729167,17.118056
CZ-0292,Budkov Airstrip,49.071779,15.659542
DE-0029,Berlinchen Airfield,53.2251775192,12.565526962299998
DE-0194,Bell-Hundheim UL,50.027566,7.421959
DE-0354,Ternberg Landing Field,47.93474,14.350854
DE-0394,Morbach Ultralight Airfield,49.033929,9.589713
DE-0489,Reinbek St. Adolf-Stift Hospital Helipad,53.508943,10.24186
DE-0505,Agatharied Hospital Heliport,47.768412,11.82824
DE-0558,Ilmtal Hospital Pfaffenhofen Heliport,48.5186,11.50034
DE-0861,Weilheim Rescue Heliport,47.82553,11.14297
DK-0045,Fårbæk Private Airstrip,56.367199,9.067647
DK-0058,Allerød Airport,55.870300293,12.3155002594
EBEH,Eau d'Heure Seaplane Base,50.183611,4.369722
EDLF,Grefrath-Niershorst Airfield,51.333889,6.359444
EDQZ,Pegnitz-Zipser Berg Airfield,49.76238,11.574619
EKDE,Dan E Helideck,55.48064041137695,5.116167068481445
ENJS,Johan Sverdrup Helipad,58.83528,2.54556
EPPT,Piotrków Trybunalski-Bujny Airfield,51.383099,19.688299
ES-0066,Aeródromo Orce,37.73545,-2.36425
ESKN,Stockholm Skavsta Airport,58.789656,16.911479
ESMI,Sjöbo Sövde Airfield,55.598202,13.6747
ESUS,Åsele Airfield,64.155938,17.285045
FR-0055,Pont Chaillou Heliport,48.12305450439453,-1.6961109638214111
FR-0381,Fontaine-lès-Clerval Ultralight Airfield,47.420889,6.459371
FR-0925,le tustet Airfield,43.806667,0.6075
FR-0984,Verrines sous Celles La Jonchè Airfield,46.226389,-0.203611
GB-0235,High Cross Airstrip,51.850634,-0.003405
GB-0545,Portmoak Glider Field,56.191031,-3.328505
GB-0716,YAA Nostell Helicopter Port,53.6556,-1.3971
GB-0831,Coldharbour Farm Airstrip,52.3077,0.0404
GB-1133,Grange University Hospital Heliport,51.65049,-2.99559
GB-1145,Longleat Red Bull Airport,51.18036,-2.27189
GR-0106,Poros Heliport,37.505836,23.457475
IE-0009,Dowth Hall Airfield,53.709054,-6.438029
IE-0075,Crumlin Children's Hospital Heliport,53.325197,-6.319065
IR-0006,Andimeshk-Karkhe Dam Highway Strip,32.402755,48.181872
IR-0226,Dalakeh Agricultural Airfield,34.24312,46.80184
IT-0242,Corte Airfield,40.107104,18.257618
IT-0300,Punto Volo Airfield,45.437917,9.607472
IT-0456,Alfina Airfield,42.739667,11.983333
IT-0720,Aviosuperficie Massarotti,37.190835,14.550211
JO-0006,Al Ghadaf Highway Strip,31.5965854628,36.9232356548
LESU,Pirineus - la Seu d'Urgel Airport,42.3386,1.40917
LFOT,Tours Val de Loire Airport,47.432201,0.727606
LKFR,Frýdlant Airfield,49.589401,18.3792
LKHN,Hranice Airfield,49.5461,17.704399
LKLT,Letňany Airfield,50.131401,14.5256
LKRA,Rana Loumy Airfield,50.4039,13.7519
LKVN,Vyškov Hospital Heliport,49.278107,16.981468
LTCT,Iğdır Airport,39.976627,43.876648
LTFN,Isparta/Kilic Airport,37.863665,30.355
NO-0013,Agdenes Airfield Breivika,63.628887,9.72749996
OS60,As Suwayda West Air Base,32.7052001953125,36.412899017333984
PL-0099,Grabowiec Airstrip,51.901197,15.270643
RU-0159,Izborsk Airport,57.71500015258789,27.70400047302246
RU-0709,Mayorskiy Airstrip,47.07512,42.01812
SE-0052,Bergs Airstrip,62.7788937,14.4059394
TR-0036,Ünye Airport,41.141201,37.209202
UA-0045,Izyum Air Base,49.259998,37.154999
UA-0046,Kalynivka Air Base,49.485372,28.539097
UA-0103,Buzova Glider Field,50.401711,30.053718
UKLH,Khmelnytskyi Airport,49.359699,26.933399
XK-0006,KFOR Headquarters Heliport,42.664529,21.141505
AM-0006,Vardenis Airstrip,40.199855,45.777111
BG-0079,Zavet Airstrip,43.74425,26.66147
DE-0011,Strausberg Helipad,52.524898529052734,13.8302001953125
DE-0091,Oeventrop-Ruhrwiesen Airfield,51.395422,8.147921
DE-0203,Lünen-Lippeweiden Glider Field,51.6171,7.501
DE-0205,Menden-Barge Airfield,51.46,7.8376
DE-0392,Weidberg-Kaltenwestheim Ultralight Airfield,50.608674,10.087069
DE-0415,Laussig Agricultural Airstrip,51.535632,12.642359
DE-0496,University of Hamburg Medical Center Eppendorf Helipad,53.591518,9.973955
DE-0610,Grafenwöhr South Heliport,49.62768,11.67311
DE-0831,Mittweida District Hospital Helipad,50.98086,12.98357
DE-0902,Leipheim Air Base,48.439999,10.2356
EDRX,Bexbach Glider Field,49.34,7.253333
EDTF,Freiburg im Breisgau Airfield,48.022778,7.8325
EDVY,Porta Westfalica Airfield,52.221367,8.859765
EE-0010,Kaavi Airfield,57.984603,22.195027
EFOU,Oulu Airport,64.930099,25.354601
EGFP,Pembrey West Wales Airport,51.713902,-4.31222
EHLX,L11-B Heliport,53.47222,4.48944
ENSD,"Sandane Airport, Anda",61.830002,6.10583
ES-0042,Las Cañadillas Airfield,38.501242,-2.270883
ES-0305,Vilaller Heliport,42.47221,0.71262
EVVA,Ventspils International Airport,57.3578,21.544201
FR-0116,Centre Hospitalier Heliport,43.63138961791992,0.5733330249786377
FR-0337,Cabrerets ULM,44.51415,1.592503
FR-0620,Tremons Airfield,44.408056,0.890833
FR-0737,Mardié Airfield,47.903611,2.067778
FR-0749,ULM La Cave Airfield,47.872222,2.454444
FR-0793,Lacs de Bonnal,47.517778,6.363889
GB-0528,Nissan Helipad,54.90891,-1.483143
GB-0629,Hold Farm Airstrip,52.342661,-0.782551
GB-0679,Marsh Court Manor Private Airstrip,51.098725,-1.495085
GB-1090,RAF Woodchurch,51.09303,0.78087
GB-1274,Crosland Moor Airfield,53.621667,-1.830278
IT-0206,Fondone Airfield,40.355883,18.232425
IT-0305,Da Domenico Airfield,45.233379,11.797942
IT-0625,Cerignola Airfield,41.242339,15.80525
IT-0670,Palmaiola Heliport,42.865709,10.473906
IT-0816,San Giovanni di Dio Orbetello Hospital Heliport,42.44589,11.23904
IT-0823,San Salvatore Red Cross Heliport,44.32811,9.34956
LETA,Servei Generals Del Circuit De Catalunya Heliport,41.57400131225586,2.257159948348999
LHSM,Hévíz–Balaton Airport,46.686391,17.159084
LHTL,Tököl Airport,47.345299,18.980801
LHZK,Zalakaros Airfield,46.5539,17.15118
LPCL,Covilhã Hospital Helipad,40.267597,-7.491298
NL-0015,University Medical Center Utrecht Heliport,52.086759,5.181366
NL-0021,Admiral De Ruyter Hospital Heliport,51.484734,3.910425
PL-0203,Nowy Tomyśl Airstrip,52.308,16.145643
PT-0067,Pista da Torre Vã,37.839987,-8.512602
PT-0109,Ciborro Airstrip,38.797735,-8.20256
RO-0082,Tutova Heliport,46.126106,27.568767
RU-0228,Rydoma Airfield,54.260288,37.256187
RU-0405,Novotitarovskaya Airstrip,45.2496489003,39.076695442200005
SE-0023,Baggböle Airstrip,62.1908112,17.2688212
SE-0099,Tingsryd Airport,56.5331,14.9641
SK-0036,Pliešovce Airstrip,48.418355,19.149027
SY-0014,Al-Tahaluf Airport,36.040253,40.732825
TR-0314,Kütahya City Hospital Heliport,39.42606,29.95704
UA-0071,Zhovti Vody Airstrip,48.350502506,33.444271087599994
UA-8322,Horodnia Air Base,51.883767,31.645489
UWKS,Cheboksary Airport,56.090302,47.347301
AT-0041,Hallegg Heliport,46.648056030273,14.245833396912
BIRK,Reykjavík Domestic Airport,64.128732,-21.93759
BY-0011,Aerodrom Belz,50.3771921,23.9648804
CY-0007,Marki Airfield,35.01622,33.310869
CZ-0036,Ústí nad Labem HEMS Heliport,50.677426,14.023955
CZ-0052,Letisko Veľká Ida,48.5992279,21.1598857
CZ-0254,Vracov Cropduster Airstrip,48.98146,17.23771
DE-0326,Oppingen-Au Gliderfield,48.5566,9.8219
DE-0544,Sankt Johannes Hospital Heliport,50.79674,7.11828
DE-0579,Kemperhof Koblenz Clinic Heliport,50.35648,7.56574
DE-0719,Lahn-Dill Clinic Wetzlar Heliport,50.53711,8.52886
DE-0776,Elbe-Elster Hospital Elsterwerda Heliport,51.45563,13.52217
DE-0781,Sankt Franziskus Hospital Winterberg Heliport,51.19336,8.53671
DE-0907,Sembach Air Base,49.507,7.866
EBEA,Alma General Hospital Heliport,51.191152,3.534476
EDML,Landshut Airfield,48.512019,12.034865
EFJM,Jämijärvi Airfield,61.778599,22.716101
EFJY,Jyväskylä Airport,62.399502,25.678301
EG-0040,Shoab 1 Platform Heliport,28.39621,33.07133
EGDC,Royal Marines Base Chivenor,51.0872,-4.15034
EGEO,Oban Airport,56.463501,-5.39967
EGLS,Old Sarum Airfield,51.0989,-1.78417
EGTR,Elstree Airfield,51.6558,-0.325833
EHAX,A18-A,55.105,3.83167
EKAR,South (Syd) Arne Helideck,56.08028,4.230389
EKGL,Gørløse Glider Field,55.8855556,12.2280556
ENLK,Leknes Airport,68.152496337891,13.609399795532
FR-0413,Altiport d'Ustou,42.78137,1.22577
FR-0542,Zeurange ULM,49.39264,6.54441
FR-0588,Morand Airfield,47.537222,1.016944
FR-0902,Vers Airfield,44.486389,1.533056
GB-0039,Brunton Airfield,55.52455,-1.677904
GB-0047,Northrepps Aerodrome,52.893807,1.32106
GB-0095,RAF Ansty,52.429167,-1.408611
GB-0509,Byecross Farm Airstrip,52.077735,-2.907816
GB-0533,Rendcomb Airfield,51.78252,-1.95159
GB-1041,Lempitlaw Farm Airstrip,55.585485,-2.328248
GB-1127,RAF Martlesham Heath,52.0592,1.26736
GB-1136,Middlezoy Aerodrome,51.10308,-2.90399
HE38,Abu Rish Valley Airport,28.968086,31.701586
HESH,Sharm El Sheikh International Airport,27.977272,34.394717
HR-0040,Badljevina Airstrip,45.50546,17.17799
HU-0060,Szent János és a Kútvölgyi kórhàzi Heliport,47.510335,19.001117
IE-0074,Tallaght University Hospital Heliport,53.289498,-6.376781
IR-0172,???...Ali-Akbar Airstrip,31.572903,48.671007
IR-0229,Marjan Airfield,34.2513,45.83093
IT-0276,"Campo di Volo ""Ali del Montello""",45.76157,12.16361
IT-0396,Dedalo Airfield,42.92801,10.840792
IT-0564,Area 51 San Pietro Vernotico Airfield,40.5306,18.053026
IT-0956,Elisuoerficie di Favria,45.329654,7.688756
LBDB,Dolna Banya Airfield,42.309091,23.820177
LFSW,Épernay Plivot Airfield,49.004461,4.085342
LHBO,Bácsbokod Airfield,46.153445,19.149051
LLBS,Beersheba (Teyman) Airport,31.287000656128,34.722999572754
LSZC,Buochs Airport,46.974444,8.396944
LTCP,Adıyaman Airport,37.7314,38.468899
LTFA,Kaklıç Airport,38.517601,26.9774
NO-0116,Edda Platform,56.464199,3.10306
PL-0201,Kaczowice Airfield,50.690789,17.110305
RO-0066,Fibiș Airstrip,45.96196,21.45735
RU-0077,Sivoritsy Airfield,59.476156,30.001545
RU-0233,Kasimov Airport,54.931,41.424
RU-0484,Kotovo Airfield,51.3146773,38.0090673
RU-0495,Kotly Airfield,59.592083,28.762037
RU-10074,Shoyna Airstrip,67.869003,44.151001
TR-0011,Diyarbakır Northwest Airport,38.01278305053711,39.95493698120117
TR-0238,Yiğityatağı South Border Post Helipad,39.394806,44.276003
TR-0300,Samsun Samair Airport,41.278645,36.30518
UA-0092,Kryzhopil Airstrip,48.35874,28.860397
UKGW,Voroniv Airfield,50.695956,26.699958
ULPK,Kalevala Airfield,65.209999,31.135
AT-0016,Ehrwald Red Cross Emergency Helipad,47.40553,10.91682
BE-0015,Lochristi Heliport,51.084131,3.838701
BIVI,Vík Airport,63.4217,-18.8883
DE-0080,Fürth-Seckendorf Airfield,49.48152,10.8588
DE-0171,Arnsberg-Ruhrwiese Airfield,51.3878,8.0605
DE-0513,Hochtaunus Hospital Helipad,50.212395,8.619153
DZ-0054,Skikda Airport,36.8641,6.9516
EBWA,Waasmunster Heliport,51.122683,4.127796
EDPT,Gerstetten Airfield,48.620277,10.058333
EDRD,Neumagen-Dhron Airfield,49.843056,6.916111
EHJD,K4-BE Heliport,53.765,3.19528
EHPB,P6-A Heliport,52.755,3.75611
ENAR,Arendal Hospital Heliport,58.467493,8.754001
EPZI,Zieleń Airfield,53.1885,18.9617
ES-0145,Aeródromo Coscojuela de Sobrarbe,42.3487,0.18613
ES-0165,Aeródromo Gurrea de Gállego,42.035333,-0.746295
FR-0252,Altisurface de Cap De Pouy,42.784721,0.545
FR-0341,La Tranclière Private Airstrip,46.095759,5.28602
FR-0351,Rhône-Lavours Ultralight Seaplane Base,45.810876,5.78132
FR-0846,Fains-Véel Airfield,48.78,5.110556
FR-0888,Simorre le Puntous Airfield,43.439444,0.746944
FR-1239,Colmar-Meyenheim Air Base,47.922001,7.39967
GB-0149,RAF Charmy Down,51.428797,-2.343407
GB-0300,Nayland Airstrip,51.974486,0.849895
GB-0369,Darley Moor Airfield,52.9693,-1.74868
GB-0397,Chilbolton Airfield,51.136852,-1.419439
GB-0473,Over Farm Microlight,51.8761,-2.28139
GB-0520,Whittles Farm Airstrip,51.50107,-1.03816
GB-0971,Denford Manor Airstrip,51.423163,-1.50135
GB-1077,Barry Buddon Range,56.480463,-2.771028
GB-1095,RAF Westcott,51.846781,-0.970745
HLNF,Ras Lanuf Airport,30.5,18.527201
HR-0002,Korčula / Vela Luka Seaplane Terminal,42.959075,16.710156
HR-0029,Pik Airfield,45.17249,17.51465
IE-0070,Drumgurra Airstrip,53.992919,-6.799064
IQ-0002,Al Hayy Airport,32.125633239746094,45.7816162109375
IQ-0014,Basra Maqal Airport,30.568192,47.772053
IT-0019,Campo di Volo Aidone (cugno),37.432392,14.61525
IT-0460,Pratello Airfield,43.55402,10.752517
IT-0606,Eliporto di mergenza ospedale antonio perrino,40.625189,17.915654
IT-0672,Capraia Heliport,43.046217,9.844325
IT-0682,CdV Baia e Latina,41.29702,14.27219
IT-0800,Sant'Anna di Saluzzo Airfield,44.65943,7.45636
JO-0001,King Abdullah II Air Base,31.997999,36.219501
LEAY,La Atalaya Firefighting Heliport,38.634316,-3.789527
LFRH,Lorient South Brittany (Bretagne Sud) Airport,47.760601,-3.44
LHKV,Kaposvar Kaposújlak Airfield,46.386398,17.733479
LHTM,Tápiószentmárton Airfield,47.313865,19.773853
LKKU,Kunovice Airport,49.0294,17.439699
LTCU,Bingöl Airport,38.860131,40.594489
LTXE,Karain Airport,37.09644317626953,30.647735595703125
NL-0073,Vught Emergency Landing Field,51.659299,5.273122
PL-0232,Bauerówka Airfield,50.097599,21.725037
PT-0001,Alfragide Helipad,38.734316,-9.224445
PT-0162,Grândola Firefighting Heliport,38.18049,-8.575788
RO-0008,Elie Carafoli Sport Airfield,46.533241,24.529298
RO-0116,Mizil Airfield,44.987931,26.418772
RO-0156,Transgaz Isaccea Helipad,45.260592,28.507027
RU-0061,Donskoye Air Base,54.934473,19.982303
RU-0224,Pakhomovo Airfield,54.625,37.575
RU-0229,Myasnovo Airfield,54.213931,37.553004
SK-0032,Pohronský Ruskov Airstrip,47.996312,18.672981
UA-0006,Kornych Air Base,48.528999,25.125
UA-0125,Bilohorodka Heliport,50.424592,30.272464
BA-0004,Trebinje (Zupci) Aerodrome,42.62613,18.41181
CY-0067,KEN Paphos Helipad,34.749738,32.545931
CZ-0275,Trnávka Airstrip,49.69157,18.16402
DAAZ,Relizane Airport,35.752955,0.625877
DE-0058,Kronach Airfield,50.243644,11.3589
DE-0472,München Bogenhausen Hospital Heliport,48.154309,11.626185
EBRD,Roosdaal Heliport,50.825505,4.096967
EDCB,Ballenstedt Airfield,51.745834,11.229722
EDDL,Düsseldorf Airport,51.289501,6.76678
EDHX,Bad Bramstedt Heliport,53.9428,9.9055
EGAD,Newtownards Airport,54.5811,-5.69194
EGDX,MOD St Athan,51.405229,-3.433254
EHJC,K2B-A Heliport,53.94861,3.66222
EHPG,P11-B (De Ruyter) Heliport,52.35998,3.34192
EIGN,Gowran Grange Aerodrome,53.1786,-6.63528
ENTR,St Olav's Hospital Helipad,63.419894,10.385954
ESSH,Laxå Airfield,58.978699,14.6662
FR-0038,Paray-le-Monial Hospital Heliport,46.46502,4.10967
FR-0273,Glacier de la Grande Motte Altiport,45.424999,6.894444
FR-0434,Brochot Aerodrome,48.976587,3.373087
FR-0882,Bretagne d'Armagnac Airfield,43.892222,0.145556
FR-1196,Limont DZ,50.208198,3.930348
GB-0116,RAF Bempton,54.1499,-0.1778
GB-0200,Hanley Farm Airstrip,52.298995,-2.469511
GB-0994,Pillows Barn Airstrip,51.97252,-2.298592
GB-1197,RAF Driffield,53.99465,-0.48227
HE18,Habata Airport,31.108875,25.456717
IT-0217,VolAvisio Airfield,46.27888,11.44837
IT-0964,Elisuperficie Ospedale Infermi,45.544482,8.060585
LE83,Aeródromo forestal de Mojados,41.465728,-4.713068
LFLC,Clermont-Ferrand Auvergne airport,45.786701,3.16917
LFOL,L'Aigle-Saint-Michel Airfield,48.758502,0.656632
LFRE,La Baule-Escoublac Airport,47.289398,-2.34639
LRCN,Clinceni Airfield,44.35902,25.93196
NL-0055,Schijndel Air Base B.85,51.6065,5.476694
ORBM,Mosul International Airport,36.305801,43.1474
PL-0022,Koronowo Highway Strip,53.3114013671875,18.01059913635254
PL-0024,Łukęcin  (Pobierowo) Highway Strip,54.0453,14.9053
PL-0089,Korne Airfield,54.129767,17.845354
RO-0018,Cobrex Heliport,45.657735,25.55701
RU-0068,Bychye Field,60.014599,29.702801
RU-0144,Dubrovitsy Airfield,55.415001,37.48
RU-0384,Volzhskiy Utyos Helipad,53.38546568179999,49.0975141525
RU-0477,Alexandria Heliport,46.471842,41.562835
RU-10138,NPS Inyakino Heliport,57.583452,37.209272
RU-10147,Rogovo Heliport,55.220167,37.070084
SY-0016,Omar Airfield,35.082862,40.603157
TR-0014,Aksaray Airport,38.314704,33.8055
TR-0064,Emsey Hospital Helipad,40.92411,29.28894
ULLP,Pushkin Airport,59.685001,30.338301
AL-0015,Vlorë Air Base,40.476101,19.474199
AT-0075,Mayrhofen Heliport,47.17763,11.867096
BIRG,Raufarhöfn Airport,66.406403,-15.9183
CY-0042,Dhekelia Station JNCO Helipad,35.00232,33.728378
CZ-0043,Jihlava Central Hospital Heliport,49.398525,15.567938
CZ-0071,Vrátkov Airfield,50.039543,14.822745
CZ-0214,Červená Voda Health Center Heliport,50.04475,16.7367
DE-0144,Gedern Glider Field,50.432302,9.194312
DE-0506,RoMed Hospital Rosenheim Heliport,47.860402,12.132213
DE-0632,Sachsenring Heliport,50.79212,12.68528
DE-0674,Leonberg Hospital Heliport,48.803254,8.999099
DK-0027,Bodilsker Airstrip,55.063671,15.053152
DZ-0045,New Bordj Omar Driss Airport (under construction),28.19693,6.84383
EBSG,Saint-Ghislain Airfield,50.458009,3.821
EDEL,Langenlonsheim Airfield,49.908333,7.907778
EDKU,Attendorn-Finnentrop Airfield,51.145832,7.936667
EEAA,Antsla Airfield,57.826111,26.4925
EEKU,Kihnu Airfield,58.148039,23.998523
EGBM,Tatenhill Airfield,52.81431,-1.767942
EGSU,Duxford Aerodrome,52.090801,0.131944
ENKB,"Kristiansund Airport, Kvernberget",63.111801,7.82452
EPBG,Gołubie Heliport,54.1975,18.0025
ES-0236,Roses Aerial Military Radar Helipad,42.278272,3.233359
ES-0265,Valdemorillo Airstrip,40.485591,-4.050783
ES-0318,Los Calpes Heliport,40.07269,-0.58777
ES-0375,Naval Station Heliport,39.54745,2.619789
ESGO,Vårgårda Airfield,58.039306,12.785781
FR-0219,Château De Pézay Heliport,46.13694381713867,4.701666831970215
FR-0527,Base ULM de Val-Revermont,46.30637,5.3796
FR-0719,Le Pavillon Airfield,46.673333,1.461944
FR-1015,La Mure-Argens Airfield,43.983458,6.531863
FR-1037,Saint Hilaire du Rosier Airfield,45.090833,5.231111
FR-1118,Grand Couronné Airfield,48.766111,6.221111
FR-1131,Bourg Saint-Maurice Centre Hospitalier Heliport,45.616111,6.764167
FR-1224,Péronne,49.924545,2.937523
GB-0634,Southery Airstrip,52.53854,0.382986
GB-1052,Walk Farm Airstrip,53.51763,-0.17885
GE-0034,Camp Akhmaji Heliport,42.06112,44.47762
IT-0029,Franca Airfield,39.189488,16.671496
IT-0095,Umberto Nobile Airfield,41.235278,13.820556
IT-0208,Maccagno Airfield,44.423599,7.459128
IT-0658,Trapani–Chinisia Airport / Borizzo Airfield,37.896458,12.53907
KW-0035,Shuaiba Industrial Medical Center Heliport,29.03371,48.12293
LB-0034,Saadiyat Heliport,33.693259,35.421219
LEGC,Altarejos-Guadalcanal Private Airfield,38.1717,-5.73953
LEQE,Queimadelos Heliport,42.215543,-8.426442
LFAC,Calais Marck Airport,50.962101,1.95476
LFCX,Aérodrome de Castelsarrasin Moissac,44.086423,1.127191
LFXU,Les Mureaux Airfield,48.998299,1.94278
LKZN,Znojmo Airfield,48.817744,16.065831
LZKZ,Košice International Airport,48.663101,21.2411
NL-0009,Maxima Medisch Centrum Heliport,51.40499877929688,5.419722080230713
NO-0053,"Molde Heliport, Hospital",62.737088,7.135475
PL-0178,Goczałkowice,49.9524,18.9419
PL-0249,Suliszew 1 Airstrip,51.92745,20.2756
RU-0067,Veshchevo Naval Air Base,60.673301696777344,29.16670036315918
RU-10051,Mezen Airfield,65.878334,44.215
RU-10071,Krasnoshchelye Airstrip,67.348,37.077
SE-0081,Tärnaby Heliport,65.71402,15.21674
TN-0005,A1 Ben Gardane Heliport,33.129982,11.069403
TR-0095,Anamur Air Special Camp Command Heliport,36.066834,32.862336
UA-0070,Kam'yanka Airfield,48.552552,35.01729
UA-0168,Chaplynka Airfield,46.34539,33.54191
UUDD,Domodedovo International Airport,55.408798,37.9063
UUMU,Chkalovskiy Air Base,55.8783,38.061699
BA-0006,Kreševo Airstrip,43.885661,18.068562
BE-0002,Chimay-Virelles Ulmodrome,50.117778778,4.33055591583
BG-0048,Pishtigovo Airstrip,42.230186,24.439594
CH-0026,Appenzell Cantonal Health Center Heliport,47.33454,9.41593
DE-0077,Büchig Airfield,50.4483,10.2526
DE-0105,Holtorfsloh Airfield,53.3222,10.0743
DE-0878,Brandenburg-Briest Airport,52.43861,12.458333
DK-0034,Slagelse Private Airstrip,55.359919,11.309601
EBNK,Nokere/Suys Heliport,50.879358,3.520104
EBZR,Oostmalle Airfield,51.269092,4.762428
EDEM,Mosenberg Airfeld,51.062746,9.42201
EDVJ,Salzgitter-Schäferstuhl Airfield,52.030682,10.362468
ENRH,"Oslo Heliport, Rikshospitalet",59.948467,10.716144
ENWI,Ivar Aasen Helipad,58.92222,2.19778
ENXZ,Sleipner B Platform,58.416698,1.71667
ES-0108,Campo de Vuelo Casimiro Patiño,38.705783,-6.99975
ES-0349,Vall d'Hebron University Hospital Helipad,41.427012,2.140117
ESSI,Visingsö Airfield,58.0984,14.4026
EYKA,Kaunas International Airport,54.963965,24.08582
FI-0013,Hermunen Private Airstrip,61.04778,27.2256
FR-0290,Altisurface de La Taillade,44.891666,2.956944
FR-0317,South Île-de-France Hospital Heliport,48.620279,2.457238
FR-0920,Fabas Airfield,43.853889,1.358889
FR-1052,Arvert Airfield,45.746667,-1.097222
FR-1197,La motte au bois DZ,50.680401,2.5699
GB-0141,RAF Buckminster,52.801834,-0.67396
GB-0315,RAF Kirknewton,55.876667,-3.399444
GB-0467,Pound Green Airfield,52.403662,-2.355254
GB-0483,High Flats Farm Airstrip,54.8697,-1.59656
GB-0631,Royal Glamorgan Hospital Heliport,51.546373,-3.394286
GB-0719,Bridge Cottage Airstrip,53.6787,-1.1017
GB-1189,New Road Airstrip,53.33695,-2.52488
GR-0044,Donousa Heliport,37.09432,25.79898
IQ-0049,Shaykh Hantush Highway Strip,32.29306411743164,44.88743209838867
IT-0008,Campo di Volo AvioClub Centro Sicilia,37.450962,13.923111
IT-0393,Ali sul Graticolato Airfield,45.558333,11.973889
IT-0408,Pranovi Airfield,45.371835,12.037153
IT-0495,Bigarello Private Airfield,45.170815,10.929061
IT-0547,Elipadana Heliport,45.488697,9.196184
KW-0003,New Ahmadi Hospital Heliport,29.097046,48.076767
LFYG,Cambrai Niergnies Airfield,50.140533,3.263226
LIBH,Marina di Ginosa Heliport,40.424131,16.887517
LKHS,Hosín Airfield,49.040001,14.495
LSXY,Leysin  Heliport,46.341801,7.0204
LT-0027,Ėriškiai Airstrip,55.57675,24.26939
LV-0049,Cēsis Airfield (old),57.329502,25.321079
LXGB,Gibraltar Airport,36.151679,-5.34978
MK-0023,Veles General Hospital Heliport,41.71446,21.77594
NO-0082,Skogn Airstrip,63.695596,11.226196
RU-0011,Kosa (Baltiysk Air Base) (ex. Neutief) (XMKB),54.60968,19.86842
RU-4464,Olenya Air Base,68.151802,33.463902
RU-7673,Klimovo Air Base,52.34,32.169998
SK-0004,Hrabušice,48.968981,20.386289
TR-0026,Delphin Heliport,36.865983,30.875364
UA-0107,Kam'yanets'-Podil's'kyi Airfield,48.695631,26.609471
UUBA,Kostroma Sokerkino Airport,57.796902,41.019402
AM-0009,Sky Club Airstrip,40.07953,44.60577
BG-0050,Koynare Airstrip,43.371055,24.130442
CH-0004,Altiport du Glacier de Tsanfleuron,46.320653,7.23288
CZ-0238,Plzeň University Hospital Rooftop Heliport,49.76185,13.37906
DAOB,Abdelhafid Boussouf Bou Chekif Airport,35.341099,1.46315
DE-0464,Charité Clinic Benjamin Franklin Campus Heliport,52.44135,13.32286
DE-0482,Lehnin Military Training Area Heliport,52.226452,12.807269
DE-0666,Pfarrkirchen District Hospital Heliport,48.43755,12.92685
DK-0048,Vester Åby Private Airstrip,55.092503,10.368004
EDBF,Fehrbellin Airfield,52.793493,12.760324
EDQP,Rosenthal-Plössen Airfield,49.863335,11.787778
EG-0067,21st Armored Division Helipad,31.400602,25.888105
EGCG,Strubby Airfield,53.310956,0.173017
EGPJ,Fife Airport,56.1833,-3.22028
EIFR,Finner Camp Heliport,54.49273,-8.24091
EKGH,Grønholt Hillerød Airfield,55.941399,12.3822
ES-0257,Cabezas Rubias Airstrip,37.748234,-7.096699
FO-0003,Skopun Heliport,61.904545,-6.884192
FR-0366,Saint-Tropez Ultralight Seaplane Base,43.272776,6.608889
FR-0523,Aérodrome d'Argentine,45.466925,0.386779
FR-0679,Quily Airfield,47.883333,-2.486944
FR-0754,Montardoise Airfield,48.468056,4.197778
FR-1236,Roubaix Hospital Heliport,50.6785,3.17441
GB-0022,Bristol and Gloucestershire Gliding Club,51.713682,-2.283697
GB-0163,RAF Hutton in the Forest,54.731525,-2.883456
GB-0643,RAF Winkleigh,50.868134,-3.960743
GB-0913,Rectory Farm Airstrip,52.199324,-0.194306
GB-0997,Marldon Airstrip,50.46088,-3.60782
GR-0007,Polichnitos Airfield,39.086737,26.195136
GR-0019,Zalongo Airstrip,39.124454,20.696021
GR-0021,Silata Airfield,40.331426,23.150311
GR-0031,Alonnisos Heliport,39.15046,23.87839
HE36,Bardawil International Airport,30.410714,33.15535
IE-0006,Clifden Alcock & Brown Airport,53.54106,-10.08394
IE-0035,Taggarts Airstrip,53.44808,-7.04839
IT-0030,Scalea Airport,39.776188,15.811343
IT-0052,Aviosuperficie Francavilla Bisio,44.729868,8.730075
IT-0218,Volopuro Airfield,45.564089,8.54184
IT-0753,Solbiate Olona Heliport,45.643085,8.854013
IT-0948,Carabinieri Air Service Heliport,45.190207,7.816083
LEGT,Getafe Air Base,40.294102,-3.72383
LFHR,Brioude Beaumont Airfield,45.319888,3.361615
LFNU,Uzès-Belvezet Airfield,44.082146,4.393926
LFPB,Paris-Le Bourget International Airport,48.962276,2.436539
LFXA,Ambérieu Air Base (BA 278),45.987301,5.32844
LGAM,Amphiali Heliport,37.97159957885742,23.53039932250977
LGTL,Kasteli International Airport(Under Construction),35.172803,25.313068
LICJ,Falcone–Borsellino Airport,38.175999,13.091
LKCH,Chomutov Airfield,50.468899,13.4681
LKSU,Šumperk Airfield,49.960602,17.017799
NL-0042,Buiksloot Airfield,52.407222,4.895278
NO-0060,Overhalla Airstrip,64.528154,11.989258
OS58,Hamah Air Base,35.11819839477539,36.71120071411133
PT-0128,Pista da Chamusca,39.319425,-8.516121
RU-0208,Chapoma Airport,66.114998,38.825001
RU-0450,Poklonnaya Hill Helipad,55.73246,37.519446
RU-0917,Slavyansk-na-Kubani Airfield,45.20633,38.08692
SE-0011,Täby Sjöflygklubb,59.448046,18.136212
TR-0221,Kaan Heliport,38.466648,27.437008
TR-0294,Muğla Education and Research Hospital Heliport,37.16565,28.36756
UA-0164,Reni Heliport,45.42554,28.29038
ULAD,Severodvinsk Heliport,64.531319,39.774132
URRH,Shakhty Airfield,47.697,40.287
AT-0008,Gmünd Heliport,48.78522,14.974763
AT-0078,Zugspitzarena Heliport,47.419359,10.926628
AT-0094,Skydive Tyrol,47.46379,11.95055
AZ-0005,Tanrykulular Airport,40.7429001447,46.8570113182
BE-0072,Sint-Denijs-Westrem Airport,51.025956,3.688231
BG-0012,Voysil Airfield,42.21756,24.639126
BG-0028,Blagoevo Airfield,43.455488,26.431655
CY-0013,Mosfili helipad,35.182441,32.635634
CY-0038,UNFICYP OP101 Heliport,35.065528,33.506829
CY-0073,Paramali East Helipad,34.666129,32.782898
CZ-0237,Šeborov North UL,49.35782,15.93147
CZ-0271,Žatec-Staňkovice Airfield,50.371,13.59
DE-0160,Plätzer Airfield,50.709341,9.738779
DE-0364,Crussow Airfield,53.013056,14.071111
DE-0694,Leopoldina Schweinfurt City Hospital Heliport,50.0512,10.2442
DE-0706,Bochum University Miners' Hospital Heliport,51.46541,7.32754
DE-0738,Carl Thien Hospital Cottbus Heliport,51.74339,14.32204
DE-0751,Sankt Georg Hospital Leipzig Reserve Heliport,51.38289,12.37341
DE-0803,DRK Altenkirchen Hospital Heliport,50.68258,7.62942
EBBT,Brasschaat Airfield,51.34259,4.503451
EBDZ,Deinze - De Groote,50.963801,3.542682
EBPV,Ninove Heliport,50.843238,4.037037
EBSW,Sint-Pieters-Leeuw Heliport,50.763845,4.218782
EDDB,Berlin Brandenburg Airport,52.361738,13.502341
EDFI,Hirzenhain Airfield,50.787777,8.392778
EDVR,Rinteln Airfield,52.175278,9.053333
EDWG,Wangerooge Airport,53.782544,7.919584
EFHK,Helsinki Vantaa Airport,60.318363,24.963341
EGNT,Newcastle International Airport,55.037958,-1.689577
EGSH,Norwich Airport,52.6758,1.28278
EKMN,Kostervig Mon Airfield,54.96545,12.196483
ES-0115,Aeròdrom de Viladamat,42.142843,3.051141
FI-0022,Haapamäki Airfield,62.255204,24.349478
FR-0430,Pressignac Vicq Rebeyrotte,44.90117,0.74781
FR-0584,domaine Aliso Rossi Airfield,42.646944,9.288056
FR-0683,Chazan Airfield,47.215079,4.904487
FR-0859,Landéan (Fougères) Airfield,48.428333,-1.16
FR-0975,Jarnac Champagne Airfield,45.559722,-0.417778
FR-0977,Corme Ecluse Airfield,45.620833,-0.851389
FR-1097,Bourg En Bresse Centre Hospitalier Heliport,46.224722,5.209722
GB-0336,Bucknall Airfield,53.200044,-0.253226
HL70,Al Khuwaymat Airport,27.257299423217773,21.618099212646484
IR-0041,Khorramdarreh Airport,36.24192,49.22497
IT-0169,Flying Tigers Airfield,45.440878,7.937
IT-0199,Montegaldella Airfield,45.443407,11.651087
IT-0301,Agriturismo Turus Airfield,45.923709,13.541016
IT-0530,Casalfiumanese Airfield,44.28966,11.625632
IT-0560,La Fenice Airfield,40.37743,18.11183
IT-0588,Elisuperficie di emergenza,40.9009,16.620909
IT-0675,Campo di Volo Chiusi Scalo,42.972564,11.944301
IT-0763,Il Pianetto Airstrip,44.129994,10.395309
LFBO,Toulouse-Blagnac Airport,43.629101,1.36382
LFKH,St Jean D'avelanne Airfield,45.516701,5.68056
LFLE,Chambéry Challes-les-Eaux Airfield,45.5611,5.97576
LFSD,Dijon Longvic airport,47.268902,5.09
LOBD,Donaustadt Hospital Heliport,48.21892,16.46347
LOGG,Punitz-Güssing Airfield,47.146654,16.317058
LPCB,Aerodromo de Castelo Branco,39.844528,-7.439875
NO-0003,Kilen Seaplane Base,59.89238,10.59803
NO-0104,Vuottašjávri sjøflyplass,69.348978,24.019642
PL-0035,Aleksandrów Łódzki Airport,51.7906,19.27
PL-0238,Kiełczynek Airfield,52.0664,17.22156
PT-0134,Pista do Monte do Pombo,39.644693,-7.560568
RU-0087,Indiga Airport,67.645419,49.048749
RU-0406,Novodmitriyevskaya Airstrip,44.8486583488,38.897244930300005
RU-0502,Bolshiye Vsegodichi Airport,56.458041,41.29236
RU-0511,Nebyloye Airfield,56.401394,39.958137
RU-0522,Paradrom Pokrov,55.43705,37.626689
SI-0031,Izola General Hospital Heliport,45.5442,13.68867
SK-0029,Sklabiná Airstrip,48.151621,19.363439
SK-0038,Ďačov Airstrip,49.147313,20.945992
SK-0066,Kamienka/Hniezdne Airstrip,49.319881,20.635033
TN-0011,A1 Utique Heliport,37.05679,9.99858
TR-0088,Afyonkarahisar Heliport,38.760204,30.551208
UA-0055,Shiroke Airfield,47.9188730788,34.9574661255
UA-0095,Turiisk Airfield,51.021679,24.618763
UUAN,Gazprom Compressor Station Helipad,57.029486,35.016716
UUBC,Grabtsevo Airport,54.5499992371,36.3666687012
AM-0003,Hoktember Highway Strip,40.0809774791,43.8822698593
AZ-0003,Shaki Airport,41.136553,47.1595
BE-0046,Oombergen Airfield,50.909401,3.82667
BE-0087,Keerbergen Airfield,51.00672,4.67558
CZ-0074,Miroslav Aircon ULM,48.931667,16.339722
CZ-0134,Nová Včelnice Airstrip,49.267222,15.077778
DE-0037,Vilseck Main Army Heliport,49.649444,11.805833
DE-0183,Welzheim Airfield,48.8763,9.6537
DE-0593,Asklepios Hospital München-Gauting Heliport,48.06684,11.35257
DE-0899,Babenhausen Airfield,49.952499,8.968056
DTTR,El Borma Airport,31.7043,9.25462
EDWN,Flugplatz Nordhorn-Lingen,52.4575,7.182222
EDXK,Leck Airfield,54.790905,8.963439
EFOP,Oripää Airfield,60.8764,22.744699
EGET,Lerwick / Tingwall Airport,60.1922,-1.24361
EGTW,Oaksey Park Airfield,51.632198,-2.01472
EKHB,Halfdan B Helideck,55.538612365722656,5.033332824707031
ES-0206,"Aeródromo privado ""Villamartin2""",36.827132,-5.603212
ES-0212,Hacienda de Orán,37.2000414,-5.8808531
EVGA,Lielvarde Air Base,56.778301,24.853901
FR-0037,Châtillon-sur-Seine Hospital Heliport,47.862186,4.558043
FR-0090,Les Sangliers Heliport,48.78354,2.071123
FR-0342,Lavours Airfield,45.795718,5.773954
FR-0498,La Fullie,45.63665,6.13621
FR-0568,Rouvres Airfield,49.02,-0.198333
FR-0656,Montaigu de Quercy Couloussac Airfield,44.364167,1.087222
FR-1060,Le Grand Plantier Airfield,43.822778,4.126111
FR-1162,Sete Centre Hospitalier Heliport,43.407778,3.669722
FR-1218,Beauvois-en-Cis,50.143102,3.377545
GB-0211,Stow Longa Airfield,52.314423,-0.361779
GB-0589,Worcester-Royal-Hospital Heliport,52.189661,-2.177204
GB-0613,Torbay Daddyhole Plain,50.455712,-3.514665
GB-0974,Hickstead Airstrip,50.958165,-0.196666
GB-1203,Colliers Elm Farm Airstrip,51.882617,-2.351353
GR-0095,Lamia Air Base,38.874599,22.434999
HL50,Tebesty-V9 Airport,28.587099,19.3034
IE-0027,Allenwood Airstrip,53.267785,-6.839772
IQ-0009,Ar Rutbah Highway Strip,33.059032,40.396641
IQ-0030,Kut Al Hayy East Air Base,32.11684036254883,46.38224029541016
IQ-0048,Shayka Mazhar Air Base,32.929039001464844,44.629791259765625
IT-0063,Country Fly Airfield,44.503056,7.821667
IT-0138,Air Folies Airfield,45.53297,8.90103
IT-0293,Le Panizze Airfield,45.419359,10.557346
IT-0366,Bedizzole Airfield,45.51851,10.449577
IT-0566,Paretano Fly Airfield,40.82218,17.285711
IT-0570,Orta Nova Borgo Mezzanone Air Base,41.40601,15.728517
IT-0620,Locher Field,46.600776,11.380098
IT-0856,Elisuperficie del Parc Hotel Billia,45.754188,7.639945
IT-0874,Elisuperficie Di Pecetto,45.971611,7.944918
IT-0890,Elisuperficie di Rossa,45.832616,8.127571
IT-0957,Elisuperficie Pegaso,45.310009,7.664589
JE-0001,St Aubin's Bay Airfield,49.1875,-2.1706
LBPD,Plovdiv International Airport,42.067799,24.8508
LEFM,Fuentemilanos Airfield,40.889137,-4.240165
LFFL,Bailleau Armenonville Airfield,48.5158,1.64
LGBL,Nea Anchialos National Airport,39.219601,22.7943
LIRS,Grosseto Corrado Baccarini Air Base / Grosseto Airport,42.759701,11.0719
LKZM,Žamberk Airfield,50.0839,16.443899
LOJI,Medalp Imst Heliport,47.21341,10.70015
LRCV,Craiova International Airport,44.3181,23.888599
LW67,Kumanovo Airfield,42.154242,21.699328
MA-0004,Tata Airport,29.557381,-8.007671
NO-0037,"Sandnessjøen Heliport, Hospital",66.01786,12.615999
NO-0114,Valhall A Platform,56.278099,3.39278
PL-0180,Kępno Airstrip,51.32205,17.97273
PL-0271,Mikołajki Airport,53.807781,21.55583
PT-0052,Pista da Herdade da Zambujeira UL,37.67084,-8.123743
PT-0069,Pista de Lavre,38.799701,-8.49771
PT-0095,Herdade do Esporão,38.381674,-7.55177
PT-0144,Aeródromo da Aldeia de Palma,38.45748,-8.5553
RO-0033,Aerodromul Girov,46.961818,26.485076
RO-0088,Mujdeni Airfield,47.84848,23.27101
RS-0003,Zemun Polje 13 May Airfield,44.876444,20.305917
RU-0258,City Clinical Hospital No.15 Helipad,55.7297442141,37.8306913376
RU-0363,Valday Helipad,58.0115194763,33.3189690113
RU-0507,Paustovo Airfield,56.135622,42.174507
SK-0049,Kurov Airstrip,49.337959,21.148789
TR-0096,Beşaslan Border Helipad,36.199773,36.468372
TR-0165,İsPark Kısıklı Heliport Alanı,41.023192,29.056683
TR-0205,Şereflikoçhisar State Hospital Heliport,38.955671,33.527948
UA-0179,Mamalyha Heliport,48.2477,26.58473
UKLU,Uzhhorod International Airport,48.6343,22.263399
UUBI,Ivanovo South Airport,56.93939971923828,40.940799713134766
BG-0021,Gledka Airfield,41.5999,25.3857
CY-0043,Dhekelia Station Waterloo Road Helipad,35.00334,33.732533
DE-0026,Meppen Ludmillenstift Hospital Helipad,52.68949890136719,7.294400215148926
DE-0520,Kassel-Waldau Airfield,51.280833,9.505278
DE-0755,Leipzig Heart Center Ground Heliport,51.30605,12.43675
EBRR,Rumbeke Heliport,50.910005,3.148012
EDBX,Görlitz Airfield,51.15889,14.950278
EDHC,Lüchow-Rehbeck Airfield,53.017158,11.144729
EDPO,Neumarkt-Oberpfalz Airfield,49.285557,11.443056
EGBW,Wellesbourne Mountford Airfield,52.189353,-1.614089
EGEW,Westray Airport,59.350475,-2.950062
EHKP,K12-B Heliport,53.34083,3.89361
EKKS,Kongsted Gliderfield,55.251511,12.062726
EKSV,Skive Airport,56.550201,9.17298
ENQE,Oseberg East Helideck,60.700001,2.933611
ES-0041,Casas de Juan Gil Airfield,39.133,-1.2622
ES-0139,Aeroclub Gregal,39.220457,-0.36825
ES-0199,Aeródromo de Aldeacentenara,39.5609167,-5.6637222
ES-0356,Alfes Airfield,41.549999,0.65
ESMC,Ränneslätt Airfield,57.670601,14.943
ESSL,Linköping City Airport,58.404909,15.684499
ESSM,Brattforshede Airfield,59.608398,13.9123
FR-0365,Cavallo Helistrip,41.368431,9.264111
FR-0887,Lectoure Marsolan Airfield,43.955278,0.521389
FR-1101,Saint Flour Centre Hospitalier Heliport,45.034226,3.087094
FR-1108,Saint Aignan Airfield,44.596944,-0.045278
FR-1154,Ajaccio Centre Hospitalier Heliport,41.945,8.771389
FR-1177,Laon Hospital Heliport,49.563347,3.611825
FR-1238,Cambrai-Épinoy (BA 103) Air Base,50.221802,3.15424
FR-1267,Guyancourt Airport,48.7603,2.0625
GB-0002,Fishburn Airfield,54.686798,-1.45831
GB-0013,Bidford Airfield,52.137778,-1.850278
GB-0046,Keyston Airfield,52.367395,-0.478239
GB-0362,Castlerock Airstrip,55.1582291,-6.7915365
GB-0931,Gunton Park Airstrip,52.855009,1.322994
GB-0962,Stroma Airstrip,58.67286,-3.12724
GCHI,El Hierro Airport,27.8148,-17.8871
IR-0168,Bazargan Gas Measuring Station Helipad,39.396964,44.397418
IT-0018,Campo di Volo Capo d'Orlando,38.126421,14.707904
IT-0099,Tuscania Airfield,42.410446,11.898665
IT-0114,Zampieri Airfield,46.404329,12.88536
IT-0254,Cassola Airfield,45.741308,11.806548
IT-0353,Campo di Volo Campore,44.827864,10.010782
IT-0367,Bosco di Mezzo Airfield (CTCAL),37.1523,14.59928
IT-0799,Croce Verde di Saluzzo Heliport,44.65254,7.46928
LFQW,Vesoul-Frotey Airfield,47.638588,6.204443
LFTZ,La Môle Airport,43.205399,6.482
LGKA,Kastoria National Airport Aristotle,40.446301,21.2822
LIPA,Aviano Air Base,46.031898,12.596503
LKTA,Tábor Airfield,49.391102,14.7083
LPPT,Lisbon Humberto Delgado Airport,38.7813,-9.13592
NO-0071,Hurdal Airstrip,60.361748,11.091508
PL-0222,Gostkowo Ultralight Airfield,53.112161,18.677819
PT-0045,Santarém Hospital Heliport,39.24183,-8.697563
RU-0147,Kurkachi Airfield,55.97999954223633,49.58100128173828
RU-0193,Pushkino Heliport,56.042,37.978001
RU-0309,Kholodnogorskiy Airfield,44.983,42.118
RU-0355,Nakhabino Helipad,55.8580088604,37.2091752291
RU-8363,Voronezh Baltimore Air Base,51.62,39.14
TN-0007,A1 Mahres Heliport,34.59183,10.43878
TR-0236,Gürbulak Border Post Helipad,39.412175,44.347834
UA-0028,Zhovtneve Air Base,45.639999,28.67
UA-0075,Zhalizhnia,50.4734613,24.4743705
UA-9881,Primorsky GANIC Heliport,45.122213,35.506207
UBBG,Ganja International Airport,40.738692,46.320383
UKVE,Zaporizhzhia/Motor Heliport,47.859994,35.322085
AL-0008,Farkë Helicopter Base,41.31554,19.88554
BE-0034,Federal Police Ghent Heliport,51.06756,3.6941
BE-0084,Beerse Airfield,51.31923,4.79541
BG-0017,Topolovgrad Airfield,42.11302,26.382551
BG-0049,Kalipetrovo Agricultural Airfield,44.058828,27.256136
BIPA,Patreksfjörður Airport,65.555801,-23.965
CZ-0012,Náchod Regional Hospital Heliport,50.410295,16.166561
CZ-0167,Dolní Bojanovice Airstrip,48.85482,17.01794
CZ-0264,Jablonec nad Nisou Hospital Heliport,50.72751,15.1619
DE-0014,Rostock University Helipad,54.08330154418945,12.100500106811523
DE-0056,Paterzell Airfield,47.84692,11.061087
DE-0184,Stolberg-Diepenlinchen Airfield,50.768793,6.280189
DE-0227,Bösingen-Dunningen Airfield,48.227671,8.534725
DE-0282,Berneck Airfield,48.5737,9.7291
DE-0713,Helios Sankt Elisabeth Hospital Hünfeld Heliport,50.662377,9.767742
DE-0805,Westerenger Airfield,52.12826,8.51346
EBGG,Overboelare Airfield,50.7556,3.86389
EDTS,Schwenningen am Neckar Airfield,48.065834,8.571389
EGBK,Sywell Aerodrome,52.305302,-0.793056
EGQL,Leuchars Station Airfield,56.37398,-2.868862
EGSI,Marshland Airfield,52.643611,0.295
EGVO,RAF Odiham,51.2341,-0.942825
ES-0021,Aeròdrom d'Avinyonet,41.367985,1.766867
ES-0120,Villafranca de Cordoba,37.936706,-4.532632
ES-0183,Aeródromo Belvis de Monroy,39.8513634,-5.6015255
ES-0282,Casas de Juan Núñez Heliport,39.1103,-1.5578
ES-0315,Platges de Muro Rescue Heliport,39.79278,3.12514
ESPA,Luleå Airport,65.5438,22.122
ESST,Torsby Airport,60.1576,12.9913
FR-0452,Aérodrome privé Le Quilloux,47.59963,-1.9143
FR-0989,Archigny Chenevelles Airfield,46.696667,0.656111
GB-0060,Porthtowan Airfield,50.285065,-5.228403
GB-0161,Royal Naval Air Station Anthorn,54.91148,-3.279946
GB-0407,Yearby Airstrip,54.5847,-1.06953
GB-1037,Top Farm Airstrip,52.130219,-0.546368
GB-1050,Dungannon Airstrip,54.56089,-6.8171
GB-1091,No Man's Fort Helipad,50.740247,-1.094899
GB-1096,RAF Millisle,54.610591,-5.584724
GR-0015,Molos Airfield,38.826175,22.661959
HEPS,Port Said International Airport,31.279285,32.240582
IT-0084,Vervò Airfield,46.313801,11.111898
IT-0233,Cà Virginia Airfield,43.818795,12.677264
IT-0364,Aviosuperficie Aretusa Fly,37.03741,15.09536
IT-0474,Aviosuperficie Fiano Romano,42.1447222,12.6333333
IT-0481,I Quattro Cantoni Airfield,44.803056,11.138333
IT-0880,Elisuperficie di Piancavallo,46.009653,8.628833
LECN,Castellon de la Plana Aerodrome,39.99836,0.026355
LELL,Sabadell Airfield,41.520901,2.10508
LFHN,Bellegarde-Vouvray Airfield,46.123336,5.804858
LLTN,Tnuvot Ultralight Airfield,32.308611,34.978333
LMML,Malta International Airport,35.845932,14.491546
LOKL,Lienz-Nikolsdorf Airfield,46.798069,12.87833
LPCO,Aerodromo Municipal de Coimbra,40.158758,-8.470815
LPMO,Morargil Airfield,38.993532,-8.14201
LRBS,Bucharest Băneasa Aurel Vlaicu International Airport,44.503133,26.102944
LV-0006,Mālpils Airfield,57.045431,24.945953
NL-0091,Feadship Makkum Heliport,53.054199,5.399287
PT-0059,Pista da SAPEC (Santa Catarina),38.494813,-8.819296
PT-0070,Pista de Grandola,38.163218,-8.538029
RO-0159,Industrial Zone Bacău Helipad,46.512733,26.94633
RU-0009,Bakhmutovo Air Base,56.371700286865234,34.08829879760742
RU-0089,Krymsk Air Base,44.962905,37.999071
RU-0359,Voskresensk Airstrip,55.308006,38.596964
RU-0433,Krasnyi Baltiets Heliport,55.486753,35.989126
RU-0483,Padinskoye Airstrip,44.844707,43.185901
RU-0747,Sukhovka Airfield,56.05055,40.75778
RU-10007,Siversky Air Base,59.356701,30.036699
RU-10020,Lodeynoye Pole Airport,60.716999054,33.561000824
RU-10030,Ponoy Airfield,67.11,41.106
SE-0083,Ekeryd - Ekelanda private airstrip,56.596257,13.490785
SE-0110,Lund Airfield,55.684399,13.2108
SK-0068,Veľká Lomnica Airstrip,49.1065,20.344029
TR-0061,Sakarya University Heliport,40.74318,30.33131
TR-0273,Air Training Command Heliport,38.40172,27.07222
UA-1901,Novyi Kalyniv Air Base,49.550654,23.334579
AT-0061,Dachlandeplatz Heliport,47.805839538574,13.027724266052
BE-0035,Sint-Elisabeth General Hospital Zottegem Heliport,50.8629,3.81877
BG-0044,Yunatsite Airstrip,42.232673,24.245056
BIMM,Melgerðismelar Airport,65.48266,-18.170106
BITM,Þórsmörk Airport,63.689999,-19.563101
CH-0009,Walenstadt Hospital Heliport,47.12088,9.31007
CH-0014,Zurich Children's Hospital Heliport,47.372022,8.55716
CY-0015,Erenköy Helipad,35.186998,32.615538
CZ-0096,Hory Airfield,50.21695,12.77669
CZ-0226,Brno Svatá Anna University Hospital Heliport,49.19073,16.600826
DE-0190,Stapelburg Airfield,51.914044,10.68326
EBBE,Beauvechain Air Base,50.758598,4.76833
EDGJ,Ochsenfurt Airfield,49.673611,10.071389
EDUS,Finsterwalde-Schacksdorf Airfield,51.60743,13.737702
EFPO,Pori Airport,61.4617,21.799999
EGPL,Benbecula Airport,57.481098,-7.36278
EHBL,B13-A Platform Helipad,55.284722,4.096667
EHKW,K14-FA-1A Heliport,53.26861,3.62639
EPKE,Kȩtrzyn-Wilamowo Airfield,54.047144,21.426121
ES-0276,La Cuesta Aerodrome,38.53092,-2.832511
EYPH,Paluknys Heli Base,54.486807,24.997326
FR-0680,Auxey Duresses Airfield,46.998889,4.735
FR-0799,Orgenoy Airfield,48.492806,2.573548
FR-0911,Coufouleux Airfield,43.801667,1.718611
FR-1029,Précieux Airfield,45.588056,4.175556
GB-0010,Spanhoe Airfield,52.558264,-0.620132
GB-0213,Pear Tree Farm Airstrip,51.903206,-1.076158
GB-0406,Harringe Court Airfield,51.091745,0.988812
GB-0742,Dalcross Heliport,57.542328,-4.068916
GB-0937,Benston Farm Airstrip,55.41649,-4.23027
GE-0016,Pichori Heliport,42.43698,41.54572
GR-0056,Gadouras Airfield,36.143088,28.068028
HEBS,Bani Sweif Air Base,29.20224,31.013471
IR-0177,Qasr-e Shirin Airport,34.516666,45.566666
IT-0001,Il Falco Airfield,45.269254,7.950733
IT-0289,Conca del Re Airfield,39.854278,16.19563
IT-0309,"Aviosuperficie ""Avioclub Alanno""",42.31458,14.000913
IT-0311,Campo di Volo Bonsciano,43.355854,12.193534
IT-0585,Eliporto Militare,41.253178,16.413456
IT-0881,Elisuperficie di Cannero Riviera,46.019071,8.679623
IT-0962,Elisuperficie V.F. di Ivrea,45.450682,7.860128
IT-0963,Elisuperficie 118 Ivrea,45.460669,7.884943
LB-0014,Unifil UNP 4-34 Helipad,33.297091,35.692382
LDHR,Rab Heliport,44.768822,14.732854
LDZS,Sisak Airfield,45.465556,16.486389
LEGY,Garray Airfield,41.820004,-2.476387
LFHA,Issoire-Le Broc Airfield,45.514999,3.2675
LSZR,Sankt Gallen Altenrhein Airport,47.485001,9.56077
LTAP,Amasya Merzifon Airport,40.829399,35.521999
LTAV,Sivrihisar Airport,39.4515,31.365299
LU-0012,Remerschen Heliport,49.49102,6.34507
NO-0121,Frigg DP2 Platform,59.8856010437,2.07083010674
PL-0177,Lądowisko Kamionka,53.67644,18.63286
PT-0104,Pista da Herdade da Lameira,39.277962,-7.772655
RU-0092,Myskhako Airport,44.66999816894531,37.7760009765625
RU-0515,Selizharovo Airfield,56.819368,33.328104
UA-0091,Lidavo Airstrip,50.4681472,26.2177308
UA-0142,Lysychansk Heliport,48.9323,38.4097
BG-0035,Kapitanovtsi Airstrip,44.055815,22.878457
BG-0053,Staroseltsi,43.531511,24.2967868
BG-0064,Gradishte Airstrip,43.333531,26.853869
BG-0147,Alfatar Airfield,43.91055,27.29674
BIVH,Varmahlid Airport,65.55694580078125,-19.428056716918945
BY-0009,Lida Air Base,53.877,25.377
CH-0018,Grisons Cantonal Hospital Heliport,46.864183,9.538922
CY-0024,Yeşilyurt helipad,35.155423,32.888972
CZ-0059,Chabeřice Private ULM Airstrip,49.747569,15.06424
CZ-0227,Stránecká Zhoř cropduster strip,49.38575,15.93104
DE-0004,Gransee Airfield,53.00628,13.202177
DE-0438,Basepohl Airfield,53.747388,12.950649
DE-0507,Wasserburg District Hospital Heliport,48.063371,12.213101
EBKZ,Zeno General Hospital Knokke-Heist Campus Heliport,51.328685,3.292388
EBMG,Matagne-la-Petite Ultralight Airfield,50.104208,4.636063
EDDH,Hamburg Helmut Schmidt Airport,53.630402,9.98823
EDQI,Lauf-Lillinghof Airfield,49.605162,11.283581
EDXP,Harlesiel Airfield,53.706669,7.820278
EGHH,Bournemouth Airport,50.780483,-1.839576
EHGN,G14-A,54.22389,5.49861
EHKN,K12-C Heliport,53.45833,3.90444
ES-0173,Aeròdrom Municipal El Pla de Santa María,41.371467,1.30375
ES-0224,Pozorrubio Airfield,39.826221,-2.953085
ES-0272,Blancos del Coscojar Heliport,40.3216,-1.056629
ESEU,Uddevalla Hospital Heliport,58.357325,11.928763
ESSZ,Vängsö Airfield,59.101101,17.2111
FR-0132,Bois-Bernard Private Hospital Heliport,50.375331,2.909626
FR-0238,Quartier-Reynies Heliport,45.09999847412109,5.683332920074463
FR-1050,Champis 07 Airfield,44.941111,4.761944
FR-1204,Bourbourg DZ,50.942759,2.188768
FR-1317,HOMBLEUX DZ,49.73864,2.971909
GB-0255,Gorrel Farm Airstrip,50.9438009,-4.386336
GB-0394,Little Snoring Airfield,52.860285,0.903092
GB-0539,Achnasheen Airstrip,57.5708442,-5.1888389
GMMB,Ben Slimane Airport,33.655399,-7.22145
IE-0029,Borris-in-Ossory Airstrip,52.92613,-7.65352
IT-0046,Cascina Grecia Airfield,45.353622,7.792997
IT-0346,Aviosuperficie San Teodoro,40.802484,9.65839
IT-0409,"Campo di Volo ""Maraclub Icamar""",39.278216,9.25674
IT-0475,Aviosuperficie Corfinio,42.109588,13.84213
IT-0660,Anacapri Heliport,40.558608,14.201355
IT-0703,Ospedale San Camillo,41.86757,12.45755
LELO,Logroño-Agoncillo Airport,42.460953,-2.322235
LHKD,Kecskéd Airfield,47.517121,18.325024
LJAJ,Ajdovščina Airfield,45.889198,13.8869
LOAP,Waidhofen an der Ybbs Hospital Helipad,47.952692,14.788011
LSZT,Lommis Airfield,47.524399,9.00306
LTCN,Kahramanmaraş Airport,37.5388259888,36.9535217285
LU-0004,Emile Mayrisch Hospital Heliport,49.500911,5.982146
LZIB,M. R. Štefánik Airport,48.1702,17.2127
NO-0108,LHL Gardermoen Hospital Heliport,60.16511,11.16508
PL-0141,Wola Krakowiańska,52.027223,20.807118
PT-0146,Rebocho,38.926546,-8.534066
RS-0007,Smederevo Airfield,44.6439,20.9623
RU-0070,Manushkino Airfield,59.8718986511,30.802799224900003
RU-0191,Pyaozero Air Base (abandoned),65.768997,30.976999
RU-0235,Akhty Airfield,41.4744544227,47.7015209198
RU-0248,Yegoryevsk Airfield,55.459,39.037
RU-0251,Anosino-1 Helipad,55.8470300909,36.982678771
RU-10068,Pertominsk Airstrip,64.790463,38.422472
RU-10141,Okhlopkovo Airfield,56.190798,43.082682
SK-0082,Vavrečka Airfield,49.3911,19.46712
TN-0006,A1 Oudhref Heliport,34.02864,9.92317
UA-0119,Romashky Airstrip,49.7354043,30.5536534
AZ-0002,Khachmaz Airport,41.459152,48.832635
BE-0023,Queen Astrid Malmedy Hospital Heliport,50.42694,6.02379
BE-0085,Waasmunster Airfield,51.12715,4.06294
BG-0159,Belitsa Airfield,43.94283,26.66035
DAAQ,Ain Oussera Airport,35.525398,2.87871
DE-0630,Rudolf Virchow Hospital Glauchau Heliport,50.80806,12.55431
DE-0742,Red Cross Hospital Wertheim Heliport,49.76132,9.49866
DE-0824,DRK Kamillus Hospital Asbach Heliport,50.66839,7.42471
DE-0879,Templin/Groß Dölln Airfield,53.028258,13.54022
DZ-0001,Hamra Airport,29.221376,6.48863
EDRN,Nannhausen Airfield,49.96992,7.478357
EDSO,Gruibingen-Nortel Airfield,48.6212,9.6557
EETU,Tartu Airport,58.307438,26.686473
EHPF,P9-A (Horizon) Heliport,52.5525,3.74083
EKPB,Kruså-Padborg Airfield,54.8703,9.27901
ENWY,Yme Inspirer Heliport Offshore,57.4888,4.3212
ES-0193,Aeroclub Arnao UL,43.5531667,-7.0168
ES-0371,Bellús Reservoir Heliport,38.938572,-0.48264
FR-0006,Graffenstaden Hospital Heliport,48.537178,7.721645
FR-0264,Altiport de Col Saint Jean,44.413891,6.373056
FR-0440,Guynem'air Ultralight Airfield,46.34685,0.51751
FR-0564,Veauce Airfield,46.173151,3.059489
GB-0050,Wing Farm Airfield,51.163355,-2.208607
GB-0444,Alcester Airfield,52.2292,-1.87714
GB-0454,Mitton Airstrip,52.732917,-2.185017
GB-0482,Thornhill Airfield,56.14888,-4.18588
GB-0950,Newry private Airstrip,54.14446,-6.31402
GB-1313,Hartland Point Heliport,51.0187,-4.51816
GR-0080,Megisti Lavra Monastery Heliport,40.17149,24.38132
IT-0466,Campo di Volo Amyclae,41.314204,13.345913
IT-0879,Elisuperficie di Scareno,46.010402,8.585172
LBGO,Gorna Oryahovitsa Airport,43.151402,25.7129
LDVC,Čakovec Pribislavec Airfield,46.391899,16.500299
LEPP,Pamplona Airport,42.77,-1.64633
LFCI,Albi Le Sequestre airport,43.913898,2.11306
LFGA,Colmar Houssen airport,48.109901,7.35901
LFGX,Champagnole-Crotenay Airfield,46.763032,5.819664
LFJL,Metz-Nancy-Lorraine Airport,48.982101,6.25132
LFOD,Aérodrome de Saumur - Saint-Florent,47.256802,-0.115142
LGST,Sitia Airport,35.21609878540039,26.101299285888672
LHSA,Szentkirályszabadja Airfield,47.0779,17.968399
LILG,Vergiate Airfield,45.712633,8.700714
LIMB,Milano-Bresso Airfield,45.541389,9.202222
LOLG,Sankt Georgen-Ybbsfeld Airfield,48.10332,14.951091
LTFJ,Istanbul Sabiha Gökçen International Airport,40.898602,29.3092
LU-0002,Medernach / Kitzebour Ultralight Airfield,49.7892,6.24111
NL-0119,Radboud University Medical Center Heliport,51.823519,5.862919
NO-0113,Veslefrikk B FPU,60.7822,2.89611
RS-0028,Niš Clinical Center Heliport,43.312443,21.916019
RU-0206,Tetrino Airfield,66.058767,38.282633
RU-0306,Beketovka Air Base,48.551003,44.369
RU-0960,Gudermes Airport,43.334434,46.041037
SI-0029,Maribor University Hospital Heliport,46.55117,15.64911
UUOB,Belgorod International Airport,50.643798828125,36.5900993347168
XK-0002,Krusheva Airfield,42.63982,20.50275
BG-0008,Kozloduy Airfield,43.763134,23.722031
BISI,Siglufjörður Airport,66.137847,-18.908157
CY-0051,Gülseren Barracks Central Helipad,35.142708,33.927836
CZ-0129,Osičiny Airstrip,50.01647,14.772211
DE-0315,Malmsheim Airfield,48.7847,8.9175
DE-0317,Markdorf Glider Field,47.7072,9.391
DE-0460,Vivantes Humboldt Clinic Heliport,52.59042,13.30846
EBOO,Oostdijckbank Platform Heliport,51.274445,2.4475
EDAP,Cottbus-Neuhausen Airfield,51.684723,14.423056
EE-0016,Matka-Lüganuse Airfield,59.384655,27.02493
EGNR,Hawarden Airport,53.178101,-2.97778
EHDR,Drachten Airfield,53.117933,6.127324
EHFB,F2-A,54.94444,4.5725
ENUR,Heidrun B Helipad,65.34333,7.36722
ESGM,Öresten Airfield,57.445301,12.649
ESTT,Vellinge Airfield,55.391202,13.022103
FR-0331,Javerlhac Ultralight Airfield,45.553817,0.5585
FR-1053,Chassancet Airfield,45.1575,1.726944
GB-0021,RAF Catterick,54.366508,-1.61808
GB-0170,RAF Burnfoot,54.987097,-2.984363
GB-0266,Upper Harford Airstrip,51.888613,-1.818346
GB-0464,Hunsdon Airfield,51.8078,0.069644
GB-0478,Rathfriland Airstrip,54.253246,-6.229055
GB-0733,Fern Farm Airstrip UL,53.2074,-2.2528
GB-0862,Hirta Heliport,57.810266,-8.571737
GB-0872,Deptford 'Farm' Airstrip,51.16246,-1.97636
GR-0085,Asimenio Airstrip,41.40236,26.54839
IT-0239,Esperti Airfield,40.47894,17.884616
IT-0491,San Felice-Trichiana Airfield,46.084723,12.121052
LEEM,El Manantío Airfield,38.777508,-6.991124
LEZA,C.I. de Laza Heliport,42.069044,-7.474941
LFKF,Figari Sud-Corse Airport,41.50185,9.097092
LFLG,Grenoble Le Versoud Airfield,45.218047,5.848317
LV-0016,Matīši Airfield,57.688051,25.166628
LV-8040,Daugavpils International Airport,55.944721,26.665001
NO-0014,Meråker Airfield Øian,63.370834,11.8125
OSAP,Aleppo International Airport,36.181262,37.226869
PL-0279,Dejguny Airstrip,54.021285,21.594777
PT-0031,Beja Civil Airfield UL,38.06138,-7.87767
RO-0051,Gagu Zenair Airfield,44.611058,26.26066
RO-0095,Prejmer Corona 3 Aerodrome,45.68086,25.74498
RU-0151,Petropavlovskaya Krepost Helipad,59.951484,30.313715
RU-0154,Ropsha Airfield,59.71099853515625,29.80500030517578
RU-0266,Barvikha-4 Helipad,55.7669655027,37.3082131147
RU-0369,Gelendzhik Seaplane Base,44.57,38.038611
SK-0063,Trebišov Airstrip,48.636891,21.759432
SK-0075,Tomášovce Airstrip,48.35997,19.642739
SY-0011,As-Saliniyah Airport,34.73309,40.71139
TR-0170,AFAD Helipad,39.906437,32.758553
UA-0051,Lokhvitsya Airfield,50.346,33.296
UA-0188,Stuzhitsa Heliport,49.04233,22.604014
UA-6118,Vasylkiv Air Base,50.234689,30.30092
UA-9874,Petrykivka Airfield,48.74488,34.63659
UG28,Bolshiye Shiraki Air Base,41.37950134277344,46.3672981262207
UKCK,Kramatorsk Airport,48.706799,37.630922
BISS,Sandskeið Airport,64.060799,-21.574699
BY-0008,Bel Airfield,53.779817,31.66495
CY-0083,Frenaros Helipad,35.025185,33.926629
DE-0005,Warngau Airfield,47.82399,11.70398
DE-0050,Alsfeld Airfield,50.750565,9.248615
DE-0089,Hienheim Airfield,48.87811,11.76034
DE-0100,Großes Moor Airfield,52.5359,10.02
DE-0339,Hartenstein-Thierfeld Ultralight Airfield,50.675798,12.678946
DE-0510,Frankfurt University Hospital Heliport,50.095651,8.662482
DE-0796,Ernst von Bergmann Hospital Bad Belzig Heliport,52.14079,12.59828
EBGA,UZ Leuven Hospital Heliport,50.877291,4.672821
EDNF,Elsenthal Grafe Airfield,48.822498,13.3675
EDRV,Wershofen/Eifel Airfield,50.451902,6.784086
EGLC,London City Airport,51.505299,0.055278
EICA,Connemara Regional Airport,53.23030090332031,-9.467780113220217
EIKK,Kilkenny Airport,52.65079879760742,-7.296110153198242
ENBN,"Brønnøysund Airport, Brønnøy",65.461098,12.2175
ENBR,"Bergen Airport, Flesland",60.2934,5.21814
ES-0048,Gérgal Aerodrome,37.12557,-2.595571
ES-0070,Aeródromo Alcalá del Río,37.553279,-5.980612
ES-0376,Aeródromo de Casinos,39.725009,-0.733848
ESOW,Stockholm Västerås Airport,59.589401,16.6336
ESUM,Mohed Airfield,61.291199,16.8463
FI-0005,Mänttä - Sassi Airfield,62.028,24.664
FR-0049,Centre Hospitalier Heliport,48.7227783203125,-3.465277910232544
FR-0544,Rémeling UL,49.41169,6.47624
FR-0626,Lévignac de Guyenne Airfield,44.619444,0.231389
FR-0776,Boissia Airfield,46.573004,5.710366
FR-1023,Saint-Martin Airfield,44.588056,5.541389
FR-1166,Tallone Airfield,42.165556,9.522778
GB-0051,Colemore Farm Airfield,51.060926,-1.010742
GB-0374,Viewfield Airstrip,57.664125,-3.188644
GB-0377,Croughton Manor Farm Airstrip,51.9878923,-1.2071769
GB-0465,Culbokie Airstrip,57.586843,-4.31636
GB-0530,Wormingford Glider Field,51.941419,0.789459
GB-0836,Fir Grove Airstrip,52.5506,1.1736
GB-1122,RAF Metfield,52.36586,1.39126
GB-1351,Sunderland Airport,54.911742,-1.472938
IT-0088,Monti della Tolfa Airfield,42.0188,11.9827
IT-0172,Stella Airfield,44.95094,11.62722
IT-0282,Campo di Volo Collerotondo,42.289182,13.745423
IT-0653,Ustica Heliport,38.707215,13.177478
IT-0891,Elisuperficie di Fobello,45.890136,8.156683
LBPL,Dolna Mitropoliya Air Base,43.451771,24.502423
LFJT,Tours Le Louroux Airfield,47.149251,0.711125
LFNC,Mont-Dauphin Saint-Crépin Airfield,44.701698,6.60028
LFSS,Saint Sulpice des Landes,47.791667,-1.643611
LGSA,Chania International Airport,35.531207,24.150673
LIRN,Naples International Airport,40.886002,14.2908
LKMO,Most Airfield,50.525002,13.6831
LTBD,Aydın Çıldır Airport,37.815389,27.887566
NL-0041,Wieringermeer Glidersite,52.820556,4.926389
NL-0043,Bergen Airfield,52.6472222222,4.69222222222
NL-0093,Koninklijke Nederlandsche Springstoffenfabrieken N.V Helipad,52.1755,5.0106
NO-0122,Albuskjell A Platform,56.6422,2.93861
PL-0023,Leszno  (Rydzyna) Highway Strip,51.81499862670898,16.623899459838867
PL-0038,Brochocin Air Base,51.203331,15.93278
PL-0126,Narew Helipad,52.908916,23.539053
PL-0162,Stary Wielisław Airfield,50.407065,16.563007
RO-0035,Caragea Dermen Heliport,44.23193,28.58523
RU-0368,Seltsy Airfield,54.9237,39.6392
RU-0407,Rodnikovskaya Airstrip,44.777646496,40.7087659836
RU-0510,Krapivye Airport,56.396436,40.338347
SE-0050,Myttinge Heliport,59.394406,18.4707801
UA-0013,Rysove Airfield,45.995499,33.681017
UA-0016,Yukharina Balka Airfield,44.549003,33.488613
AT-0046,Febau Heliport,46.661109924316,14.615833282471
CH-0012,Limmattal Hospital Heliport,47.393567,8.431755
CH-0029,Uster Hospital Heliport,47.3535,8.72424
DE-0033,Freilassing Hospital Helipad,47.8484971975,12.979743182700002
DE-0110,Bad Zwischenahn-Rostrup Airfield,53.2102,7.9887
DE-0121,Bohlenbergerfeld Airfield,53.418,7.9039
DE-0162,Riedelbach Airfield,50.3024,8.3845
DE-0273,Daun-Senheld Glider Field,50.175895,6.857754
DE-0524,ADAC Air Rescue Station Senftenberg Heliport,51.530666,13.988192
DE-0574,Konstanz Hospital Heliport,47.67203,9.18869
DE-0699,Christian Hospital Unna West Heliport,51.53263,7.67634
DK-0017,Ejstrupholm Airfield,55.990993,9.267537
EBCI,Brussels South Charleroi Airport,50.461963,4.459562
EBHN,Hoevenen Airfield,51.306099,4.38722
EDBS,Sömmerda-Dermsdorf Airfield,51.198414,11.191764
EG-0051,Martyr Ahmed El-Mansy Floating Bridge Heliport,30.04307,32.58078
EGJB,Guernsey Airport,49.435001,-2.60197
EH-0026,Al Mahbes Airstrip,27.409695,-9.073016
EIWT,Weston Airport,53.351622,-6.490357
ESGH,Herrljunga Airfield,58.032376,13.108642
FR-0040,Centre Hospitalier Hotel Dieu Heliport,46.80500030517578,4.448888778686523
FR-0076,Louis Pasteur General Hospital Heliport,47.083218,5.472643
FR-0174,Amiens South Hospital Heliport,49.876038,2.257489
FR-0287,Altisurface de la Plagne-Bouirex,42.866669,1.138333
FR-0598,Les Cigognes d'Epfig Ultralight Airfield,48.338333,7.477778
FR-1001,Cruis Mas des Grailles Airfield,44.060278,5.853056
FR-1143,Saint-Quentin Hospital Heliport,49.860451,3.270984
GB-0012,Benone Strand/Londerry Airfield,55.166667,-6.859167
GB-0036,Horse Leys Farm Airstrip,52.785362,-1.096752
GB-0240,Grove Farm Airstrip,53.31413,-0.866172
GB-0585,Yafford House Private Airstrip,50.63144,-1.36393
GB-0661,New Model Farm Airstrip,51.674236,-0.489671
GB-1045,RAF Chipping Norton,51.923976,-1.532249
GB-1071,Kerrera helipad,56.421188,-5.489551
GB-1119,RAF Matching,51.78219,0.24013
GB-1121,Hardwick Airfield / RAF Hardwick,52.46671,1.30889
GB-1214,Plymouth City Airport,50.424282,-4.109439
GB-1262,RAF Waterbeach,52.281742,0.184532
IE-0048,Camus Airstrip,53.17147,-8.11363
IT-0502,Curtatone Private Airfield,45.112207,10.705383
IT-0841,Elisuperficie Rifugio Walter Bonatti,45.847224,7.034061
IT-0944,Elisuperficie del 118 di Lanzo Torinese,45.281251,7.474308
KW-0014,Abdullah bin Umm Maktum Mosque Helipad,29.43351,48.26882
LDRG,Grobničko Polje Airfield,45.379501,14.5038
LEAF,Alcorisa Forestry Heliport,40.898141,-0.396393
LECI,Santa Cilia De Jaca Airfield,42.569199,-0.727778
LETV,Tirviá Heliport,42.518799,1.24231
LFAR,Montdidier Airfield,49.672118,2.567811
LFCN,Nogaro Airfield,43.769699,-0.032778
LHBI,Biharkeresztes Airfield,47.137425,21.675425
LPMC,Macedo de Cavaleiros,41.52532,-6.966368
LSXR,Lodrino Heliport,46.2901725769043,8.992927551269531
LTHF,DHMİ Atatürk Airport Heliport,40.9817,28.8222
LV-0004,Praulienas lidlauks,56.8516882,26.3126111
MC-0002,Helipuerto del Centro Hospitalario “Princess Grace”,43.729392,7.410111
PL-0027,Mirosławiec  (Nowe Laski) Highway Strip,53.38610076904297,16.15690040588379
PL-0036,Lotnisko Białousy,53.40472,23.228331
PL-0046,Kraków-Łęg Heliport,50.06071,20.012423
PL-0153,Lądowisko Pago Dąbcze,51.8187067,16.6601499
PT-0078,Pista da Barragem de Odivelas,38.215474,-8.080187
RU-0295,Burevestnik Yacht-club Helipad,55.9795,37.5282
SE-0085,Bråvalla Air Base,58.610901,16.1036
SE-0105,Åmsele Air Base,64.570602416992,19.314100265503
SK-0089,Banská Bystrica Hospital Heliport,48.743693,19.114494
TR-0144,Sakli Heliport,41.13264,29.30144
TR-0161,Wyndham Grand İstanbul Levent Heliport,41.077076,29.012293
UA-0123,Biloyarivka Airstrip,47.810729,38.629275
UA-0149,Mriya Resort Helipad,44.3977,33.94168
URMS,Magas Airport,43.323268,45.012568
AT-0047,Zwatzhof Heliport,46.975555419922,14.274722099304
BE-0066,'S Gravenvoeren Heliport,50.764771,5.786845
BG-0115,Pavlikeni Cropduster Strip,43.2595,25.3123
BY-0039,Pogonnoye Airport,51.6114,29.9808
CZ-0079,Říčany Airstrip,49.974444,14.649167
CZ-0217,Uherské Hradiště Hospital Helipad,49.06271,17.4573
CZ-0268,Holešov Airport,49.3143997,17.5688992
DE-0078,Fichtelbrunn Airfield,49.49818,11.6595
DE-0350,Brandis Airbase,51.328383,12.656439
DE-0368,Mohorn Airfield,50.997963,13.446165
DE-0383,Bredstedt Airfield,54.633425,8.985745
DE-0458,Berlin Emergency Hospital Heliport,52.51926,13.56769
DE-0685,Bietigheim Hospital Heliport,48.95662,9.13568
DE-0913,Marien Hospital Papenberg Aschendorf Heliport,53.07414,7.39295
EBBL,Kleine Brogel Air Base,51.168301,5.47
EG-0013,Maadi Military Hospital Heliport,29.969388,31.2463
EHKF,K6-PN Heliport,53.69861,3.74778
EKNM,"Morsø Airfield, Tødsø",56.824402,8.78667
ELUS,Useldange Glider Field,49.768155,5.965962
EPGY,Grądy Airfield,52.836977,21.777644
EPPR,Pruszcz Gdański Air Base,54.248001,18.6716
ES-0095,Aeródromo de Tudela,42.109262,-1.686976
EVRA,Riga International Airport,56.920752,23.970711
FR-0182,Berre/Marignane Seaplane Base,43.444635,5.209672
FR-0455,Saint-Pierre-de-Bat Ultralight Airfield,44.66716,-0.21962
FR-0517,Les Ailes de Sergy ULM,46.25967,6.023689
FR-0659,Le Rigola Bourdeilles Airfield,45.303889,0.596389
FR-1016,Aix-en-Provence Paramotor Field,43.682523,5.412207
FR-1032,Yenne Airfield,45.713333,5.776944
GB-0622,Dairy House Farm Airfield,53.106477,-2.5037106
GB-0818,North Honer Farm Airstrip,50.78545,-0.751241
GB-0839,Bowden Farm Airstrip,51.3619,-1.6873
GB-1106,RAF Fersfield,52.42435,1.05734
GB-1128,Park Farm Airstrip,51.9823,0.6696
HU-0011,Tokorcs Airfield,47.271543,17.109145
IQ-0035,Qalat Sikar Air Base,31.83498191833496,46.30484008789063
IT-0632,Salsola Airfield,41.548333,15.4575
IT-0808,Aviosuperficie Airone,37.113977,14.214206
LHFC,Bodmér-Felcsút Airfield,47.444629,18.557102
LIRQ,"Florence Airport, Peretola",43.808558,11.202822
LKCO,Chodová Planá Heliport,49.901199,12.741704
LKSR,Prachatice Airfield,49.0825,14.0758
LNMC,Monaco Heliport,43.725798,7.419673
LOIJ,Sankt Johann Airfield,47.5201,12.4497
LPPJ,Beja Heliport,38.058,-7.875403
LSYI,Limmerenfirn Mountain Landing Site,46.810556,8.967778
LSZQ,Bressaucourt Airfield,47.392408,7.028956
LTBP,Yalova Air Base,40.686279,29.37707
NL-0035,Schinveld Glidersite,50.980833,5.998611
OIHS,Nojeh Air Base,35.211601,48.6534
PL-0020,Jarosławiec Highway Strip,54.525002,16.506399
RO-0074,Balomir (Sibot) Airfield,45.92483,23.35914
RU-0305,Srednyaya Akhtuba Airfield,48.730157,44.861658
RU-0395,Kitsa Airfield,68.507364,33.287544
RU-0485,Aviator-3 Airfield,55.331223,39.339296
RU-0922,Rybatskaya Airstrip,54.67994,39.78785
RU-6699,Idritsa Air Base,56.34830093383789,28.893299102783203
SE-0049,Timmele Airfield,57.872988,13.430448
SK-0054,Dlžín Airstrip,48.8044756,18.5067176
SK-0088,Bohunice Nuclear Power Plant Heliport,48.48971,17.67219
TR-0105,Federal Border Guard No. 12 Helipad,36.577022,36.578932
TR-0293,Tuzla Airstrip,40.825996,29.283028
UA-0057,Mospyne Airfield,47.841620693900005,38.100843429600005
UBBN,Nakhchivan International Airport,39.188801,45.458401
AT-0058,Zwettl Heliport,48.599721,15.163697
AT-0064,Judenburg Heliport,47.165000915527,14.654999732971
AT-0086,Wien-Aspern ÖAMTC Heliport,48.222772,16.512824
BG-0117,Ekzarh Yosif Airstrip,43.62617,25.78988
BIAL,Álftaver Airport,63.53979,-18.44374
CZ-0208,Děčín Heliport,50.78104,14.22768
DE-0116,Peißenberg Airfield,47.8337,11.06685
DE-0124,Osterholz-Scharmbeck Airfield,53.2135,8.8102
DE-0133,Weper Airfield,51.7124,9.8026
DE-0321,Münsingen-Eisberg Airfield,48.4093,9.4425
DE-0388,Plötzin Airfield,52.355651,12.824854
DE-0618,Friedrichshafen Hospital Heliport,47.67284,9.42856
DE-0741,Crailsheim Hospital Heliport,49.13545,10.07877
DE-0759,Regiomed Hospital Lichtenfels Heliport,50.13885,11.08157
EDUA,Flugplatz Stechow-Ferchesar,52.650555,12.487778
EDVS,Salzgitter-Drütte Airfield,52.154446,10.426667
EFKK,Kokkola-Pietarsaari Airport,63.721199,23.143101
EGUB,RAF Benson,51.614366,-1.095991
EGXH,RAF Honington,52.342602,0.772939
EHLS,L5-B Heliport,53.70417,4.60222
ES-0054,Aerodromo de Villanueva de Gallego,41.7856,-0.848033
ES-0074,Aeródromo el Maíllo,40.571167,-6.2188167
ES-0131,Aeroclub de Barbastro,41.994251,0.092153
ES-0178,Aeródromo de Brunete,40.396556,-4.023712
ES-0326,Coll de Rates Helipad,38.723737,-0.061191
FI-0001,Pistohiekan Glider Field,61.567659,28.01329
FR-0214,Centre Hospitalier Heliport,45.24166870117188,4.665832996368408
FR-0262,Col de Sarenne Altiport,45.087521,6.145885
FR-0371,Fromissard ULM,44.003856,1.229357
FR-0395,Aérodrome de Peyrillac,44.889715,1.416185
FR-0439,Base ULM de Sury en Vaux,47.38084,2.78308
FR-0608,Le Pas de l'Aze Airfield,45.22,0.478056
FR-0819,Saint Jean Pla de Corts Airfield,42.519722,2.810556
FR-0878,Gibel Airfield,43.301389,1.7025
FR-1164,Belle-Ile-En-Mer Centre Hospitalier Heliport,47.345002,-3.162168
GB-0098,RAF Appledram,50.809189,-0.807495
GB-0270,Mitchell's Farm Airstrip,52.337386,0.182883
GB-0387,Hollym Airfield,53.7157,0.049669
GB-0474,Middlebank Top Farm Airstrip,53.7237,-2.25557
GB-0559,Aughrim Airstrip,54.093511,-6.045749
GB-0849,Oldbury on Severn Airstrip,51.6308,-2.5593
GB-0890,Wickhambrook Airstrip,52.175037,0.536485
GB-0959,North Rona Heliport,59.12089,-5.81469
GE-0002,Zugdidi Airport,42.489200592041016,41.81869888305664
GMFK,Moulay Ali Cherif Airport,31.9475002289,-4.39833021164
HU-0006,Szatymaz Airfield,46.322651,20.053209
IQ-0047,Shu'aiba Airport,30.426825,47.642235
IT-0032,Il Grifo Airfield,38.637255,15.94775
IT-0086,La Comina Airfield,45.991852,12.65399
IT-0187,Aviosuperficie Dorgali,40.348344,9.547495
IT-0373,Serristori Airfield,43.332567,11.857861
IT-0448,Campo di Volo MedFly,37.1055,14.220061
IT-0562,Porto Cesareo Airfield,40.292833,17.834566
IT-0577,Eliporto Isola di S.Nicola,42.124193,15.510389
LEMR,La Morgal Airfield,43.429199,-5.83056
LFJA,Chaumont-Semoutiers Airfield,48.080719,5.047703
LIBN,Lecce Galatina Air Base / Galatina Fortunato Cesari Airport,40.239201,18.133301
LINL,Lecce-San Cataldo Lepore Airfield,40.358928,18.297958
LOKM,Mayerhofen Airfield,46.974996,14.371228
LRFL,Floreni Airfield,47.362846,25.21191
LY-0007,Former Tobruk Airport,32.103124,23.83335
LYKS,Rosulje Airfield,43.561362,21.382688
NL-0069,Oostvoorne Airfield,51.915593,4.072816
OITM,Sahand Airport,37.34799957275391,46.12789916992188
OK2A,Patton Army Heliport,28.864548,48.150941
PT-0054,Aerodromo de Pias Longas (Old - Closed),39.586541,-8.577726
RU-0012,Khariusny Air Base (closed),67.379729,34.215661
RU-1110,Monchegorsk Air Base,67.986702,33.018299
RU-9937,Rzhev Air Base,56.259998,34.408298
TR-0129,Silivri State Hospital Helipad,41.079146,28.251484
TR-0249,Uzunyol Border Post Helipad,39.298698,44.052604
TR-0267,Izmir Shipyard Command Heliport,38.464185,27.132996
TR-0297,İskenderun Airport,36.5744552612,36.1534194946
UA-0163,Profug Heliport,44.6511,34.3995
UKOH,Kherson International Airport,46.6758,32.506401
BG-0057,Lozen Airstrip,43.301985,25.862821
CZ-0038,Chomutov Hospital Heliport,50.453617,13.411807
CZ-0273,Hradčany Airfield,50.619247,14.732753
D125,Esslingen Klinikum Rooftop Helipad,48.7375,9.326944
DAAM,Telerghma Airport,36.1087,6.3646
DAUL,Laghouat - Molay Ahmed Medeghri Airport,33.7644,2.92834
DE-0099,Große Wiese Airfield,52.13704,10.5695
DE-0501,Helios Horst Schmidt Clinic (HSK) Heliport,50.0636,8.18951
DE-0846,Helios Clinic Munich West Heliport,48.14521,11.45391
DE-0881,Hanau Army Air Field,50.169201,8.96159
DTMB,Monastir Habib Bourguiba International Airport,35.75809860229492,10.75469970703125
EBBR,Brussels Airport,50.901402,4.48444
EBVU,Rotselaar Heliport,50.939257,4.730574
EDGF,Fulda-Jossa Airfield,50.475278,9.443221
EDKZ,Meinerzhagen Airfield,51.099399,7.596896
EDLV,Weeze (Niederrhein) Airport,51.601362,6.141228
EDNO,Nördlingen Airfield,48.870556,10.505
EDNZ,Zell-Haidberg Airfield,50.136944,11.794444
EECL,Tallinn Linnahall Heliport,59.448015,24.753313
EGHC,Land's End Airport,50.102798,-5.67056
EHJJ,K5-CU Heliport,53.815,3.44944
EHQF,Helm-A Heliport,52.87111,4.14167
EISP,Spanish Point Airfield,52.845839,-9.414876
EKAF,A6A Helideck,55.7905,3.9925
EKMB,Lolland Falster Maribo Airport,54.699447,11.438163
ENDO,Dokka Thomlevold Airfield,60.833302,9.91667
ENUN,Aasta Hansteen FPU,67.0408,7.055
EPCD,Depułtycze Królewskie Airfield,51.082067,23.437014
EPLB,Lublin Airport,51.240157,22.713461
ES-0370,Helipuerto de Xàtiva,39.005405,-0.510382
ESKC,Uppsala-Sundbro Airfield,59.922699,17.5368
ETIK,Illesheim Army Heliport,49.4739,10.3881
FR-0095,Hôpital Montimaran Heliport,43.34138870239258,3.255000114440918
FR-0129,Lille University Hospital Heliport,50.604229,3.035074
FR-0376,Aerodrome d'Esperce,43.316192,1.404468
FR-0409,Super Bareges - Plateau de Monhaillat Altisurface,42.911111,0.125556
FR-0467,Taillefontaine Airfield,49.307868,3.06599
FR-0710,Le Pouyollet Lizières Airfield,46.2125,1.572222
FR-0745,Brigueil le Chantre Airfield,46.366944,1.080833
FR-0777,Vigearde Airfield,47.211667,5.710278
FR-1036,Bibost Airfield,45.798327,4.560871
FR-1109,La Dominelais Airfield,47.75,-1.649444
FR-1147,Perpignan Centre Hospitalier Heliport,42.726111,2.888611
GB-0318,Allensmore Airfield,51.989967,-2.781699
GB-0507,Lodge Farm Airstrip,52.234817,-1.014437
GB-0710,Knettishall Airstrip,52.3756,0.882854
GB-0755,Hill Farm Airstrip,53.840338,-0.211895
GB-0902,Siege Cross Farm Airstrip,51.404734,-1.233475
GE-0006,Kobuleti Airfield,41.840599,41.799461
IT-0124,La Quercia Airfield,40.963053,16.633016
IT-0209,Il Pinguino Airfield,43.87137,10.94651
IT-0524,Avio Lao Airfield,39.780488,15.805818
IT-0612,Heliport turistic gallipoli,40.023905,18.022041
IT-0780,Rutor Glacier Altiport,45.632223,7.005417
LFEK,Issoudun Le Fay Airfield,46.887981,2.039903
LFRN,Rennes-Saint-Jacques Airport,48.0695,-1.73479
LFRP,Ploërmel Loyat Airfield,48.0028,-2.37722
LHKT,Kadarkút Airfield,46.247418,17.607822
LKVO,Vodochody Airport,50.216599,14.3958
LPSC,Santa Cruz Airfield,39.12392,-9.380091
LSME,Emmen Air Base,47.092444,8.305184
LTAL,Kastamonu Airport,41.314201,33.795799
LTCO,Ağrı Airport,39.655642,43.025742
LV-0028,Jaunkalsnava Airstrip,56.706131,25.911956
NL-0044,Ypenburg Airbase,52.041111,4.356944
NO-0011,Henning (Nedre Langli),63.93138885498047,11.59000015258789
PL-0026,Mieszkowice Highway Strip,52.750301361083984,14.511699676513672
PL-0063,Wejherowo Airfield,54.59111,18.200001
PL-0082,Wicko Morskie Air Base,54.552223,16.617742
RO-0083,Pegas Heliport,45.501992,28.031144
RU-0150,Saint Petersburg Children's Hospital No.1 Helipad,59.83629989624024,30.186500549316406
RU-0213,Panki Heliport,55.668301,37.931999
RU-0408,Kusino Airfield,59.402156,31.815548
RU-0481,Vrachovo-Gorki Airport,54.923423,39.225971
SE-0058,Kronobergshed Airfield,56.974778,14.566527
TN-0003,Grande Île Cani Heliport,37.35535,10.124186
TR-0232,Güngören South Border Post Heliport,39.558526,44.411146
UA-0062,Liman Airfield,46.57851,30.703053
US-0222,RAF Chailey,50.95521,-0.055876
AT-0043,St. Andrä Im Lavanttal Heliport,46.758331298828,14.825555801392
BE-0054,Liernu Ultralight Airfield,50.579514,4.79153
BG-0174,Stefanovo Airstrip,43.506226,27.845864
CH-0037,Münsterlingen Hospital Heliport,47.63033,9.23818
CY-0080,Bogazkoy Helipad,35.291852,33.281325
CZ-0006,International Business Center Brno Heliport,49.200279,16.61389
CZ-0137,Radovesice Airfield,50.409051,14.084008
DE-0036,Grafenwöhr Medevac Helipad,49.708056,11.916111
DE-0408,Schwaigern/Stetten UL,49.141667,8.9875
DE-0455,Feuchtwangen Private Airstrip,49.194288,10.379262
DE-0500,Helios Clinic Wiesbaden Heliport,50.08687,8.27111
DE-0704,Sankt Marien Hospital Heliport,51.61878,7.51548
DZ-0051,Tit Airport,27.06086,1.58229
EDBU,Pritzwalk-Sommersberg Airfield,53.180019,12.184553
EDQD,Bayreuth Airport,49.985001,11.64
EDWY,Norderney Airport,53.706944,7.23
EDXS,Seedorf Airfield,53.335556,9.259444
EHJG,K5-B Heliport,53.71389,3.42722
EIWF,Waterford Airport,52.187199,-7.08696
ENQR,Snorre B Helipad,61.51667,2.21667
ES-0097,Campillos Airfield,39.941179,-1.53596
ES-0135,Valdepeñas Airfield,38.792309,-3.371537
ES-0343,Silleda Fire Base Heliport,42.693527,-8.224195
ESMG,Feringe Airfield,56.950298,13.9217
ESVS,Siljansnäs Air Park,60.785099,14.8272
ETHN,Niederstetten Army Air Base,49.39162,9.956747
FR-0032,CEA Study Center Heliport,47.584882,4.879574
FR-0051,Vannes Centre Hospitalier Heliport,47.663917,-2.744672
FR-0181,Centre Hospitalier Heliport,46.83416748046875,0.5555559992790222
FR-0291,La Tête Des Champs Altiport,47.916668,6.830556
FR-0338,Carlucet Biguès ULM,44.744167,1.618333
FR-0402,Larreule Ultralight Airfield,43.44217,0.039654
FR-0767,La Croix du Garçon Airfield,49.250201,4.89151
FR-0910,Saint Lieux les Lavaur Airfield,43.761389,1.741111
FR-1025,Frontonas Airfield,45.643443,5.182726
FR-1075,Le Puy En Velay Centre Hospitalier Heliport,45.050475,3.879118
FR-1230,Saint-Lambert Airfield,49.28359,-1.09836
GB-0366,Stoke Airfield,51.4456,0.633467
GB-0500,Lindens Farm Airstrip,53.561675,-0.202133
GB-0806,Bere Farm Airstrip,50.8848,-1.1571
GB-0840,Orange Grove Barn Airstrip,51.6677,-2.1962
GB-1201,Loch Voil Water Aerodrome,56.345,-4.44
GB-1346,Bowmore Flying Boat Station,55.758889,-6.288056
GB-OUK,Out Skerries Airfield,60.4252,-0.75
GMMD,Beni Mellal Airport,32.401895,-6.315905
GR-0088,Papageorgiou Central Hospital Heliport,40.677129,22.96235
HU-0050,Földes Airfield,46.96852,17.84473
IM-0005,Noble's Hospital Heliport,54.1703682,-4.507838
IT-0327,Mantova Nord Airfield,45.172182,10.858224
IT-0707,Madonna delle Grazie Hospital Heliport,40.653055,16.613965
IT-0733,Moriggia Pelascini Hospital Heliport,46.14063,9.30167
LBMA,Maritsa Airfield,42.2652,24.7205
LIAY,La Bagnara Heliport,41.687128,13.499367
LIRE,Pratica di Mare Air Base,41.654499,12.4452
LKCV,Čáslav Air Base,49.939701,15.3818
LOGT,Leoben/Timmersdorf Airfield,47.379648,14.964044
LOIG,Ludesch Heliport,47.200313,9.780208
LQPP,Sport Airfield Popovi,44.767693,19.297417
LSZG,Grenchen Airfield,47.181599,7.41719
LTBE,Bursa Yunuseli Airport,40.233243,29.005583
OEHL,Hail International Airport,27.437901,41.686298
OKDI,Udairi Army Air Field,29.697599411010746,47.43600082397461
PL-0018,Gdynia (Rumia) Highway Strip,54.604698,18.4431
PT-0148,Aguiar da Beira Heliport,40.81751,-7.53645
PT-0158,Sines Airport,37.941692,-8.817301
RO-0123,Emergency University Hospital Of Bucharest Heliport,44.436018,26.071093
RS-0002,Bojnik Air Base,42.997299,21.721901
SA-0084,Al Muwalleh Heliport,27.67112,35.47936
SK-0035,Janova Lehota Airstrip,48.637592,18.797125
SY-0026,...at Tanf,33.532953,38.642435
TR-0007,Sungurlu State Hospital Heliport,40.173701,34.400275
TR-0199,Doğuş Didim Marina İşl. Turizm Ticaret Anonim Şirketi Helipad,37.3396,27.259033
TR-0200,Kaplankaya Heliport,37.315101,27.400508
TR-0287,Bereket Aviation Helipad,37.79387,28.982782
UUWW,Vnukovo International Airport,55.591499,37.261501
BG-0113,Madrets Airport,42.13675,26.07009
BISN,Svínafell Airport,64.384723,-15.371935
CY-0036,UNFICYP OP91 Heliport,35.112458,33.455741
DE-0635,Chemnitz-Glösa Industrial Park Heliport,50.871811,12.904403
DE-0800,Eilenburg Airfield,51.507652,12.682116
DE-0856,Bavaria Hospital Kreischa Heliport,50.94682,13.76707
EDNI,Berching Airfield,49.131043,11.443205
EDPA,Aalen Heidenheim Elchingen Airfield,48.777779,10.264722
EDWJ,Juist Airport,53.681421,7.056398
EDWR,Borkum Airport,53.59639,6.709167
EDWU,Varrelbusch Airfield,52.908333,8.040556
EESE,Salme Heliport,58.131944,22.258333
EESI,Suurupi Heliport,59.45943,24.388188
EG-0022,Residential Helipads (3x),27.032601,28.126566
EG-0063,Bir El Baheira Airfield,31.578559,25.13052
EGBB,Birmingham Airport,52.453899,-1.74803
EGBF,Bedford Aerodrome,52.23071,-0.463825
EGCJ,Sherburn-in-Elmet Airfield,53.788458,-1.216877
EGKE,Challock Airfield,51.208302,0.829167
EHFS,KNMI Weather Station,51.441372,3.595994
EHJH,K5-EN/C Heliport,53.71056,3.51111
EIER,Erinagh Airfield,52.8125,-8.282222
ENLA,Ula Platform,57.111667,2.846667
ENMS,"Mosjøen Airport, Kjærstad",65.783997,13.2149
ES-0275,Toén Firefighting Heliport,42.265853,-7.944971
ESHM,Kungälvs Hospital Heliport,57.877115,11.968177
ESUG,Gargnäs Airfield,65.305298,17.9755
ESUH,Myran Airfield,62.632469,17.981701
FR-0014,Centre Hospitalier Heliport,43.893333435058594,-0.4861109852790832
FR-0053,La Cavale Blanche Centre Hospitalier Heliport,48.40353012084961,-4.529566764831543
FR-0089,Raymond Poincaré Hospital Heliport,48.83933,2.170367
FR-0220,Clinique Pneumologique des rieux Heliport,44.358055114746094,5.149722099304199
FR-0515,Talissieu Airfield,45.871584,5.726938
FR-0872,Ercé Airfield,42.851111,1.297222
FR-0891,Brugnens Airfield,43.833611,0.731111
GB-0221,Sandhill Farm Airstrip,51.605203,-1.674562
GB-0615,London Gliding Club,51.868549,-0.545165
GB-0735,Wesham House Farm Heliport,53.798278,-2.886604
GB-1032,Low Moor Farm Airstrip,54.182606,-0.731792
GB-1111,RAF Wratting,52.12507,0.40149
GB-1218,RAF Kinloss,57.649399,-3.56064
HR-0042,Split Naval Heliport,43.523491,16.422211
HU-0031,Balatonederics Airfield,46.784913,17.378794
IE-0053,Carstown Ultralight Airstrip,53.7668,-6.3257
IS-0016,Sauðárflugvöllur,64.842222,-16.036389
IT-0761,Eurofly Airfield,45.690507,11.746809
LBPR,Primorsko Airfield,42.2596,27.703846
LDSB,Brač Airport,43.284454,16.678362
LFBF,Toulouse-Francazal (BA 101) Air Base,43.545601,1.3675
LRPH,Şirna Tăriceni Airfield,44.783792,25.983205
LRTZ,Tuzla Airport,43.984493,28.606225
LT-0018,Valkininkai Airstrip,54.3756647,24.8454637
LU-0010,Grevenmacher Emergency Heliport,49.672129,6.434428
LZNI,Nitra Airfield,48.2794,18.132799
NO-0090,Løten Forest Airstrip,60.81586,11.40666
PL-0125,Czyże,52.786205,23.430968
RU-0434,Salmiyarvi Airport,69.3296,29.9858
RU-4339,Tambov Air Base,52.700626,41.374168
SY-0038,Madan Agricultural Airport,35.75042,39.57676
TR-0171,Emniyet Genel Müdürlüğü (General Directorate of Security) Helipad,39.901178,32.844827
UA-0035,Chоrnobil Heliport,51.285999,30.198999
UA-0066,Ochakiv Air Base,46.647786,31.553764
UA-0113,Lanivtsi Airstrip,49.84537,26.116193
UA-9884,Yuzhne Heliport,45.095652,35.733882
UG11,Dollyar Air Base,40.8876,45.957001
URWI,Elista Airport,46.3739013671875,44.33089828491211
UUMI,Stupino Air Base,54.889408,38.147036
AT-0070,Innsbruck University Hospital Helistop,47.261018,11.384733
BG-0061,Doyrentsi Airfield,43.250388,24.838526
BIGJ,Gjögur Airport,65.9953,-21.3269
BY-0037,Mestnyy Airfield,51.995,24.71341
CY-0006,Kophinou Highway Strip,34.8404183033,33.4244763851
CZ-0145,Lipová Sport Airfield,51.008731,14.343853
CZ-0232,Městec Králové City Hospital Heliport,50.20529,15.28764
CZ-0241,Březí Falcon Airfield,49.338891,16.23137
DE-0605,Federal Office of Administration Heliport,50.97039,6.970863
DE-0617,ADAC Air Rescue Station Ulm (Christoph 22),48.42654,9.9455
DE-0779,Johanniter Hospital Treuenbrietzen Heliport,52.08331,12.87572
DE-0823,Ransbach-Baumbach Volunteer Fire Department Heliport,50.46293,7.73081
EDFU,Mainbullau Airfield,49.695042,9.18236
EDMB,Biberach an der Riß Airfield,48.112359,9.764013
EG-0020,Saudi Arabian Embassy Helipad,30.03155,31.21808
EG-0036,Ras Shukeir Port Heliport,28.13711,33.27775
EGDM,MoD Boscombe Down,51.152199,-1.74741
EGML,Damyns Hall Aerodrome,51.527561,0.244189
EHPC,P6-D Heliport,52.70028,3.72556
EKAT,Anholt Airfield,56.698347,11.555718
EKHM,Hammer Glider Field,55.908195,9.446358
ENTC,Tromsø Airport,69.683296,18.9189
EPSS,Świdnica - Krzczonów Airstrip,50.8171823,16.5818641
ES-0121,Beteta Airfield,40.540575,-2.076845
ES-0174,Aeródromo de Cillamayor,42.851348,-4.279289
ES-0309,Cadalso de los Vidrios Heliport,40.30569,-4.44328
ESMO,Oskarshamn Airport,57.350498,16.497999
ESNO,Örnsköldsvik Airport,63.40829849243164,18.989999771118164
ESNY,Söderhamn Airport,61.261501,17.0991
ETSN,Neuburg Air Base,48.710999,11.2115
FR-0034,Auxerre Hospital Heliport,47.804155,3.557979
FR-0138,Centre Hospitalier Heliport,49.041236877441406,-1.44343900680542
FR-0159,Centre Hospitalier Cholet Heliport,47.04222106933594,-0.8958330154418945
FR-0285,La Clusaz Altisurface,45.874129,6.42535
FR-0299,Pene De Soulit Altisurface,42.793056,0.4625
FR-0421,Altisurface de Faucon,44.535942,5.308027
FR-0736,Beaugency Airfield,47.749467,1.578984
FR-1149,Versailles Central André Mignot Hospital Heliport,48.830872,2.127759
FR-1172,Mérantais Airfield,48.7541,2.06785
FR-1199,Bray-Dunes DZ,51.088402,2.543957
FR-1288,Wavrans-sur-ternoise DZ,50.422601,2.289426
GB-0338,Essex Police Heliport,51.781314,0.521379
GB-0443,Forwood Farm Airstrip,53.3026,-0.85115
GB-0854,Great House Farm Airstrip,50.983593,-2.259858
GB-1092,King's College Hospital Helipad,51.467831,-0.091993
HU-0039,Gyomaendrőd,46.9112958,20.7615195
IR-0166,Yarem Qayah-e Olya Border Post Helipad,39.469653,44.417446
IT-0020,Camemi Airfield,37.263261,14.626579
IT-0055,Pegasus 2000 Airfield,45.311672,7.665153
IT-0056,Alpi Marittime Airfield,44.391111,7.725556
IT-0195,Corry's Airfield,45.519248,10.380685
IT-0241,Aviosuperficie Agrigento,37.247222,13.654722
IT-0255,Molinella Airfield,44.5982,11.656286
IT-0428,La Canonica Airfield,45.635467,12.340599
IT-0788,Valsamoggia-Braglie Ultralight Airfield,44.49545,11.10378
KW-0020,Kuwait Institute for Judicial and Legal Studies Heliport,29.365561,47.964281
LB-0028,Unifil UNP 5-66 Helipad,33.129735,35.350285
LB18,Tenevo Airstrip,42.346401,26.5739
LEBZ,Badajoz Airport,38.8913,-6.82133
LESS,Sotos Airfield,40.204201,-2.14389
LFDG,Aérodrome de Gaillac - Lisle-sur-Tarn,43.8839,1.87556
LFGH,Cosne-sur-Loire Airfield,47.36092,2.915862
LIAG,Colacem Heliport,43.341513,12.576869
LILE,Biella-Cerrione Airfield,45.4953,8.10278
LKPO,Přerov Air Base,49.4258,17.404699
LLKS,Kiryat Shmona Airport,33.216275,35.59622
LPVZ,Aerodromo Goncalves Lobato (Viseu Airport),40.725498,-7.88899
LSPA,Amlikon Airfield,47.573983,9.047785
LTAS,Zonguldak Çaycuma Airport,41.506401,32.0886
LTHB,Vali Ünal Erkan Polis Heliportu,37.9381,40.2953
LV-8039,Vaiņode Air Base,56.405781,21.887198
MK-0009,Kumanovo Heliport,42.138915,21.700064
MK-0024,Ilinden Barracks Heliport,41.75616,22.18812
NL-0066,Indorama Heliport,51.95957,4.09489
ORTI,Al Taji Army Air Field,33.523899,44.256699
PL-0058,Rostki Airstrip,53.709721,21.909719
PL-0103,Kamieńsk-Orla Góra Airfield,51.22536,19.418021
PL-0245,Krężce Airfield,51.93868,20.09039
RS-0030,Mija Stanimirović Barracks Heliport,43.35092,21.86331
RU-10152,Voronovo Heliport,55.319253,37.186517
TR-0250,Soğuksu Border Post Helipad,39.262662,44.052207
BG-0058,Dragoman Airfield,42.933316,22.978828
BG-0097,Avis Medica Hospital Emergency Helipad,43.38605,24.63095
BG-0130,Toshevtsi Cropduster Strip,43.79804,22.61208
BG-0149,Tamarino Airfield,42.38134,26.78022
BIHU,Húsavík Airport,65.952301,-17.426001
CY-0079,Choirokoitia Helipad,34.793553,33.352371
CZ-0215,Duchcov Municipal Hospital Heliport,50.60959,13.741837
DAOL,Oran Tafraoui Airport,35.5424,-0.532278
DE-0450,Duisburg Air Rescue Heliport (Christoph 9),51.380215,6.787303
DK-0030,Holsted Private Airfield,55.561962,8.936523
DK-0033,Bjedstrup Airstrip,56.071002,9.867514
DZ-0007,Zéralda Hospital Helipad,36.70129,2.84373
EBRU,Bekkevoort Heliport,50.957481,5.015771
EDTW,Winzeln-Schramberg Airfield,48.279167,8.428333
EDWL,Langeoog Airport,53.742379,7.496345
EG-0004,El Hassana Well Airport,30.194401,33.4128
EG-0054,Sinai Oilfields Hospital Heliport,28.89156,33.18209
EGNL,Barrow Walney Island Airport,54.1286111,-3.2675
EGSV,Old Buckenham Airfield,52.497501,1.05194
EHPL,P15-G Heliport,52.2225,3.73944
EISS,Ballyhavil Farm Airfield,53.56139,-6.092778
EKGO,Gørlev Airfield,55.551963,11.196999
EPNA,Nadarzyce Air Base,53.454885,16.48946
ES-0090,Villamarco UL,42.45175,-5.287083
ES-0102,Aerodromo de Sesma,42.425252,-2.027204
ES-0292,Helipuerto de Segovia,40.923444,-4.173464
ES-0373,Villarrobledo Health Center Helipad,39.264834,-2.593504
FR-0216,Centre Hospitalier Heliport,45.48361206054688,6.535555839538574
FR-0612,Campin Airfield,44.436389,-0.021944
GB-0028,Morn Farm Helipad (Private),50.625175,-2.513042
GB-0194,East Winch Airstrip,52.72397,0.524011
GB-0523,Westfield Farm Airstrip,50.847722,0.282018
GB-0635,Bounds Farm Airstrip,51.9245,1.009167
GB-0969,Brook Farm Airstrip,50.97834,-0.796888
GB-1165,Loxley Airfield,53.127462,0.03097
GB-1213,RAF Lyneham,51.507485,-1.991511
GB-1333,Clifton Dykes,54.644211,-2.69254
GR-0012,Terpsithea Airfield,39.653506,22.341098
IL-0013,Assuta Helipad,31.778345,34.65511
IR-001,Vayqan Air Base,38.071998596191406,45.72359848022461
IR-0042,Esfarvarin Airport,35.95323,49.59599
IT-0402,Al Ranch Airfield,45.923428,13.035592
IT-0764,Dosolo Airfield,44.96078,10.63557
IT-0878,Elisuperifice Rifugio Casa dell'alpino.,46.004783,8.479788
LFAE,Eu Mers-Le Tréport Airfield,50.068168,1.424748
LFBE,Bergerac Dordogne-Périgord airport,44.825298,0.518611
LFEI,Briare Châtillon Airfield,47.614399,2.78194
LFRB,Brest Bretagne airport,48.447899,-4.41854
LGLM,Limnos Airport,39.917098999,25.236299514799995
LHBC,Békéscsaba Airfield,46.677132,21.161188
LHOY,Őcsény Airfield,46.306138,18.767386
LJPZ,Portorož Airport,45.47201,13.615951
LOLE,Eferding Airfield,48.338793,13.985209
LUBM,Mărculești Air Base,47.862701,28.212799
NL-0086,Eric Richter Heliservice BV Helipad,51.166904,6.031712
NO-0109,Frosta Airstrip,63.61335,10.76058
PL-0270,Góraszka Airport,52.184441,21.281111
PT-0050,Martim Longo Airstrip,37.433582,-7.763626
RO-0158,Adjud Private Helipad,46.123641,27.153048
RU-0415,Smychkovo Airfield,58.679526,30.041597
RU-0474,Vaga River Heliport,61.151632,42.238552
RU-10081,Remontnoye Airfield,46.544302,43.6457
RU-1064,Prigorodnoye Airfield,44.2273,42.10827
SE-0112,Nyge Airport,58.7456016541,17.0489006042
TR-0078,Dörtyol Airfield,36.8309,36.2172
TR-0309,Gyroantalya Aviation Airfield,36.848673,31.159941
UA-0015,Perekop Airfield,46.15800094604492,33.71699905395508
UA-9875,Polonne Airstrip,50.11822,27.45884
UKHD,Kharkiv North Airport,50.024675,36.266775
BG-0005,Svishtov Airfield,43.618179,25.283663
BG-HKV,Malevo Airfield,41.871799,25.604799
CH-0020,Fideris Emergency Heliport,46.92391,9.72708
CZ-0062,Chotěšov Airfield,49.651667,13.189722
CZ-0280,Kokašice Heliport,49.877125,12.945714
DE-0225,Berg Airfield,47.830746,9.539587
DE-0264,Helios Sankt Elisabeth Hospital Bad Kissingen Heliport,50.190243,10.082644
DE-0266,Wangen-Kißlegg Airfield,47.753962,9.86219
DZ-0047,Tin Fouye Tabankort South Airport,28.41106,7.56872
EDLQ,Beelen Airfield,51.931667,8.081667
EHKC,K6-DN Heliport,53.72556,3.80444
EKKO,Korsør Airfield,55.337094,11.241791
EPKS,Krzesiny Military Air Base,52.331699,16.9664
ES-0022,ULM de Dolores,38.1573628,-0.7779122
ES-0242,Guillade Heliport,42.170884,-8.43643
ESKO,Munkfors Airfield,59.798801,13.4907
FR-0187,Pays d'Aix Medical Center Heliport,43.534721,5.442222
FR-0249,Altisurface de Balesta Nature,43.153646,0.995063
FR-0312,Altiport de Vaugellaz,45.607224,6.709722
FR-0475,Évaux Airfield,46.168657,2.432184
FR-1056,club du Houssay Airfield,48.226944,1.385278
FR-1206,Calonne DZ,50.491788,2.496461
GB-0029,Melbury Airstrip,50.879714,-2.617745
GB-0182,East Kirkby Airfield,53.13758,0.002098
GB-0306,Lymm Dam Airstrip,53.368838,-2.47641
GB-0355,Dunnyvadden Airstrip,54.8487273,-6.2069651
GB-0470,Watnall Airfield,53.0286,-1.25577
GB-0939,Poplar Farm Airstrip,52.604,0.34632
GB-1223,Dishforth Airfield,54.140517,-1.419468
GB-1297,Galloway Community Hospital,54.899029,-5.020642
GMFF,Fes Saïss International Airport,33.927299,-4.97796
IT-0557,Torre S. Emiliano Airfield,40.110195,18.49072
LEVF,Villaframil Airfield,43.552502,-7.08778
LFET,Til Châtel Airfield,47.546293,5.210438
LFJH,Aérodrome de Cazères - Palaminy,43.202202,1.05111
LFTW,Nîmes-Arles-Camargue Airport,43.757401,4.41635
LIAT,Valdera Airfield,43.592164,10.696294
LTCE,Erzurum International Airport,39.956501,41.1702
LV-8049,Liepāja,56.501819,20.997697
LY-0021,RAF Marble Arch,30.458143,18.573589
NO-0128,Jotun FPSO,59.241167,2.3945
OIAM,Mahshahr Airport,30.5562,49.151901
PT-0064,Pista de Aguas de Moura,38.579004,-8.696119
PT-0123,Aerodromo de Sao Cosmado,41.065959,-7.700687
RO-0157,Liberty Steel Galați Helipad,45.438605,27.988315
RU-0051,Nikolsk Airport,59.496666,45.518333
RU-0219,Drakino Airfield,54.873,37.267
RU-0269,Gorki-9 Heliport,55.727494,37.130055
RU-0778,Derbent Central City Hospital Heliport,42.02743,48.32866
SE-0037,Storberg,65.4881278,18.9268684
TR-0028,Keşan Air Base,40.787068,26.606655
TR-0189,Sönmez Airlines Inc. Helipad,40.255134,29.067867
UA-0151,Demetrynskaya Street Helipad,44.5097,33.6069
AL-0004,Mother Teresa Hospital Heliport,41.339303,19.830489
BG-0060,Panicharevo Airfield,42.276287,22.990773
BG-0139,Novi Pazar Airfield,43.37736,27.1737
BIKL,Kirkjubæjarklaustur Airport,63.792861,-18.003531
BY-1095,Postavy Air Base,55.116699,26.7617
CZ-0255,Kadaň Emergency Heliport,50.37313,13.28594
DE-0095,Alte Ems Airfield,53.030765,7.305385
DE-0202,Eutingen Airfield,48.485439,8.778033
DE-0409,Gersdorf Ultralight Airfield,49.03187,11.141181
DE-0412,Gössenheim Ultralight Airfield,50.028245,9.772232
DE-0531,Dernbach Sacred Heart Hospital Heliport,50.45302,7.7865
DE-0547,Riesa Hospital Heliport,51.295018,13.31389
DE-0587,Ilm District Clinic Arnstadt-Ilmenau Heliport,50.67973,10.91826
EGCS,Sturgate Airfield,53.381242,-0.6848
EGGD,Bristol Airport,51.382326,-2.716453
EGMJ,Little Gransden Airfield,52.165977,-0.149222
EHLE,Lelystad Airport,52.453188,5.514622
EIMH,Athboy Airfield,53.637779,-6.878611
EKSC,Skjold Helideck,55.53159332275391,4.906667232513428
EKVB,Viborg Airfield,56.409992,9.409277
EPRU,Częstochowa-Rudniki Airport,50.884716,19.201842
ESNC,Hedlanda Airfield,62.410631,13.745699
FR-0563,Pillac Airfield,45.331667,0.184722
FR-0605,Ferme Milhac- Oie en Périgord Airfield,45.113333,0.9225
FR-0615,Saint Estèphe Airfield,45.236111,-0.752222
FR-0647,Dunes Airfield,44.107778,0.775
FR-0715,La Maison des Pionniers Airfield,48.824444,1.583889
FR-0716,Brandes La Perouille Airfield,46.690833,1.530278
FR-0789,Bay Airfield,47.301389,5.704167
FR-0892,Goux Airfield,43.605833,-0.018056
GB-0279,Stoke Golding Airfield,52.5800833,-1.4313333
GB-0521,Woodditton Airstrip,52.199799,0.44398
GB-0711,Kilkerran UL,55.299005,-4.674436
GB-0769,Manor House Farm Airstrip,51.1768,-1.6216
GB-1093,Devizes Airstrip,51.352243,-1.95267
HLFL,Bu Attifel Airport,28.79540061950684,22.080900192260746
HLLB,Benina International Airport,32.096802,20.269501
HR-0017,Željava Air Base,44.852577,15.778314
HU-0035,Dunabogdány Airfield,47.774341,19.062484
IT-0071,Sant'Elia Airfield,44.741963,7.70987
IT-0721,Aviosuperficie Fly Team Paceco (TPPAC),37.960022,12.615416
IT-0767,San Michele NO11,45.66137,8.48094
IT-0822,Piazzola Heliport,44.23199,9.54839
IT-0855,Airgreen Helipad,45.745232,7.582066
JO-0005,Wadi El Murbah Highway Strip,32.730667612,38.9783120155
JO-0016,Ash-Shunah al-Janubiyah Airport,31.772909,35.576362
LELV,Infanta Leonor University Hospital Heliport,40.386565,-3.615839
LFDK,Soulac Sur Mer Airfield,45.494999,-1.08222
LFHP,Le Puy-Loudes Airfield,45.0807,3.76289
LKOV,Opava HEMS Heliport,49.936147,17.875909
LKRO,Roudnice nad Labem Airfield,50.410186,14.22708
LOLS,Schärding-Suben Airfield,48.403301,13.4483
LRTM,Târgu Mureş Transilvania International Airport,46.467701,24.4125
LT-9519,Kazlų Rūda Air Base,54.80559921,23.5331001
LU-0007,Princess Marie-Astrid Hospital Heliport,49.532918,5.886223
LYKT,Kostolac Airfield,44.734863,21.161664
NL-0052,Noordkop Glidersite,52.89512,5.004628
NL-0082,Military Base Joost Dourlein Heliport,52.99942,4.76337
PL-0019,Granowo Highway Strip,52.232200622558594,16.596900939941406
PL-0139,Konstancin Heliport,52.108543,21.18733
PL-0255,Gniewskie Pole Airfield,53.79081,18.86246
PT-0154,CMA Armamar Heliport,41.112268,-7.697303
RO-0121,Air Force Staff HQ Helipad,44.518905,26.07532
RU-0203,Koyda Airstrip,66.377998,42.557999
RU-0388,Bor Heliport,55.3596914463,37.7295076847
RU-0804,Onega Andozero Air Base,63.9233016968,38.4117012024
UA-0009,Gora Klementyeva Airfield,45.012616,35.247767
UA-0139,Trakhtemyriv Heliport,49.984294,31.339095
UGAM,Ambrolauri Airport,42.52687,43.13538
UKLT,Ternopil International Airport,49.5242,25.7001
AT-0065,Zams ÖAMTC Heliport,47.176235,10.611887
AT-0067,Sölden Heliport,46.946556,11.018499
BE-0019,Queen Astrid Military Hospital Heliport,50.90527,4.38936
BE-0079,Ursel Airfield,51.17082,3.4642
CZ-0019,Ostrava HEMS Heliport,49.803333,18.230556
CZ-0124,Všeň Airstrip,50.555107,15.094614
DE-0167,Michelbach Glider Field,50.2317,8.077
DE-0463,Berlin Tempelhof Heliport,52.48243,13.39561
DE-0538,Hermann-Josef Hospital Erkelenz Heliport,51.0746,6.31341
DE-0841,Bayreuth Psychiatric Hospital Heliport,49.95663,11.56823
DE-0864,Aschaffenburg Hospital Heliport,49.9767,9.18859
DE-0917,Hubertushöhe Seaplane Base,52.23822,13.97379
DZ-0049,Tin Fouye Tabankort East Airport,28.41563,8.24115
EBZU,Zuienkerke Sport Aviation Airfield,51.25555,3.139858
EDMC,Blaubeuren Airfield,48.419724,9.798333
EE-0018,Käina Airfield,58.844673,22.811522
EFPY,Pyhäsalmi Airfield,63.731899,25.9263
EHKE,K6-PC Heliport,53.69833,3.86889
EKSY,Skúvoy Heliport,61.769556,-6.80349
ENQA,Troll A Platform,60.645,3.72472
ENUK,Aasgard A FPSO Helideck,65.064144,6.725689
EPWR,Copernicus Wrocław Airport,51.103719,16.882096
ES-0153,Ororbia Airfield,42.822214,-1.735109
ET39,Hohenfels Hospital Army Helipad,49.224076,11.834813
FI-0024,Sonkajärvi-Jyrkkä Airfield,63.819401,27.7694
FR-0082,Henri Mondor University Hospital Heliport,48.798751,2.453492
FR-0176,Centre Hospitalier de Saintongues Heliport,45.747779846191406,-0.6549999713897705
FR-0383,Aghione Casone Ultralight Airfield,42.101866,9.415692
FR-0435,Cesseville Ferme des Moulins Private Airfield,49.177837,0.9953
FR-0687,Nantoux Airfield,47.023889,4.757222
FR-0770,Lanans Airfield,47.3025,6.453056
FR-0811,Pignan Airfield,43.568333,3.750556
FR-0926,Jourdan Airfield,43.435556,1.152222
FR-1098,Le Mans Centre Hospitalier Heliport,48.016667,0.173333
FR-1210,Équipée DZ,49.819566,3.061618
FR-1297,chateau de cocove DZ,50.834754,2.064282
GB-0375,Falgunzeon Glider Airfield,54.9445493,-3.7393838
GB-1074,Borders General Hospital,55.596183,-2.742157
GB-1143,Whitchurch (Hengrove) Aerodrome,51.41502,-2.58154
GB-1155,Herridge Gallops / Collingbourne Ducis Airfield,51.2866,-1.627626
GB-1261,RAF Calveley,53.113333,-2.603889
HU-0058,Hungaroring GoKart Center Heliport,47.5783,19.25113
IQ-0013,Bashiqah Airport,36.49066162109375,43.34629821777344
IQ-0036,Qasr Tall Mihl Airport,33.306409,44.241753
IT-0434,L'Airone Airfield,45.152733,8.655217
IT-0639,Torretto Airfield,41.181944,15.763889
IT-0701,Eliossola Heliport,41.3524,13.44381
IT-0725,Idroscalo di Taranto,40.477113,17.225393
IT-0883,Elisuperficie di Cicogna,45.998039,8.483382
LCLK,Larnaca International Airport,34.875099,33.624901
LEMS,Manresa Airfield,41.765301,1.86167
LEMU,Muchamiel Airfield,38.440601,-0.475278
LFMR,Barcelonnette - Saint-Pons Airfield,44.387198,6.608831
LHSI,Sitke Airfield,47.234558,17.027178
LIBR,Brindisi Airport,40.6576,17.947001
LIPF,Ferrara-San Luca Airfield,44.812328,11.613884
LPSR,Santarém Airfield,39.209495,-8.68728
LRSM,Satu Mare International Airport,47.7033,22.8857
NL-0145,Valkenburg Naval Air Base,52.1660995483,4.41794013977
RO-0063,Râmnicu Vâlcea Heliport,45.05704,24.342635
RU-0375,Monino Airfield,55.836700439453125,38.16999816894531
RU-0509,Shapkino Airport,56.037273,43.558402
RU-10127,Ruchyi Airfield,66.029774,41.211004
TR-0239,Yiğityatağı Border Post Helipad,39.407758,44.267467
ULAL,Leshukonskoye Airport,64.896004,45.723
AZ-0007,Göyçay Airport,40.6231834773,47.7628523111
BE-0050,Saint-Remy Ultralight Airfield,50.0583,4.28194
BE-0061,Neerpelt Ultralight Airfield,51.211945,5.478611
BG-0026,Polikraishte Airfield,43.199333,25.640889
BG-0065,Borovan Airstrip,43.426891,23.77037
CH-0034,Grosser Mythen Helipad,47.02987,8.68912
CY-0014,UNFICYP OP03 Heliport,35.175495,32.621905
DE-0102,Hellingst Airfield,53.3751,8.8498
DE-0221,GSD Airport,50.329062,11.282344
DE-0399,Hoym Airfield,51.777931,11.285309
DE-0416,Maurice Rose Army Air Field,50.177008,8.658793
DE-0421,Neustrelitz Heliport,53.3821208,13.0521218
DZ-0020,Gassi Touil Airport,30.51446,6.45266
EBVN,Vlimmeren Heliport,51.306493,4.806617
EDDP,Leipzig/Halle Airport,51.420657,12.232705
EDFR,Rothenburg ob der Tauber Airfield,49.388332,10.218056
EGKB,London Biggin Hill Airport,51.33079910279999,0.0324999988079
EHST,Stadskanaal Airfield,52.9986,7.02278
ENRX,Ringerike Hospital Heliport,60.14908,10.25521
ESOL,Lemstanas Airfield,60.586597,16.586566
FR-0141,L'Aigle Hospital Heliport,48.766875,0.6101
FR-0178,Centre Hospitalier Heliport,46.15900039672852,-1.142591953277588
FR-0460,Le Palais Rescue Center Heliport,47.341907,-3.173543
FR-0841,Herbéviller Airfield,48.556111,6.768889
FR-0851,Dropt AltiSurface,47.959167,6.542222
FR-1287,ARTRES DZ,50.294767,3.542619
GB-0070,Hoy/Longhope Airfield,58.791779,-3.216076
GB-0363,Exning Airstrip,52.2901671,0.3698329
GB-0813,Podington Airstrip,52.228246,-0.605278
GB-1123,RAF Lydd,50.97182,0.86984
GB-1352,de Havilland factory airfield,51.765196,-0.237158
GE-0041,Vaziani Barracks Heliport,41.67794,45.056194
GR-0104,Evelpidon Heliport,37.842764,23.815539
HLRA,Dahra Airport,29.47117,17.929354
HR-0046,USS Čađavica,45.73049,17.85027
HU-0014,Balatonkeresztúr Airfield,46.693034,17.397773
HU-0017,Gyõrszentiván-Bõny Airfield,47.6672,17.784801
IE-0042,Laytown Airstrip,53.690727,-6.272178
IE-0088,Executive Helicopters Ireland Helipad,53.12475,-8.47096
IM-0006,Hall Caine Airport,54.33583,-4.4375
IQ-0010,Ar Rutbah South Airport,32.831565856933594,40.33956527709961
IT-0336,Aviosuperficie Loelle,40.5701667,9.3173667
IT-0472,Leonardo da Vinci Airfield,45.288333,8.8
IT-0610,Melendugno Heliport,40.246606,18.436303
IT-0615,Helipad Paretano,40.822761,17.283141
LLMR,Mitzpe Ramon Airfield,30.6506,34.8069
LPAG,Albergaria-a-Velha Heliport,40.707119,-8.4914
LSZH,Zürich Airport,47.458056,8.548056
MD-0009,Ceadîr-Lunga Airfield,46.034994,28.851844
NL-0058,De Kluis Airfield B.91,51.796667,5.853056
PL-0149,Witnica Airstrip,52.6735,14.8687
PT-0023,Laúndos Airfield UL,41.4487,-8.70829
PT-0086,Aerodromo da Amareleja,38.179117,-7.205958
RU-0073,Gostilitsy Airfield,59.7267,29.6395
RU-0398,Kiyevskoye Airstrip,45.0605629952,37.9666471481
RU-10017,Volgodonsk Airport,47.682098,42.0728
RU-1067,Voronezhskaya Airfield,45.24142,39.55752
TR-0029,Niğde Airport,37.846042,34.473324
TR-0052,Presidential Heliport,41.130006,29.059866
TR-0208,Aras Köprüsü Border Post Helipad,39.652929,44.794586
UA-0093,Pishchanka Airstrip,48.200516,28.863063
UA-0117,Orekhovo Airfield,48.20211,35.021351
ULAR,Kargopol,61.515033,38.912039
AD-0001,Terra Guindaldes Heliport,42.546257,1.51916
AL-0009,Puka Heliport,42.0417,19.86158
BITO,Thorisos Airport,64.354373,-18.836514
D415,Sindelfingen Fa. Daimler Helipad,48.692859,8.985761
DE-0386,Everswinkel Ultralight Airfield,51.884444,7.838056
DE-0627,Cham Hospital Heliport,49.2268,12.6591
EBMB,Melsbroek Air Base,50.913419,4.491005
EE-7685,Valga Air Base,57.81330108642578,26.07670021057129
EETI,Tõutsi Private Airfield,57.952306,26.476493
EGSC,Cambridge City Airport,52.205002,0.175
EKEB,Esbjerg Airport,55.525902,8.5534
EPGI,Grudziądz Lisie Kąty Airfield,53.524399,18.849199
ES-0053,Base BRICA de Cártama,36.722785,-4.700446
FR-0177,Centre Hospitalier Heliport,45.633331298828125,-1.060832977294922
FR-0490,Avaux-Les Bourdons Ultralight Airfield,49.480697,4.074769
FR-0813,Les champs blancs Airfield,43.294444,3.474444
FR-0896,Bassoues Airfield,43.578333,0.269444
FR-0944,Coutures Airfield,47.366111,-0.330556
FR-1234,Tourcoing Guy Chatillez Hospital Heliport,50.74507,3.18269
FR-1243,Condé-sur-Noireau Airfield,48.890681,-0.503569
FR-1244,Bordeaux Souge Air Base,44.851093,-0.805493
FR-1294,Frevillers DZ,50.397624,2.523787
GB-0091,RFC All Hallows / RAF All Hallows,51.465772,0.634847
GB-0108,RAF Ballyhalbert,54.496764,-5.478058
GB-0324,Baxterley Aerodrome,52.56877,-1.614299
GB-0518,Talgarth Glider Field,51.980947,-3.205374
GB-0522,Wood Farm Airstrip,52.122101,-0.69604
GB-0616,Darlton Gliding Club,53.244587,-0.859207
GB-0727,Field House Farm Airstrip UL,54.8093,-1.4946
GB-0835,Little Robhurst Airstrip,51.079836,0.740408
GB-0980,Radwell Lodge Ultralight Airstrip,52.005332,-0.215757
GB-1046,Lutton Garnsgate Airstrip,52.778003,0.093813
GB-1131,Arran south Helipad,55.449903,-5.111319
GB-1161,RAF Market Harborough,52.49207,-0.95781
GB-1178,RAF Folkingham,52.86158,-0.44023
GCAD,Adeje Heliport,28.124165,-16.742906
GR-0037,Folegandros Heliport,36.62112,24.91912
HLSH,Sahil Airport,29.542447,20.17107
IT-0054,Il Picchio Airfield,45.708725,8.595706
IT-0248,Montecchio Podere Santa Apollonia Airfield,43.297074,11.906888
IT-0265,Torre Sant'Andrea Airfield,40.247662,18.436303
IT-0310,"Campo di Volo ""Avioclub Elice""",42.49048,13.995545
IT-0504,Mantovana Airfield,44.726634,8.593727
IT-0581,Eliporto,41.632838,15.389813
IT-0582,Incoronata Industrial Zone Heliport,41.424363,15.639565
IT-0726,Idrosuperficie di Marone,45.741289,10.091254
IT-0790,Granta Pareì ghiacciaio,45.492637,7.060532
IT-0954,Base militare esercito Venaria Reale,45.13059,7.615006
KW-0023,Sief Palace Heliport 2,29.383151,47.97254
LBVD,Vidin Smurdan Airfield,44.0224,22.816099
LDZB,Buševec Velika Glider Field,45.647499,16.124399
LEGS,Parque De Garraf-Sitges Heliport,41.27389907836914,1.914720058441162
LGSP,Sparti Airfield,36.9738,22.525708
LIPK,Forlì-Luigi Ridolfi International Airport,44.194801,12.0701
LL1B,Arad Airport,31.22916984558105,35.18903732299805
LOGZ,Graz Children's Hospital Helipad,47.084404,15.468957
LOJH,Hochgurgl Heliport,46.91097,11.05352
LRFB,Fagu Balc Heliport,47.3425,22.575
LZMA,Martin Airfield,49.0653,18.9508
MK-0022,Mavrovica Airfield,41.912399,21.9554
NO-0016,Fiske Airfield,63.01244735717773,9.046683311462402
NO-0097,Haslemoen Flyplass,60.653396,11.910337
OKAS,Ali Al Salem Air Base,29.346905,47.520118
ORQW,Qayyarah West Airport,35.7672,43.125099
PL-0083,Kazimierza Mała Airfield,50.260283,20.541402
PL-0226,Pisarzowice Airport,51.14882,15.23374
PL-0272,Kraków Rakowice-Czyżyny Airport (Disused),50.084353,19.99031
RU-0090,Krasnodar Central Air Base,45.082429,38.944312
RU-0508,Burtsevo Airstrip,56.151721,43.701272
RU-10168,Koncel Heliport,56.01155,37.16177
TR-0143,Hizirbey Heliport,41.00982,39.71286
UA-0174,Zmiyinyy Island Helipad,45.255778,30.201306
UA-9865,Chernihiv Shestovytsia Airport,51.402199,31.1583
XK-0012,Marinë Airfield,42.70257,20.82276
BG-0072,Slatina Airstrip,43.272279,24.739494
BIRE,Reykhólar Airport,65.45262908935547,-22.20611572265625
CH-0003,Altisurface du Glacier de Prasfleuri,46.064289,7.354317
CY-0008,RAF Ayios Nikolaos Air Base,35.083178,33.900432
CZ-0045,Kroměříž Hospital Heliport,49.291194,17.379699
DE-0689,Forchheim Franconian Switzerland Hospital Heliport,49.71353,11.0778
DE-0819,Kalkberg Heliport,50.94758,6.99728
DK-0036,Revninge Airfield,55.418985,10.670596
EDFV,Worms Airfield,49.606945,8.368333
EDGO,Oedheim Heliport,49.241471,9.234363
EDWO,Atterheide Airfield,52.286388,7.969722
EG-0075,Abdeen Palace Helipad,30.04331,31.24676
EGHL,Lasham Airfield,51.18744,-1.031663
ENDR,Draugen Platform Helipad,64.35556,7.79167
ES-0061,Son Albertí Airfield,39.400644,2.860621
ES-0369,Eivissa private Airstrip,38.96978,1.43786
ETOA,Schweinfurt Army Heliport,50.049753,10.167905
FR-0056,Centre Hospitalier de l'agglomeration Montargeoise Heliport,47.99666595458984,2.774444103240967
FR-0068,North Ardennes Intercommunal Hospital Heliport,49.762565,4.697744
FR-0189,Fréjus Saint Raphael Intercommunal Hospital Heliport,43.439746,6.751536
FR-0208,Centre Hospitalier Heliport,45.04194259643555,5.021944046020508
FR-0324,Verchocq Airpark,50.541124,2.033945
FR-0640,Ozenx Montrestrucq Airfield,43.433074,-0.80036
FR-0677,La Baillée sous Champ Fleu Airfield,48.1875,-1.496389
FR-0698,Vaufoin Airfield,48.106389,3.356667
FR-0794,Sagy Airfield,46.615556,5.352778
FR-0873,Ste Croix Airfield,44.413889,1.943333
FR-0999,La Madoire SPB,46.840556,-0.429444
FR-1247,Ancien aérodrome de Sallanches Mont-Blanc,45.953899,6.63917
GB-0023,Shenstone Hall Farm Airstrip,52.639565,-1.821718
GB-1252,Wroughton Airfield,51.5061,-1.80194
IE-0079,Brittas Bay Airfield,52.858208,-6.06759
IE-0086,Ballymoney Airfield,52.93241,-6.08221
IT-0224,Monticchio Airfield,40.377022,17.386017
IT-0313,Santa Maria Rossa Airfield,43.024026,12.387359
IT-0335,Base Aerea Molise,41.474462,14.537457
IT-0347,Campo di Volo Rovellasca,45.675833,9.064444
IT-0361,Villa Fontana Airfield,44.51585,11.59218
IT-0436,Aviosuperficie Antica Sardegna,39.270695,9.538871
IT-0438,AliLafer Airfield,45.033682,9.791865
IT-0485,Cianpioppo Airfield,45.015766,10.509881
IT-0553,San Leo Heliport,43.896713,12.350816
IT-0927,Elisuperficie Rifugio Stellina,45.21563,7.042183
KW-0015,Kuwait Air Sports Committee Airport,28.567798,48.389652
LBST,Stryama Airfield,42.537873,24.827384
LEPI,Casas de los Pinos Airfield,39.298199,-2.37872
LFGC,Strasbourg Neuhof Airfield,48.553263,7.776604
LFHQ,Saint-Flour-Coltines Airfield,45.076401,2.99361
LFNV,Valréas Visan Airfield,44.33574,4.906877
LIAQ,Aquino Airfield,41.491983,13.719342
LIPE,Bologna Guglielmo Marconi Airport,44.5354,11.2887
LLNV,Nevatim Air Base,31.2082996368,35.012298584
LV-0020,Višķi Airstrip,56.03673,26.792944
MA-0009,Sidi Zouine Airport,31.63833,-8.34768
NO-0043,Ripel Airstrip,59.937908,5.990483
NO-0102,Notodden sjøflyplass - Heddalsvatnet,59.55941,9.22422
OSLK,Latakia International Airport,35.4011,35.9487
PL-0118,Oborniki Słonawy Airfield,52.666858,16.774546
PL-0133,Lewickie Private Airstrip,53.029083,23.134638
PL-0258,Kielczyn Airfield,52.05561,17.21515
RO-0154,Mărașu Private Helipad,44.846848,27.999081
RU-0283,Millerovo Airport,48.937,40.417
RU-0372,Rostov-on-Don Central Air Base,47.277386,39.635556
RU-4244,Loukhi-3 Air Base,66.055,32.7967
TR-0081,Kanyon Eczacıbaşı Helipad,41.078313,29.011714
TR-0174,Ankara Şehir Hastanesi Helipad,39.902222,32.757206
AT-0054,Amstetten Hospital Heliport,48.126714,14.880871
CZ-0032,Rakovnik Hospital Heliport,50.107749,13.718629
CZ-0288,Bošovice Airstrip,49.060506,16.843395
DE-0244,Vaihingen an der Enz Airfield,48.9362,8.9736
DE-0344,Göpfersdorf Airfield,50.913871,12.612927
DE-0422,Aachen Hospital Heliport,50.775674,6.044372
DE-0519,Friedberg Army Heliport,50.333723,8.734264
DZ-0014,Cherchell Military Academy Heliport,36.59431,2.20544
DZ-0034,Krechba Airport,29.071282,2.2059
EDCL,Klietz-Scharlibbe Airfield,52.709442,12.073333
EDTD,Donaueschingen-Villingen Airfield,47.973331,8.522222
EFJV,Central Finland Central Hospital Heliport,62.230361,25.71154
EGNH,Blackpool Airport,53.771702,-3.02861
EHDT,D12-A Heliport,54.34222,2.86444
EKHG,Herning Airfield,56.1847,9.04445
ENFY,Fyresdal Airfield,59.202784,8.087625
ENTO,"Sandefjord Airport, Torp",59.186699,10.2586
EPLK,Łask Air Base,51.551701,19.1791
EPST,Stalowa Wola-Turbia Airfield,50.62638,21.998963
ES-0348,Reina Sofía Hospital Heliport,42.040262,-1.625955
ETNH,Hohn Air Base,54.312199,9.53817
EYSB,Barysiai Airfield,56.070599,23.5581
FR-0253,Altisurface de Castillon De La Laquette,42.895557,0.100556
FR-0271,Glacier de la Barbarate Altisurface,45.15927,6.141508
FR-0658,Adventure Paramoteur Alsace Airfield,48.709167,7.737222
FR-0696,Courgenay Airfield,48.315833,3.556944
FR-0773,Athose Airfield,47.076667,6.289444
FR-0838,Le Vernet-Sainte-Marguerite Airfield,45.611643,2.946224
FR-0853,Ville sur Illon Airfield,48.181111,6.215833
FR-0938,Nantes Héric Airfield,47.385833,-1.635556
FR-0964,Oisseau Neuville Airfield,48.351111,-0.708889
FR-1226,Hazebrouck,50.72021,2.550491
FR-1290,[Duplicate] HMP DZ,50.912623,1.764706
GB-0201,Glenswinton Farm Airstrip,55.047763,-4.031649
GB-0216,Ashley's Field Airstrip,53.219069,0.270528
GB-0462,Octon Airstrip,54.127292,-0.430613
GB-0681,Manor Farm Airstrip,52.53994,-0.86822
GB-0683,Luss Seaplane Terminal,56.120657,-4.650422
GB-0726,Thornton Watlass Airstrip UL,54.2617,-1.6389
GB-0972,Orchard House Airstrip,52.498341,0.278199
GB-1065,Hilton of Carslogie Airstrip,56.315643,-3.065972
GB-1290,Mull Hospital,56.480334,-5.716173
GR-0040,Anafi Heliport,36.35641,25.77269
IE-0014,Finn Valley Airfield UL,54.846529,-7.658548
IT-0166,Campo di Volo Alicocco,41.655,13.226389
IT-0173,Ultralight Friuli Airfield,45.93098,13.362
IT-0444,Roma East Airfield,41.914691,12.769538
IT-0573,Eliporto S.G.Rotondo,41.693749,15.710771
IT-0590,Bari Guardia di Finanza Heliport,41.138072,16.775689
IT-0961,Elisuperficie di Cuorgnè,45.3948,7.65106
LB-0031,Unifil UNP 5-10 Helipad,33.18347,35.235093
LECO,A Coruña Airport,43.302101,-8.37726
LFDF,Aérodrome de Sainte-Foy-la-Grande,44.8536,0.176667
LFHE,Aérodrome de Romans - Saint-Paul,45.066101,5.10333
LFQM,Besançon La Vèze Airfield,47.206615,6.083168
LFQQ,Lille Airport,50.566564,3.102429
LFRV,Vannes-Meucon Airport,47.723301,-2.71856
LHUH,Úrhida,47.128198,18.312986
LIPY,Marche Airport,43.616299,13.3623
LLFK,Fiq Airfield,32.786389,35.717499
LPJF,Aerodromo de Leiria,39.779907,-8.820238
LR79,Ianca Airfield,45.158655,27.43093
LRBG,IAR Brașov / Airbus Helicopters Heliport,45.695845,25.534013
LTBR,Bursa Yenişehir Airport,40.255199,29.562599
PS-0001,Jurish Highway Strip H,32.098363,35.345356
PT-0141,Courela do Outeiro Private Airstrip,37.627463,-7.502632
RU-10062,Khanskaya Air Base,44.68,40.035
RU-1040,Pes Heliport,58.90442,34.357007
SI-0018,Podpeč Airfield,45.973447,14.412345
SK-0077,Šarišské Michaľany Airstrip,49.0757,21.1515
SY-0027,Al Futasiyah,34.80908,35.915108
SY-0033,Istamo Heliport,35.470253,35.91913
TR-0137,Kılıçtutan Garrison Helipad,35.962007,36.222106
TR-0151,Black Sea Regional Command Heliport,41.28909,31.40395
TR-0299,Ereğli Erdemir Airport,41.251399993896,31.410800933838
UA-0167,Yuzhniy Heliport,44.57702,33.49612
UMBB,Brest International Airport,52.108138,23.89676
UWGB,Bolshoye Boldino Airport,55.02000045776367,45.31499862670898
AT-0044,Villach Heliport,46.615692138672,13.857175827026
BG-0075,Vetrino Airstrip,43.31172,27.41527
BG-0128,Rasovo Cropduster Strip,43.68,23.25786
BG-0185,[Duplicate] Sapareva Banay Airport,42.314055,23.258589
CZ-0041,Nové Město na Moravě Hospital Helistop,49.56144,16.063095
CZ-0114,Dolní Tošanovice Airstrip,49.682351,18.479829
CZ-0177,Luka nad Jihlavou ULM,49.38244,15.71368
DE-0147,Hessisch Lichtenau Airfield,51.1888,9.7434
DE-0206,Löchgau Airfield,49.001065,9.082403
DE-0629,Helios Clinic Plauen Heliport,50.48964,12.15362
DE-0750,Sankt Georg Hospital Eisenach Heliport,50.98755,10.31667
EBAG,Grâce-Hollogne Agusta Heliport,50.640081,5.457585
EDBZ,Schwarzheide/Schipkau Airfield,51.491929,13.879366
EDOX,Renneritz Airfield,51.595112,12.237911
EDPH,Schwabach-Heidenberg Airfield,49.268019,11.012606
EGHO,Thruxton Aerodrome,51.210602,-1.6
EHKB,K6-GT Heliport,53.7525,3.91472
EKLS,Læsø Airport,57.277199,11.0001
EPDS,Witków Airfield,50.79686,16.11448
EPRZ,Rzeszów-Jasionka Airport,50.109791,22.024155
EPZG,Zielona Góra-Babimost Airport,52.1385,15.7986
ES-0125,Aeródromo de Villa María,37.9273008,-1.7751475
ES-0308,Tejeda Heliport,27.99362,-15.60982
ES-0362,Viso del Marqués Airfield,38.5056,-3.42615
EYZA,Zarasai Airfield,55.752499,26.256901
FR-0323,Mont sur Meurthe Airfield,48.543823,6.441912
FR-0457,Casa del Mare Helipad,43.760464,7.460265
FR-0509,Verdun Saint-Nicolas Hospital Heliport,49.15363,5.38234
FR-0711,Loulappe Airfield,48.438333,1.274444
FR-1126,Commerveil Airfield,48.315556,0.355
FR-1145,Orange Louis Giorgi Hospital Heliport,44.147983,4.821855
GB-0477,Onecoat Morridge Airstrip,53.114776,-1.944237
GB-0762,Edington Private Airstrip,51.267796,-2.101908
GB-0776,Furze Farm Airstrip,52.527447,-0.352796
GB-1116,RAF Great Dunmow,51.88417,0.31178
GB-FLH,Flotta Isle Airstrip,58.825802,-3.14278
GE-0031,Camp Ghromi Heliport,42.15932,44.21771
GR-0110,Old Paros National Airport,37.010581,25.12879
HESC,Saint Catherine International Airport,28.684292,34.064409
HR-0047,Airfield Ravnice,45.995186,17.204908
IT-0191,L'Elika Airfield,44.88293,7.56105
IT-0461,Groane Airfield,45.56612,9.109705
IT-0643,Vincenzo Airfield,41.411111,15.424444
IT-0852,Elisuperficie Diga Place Moulin,45.899364,7.490573
LB-0030,Unifil UNP 2-5 Helipad,33.277016,35.249712
LFCH,Aérodrome d'Arcachon-La Teste-de-Buch,44.596401,-1.11083
LFKX,Méribel Altiport,45.407505,6.577597
LR82,Boboc Air Base,45.2164,26.9786
LT-0017,Gėluvos Airstrip,55.254035,23.5148404
LTBW,İstanbul Hezarfen Airfield,41.1036,28.547701
LV-0023,Barkava Airstrip,56.749886,26.5977
LZSL,Sliač Airport,48.63779830932617,19.13409996032715
PL-0042,Dęblin-Podlodów Air Base,51.62722,22.198059
PL-0188,Dębno Airstrip,51.33468,16.51771
RO-0098,Buzău Airfield,45.12718,26.80141
RU-0448,Gurlevo,59.477249,28.89666
RU-10060,Veshenskaya Airfield,49.656601,41.700699
SI-0017,Zgornja Kostrivnica ULM,46.258411,15.584676
SY-0031,Tell Beydar,36.744043,40.570879
UA-0029,Bolshoy Tokmak Air Base,47.285459,35.707855
UA-0069,Uman Air Base,48.79403,30.208197
UKKK,Ihor Sikorsky Kyiv International Airport (Zhuliany),50.40194,30.45194
URKS,Enem Airfield,44.945999,38.931999
AT-0015,Lech / Zürs Heliport,47.184186,10.157166
AT-0039,Föderlach Heliport,46.601768493652,13.949712753296
BG-0182,Izgrev Airport,43.277222,27.701944
CZ-0193,Mariánské Lázně Airfield,49.922798,12.7247
DAOC,Béchar Ouakda Aerodrome,31.642901,-2.18466
DE-0042,Weißenburg-Wülzburg Glider Field,49.025666,11.018422
DE-0286,Ernzen Airfield,49.828271,6.434691
DE-0528,Dresden University Hospital Heliport,51.05757,13.78001
DE-0832,Carl von Basedow Saalekreis Hospital Querfurt Heliport,51.37063,11.60606
DE-0883,Landsberg am Lech Air Base,48.070599,10.906
DZ-0004,Béni Abbès Airport,30.12558,-2.13726
EDLH,Hamm-Lippewiesen Airfield,51.68972,7.816111
EDSI,Binningen Glider Field,47.798772,8.718553
EELM,Lange Airfield (Lennundusmuuseum),58.290658,26.767748
EGNE,Retford Gamston Airport,53.280602,-0.951389
EHQH,Q4-C Heliport,52.82556,4.28333
ES-0221,Ruidera2,39.02495,-2.911927
EVHB,Baltijas Helikopters Heliport,56.607936,23.458431
EYRO,Rojūnai Airfield,55.610802,24.2208
FR-0080,Poissy Hospital Heliport,48.917589,2.022976
FR-0483,Villard-Notre-Dame Airfield,45.018056,6.037778
FR-0653,Bouloc Airfield,44.307778,1.080556
FR-0824,Rouveirolle Airfield,43.939444,4.238056
FR-0979,Hautefaye Airfield,45.545278,0.493333
FR-1043,Saint-Thibault Airfield,49.693374,1.81118
GB-0034,Cottage Farm Airstrip,52.669634,-1.523465
GB-0103,RAF Attlebridge,52.692434,1.112795
GB-0131,RAF Boxted,51.934933,0.93071
GB-0309,Haydock Park Airstrip,53.478357,-2.622433
GB-0430,Hook Airstrip,51.276115,-0.940737
GB-0793,Field Farm Helistrip,51.913581,-1.098268
GB-0979,Goldstone Farm Airstrip,51.266869,-0.377655
GB-1125,RAF Friston,50.76222,0.16862
GB-1289,Ninewells Hospital Heliport,56.462555,-3.041788
GR-0071,Evexia Rehabilitation Center Thessaloniki Heliport,40.35872,23.05589
HR-0025,Dubrava Clinical Hospital Heliport,45.83716,16.03488
HR-0030,Virovitica Airfield,45.84423,17.3267
IT-0092,Centro Volo Campania,40.9515272,14.41188
IT-0130,Aquile Randagie Airfield,45.165629,11.03503
IT-0352,Aviosuperficie Aviodelta,44.706594,10.249517
IT-0631,Ramitelli Airfield,41.908333,15.116667
IT-0884,Elisuperficie Rifugio di Vigevano,45.871149,7.872745
LECC,Cas Curredó Heliport,38.9291,1.46633
LF51,Plan-de-Dieu-Orange Airfield,44.18,4.91889
LFCV,Aérodrome de Villefranche de Rouergue,44.369491,2.025722
LFGS,Longuyon Villette Airfield,49.483617,5.571939
LFIB,Aérodrome de Belvès Saint-Pardoux,44.782501,0.958889
LFIY,St Jean d'Angély Airfield,45.964993,-0.523374
LIDE,Reggio Emilia Airport,44.698039,10.664885
LIPG,Gorizia Duca d'Aosta Airfield,45.906898,13.5993
LOLK,Ried-Kirchheim Airfield,48.21227,13.345678
LPCC,Dr. Nélio Mendonça Hospital Heliport,32.647638,-16.92371
NO-0019,Bjorli Airfield,62.234754,8.245797
ORBI,Baghdad International Airport / New Al Muthana Air Base,33.262501,44.2346
ORTL,Ali Air Base,30.935801,46.090099
PL-0006,Brzeg-Skarbimierz Air Base,50.836945,17.41361
PL-0076,Żerniki Gądki Airfield,52.322536,17.040853
PL-0156,Brzeziny Airfield,51.808039,19.738517
RU-0301,Volen Heliport,56.2788410955,37.476253509500005
RU-0428,Osinovaya Roshcha Helipad,60.1020986078,30.2621734142
SE-0090,Hasslosa Air Base,58.409698486328,13.26309967041
SOR,Al Thaurah Airport,34.390394,40.15256
SY-0032,Jabal Ghoul,36.707995,40.510626
TR-0056,Çengelköy Heliport,41.05508,29.05583
TR-0058,Istanbul Park Heliport,40.95486,29.41437
TR-0176,Sarp Heliport,39.752732,30.63845
UA-0080,Narodychi,51.2312512,29.0707288
ULLI,Pulkovo Airport,59.800301,30.262501
XK-0020,Gjakova Heliport,42.38589,20.43589
AZ-0010,Agjabedi Airport,40.022291,47.44935
BG-0034,Bregovo Airstrip,44.132,22.659357
CH-0016,Bülach Hospital Heliport,47.521867,8.533201
DE-0112,Bisperode Airfield,52.0788,9.476
DE-0312,Kirchzarten Airfield,47.9509,7.9558
DE-0400,Niederwillingen Airfield,50.780019,11.050058
DE-0614,Barmherzige Brüder (Brothers of Mercy) Hospital Regensburg Heliport,49.01728,12.06322
DE-0816,Idstein Volunteer Fire Department Heliport,50.21697,8.25538
DE-0837,Helios Hospital Lutherstadt Eisleben Heliport,51.53362,11.54092
EDCF,Friedersdorf Glider Field,52.283298,13.8069
EDGB,Breitscheid Airfield,50.676388,8.169444
EDRO,Schweighofen Airfield,49.031884,7.990508
EDWK,Karlshöfen Airfield,53.332779,9.028333
EDXY,Wyk auf Föhr Airport,54.684444,8.528333
EE-0012,Tallinn Hospital Helipad,59.396414,24.702914
EEVO,Vormsi Airfield,58.985169,23.252056
EGNM,Leeds Bradford Airport,53.865898,-1.66057
EHVK,Volkel Air Base,51.657222,5.707778
EKSG,Schelenburg God Heliport,55.543889,10.635833
EPEL,Elbląg Airfield,54.1408,19.4233
ES-0241,Lires Heliport,42.981544,-9.237198
ES-0256,Valdenuño-Fernandez Airstrip,40.766317,-3.35485
ES-0269,Enova Airstrip,39.03365,-0.47555
ESGJ,Jönköping Airport,57.757598876953125,14.068699836730955
ETHB,Bückeburg Air Base,52.2785,9.08217
ETIH,Hohenfels Army Airfield,49.216541,11.836064
FR-0093,Centre Medical du Cap Peyrefite  Heliport,42.45888900756836,3.1600000858306885
FR-0301,Pointe de l'Ouillon Altisurface,45.241166,6.216524
FR-0349,Aérodrome de Saint-Aubin La Plaine,46.515876,-1.051669
FR-0534,Metz-Legouest Army Training Hospital Heliport,49.11322,6.18797
FR-0897,Mauvezin Airfield,43.736944,0.864444
FR-1132,Epinal Emile Durkheim Centre Hospitalier Heliport,48.181111,6.454444
GB-0340,Skelling Farm Glider Field,54.697922,-2.584196
GB-0715,Acaster Malbis Airstrip,53.883483,-1.121874
GB-0808,New Lane Farm Airstrip,52.768709,0.930491
GB-0900,Wathstones Farm Airstrip,54.289667,-1.447148
HE25,El Minya Airport,28.090509,30.738738
HE46,El Sharqi Airport,30.026081,32.971458
HR-0023,Ramarin Airfield,45.178422,18.179344
HU-0028,Pásztó-Hasznos repülőtér,47.9327379,19.7747449
HU-0044,Dévaványa Airfield,47.011512,20.982331
IR-0167,Kharmanyeri Military Base Helipad,39.406612,44.426471
IT-0110,Dovera Airfield,45.380312,9.534945
IT-0179,Sibari Fly Airfield,39.757785,16.437453
IT-0375,San Marco Volo Airfield,45.771043,11.996559
IT-0746,Santi Giovanni & Paolo Civil Hospital Helipad,45.440485,12.344561
IT-0840,elisuperficie Rifugio Bertone,45.810035,6.978738
IT-0924,Elisuperficie di Ceresole Reale,45.433139,7.230334
JO-0013,Island East Heliport,29.54052,34.98965
LEAL,Alicante-Elche Miguel Hernández Airport,38.2822,-0.558156
LETM,Sant Martí De Sescorts Heliport,42.01549911499024,2.3192501068115234
LFEJ,Châteauroux Villers Airfield,46.840863,1.619951
LFFR,Bar-sur-Seine Airfield,48.065907,4.412368
LFGJ,Dole Tavaux Airport,47.038955,5.427589
LFRQ,Quimper-Cornouaille Airport,47.973031,-4.169655
LGKS,Kasos Airport,35.4213981628,26.9099998474
LIAP,L'Aquila–Preturo Airport,42.379902,13.3092
LJPT,Ptuj Airfield,46.42709,15.98609
LKUL,Usti Nad Labem Airfield,50.699699,13.9697
LOAG,Krems/Langenlois Airfield,48.446155,15.635011
LTFO,Rize–Artvin Airport,41.179766,40.848802
NO-0119,Jotun A FPSO,59.4506,2.36528
OICK,Khoram Abad Airport,33.43539810180664,48.282901763916016
OJ38,Zarqa Airport,32.025299072265625,36.144798278808594
PL-0061,Drahimek Airfield,53.614404,16.185951
PL-0098,Łagowiec,52.33525,15.665277
PT-0020,Aerodromo de Cabeceiras de Basto UL,41.556444,-7.985086
RU-0656,Voronezh Dairy Helipad,51.69251,39.13949
RU-10157,Arkhangelskoye Heliport,55.406532,36.914676
SE-0055,Hornlanda,57.866397,15.84486
SE-0100,Färila Air Base,61.897999,15.7053
SI-0007,Cerkvenjak-Čagona Airfield,46.547725,15.915213
UBBL,Lankaran International Airport,38.757919,48.807042
ULJI,Vizhas Airfield,66.637283,45.906166
BIMK,Múlakot Airport,63.714103,-19.88121
BISF,Selfoss Airport,63.929199,-21.0378
CZ-0046,Český Krumlov Hospital Heliport,48.8163,14.3252
CZ-0211,Kladno Hospital Heliport,50.14026,14.08661
DE-0580,Sankt-Nikolaus Diocesan Hospital Heliport,50.44161,7.40338
DE-0914,Borkum Island Hospital Heliport,53.584915,6.670228
EDMP,Vilsbiburg Airfield,48.426109,12.345278
EDXF,Flensburg-Schäferhaus Airport,54.773335,9.378889
EG-0002,El Sheikh Gebeil Airport,30.594704,31.66493
EGSX,North Weald Airfield,51.721699,0.154167
ES-0098,Camp de Vol Prat de la Plana-Moià,41.800541,2.112188
ES-0197,Aeródromo de Espiel,38.2628667,-5.0442
ES-0289,Ribatejada Heliport,40.6658,-3.3907
ESFR,Råda Air Base,58.4981,13.0532
ESGC,Ålleberg Airfield,58.134499,13.602097
ESKA,Lunda Airfield,60.132801,18.1049
FR-0128,Saint-Omer Regional Hospital Heliport,50.70344,2.254976
FR-0374,Corbonod-Seyssel Private Airfield,45.9618,5.8178
FR-0412,Sarrat Ultralight Airfield,43.208593,1.708594
FR-0462,Île-de-Sein Heliport,48.035473,-4.854028
FR-0648,Boissay Ludovic Airfield,44.108056,0.981667
FR-1229,Bazenville Air Base,49.30362,-0.5657
FR-1260,Apt St Christol Air Base,44.058234,5.494654
GB-0749,Fridd Farm Airstrip,51.1423,0.7585
GB-1068,Altnagelvin Area Hospital West Heliport,54.984847,-7.292419
GCTS,Tenerife Sur Airport,28.0445,-16.5725
HLAM,Amal V12 Airport,29.47949981689453,21.12240028381348
IR-0062,Hazrat Zeinab Hospital Heliport,30.00612,48.52599
IS-0009,Geysir Airport,64.306592,-20.277114
IT-0057,Aviosuperficie Piovera,44.935833,8.749333
IT-0060,Aviosuperficie Valentino,44.437222,7.660556
IT-0111,Navigli Airfield,45.414412,8.895068
IT-0156,Terra del Sole Airfield,42.774774,11.15547
IT-0445,Santarcangelo Airfield,44.030537,12.426701
IT-0556,Pianon Altiport,46.145432,12.42808
IT-0629,Madna Airfield,41.922778,15.075278
IT-0630,Pantanella Airfield,41.495833,15.791667
IT-0693,Fiera di Rimini Heliport,44.072447,12.519082
IT-0870,Elisuperficie Alpe Marzone,46.058011,8.307971
LECH,Castellón-Costa Azahar Airport,40.213889,0.073333
LFFZ,Sézanne-Saint-Remy Airfield,48.70957,3.763304
LGLX,Piraeus Heliport,37.991798400878906,23.574800491333008
LKKE,Karlov Heliport,49.163774,13.426952
LSZX,Schänis Airfield,47.1717,9.03944
MA-0002,Lakhmiss N'Arazane Airport,30.49707,-8.63648
NL-0047,Keteloog Helipad,52.59254,5.73863
NO-0018,Gossen Airfield,62.834999084472656,6.829999923706055
PL-0143,Ryki Airstrip,51.644122,21.94768
PL-0165,Ikar Jasło Airstrip,49.752745,21.511692
PL-0184,Krośniewice Airstrip,52.25552,19.15125
PT-0111,Pista do Couço,39.004878,-8.274207
PT-0116,Pista de Valada do Ribatejo,39.073411,-8.766832
RO-0057,Luica Airfield,44.262213,26.651981
RO-0079,Tecuci Airfield,45.852162,27.402616
RO-0145,IGPF Mangalia Port Helipad,43.805439,28.579865
RS-0020,Zimonić  (Ilonafalu) Glider Field,46.04404,19.98972
RU-0513,Turtino Airport,56.368268,40.266128
RU-10063,Velsk Airfield,61.039843,42.10333
SE-0046,Gimo gräsfält,60.177022,18.194143
SE-0053,Esrange Heliport,67.8920296,21.0855448
SE-0065,Stockholm - Hova,59.674664,17.77854
SE-0080,Tallåsen Airstrip,62.87396,17.35913
TR-0172,Vizyon Heliport,39.958307,32.822816
TR-0266,Seferihisar District Gendarmerie Command Helipad,38.203942,26.83637
TR-0272,İzmir City Hospital Heliport,38.485378,27.181771
TR-0311,Isparta Şehit Yunus Emre Provincial Hospital Heliport,37.78714,30.57298
UA-0133,Pochetnoye Airfield,45.999861,33.78224
UB14,Kyurdamir Air Base,40.27360153198242,48.16360092163086
BG-0043,Nikola Kozlevo Airstrip,43.553365,27.222824
BG-0143,Sirakovo Airfield,41.87537,25.3717
BY-0022,Dzerzhinsky Highway Strip,53.68874,27.339573
CH-0010,Biäsche Heliport,47.128198,9.095089
CZ-0028,Thomayer Teaching Hospital Heliport,50.031934,14.457046
DE-0003,August Euler Airfield,49.853757,8.586243
DE-0161,Pohlheim Airfield,50.5322,8.7334
DE-0208,Siegen-Eisernhardt Airfield,50.8375,8.0141
DE-0211,Warburg-Am Heinberg Airfield,51.4973,9.0876
DE-0358,Burgheim Airfield,48.692206,11.033122
DE-0370,Schwarzenbach-Sötern Ultralight Airfield,49.591944,7.031389
DE-0401,Oberrot-Glashofen UL,49.01005,9.638593
DE-0925,Schwedt Refinery Heliport,53.091844,14.225222
DTTZ,Tozeur Nefta International Airport,33.939701080322266,8.110560417175293
EBKH,Balen-Keiheuvel Airfield,51.180957,5.221124
EBYC,Grembergen Heliport,51.057744,4.097527
EDGX,Walldorf Airfield,49.303055,8.658889
EDNG,Giengen/Brenz Airfield,48.634253,10.216484
EDQE,Burg Feuerstein Airport,49.794167,11.133611
EGDW,RNAS Merryfield,50.964283,-2.938443
EGKH,Headcorn Aerodrome,51.156898,0.641667
EGPA,Kirkwall Airport,58.957903,-2.905077
ENUD,Njord A Helideck,64.27067,7.20011
ES-0020,Aeròdrom de Pals,42.0069903,3.1519175
ES-0316,Xàbia Heliport,38.77313,0.17734
ESNM,Optand Airfield,63.128601,14.8028
FR-0276,Altisurface du Glacier Du Dome Du Gouter,45.845833,6.85
FR-0357,Base Hydro-ULM d'Amance,48.350833,4.505
FR-0560,Savoy Paraglider Landing Field,45.92726,6.86762
FR-0583,Poullaouen Le Stancou Airfield,48.357222,-3.663333
FR-0684,Souhil Airfield,47.9225,4.768611
FR-0752,Saint Hippolyte Airfield,47.061389,1.144167
FR-1184,Moulins Avermes Airfield,46.592637,3.318354
FR-1319,ESQUERCHIN DZ,50.373581,3.013494
GB-0449,Swanborough Farm Airstrip,50.853737,0.001996
GB-0732,Higher Barn Farm Airstrip,53.7451,-2.6059
GB-0746,Shempston Farm Airstrip,57.6958,-3.3661
GB-0977,Hutton Grange Farm Airstrip,54.4061,-1.44796
GE-0029,Camp Disevi Heliport,42.23183,44.10906
IT-0043,Boglietto Airfield,44.758611,8.183056
IT-0211,Al Casale Airfield,45.984782,12.923537
IT-0262,Empoli Airstrip,43.725153,10.982175
IT-0513,Le Prata Private Airfield,43.745788,10.405136
IT-0637,Sterparone Airfield,41.601744,15.306667
IT-0784,Nevaio del Fallére altiporto,45.758806,7.189477
IT-0845,Heliport Aosta,45.738938,7.367588
KW-0004,Old Ahmadi Hospital Heliport 1,29.090992,48.054369
LETL,Teruel Airport,40.410269,-1.217366
LEVR,Vilaller Heliport,42.3046989440918,0.7130560278892517
LFMG,Aérodrome de la Montagne Noire,43.407501,1.99028
LFNR,Berre-la-Fare Airfield,43.536659,5.177444
LFNT,Avignon-Pujaut Airfield,43.996899,4.75556
LFOV,Laval-Entrammes Airport,48.032208,-0.743999
LKUO,Ústí Nad Orlicí Airfield,49.9786,16.426399
LOJB,Bludenz State Hospital Helipad,47.159475,9.821193
LSVV,Vorabgletscher Mountain Landing Site,46.878333,9.151944
LZDB,Slávnica-Dubnica nad Váhom Airfield,48.996899,18.1922
PL-0124,Kępa Airfield,52.724271,20.421352
RU-0441,Pyalitsa Airstrip,66.1956,39.55
RU-0958,Plavsk Airstrip,53.710926,37.12752
RU-10032,Kuzomen Airstrip,66.28,36.87
RU-1049,Guba Olenya Remote Helipad,69.210072,33.373195
RU-1052,Zelenyy Helicopter Base,48.78055,44.68623
SE-0029,Dorotea Airfield,64.265398,16.490822
SK-0002,Košťany nad Turcom Airstrip,49.0167622,18.8951041
TR-0218,Gödekli South East Border Post Helipad,39.736188,44.730343
TR-0220,Gödekli Military Base 2 Helipad,39.790657,44.607757
UGSS,Vladislav Ardzinba Sukhum International Airport,42.8582,41.128101
US-0218,RAF Catfoss,53.9199600906,-0.276460647583
BE-0004,Zomergem Heliport,51.131424,3.522277
BY-0041,Avia-Mensk Airstrip,53.830978,27.376385
CY-0025,Güneşköy helipad,35.195038,32.932524
CZ-0026,Plzeň University Hospital Ground Heliport,49.76357,13.37701
CZ-0056,Český Dub Airfield,50.678056,14.999722
DE-0049,Altfeld Airfield,49.831865,9.537292
DE-0186,Hilden-Kesselweier Airfield,51.1873,6.9746
DE-0637,Alfried Krupp Hospital Heliport,51.42772,7.00968
DE-0655,Ortenau Hospital Achern Heliport,48.6253,8.06402
DE-0671,Wertach Hospital Bobingen Heliport,48.28158,10.82354
DE-0770,Hohe Warte Hospital Heliport,49.96745,11.58573
DE-0854,Dippenricht Heliport,49.25398,11.36318
EDKV,Dahlemer Binz Airfield,50.40611,6.530256
EDUY,Welzow-Sedlitzer See Seaplane Base,51.557777,14.105
EFKH,Kuhmo Airfield,64.112503,29.438601
EGNY,Beverley/Linley Hill Airfield,53.898384,-0.36139
EKSA,Sæby (Ottestrup) Airfield,57.346699,10.407
ENUC,Åsgard C FSO Helideck (Jorunn Knutsen),65.131101,6.864032
ES-0099,Moià Les Umbertes,41.7868167,2.129783
ESGY,Säffle Airfield,59.084479,12.94936
FR-0008,New City Hospital Heliport,48.575786,7.740673
FR-0150,Centrale Nucléaire Heliport,49.85359191894531,0.6312599778175354
FR-0465,Neuflieux Airfield,49.611111,3.148611
FR-0558,Ajaccio Hospital Helipad,41.922676,8.73451
FR-0941,Soulaire Airfield,47.565556,-0.549722
FR-0996,La Broue Airfield,45.77,0.018611
FR-1178,Aérodrome de Baugé,47.567241,-0.070216
GB-0148,RAF Chilbolton,51.140518,-1.437989
GB-0151,Oxenhope Airfield,53.813771,-1.933598
GB-0174,Lorn and Islands District General Hospital Heliport,56.399434,-5.474645
GB-0317,Abergavenny Airstrip,51.795023,-2.994372
GB-0420,Tibenham Airfield,52.455906,1.156054
GB-0504,Salterford Farm Airfield,53.0617449,-1.0942177
GB-0798,Radley Farm Airstrip,51.435778,-1.465924
GB-0888,Heston Aerodrome,51.491815,-0.393909
GB-1288,Golden Jubilee Hospital,55.904682,-4.423336
HE32,Al Mansurah Airbase,30.9676,31.4342
HECW,Cairo West Air Base,30.116431,30.915535
HU-0013,Baja Airfield,46.145347,19.043172
IR-0227,Shohada Hospital Heliport,34.45106,45.87192
IT-0139,Aviosuperficie Airone,45.588056,9.003751
IT-0155,Acquasparta Airfield,42.684167,12.552778
IT-0275,Arcobaleno Airfield,44.496944,11.243611
IT-0372,San Mauro Airfield,46.068333,13.366883
IT-0421,Volo Libero Carnia Airfield,46.524053,13.004055
IT-0477,Campo di Volo Delta Club,41.716433,13.094704
IT-0724,Idroscalo di Santa Maria al Bagno,40.128704,17.994586
IT-0893,Elisuperficie di Cervatto,45.883055,8.163507
IT-0930,Elisuperficie vigili del fuoco di Bardonecchia,45.074172,6.713365
LB-0017,Unifil UNP 7-1 Helipad,33.272853,35.492857
LFHG,Saint-Chamond L'Horme Airfield,45.491892,4.534375
LGKZ,Kozani National Airport Filippos,40.286098,21.840799
LGTT,Tatoi Airport,38.108898,23.7838
LIBC,Crotone Sant'Anna Pythagoras Airport,38.9972,17.0802
LIQW,Sarzana-Luni Bartolomeo Arrigoni Airport,44.087375,9.987877
LKCM,Medlánky Airfield,49.236698,16.555
LV-0003,Saldus Airfield,56.692218,22.46953
LV-0012,Zabulnieki Airstrip,56.422305,26.728749
PL-0183,Śniatowo Air Base,53.87819,14.86522
PT-0101,Aerodromo de Atouguia da Baleia UL,39.347424,-9.32014
RO-0052,Dogaru Heliport,47.058386,22.078215
RU-0084,Vozhgora Airport,64.539597,48.484901
RU-0425,Kislovodsk Airport,43.9486,42.627
SE-0063,Hedemora Flygfält,60.239545,15.98397
SY-0024,Dimass Heliport,33.605427,36.089629
TR-0042,Osmancik Municipal Heliport,40.99646,34.77567
TR-0117,Öncüpınar Border Post Helipad,36.643055,37.090787
TR-0194,İzmir Air Ambulance Center Heliport,38.397187,27.102493
TR-0247,Soğuksu North Border Post Helipad,39.354301,44.02641
TR-0265,Izmir Gendarmerie Command Heliport,38.404158,27.208571
UA-0001,Borodyanka Air Base,50.6633,29.8933
UA-0196,Znamenka Airfield,48.740052,32.696645
ULKK,Kotlas Airport,61.235801696777344,46.6974983215332
UUBQ,Sharya Airport,58.391989,45.554466
UWLL,Ulyanovsk Baratayevka Airport,54.27016,48.225569
AL-0001,Lapraka Heliport,41.330782,19.795152
BIFF,Fáskrúðsfjörður Airport,64.931456,-14.047957
CY-0010,Ayios Nikolaos South Heliport,35.08695,33.89467
CZ-0212,Syrovice Airfield,49.08774,16.54078
CZ-0229,Žatec Hospital Heliport,50.31954,13.53708
DE-0297,Westhausen Ultralight Airfield,50.304202,10.679784
DE-0447,Bruchsal dropzone,49.0975,8.59495
DE-0490,Bethesda Hospital Helipad,53.48615,10.234677
DE-0503,Wolfratshausen District Clinic Heliport,47.91171,11.429508
DE-0596,Osterspai Volunteer Fire Department Heliport,50.24557,7.59856
DE-0604,ADAC Air Rescue Station Uelzen Heliport (Christoph 19),52.97323,10.53266
DE-0616,Bernkastel/Wittlich Compound Hospital Heliport (Christoph 10),49.99985,6.89311
DE-0734,AMEOS Hospital Sankt Salvator Halberstadt Heliport,51.90157,11.05214
DE-0778,Elbe-Elster Hospital Herzberg Heliport,51.68606,13.20694
EBHA,Ham Heliport,51.079179,5.108932
EBKR,Kruishoutem / SONS Heliport,50.891528,3.500812
EDAH,Heringsdorf Airport,53.8787,14.1523
EDBL,Laucha Airfield,51.245834,11.693333
EDFW,Würzburg-Schenkenturm Airfield,49.81778,9.8975
EDVI,Höxter-Holzminden Airfield,51.806667,9.378333
EFKR,Kärsämäki Airfield,63.989201,25.743601
EGEF,Fair Isle Airport,59.534721,-1.628509
EGSG,Stapleford Aerodrome,51.6525,0.155833
EGSJ,Seething Airfield,52.510997,1.416864
EKLV,Lemvig Airfield,56.502998,8.31133
EKTD,Tønder Airfield,54.929699,8.84057
EKTW,Tyra W Helideck,55.716529846191406,4.750306129455566
ENHM,Heimdal Helipad,59.56667,2.23333
ES-0116,Ager Altiport,42.02277,0.7491
ES-0138,Isla Cristina Agricultural Airstrip,37.242111,-7.317649
ETEB,Ansbach Katterbach Army Heliport,49.308201,10.6387
FR-0064,Tours Trousseau Centre Hospitalier Heliport,47.348888,0.709167
FR-0723,Saint Branchs Airfield,47.221111,0.737778
FR-0901,Saint Médard de Presque Airfield,44.843056,1.831111
FR-0950,Le Cerisier Airfield,48.486667,-0.771944
FR-1327,DZ Machézal,45.922722,4.305139
GB-0004,RAF Molesworth,52.386867,-0.425613
GB-0064,Ashcroft Airfield,53.16451,-2.572222
GB-0184,Weybourne Airstrip,52.947824,1.1232
GB-0190,Cuckoo Tye Farm Airstrip,52.068223,0.736201
GB-0376,Yorkshire Gliding Club,54.2306616,-1.2111429
GB-0751,Bovingdon Airstrip,51.7281,-0.5474
GB-0894,Dinas Farm Private Airstrip,52.897419,-4.572135
GB-0934,Acthorpe Top Farm Airstrip,53.373703,-0.037165
GB-0993,Fen End Farm Airstrip,52.313779,0.122867
GB-1285,Gilmerton,55.901433,-3.125167
GB-1339,Uxbridge Business Park Heliport,51.554853,-0.483221
HU-0022,Pécs Hospital Heliport,46.0750033,18.20536
IE-0032,Gowran Airstrip,52.64263,-7.12033
IT-0941,Elisuperficie Rifugio Salvin,45.350418,7.432423
LB-0018,Unifil UNP 2-45 (Camp Shamrock) Helipad,33.126977,35.388557
LB-0020,Unifil HQ Naqoura OP12/OP13 Heliport,33.107964,35.127812
LEDO,Hospital Doce de Octubre Heliport,40.3747362789,-3.69985252619
LEGV,Campo Gaviota Heliport,43.44169998168945,-2.7536098957061768
LFRD,Dinard Pleurtuit Saint-Malo airport,48.5877,-2.07996
LHUD,Szeged Airport,46.245127,20.092217
LIEO,Olbia Costa Smeralda Airport,40.898953,9.518457
LIMA,Torino-Aeritalia Airport,45.084444,7.603056
LIMN,Cameri Air Base,45.529598,8.66922
LINF,Fermano Airfield,43.226774,13.743299
LIPZ,Venice Marco Polo Airport,45.505299,12.3519
LIRP,Pisa International Airport,43.683899,10.3927
LOAI,Wiener Neustadt Hospital Heliport,47.8159,16.24713
LOIK,Kufstein-Langkampfen Airfield,47.564713,12.127576
LOLT,Flugplatz Seitenstetten,48.050556,14.661944
LPMP,Mafra Heliport,38.943058,-9.353825
MC-0001,Terre-Plein du Larvotto Heliport,43.746543,7.43894
NL-0013,Isala Hospital Zwolle Heliport,52.513392,6.122297
RU-0211,Taganrog Tsentralny Air Base,47.24645,38.8403
SA-0025,As Saffaniyah Aramco Heliport,28.00016,48.77174
SE-0098,Trelleborg Airfield,55.383301,13.031
SK-0078,Hatalov Airfield,48.651565,21.873589
TR-0046,Acıbadem International Hospital Helipad,40.95844,28.83587
UA-0112,Palianychyntsi Airstrip,50.0129543,29.9795159
UBBY,Zaqatala International Airport,41.557823,46.669464
AT-0014,Strasshof Airfield,48.30172,16.61866
AT-0074,Kaltenbach Heliport,47.284914,11.880088
CZ-0233,Dvůr Králové nad Labem Hospital Heliport,50.44825,15.81447
DE-0068,Erbendorf Airfield,49.8438,12.06714
DE-0257,Niepars Airfield,54.304566,12.910596
DE-0269,Kammermark Airfield,53.1953,12.1642
DE-0406,Drachenflugplatz Welver Ultralight Airfield,51.617628,7.936072
DE-0923,Colnrade Ultralight Field,52.83994,8.50037
DZ-0038,Oued Zine East Airport,28.11892,0.32861
EBPW,Warcoing Heliport,50.722235,3.326129
EDMA,Augsburg Airport,48.425278,10.931667
EDPR,Donauwörth Heliport,48.707483,10.769295
EDQC,Coburg-Brandensteinsebene Airfield,50.262501,10.995556
EHRD,Rotterdam The Hague Airport,51.956902,4.43722
EIHH,Navan Airfield,53.695885,-6.654085
ES-0311,Son Morell Heliport and R/C Field,40.04684,3.86701
ESKG,Gryttjom Airfield,60.286999,17.4217
ESVQ,Köping/Gålby Airfield,59.528083,15.970064
ETED,Kaiserslautern Depot Army Heliport,49.447874,7.83957
FR-0070,Centre Vinicole Heliport,49.0217,3.98011
FR-0164,Challans Heliport,46.85372924804688,-1.83056902885437
FR-0211,Centre Hospitalier Heliport,45.56416702270508,5.913332939147949
FR-0445,Altiport du Bez,44.63415,4.046499
FR-0497,La Grosse Ferme Florimont ULM,47.551216,7.057021
FR-0606,Plazac Airfield,45.026667,1.014167
FR-1004,Colombe d'Eyguians Airfield,44.365196,5.786734
GB-0086,RAF Abbots Bromley,52.826971,-1.892395
GB-0278,Niden Manor Farm Airstrip,52.1258096,-1.1700706
GB-0352,St Mary's Hospital Helipad,50.711058,-1.298346
GB-0515,Weston-Super-Mare Heliport,51.3389,-2.9326
GB-0936,Meadow Farm Airstrip,51.06561,0.87312
GB-1009,Bethesda,51.832357,-4.763131
GB-1028,Bywell Airfield,54.95719,-1.92062
GB-1308,Kildalloig Airstrip,55.412805,-5.557641
IT-0154,Alituscia Airfield,42.226894,12.119422
IT-0177,Enrico Mattei Airfield,40.431896,16.5538
IT-0439,Aviosuperficie Tucano,42.1324,12.6263
IT-0815,Tarquinia Airport,42.210809,11.733971
IT-0906,Elisuperficie Varallo Diurna e Notturna.,45.788018,8.269755
LDPN,Unije Airfield,44.6283,14.2411
LFAO,Bagnoles-Couterne Airfield,48.545799,-0.387444
LFQB,Troyes-Barberey Airport,48.322102,4.0167
LGLE,Leros Airport,37.184898,26.800301
LGSY,Skiros Airport,38.9676017761,24.4871997833
LHPR,Győr-Pér Airport,47.628436,17.804718
LKJC,Jičín Airfield,50.43,15.3331
LLES,Ein Shemer Airfield,32.4408,35.007702
LLRB,Rambam Heliport,32.8352778,34.9858333
LOLA,Kepler III University Hospital Helipad,48.303207,14.303505
LT-0006,Tauragės Aerodromas,55.23201,22.150068
LUTR,Tiraspol Airfield,46.868099,29.590599
ME-0003,Žabljak Airport,43.116669,19.233334
NO-0044,Haukeland Universitetssykehus Heliport,60.373145,5.358187
PT-0091,Viana do Alentejo Aerodrome,38.360991,-8.057957
PT-0161,Praia Verde Airstrip,37.193441,-7.472073
RO-0092,Golden Wings Airfield,45.682004,21.022897
RU-0106,Basy Airfield,46.214443,46.945971
RU-0777,Novokayakent Airport,42.33369,48.02926
RU-1055,Zheleznovskiy poluostrov Helipad,60.531929,27.795588
SA-0002,Al Wariah SE Highway Strip,27.645834,47.993057
SE-0025,Flykälen Airfield,63.867146,15.03912
SK-0034,Hontianske Nemce Airstrip,48.261964,19.009003
UKFG,Gvardeyskoye (Hvardiiske) Air Base,45.116192,33.976625
CH-0005,Helipad Klinik Gut (St. Moritz),46.4965,9.83847
CZ-0031,Hořín Heliport,50.344516,14.438294
CZ-0135,Litomyšl ULM,49.874138,16.336405
CZ-0278,Nížkovice Airstrip,49.11761,16.89077
DE-0097,Staufenberg Glider Field,51.362,9.6288
DE-0545,Helios Clinic Wipperfürth Heliport,51.1122,7.38447
DE-0606,ADAC Air Rescue Station Leipzig/Schkeuditz-Dölzig Heliport (Christoph 61),51.35124,12.19252
DE-0884,Erding Air Base,48.3223,11.9487
DE-0891,Lemwerder Airport,53.144699,8.62444
EBEN,Engels Heliport,51.211858,4.581093
EBGU,Nevele Heliport,51.046686,3.520469
EDBE,Brandenburg-Mühlenfeld Airfield,52.4375,12.59
EDOT,Greiz-Obergrochlitz Airfield,50.643977,12.174568
EDPB,Bad Ditzenbach Airfield,48.562778,9.728889
EDPF,Schwandorf Airfield,49.339722,12.188056
EGKK,London Gatwick Airport,51.148744,-0.185739
EGMT,Thurrock Airfield,51.537505,0.367634
EGNU,Full Sutton Airfield,53.980598,-0.864722
EGUN,RAF Mildenhall,52.3619,0.486406
EPRJ,Rzeszów Sports Airfield,50.104169,22.047029
ES-0156,Ruidera,39.0369546,-2.8946489
FR-0281,Altisurface d'Hautacam,42.99387,-0.012569
FR-0451,Aerodrome de Fougères-sur-Bièvre,47.45769,1.36382
FR-0604,Sanet Agonac Airfield,45.2525,0.763056
FR-1148,Toulon Sainte Musse Hospital Heliport,43.124372,5.974844
GB-0273,South Cave / Mount Airy Airfield,53.772322,-0.575937
GB-0485,Egton Airstrip,54.4606,-0.743481
GB-0638,Shelsley Beauchamp Airstrip,52.260178,-2.392041
GB-0705,Sulby Airstrip,52.4332,-1.0399
GB-0880,Whitehouse Farm Helicopter Base,50.881296,-2.860286
GR-0013,Ikaros Airfield,38.431698,23.134922
GR-0034,Antiparos Heliport,37.03245,25.07673
GR-0077,Agiou Pavlou Harbor Heliport,40.15866,24.28249
GR-0082,Palama Airfield,39.46353,22.0589
HU-0056,Balkány Airfield,47.771461,21.815028
IR-0171,Qal'eh 'Ali Rushan,32.106055,48.704057
IT-0115,Sterzing / Vipiteno Airfield,46.883764,11.441338
IT-0231,Campo di Volo Cavola,44.39646,10.53613
IT-0323,Vallegaffaro Airfield,44.834414,12.231261
IT-0382,Faco Fly,39.894733,18.189937
IT-0442,"Campo di Volo ""Air Country""",42.806283,13.785007
IT-0462,Cogliate Airfield,45.639743,9.065963
LEEC,Base Aérea de El Copero,37.313164,-5.999058
LJLJ,Ljubljana Jože Pučnik Airport,46.223701,14.4576
LSXZ,Schattenhalb-Meiringen Heliport,46.71096,8.20148
LV-0026,Žocene Airfield,57.532464,22.69939
NO-0010,Graundalen,64.0169448852539,12.682222366333008
OENR,Nariya Airport,27.5,48.5
OITR,Urmia Airport,37.6680984497,45.0686988831
PL-0050,Międzylesie Airport,52.216942,21.198891
PL-0181,Majory Airstrip,51.4316,18.05835
PT-0122,Aerodromo da Pedra da Broa,40.71896,-8.237944
RO-0073,Drobeta-Turnu Severin Heliport,44.6304,22.63471
RO-0125,Land Forces Staff HQ Helipad,44.422441,26.050268
RS-0021,Pranjani / Galovica Polje Airfield,44.03592,20.17827
RS-0031,Kragujevac / Mind Airfield,44.1285,20.85362
RU-0357,City Clinical Hospital No.36 Helipad,55.7913297014,37.7401989698
RU-0379,Tlyarata Helipad,42.1167563323,46.3519728184
RU-9997,Oryol Yuzhny Airport,52.9347,36.002201
SE-0071,Bergby Airstrip,59.76502,18.62201
TR-0041,Fly Pergamon Sport Airfield,39.092842,27.148651
UA-0073,Hydropark Heliport,50.458134,30.568124
UA-0074,Mariinsky Park Heliport,50.449147,30.541149
ZA-0102,Castle Bromwich Aerodrome/RAF Castle Bromwich,52.517222,-1.786667
BG-0001,Livada Airport,42.456284,27.197334
BIKR,Sauðárkrókur Airport,65.73169708249999,-19.5727996826
CZ-0093,Boleradice Airfield,48.961944,16.831667
CZ-0168,Šeborov South Airstrip,49.355643,15.928996
DE-0137,Bensheimer Stadtwiesen Airfield,49.6926,8.5819
DE-0275,Dillingen Airfield,49.3863,6.7493
DE-0440,Berlin-Schönefeld Airport,52.380001,13.5225
DE-0774,Dessau Municipal Hospital Ground Heliport,51.81604,12.19411
DE-0798,Lausitzer Seenland Hospital Heliport,51.44227,14.27334
DE-0802,Fahrensodde Naval Air Base,54.823,9.464
DZ-0025,Rhoud El Baguel Airport,31.3859,6.95362
EDQW,Weiden in der Oberpfalz Airfield,49.678902,12.1164
EG-0005,Difarsuwar Airfield,30.423011,32.335344
EHRS,OSY-OS1ST Heliport,51.5825,2.86861
EKYT,Aalborg Airport,57.094763,9.84993
ENQJ,Gjoa Helipad,61.33167,3.895
ES-0088,Aeródromo Benagéber,39.735148,-1.139396
ES-0100,Aeródromo de Algodor,39.898329,-3.874655
ES-0220,Campo de Vuelo Bañeres de Mariola,38.671077,-0.631257
ES-0301,Ondara Airstrip,38.810743,0.002661
ESKU,Sunne Airfield,59.860199,13.1129
FR-0060,Victor Jousselin Hospital Heliport,48.727484,1.384667
FR-0166,Quai Moncousu Heliport,47.20897674560547,-1.5534069538116455
FR-0288,Notre-Dame-de-la-Salette Altisurface,44.841944,5.962778
FR-0382,Petit Fay Airfield,48.247629,3.194275
FR-0446,Plouarzel Ultralight Airfield,48.422604,-4.696841
FR-0663,Le Bruel Airfield,44.743056,2.200278
FR-0802,Baraigne Airfield,43.323333,1.833611
FR-0927,Conques Airfield,44.608889,2.428056
FR-1102,Ville-sur-Arce Airfield,48.088333,4.435833
FR-1107,Arrouède Airfield,43.354722,0.580278
GB-0167,RAF Longtown,55.006064,-2.92078
GB-0258,Clipgate Farm Airstrip,51.187037,1.153392
GB-0415,RAF Keevil,51.3129023,-2.111585
GB-0675,RAF Moreton in Marsh,51.995,-1.68
GB-0859,Hinderclay Meadows Airfield,52.344475,0.975893
GB-0981,Conaglen House Airstrip,56.77091,-5.2371
GB-1117,RAF Boreham,51.78116,0.52287
GB-1233,Penzance Heliport,50.128101,-5.51845
HLLM,Mitiga International Airport,32.89177,13.287878
IQ-0015,Ghalaysan New Air Base,30.913951873779297,43.67546081542969
IS-0011,Melanes Airport,65.525829,-22.409813
IT-0174,Ali Libere,42.829833,12.683383
IT-0362,Gragnano Airfield,45.0,9.581999
IT-0652,Alicudi Porto Heliport,38.532211,14.359827
IT-0706,Elimast Temù Heliport,46.25121,10.4876
IT-0934,Elisuperficie di Susa Privata,45.133943,7.075812
KW-0001,Police Officers Club Heliport,29.198906,48.116477
LE84,Jayena Airfield,36.930698,-3.83538
LEVE,Aeródromo Virgen de La Estrella,38.4205555556,-6.3569444444
LFDW,Chauvigny Airfield,46.583599,0.6425
LFGN,Paray-le-Monial Airfield,46.465798,4.13454
LKBU,Bubovice Airfield,49.9744,14.1781
LKLA,Liberec Heliport,50.733859,15.037578
LLYT,Yotvata Airfield,29.901111,35.0675
LOGA,Bad Radkersburg Hospital Helipad,46.691607,15.992397
LOKR,Sankt Donat / Mairist Airfield,46.743139,14.413134
LU-0001,Ettelbruck Heliport,49.85432,6.094475
NL-0005,Rivierenland Hospital Heliport,51.889702,5.413764
NO-0030,Ose Airfield,58.93967,7.692545
PL-0059,Skibno Airfield,54.246478,16.307912
PL-0110,Pacółtowo Airfield,53.5327,20.1531
PL-0196,Podgórze Airstrip,51.34014,16.28043
PL-0247,Chobot Airstrip,52.25052,21.40641
PT-0087,Pista de Alcanena,39.471293,-8.670402
PT-0156,Estremoz Municipal Heliport,38.824284,-7.60993
RO-0138,Aerodrom Baia Mare,47.659081,23.474513
RS-0037,Balkan Helicopters Heliport,44.81859,20.20681
RU-0252,Barvikha-3 Helipad,55.7596043747,37.2824692726
RU-0473,Schloss Waldau Airstrip,54.6920446,20.7462606
RU-0480,Volkhov-Most River Runway,59.065209,31.764117
RU-10075,Shenkursk Airfield,62.118229,42.89907
RU-5672,Ivanovo North Air Base,57.0583,40.981701
SA-0096,Helicopter Emergency Landing Zone No. 5,28.141216,35.021861
UBLC,Lachin International Airport,39.883787,46.363137
ULBZ,Letnyaya Zolotitsa Airstrip,64.959999,36.830002
AT-0076,Innsbruck Air Rescue Center ÖAMTC Heliport,47.255034,11.345485
AZ-0013,Sitalchay Airbase,40.807313,49.431481
BG-0142,Streltsi Airfield,42.39605,24.89894
BG-0155,Ravna Gora Airfield,42.35328,27.50989
BIRF,Rif Airport,64.911377,-23.818205
BY-0004,Borovtsy Air Base,55.608299,28.678301
CY-0037,UNFICYP OP95 Heliport,35.013498,33.44662
CZ-0051,Bezdružice Airstrip,49.899713,12.964956
DE-0059,Kaufbeuren Air Base,47.8617,10.6143
DE-0082,Gammelsdorf Glider Field,48.5679,11.9325
DE-0333,Schäfhalde Airfield,48.6922,10.0995
DE-0371,Offenbüttel Ultralight Airfield,54.175833,9.378056
DE-0456,Berlin Tempelhof International Airport,52.472451,13.404599
DE-0523,Passau Clinic Heliport,48.563516,13.444771
DE-0600,Gensingen Volunteer Fire Department Heliport,49.8916,7.9298
DE-0786,Helios Clinic Aue Heliport,50.59296,12.71597
DE-0809,Goslar Air Base,51.93223,10.43434
DK-0004,Brædstrup Airfield,55.943611,9.653333
DTTF,Gafsa Ksar International Airport,34.422000885009766,8.822500228881836
EBUL,Ursel Air Base,51.144199,3.47556
EDRG,Idar-Oberstein/Göttschied Airfield,49.732224,7.336111
EEVI,Viljandi Airfield,58.348374,25.494831
EFLL,Lapinlahti Airfield,63.399399,27.478901
EFVA,Vaasa Airport,63.05023,21.762543
EGEC,Campbeltown Airport,55.437199,-5.68639
EGTD,Dunsfold Aerodrome,51.117199,-0.535833
EHJN,K8-FA-3 Heliport,53.54139,3.42222
ESEM,Lund Hospital Helipad,55.711762,13.198793
ESUD,Storuman Airport,64.960899,17.6966
FR-0172,Doullens Hospital Heliport,50.152798,2.353052
FR-0275,Glacier de Talèfre Altiport,45.908333,6.983333
FR-0521,L'Arpette Altisurface,45.412882,6.516073
FR-0728,Montrichard Airfield,47.335278,1.203056
FR-1071,Oréliance Healh Center Heliport,47.93827,1.878656
FR-1168,Anne d'Artois Clinic Heliport,50.54057,2.63071
FR-1277,Condat sur Vézère,45.103885,1.215121
GB-0215,Jubilee Farm Airstrip,52.630789,0.064125
GB-0810,Ivy Farm Airstrip,52.91066,1.34007
GB-1025,Biss Brook Farm Airstrip,51.236731,-2.202587
GB-1186,RAF Metheringham,53.13501,-0.34944
GR-0068,Profitis Heliport,40.69356,23.267647
HLMS,Misrata International Airport,32.325001,15.061
HR-0021,Split Seaplane City,43.499875,16.438172
IT-0469,Aviosuperficie La Celsetta,42.121667,12.360556
IT-0811,Campovolo Bellamarinafly,40.524149,17.774945
LFBT,Tarbes-Lourdes-Pyrénées Airport,43.178699,-0.006439
LFMY,Salon-de-Provence (BA 701) Air Base,43.6064,5.10925
LKKB,Prague–Kbely Air Base,50.121399,14.5436
LLHB,Hatzerim Air Base,31.2334,34.662601
LLRM,Ramon Air Base,30.7761,34.666698
LQPD,Prijedor Urije Airfield,44.993986,16.735457
LRTC,Tulcea Danube Delta Airport,45.0625,28.7143
LTBX,İstanbul Samandıra Army Air Base,40.993,29.216499
ORKK,Kirkuk International Airport,35.469501,44.3489
PL-0145,Dobrosułów Airfield,52.1989335,15.1266946
PT-0057,Pista da Herdade da Comporta,38.393944,-8.788311
RO-0133,Petromar Naval Helipad,44.22053,28.623247
RU-0499,Rybezhno West,60.33571,32.93771
SI-0006,Novi Lazi Airstrip,45.571455,14.857163
TR-0013,Konya West Airport,37.859693,32.456789
TR-0070,Adana Sağlık Heliport,37.00712,35.34112
UA-0010,Oktyabrskoe Air Base,45.31999969482422,34.099998474121094
UA-0063,Kruglaya Bukhta Heliport,44.601552,33.450354
UA-0087,Krasni Okny Airfield,47.549189,29.428682
UA-0189,Shcholkine Heliport,45.388932,35.776355
BG-0010,Krushovene Airfield,43.623531,24.378567
BIAR,Akureyri International Airport,65.656573,-18.072018
CH-0040,Frutigen Airfield,46.58857,7.65564
CY-0039,UNFICYP OP123 Heliport,35.028072,33.656571
CZ-0023,Pardubice Regional Fire and Rescue Service Svitavy Heliport,49.763788,16.462558
CZ-0125,Kněžice u Jičína Airfield,50.262998,15.297407
CZ-0159,Nučice Airfield,49.951101,14.869944
DE-0236,Irsingen-Hesselberg Airfield,49.038375,10.503145
DE-0389,Metelen Ultralight Airfield,52.15949,7.241294
DE-0467,Ernst von Bergmann Clinic Heliport,52.40015,13.06554
DE-0585,Helios Clinic Leisnig Heliport,51.1559,12.91885
EBGE,Gervinnes Heliport,50.375769,4.486277
EDOF,Bad Frankenhausen Airfield,51.372501,11.141389
EDTP,Pfullendorf Airfield,47.90889,9.250556
EDXG,Melle-Grönegau Airfield,52.200832,8.380556
EEEI,Ämari Air Base,59.259599,24.204799
EHSE,Breda International Airport,51.554901,4.553003
EIAH,Adona Heliport,53.442752,-6.26176
EKFS,Vøjstrup Glider Field,55.247766,10.201228
ENCN,Kristiansand Airport,58.204201,8.08537
ENDP,Draupner Platform,58.188099,2.47111
ES-0068,Aeròdrom de Can Moragues,41.580987,2.100083
ES-0094,Aeródromo de Sonseca,39.693244,-3.933074
ESHL,Huddinge Hospital Helipad,59.219829,17.934354
FR-0139,Centre Hospitalier Heliport,48.424231,0.082483
FR-0239,Refuge Du Requin Heliport,45.88472366333008,6.930555820465088
FR-0300,Altiport du Plateau de la Calme,42.530556,2.004167
FR-0456,Siersthal Airstrip,49.05275,7.36527
FR-0642,Sames Airfield,43.538056,-1.182778
FR-0787,Venisey Airfield,47.835834,5.999608
FR-1014,Les Eyssagnes Ultralight Airfield,44.660886,6.212319
FR-1192,Landas DZ,50.472208,3.299696
FR-1324,Lys tout terrain DZ,50.640195,2.260179
GB-0232,Stoney Lane Farm Airstrip,52.331893,-1.994214
GB-0433,Tillingham Airstrip,51.6928,0.872767
GB-0525,Pilmuir Farm Airstrip,56.2240212,-2.9776945
GB-0581,Winkwood Farm Airstrip,51.1449,-0.66509
GB-0633,Torquay Go-Kart circuit helipad,50.394339,-3.551301
GB-0650,RAF Holmsley South,50.788211,-1.701302
GB-0662,Swinmore Farm Airstrip,52.074816,-2.476278
GB-0758,Rushett Farm,51.3364,-0.3144
GMMO,Taroudant Airport,30.503487,-8.821549
GR-0079,Agia Anna Heliport,40.14109,24.29676
HE31,Malan Frein Airport,29.80532,28.55263
HU-0054,Tótvázsony Airfield,47.03787,17.78407
IQ-0067,Sindij,32.8307,44.233766
IT-0034,Giancarlo Filippi Airfield,44.414367,7.811279
LDZI,Ivanić-Grad Airstrip,45.719874,16.343272
LFKM,St Galmier Airfield,45.607201,4.30583
LFLO,Roanne-Renaison Airport,46.053818,3.999023
LIBV,Gioia del Colle Antonio Ramirez Air Base,40.767799,16.9333
LICD,Lampedusa Airport,35.497898,12.6181
LSPN,Triengen Airfield,47.2267,8.07806
LSYK,Kanderfirn Mountain Landing Site,46.485833,7.828333
NO-0115,Cod Platform,57.068901,2.43333
PL-0179,Wincentów Airstrip,51.93768,21.16462
PL-0207,Wilkowice Airstrip,51.89456,16.5312
PL-0227,Nysa Hospital Heliport,50.47159,17.32998
PT-0143,Aerodromo de Daroeira,37.909991,-8.322573
RO-0136,"Emergency Clinical Hospital for Children ""Maria Skłodowska Curie"" Helipad",44.389904,26.109164
RU-0064,Ostrov Naval Air Base,57.299999,28.4333
RU-0446,Emilovo,56.9905827,27.9127502
RU-0476,Tarosovo Airstrip,60.27345,29.27805
RU-0479,Tushino Heliport,55.820866,37.420067
SA-0029,Manifa Aramco Heliport,27.60269,48.93459
TR-0079,Kumköy Blue Sky Airport,36.80834,31.369507
TR-0135,Sarıbük Garrison Helipad,36.00592,36.315999
TR-0244,Çetenli Military Base Helipad,39.441761,44.018085
UA-9867,Svyatoshyn Airport,50.478224,30.384631
UBEE,Yevlakh Airport,40.631901,47.141899
UKNG,Gogoliv Airfield,50.515308,31.046581
UMMG,Hrodna Airport,53.602001,24.053801
AM-0005,Gavar Airport,40.3712011539,45.0973320007
BG-0002,Troyanovo Airport,42.56879,27.148243
BG-0083,Moskovets Airstrip,42.65839,24.68383
BG-0129,Rabisha Cropduster Strip,43.73265,22.61231
BG-JAM,Bezmer Air Base,42.454899,26.3522
CY-0052,Erdemli Helipad,35.085959,33.614276
DE-0035,Helgoland Navy Helicopter Base,54.175106,7.890018
DE-0039,Aichach Airfield,48.471797,11.134243
DE-0306,Hermuthausen Airfield,49.3146,9.7468
DE-0405,Naunheim / Maifeld Ultralight Airfield,50.258215,7.332162
DE-0608,Sana Clinic Pegnitz Heliport,49.75779,11.5265
DE-0626,Reichshof-Eckenhagen Airfield,50.99282,7.68911
DE-0695,Europakanal Hospital Heliport,49.60593,10.96851
DE-0855,Schkopau Heliport,51.393913,11.985662
DE-0906,RAF Wildenrath,51.1141,6.2151
EBIS,Ath/Isieres Airfield,50.663636,3.804681
EBTN,Goetsenhoven Airfield,50.7817,4.95778
EDME,Eggenfelden Airfield,48.396111,12.723611
EDRK,Koblenz-Winningen Airfield,50.325558,7.528611
EDVC,Celle-Arloh Airfield,52.688163,10.11278
EFII,Iisalmi Airfield,63.631901,27.1222
EFIV,Ivalo Airport,68.6073,27.4053
EG-0062,Joint Air Defense Training Center Heliport,29.82222,31.12127
EGEG,Glasgow City Heliport,55.861389,-4.296944
EGWC,RAF Cosford,52.640524,-2.305326
EICM,Galway Airport,53.300201,-8.94159
ENUB,Aasgard B FPU Helideck,65.110102,6.78943
EPML,Mielec Airfield,50.3223,21.462099
ESIB,Såtenäs Air Base,58.426399,12.7144
FR-0058,Centre Hospitalier Heliport,47.60472106933594,1.3424999713897705
FR-0137,Centre Hospitalier Heliport,49.63888931274414,-1.611111044883728
FR-0550,Calais Doctor Eric Techer Hospital Heliport,50.9413,1.8895
FR-0607,Thénac Airfield,44.745278,0.325556
FR-0967,La Boisselle Airfield,50.015803,2.688594
FR-0992,Availles Limouzine Airfield,46.128611,0.695278
GB-0079,Manor Farm Airstrip,51.307821,-1.673527
GB-0106,RAF Balado Bridge,56.213175,-3.459569
GB-0124,RAF Blyton,53.451448,-0.693979
GB-0196,Midland Glider Club,52.514838,-2.878761
GB-0486,Crossmaglen Airstrip,54.062915,-6.55901
GB-0490,Oakley Microlight Airfield,51.783458,-1.074396
GB-0584,Yoxford Airstrip,52.278433,1.509333
GB-0702,Whaley Farm Airstrip,53.067213,-0.148171
GB-0907,Ravensworth Private Airstrip,54.46977,-1.79088
GB-1006,Kilfinichen Airstrip,56.38648,-6.05542
GB-1281,Badminton Airfield,51.548417,-2.303181
GR-0087,424 General Hospital Heliport,40.673913,22.966597
GR-0089,Skotina Airfield,39.96895,22.66324
HETR,At Tur Airport,28.208964,33.645483
HU-0057,Alsónémedi Recreational Airfield,47.286706,19.183848
IQ-0055,Wadi Al Khirr New Air Base,31.417402,43.182362
IT-0028,Cosenza Airfield,39.525868,16.230087
IT-0182,San Felice Airfield,44.8325,11.120833
IT-0288,Il Ranch Airfield,45.545833,11.761944
IT-0338,Pista Vasa Airfield,41.046634,8.997749
IT-0667,Palmarola Helipad,40.939667,12.855194
IT-0831,Cervinia Heliport,45.926739,7.624593
LB-0019,Unifil UNP 2-46 (alternatively: 2-45A) Helipad,33.131011,35.398614
LFFO,Beauvoir Fromentine Airfield,46.890422,-2.088475
LIRD,Poggio Ballone Remote Radar Station Heliport,42.829018,10.880784
LJBL,Lesce Airfield,46.357201,14.1739
LJMB,Maribor Edvard Rusjan Airport,46.4799,15.6861
NL-0130,Van Ghent Barracks Heliport,51.90895,4.52815
PL-0049,Łagowo Airstrip,51.966667,16.983334
PL-0123,Międzyrzecz Airfield,52.419281,15.580507
PT-0074,Bombeiros de Alcacer do Sal Heliport,38.36921,-8.506197
PT-0151,Campo de Voo da Quinta Branca,40.25716,-7.459524
RO-0062,Aripi  Ramnicene Airstrip,45.380489,27.074475
RO-0115,Roșiorii de Vede Airfield,44.096247,24.969306
RS-0033,Kragujevac Airport,44.02844,20.90874
RU-0022,Chornoye Air Base,55.75,38.06669998168945
RU-0128,Budyonnovsk Air Base,44.830002,44.013
RU-0666,Nizhny Novgorod Emergency Ministry Heliport,56.288832,44.119956
RU-10031,Varzuga Airstrip (closed),66.4117,36.594
RU-9993,Maykop Airport,44.649374,40.096908
SE-0109,Karlstad South Airport,59.3591995239,13.4660997391
SK-0018,Kačanov Airstrip,48.615208,21.83507
TR-0243,Ortaköy Treasury Border Team Outpost Helipad,39.411764,44.090556
UWWE,Verkhneye Sancheleyevo Airfield,53.6960966684,49.491519928
VB02,Megolo Airfield,45.996254,8.303132
AT-0090,Markersdorf Airfield,48.18544,15.49419
CH-0019,Chur Rossboden Heliport,46.84945,9.50284
CZ-0003,Jindřichův Hradec Hospital Helistop,49.13923,15.005691
CZ-0047,Prachatice Hospital Helipad,49.00705,14.00958
CZ-0197,Podbořany Airstrip,50.25067,13.40972
DE-0234,Heiligenberg Glider Field,47.83291,9.30127
DE-0919,Kesselsdorf Heliport,51.033016,13.581533
EDLK,Krefeld-Egelsberg Airfield,51.384998,6.587778
EDOG,Torgau-Beilrode Airfield,51.570907,13.051641
EG-0028,Taba Heliport,29.447978,34.848794
EGAC,George Best Belfast City Airport,54.618099,-5.8725
EGXC,RAF Coningsby,53.092999,-0.166014
EPPW,Powidz Military Air Base,52.380087,17.853155
ES-0004,Huerta Otea Helipad,40.9644624297,-5.68368673325
ES-0030,Valle Amblés,40.604722,-4.790278
ES-0114,"Aeródromo ""Puente de Genave""",38.3666778,-2.7941751
ESGT,Trollhättan-Vänersborg Airport,58.31809997558594,12.345000267028809
EVTA,Jūrmala Airport,56.9422,23.2239
FR-0643,Malaussanne Airfield,43.568611,-0.475556
FR-0747,Azat le Ris Airfield,46.332222,1.034167
FR-1159,Val Thorens Heliport,45.296292,6.565578
FR-1262,Rochefort Soubise Airfield,45.930801,-0.995278
GB-0043,RAF Dallachy Air Base,57.656957,-3.065902
GB-0498,Wold Lodge Airstrip,52.368446,-0.633624
GB-0536,Woodwalton Private Airstrip,52.421112,-0.248596
GB-0838,Almondsbury Helicopter Base,51.55186,-2.56087
GB-1181,RAF Harlaxton,52.87738,-0.66145
GB-1229,Long Marston Airfield,52.140301,-1.75361
GB-1257,RAF Castle Combe,51.489722,-2.2125
GMMW,Nador Al Aaroui International Airport,34.9888,-3.02821
GR-0030,Skopelos Heliport,39.09338,23.72818
GR-0059,Arachthos Airfield,39.089002,20.970647
HL81,Hamada-Nc8 Airport,29.531099,12.9437
HR-0004,Nova Rača Airfield,45.78696,16.96387
HU-0080,Pilis Airfield,47.30361,19.52895
IE-0026,Ballina Airfield,54.089209,-9.160676
IR-0044,Abhar Heliport,36.13321,49.1988
IT-0285,Parco Livenza Airfield,45.740274,12.704472
IT-0360,Mezzana Casati Airfield,45.098258,9.735884
IT-0563,Area 51 Torre Santa Susanna Airfield,40.503056,17.7625
IT-0578,Elifly International,45.906061,10.22406
IT-0849,Helipad centrale idroelettrica Valpelline,45.825749,7.331346
LFEW,Saulieu-Liernais Airfield,47.239263,4.265928
LFGQ,Semur-en-Auxois Airfield,47.480998,4.342976
LFMH,Saint-Étienne-Bouthéon Airport,45.5406,4.29639
LFOI,Abbeville-Buigny Baie de Somme Airfield,50.143501,1.831891
LFOS,Saint-Valery-Vittefleur Airfield,49.83516,0.655281
LFQL,Lens-Bénifontaine Airfield,50.4664,2.81972
LFSE,Épinal Dogneville Airfield,48.211899,6.44917
LGPA,Paros National Airport,37.020495,25.113195
LHFM,Fertőszentmiklós Airfield,47.582802,16.8454
LIRF,Rome–Fiumicino Leonardo da Vinci International Airport,41.804532,12.251998
LKMT,Leoš Janáček Airport Ostrava,49.696301,18.111099
LRWG,West Gate Helipad,44.43341,25.986056
LSMD,Dübendorf Air Base,47.398602,8.64823
LZOC,Očová Airfield,48.595333,19.265806
MK-0004,Ǵorče Petrov Military Barracks Heliport,42.012717,21.354818
OLRA,Rayak Air Base,33.850799560546875,35.987701416015625
PT-0150,Urros ULM,41.086921,-7.013526
RO-0022,Joseni Airfield,46.726362,25.509257
RO-0041,Dunavățu de Jos Aerodrome,44.985719,29.213128
RO-0108,Grădiștea Airfield,44.225,26.121389
RO-0178,Chitila Airfield,44.505011,25.959589
RU-0096,Bezenchuk Airfield,52.965,49.377998
RU-0175,Ambassador Hotel Helipad,59.924900054932,30.310459136963
RU-0274,Vlasikha Helipad,55.6835124185,37.1829593182
RU-0356,Mitino Heliport,55.868563,37.372935
RU-10072,Sosnovka Airfield,53.261002,45.277
SK-0045,Seleška Airstrip,48.621235,21.083072
SY-0035,Al Tabqah Airbase,35.7547,38.566799
ULIC,Tsenogora Airport,64.8870010376,46.7210006714
BE-0080,Maldegem Airfield,51.19713,3.47768
CZ-0011,Trutnov Heliport,50.586109,15.878611
DAAE,Soummam–Abane Ramdane Airport,36.712547,5.069909
DAAX,Chéraga Airport,36.7782,2.9284
DE-0083,Geitau Airfield,47.67835,11.9631
DE-0222,Altomünster Airfield,48.381953,11.272777
DE-0303,Haßloch Airfield,49.3553,8.2902
DE-0896,Eggebeck Air Base,54.624802,9.346
EDBH,Stralsund-Barth Airport,54.338253,12.710515
EDVU,Uelzen Airfield,52.9837,10.465422
EFLP,Lappeenranta Airport,61.044601,28.144743
EG-0035,Wadi Dar Al Zaraey Heliport,28.05026,33.33887
EKST,Sydfyn (Tasinge) Airfield,55.016602,10.5633
ES-0023,Basa Aérea de Valencia-Bétera,39.62447,-0.472576
ES-0234,Cóbreces Airfield,43.388518,-4.207752
ES-0293,Cartagena Helicopter Base,37.697502,-0.842058
FR-0303,Altisurface des Quatre Veziaux - La Hourquette d'Ancizan,42.898532,0.297144
FR-0397,Boucali Airbase,43.567021,-1.494055
FR-0472,Wissembourg Ultralight Airfield,48.9925,7.975833
FR-1165,Ancien aérodrome du  gîte de la Ganotte,45.33226,1.91757
GB-0118,RAF Birch,51.8425,0.780556
GB-0263,Peplow Airstrip,52.8028279,-2.5019638
GB-0353,Glebe Farm Airstrip,53.006495,-0.690165
GB-0548,Lukesfield Airstrip,51.178559,0.526992
GB-1047,Bury Farm Airstrip,51.847497,0.314867
GB-1172,Well Farm Airstrip,50.50611,-3.72891
GB-1317,Furness General Hospital Helipad,54.134271,-3.206872
GR-0109,(*)Kasteli Hellenic Air Force Base,35.191341,25.326588
IT-0397,Ali Friuli Airfield,46.056493,13.426248
IT-0452,ARMA Airfield,41.464419,12.746515
IT-0511,"Aviosuperficie privata ""La Ceriella""",45.220143,8.659543
IT-0525,Lingotto Heliport,45.030898,7.664602
IT-0613,Casera Razzo Altiport,46.476822,12.614758
IT-0636,Spinazzola Airfield,40.949167,16.229444
IT-0765,Icaro Airfield,45.67365,12.39375
LECA,La Nava - Corral De Ayllón Airfield,41.410801,-3.44833
LFBD,Bordeaux–Mérignac Airport,44.82865,-0.715356
LFCK,Castres Mazamet Airport,43.556301,2.28918
LIER,Oristano-Fenosu Airport,39.895308,8.642661
LTAZ,Nevşehir Kapadokya Airport,38.7719,34.5345
LYPN,Paracín / Davidovac Airfield,43.866389,21.486944
NL-0040,Peest Airport,53.05,6.5
NL-0084,SIRO Roggel Helipad,51.257719,5.924141
NO-0040,Veum Airstrip,59.260035,10.92897
NO-0087,Hovland Hovedgaard Heliport,60.262379,5.244887
OS57,Abu ad Duhur Air Base,35.732200622558594,37.10419845581055
PL-0017,Dębnica Kaszubska Highway Strip,54.368483,17.211674
PL-0109,Konopki Airfield,52.989607,20.506689
PL-0287,Osiek Airstrip,53.182736,19.390247
PT-0112,Pista de Volta do Vale,38.964347,-8.394842
RU-0280,Anosino-2 Heliport,55.8203,36.968901
RU-0302,Pridachinskaya Damba Heliport,51.674092,39.238755
RU-0390,Utkina Zavod Helipad,59.8685824318,30.4858160019
RU-0412,Panino Airstrip,54.4750251757,40.3169059753
RU-0426,Psebay Airfield,44.110453,40.818844
RU-10036,Gan'kino Airfield,54.8704087,39.3805418999
RU-6313,Marienkhof Air Base,54.865002,20.184999
SE-0073,Väster Private Airstrip,55.52905,12.92175
TR-0154,Ilkadim Samsun Provincial Health Directorate Heliport,41.27392,36.29902
UA-9880,Uzunlarskoye Heliport,45.051311,36.060535
AT-0017,Kottingneusiedl Airfield,48.69335,16.46472
BG-0095,Bendida Beach Heliport,43.4175,28.29096
CH-0041,Basel-Sternenfeld Airport,47.55649,7.62869
DE-0041,Zellhausen Sport Airfield,50.021637,8.983212
DE-0457,Bonn University Hospital Heliport,50.701752,7.102408
DE-0514,Sassberg Glider Field,51.90246,10.70052
DE-0711,Herz-Jesu Hospital Fulda Heliport,50.56407,9.67235
DE-0716,Weilburg District Hospital Heliport,50.48627,8.25322
EBFR,Francorchamps Heliport,50.456121,5.953796
EDNU,Thannhausen Airfield,48.290001,10.441944
ENNA,"Lakselv Airport, Banak",70.068802,24.973499
EPZL,Zdziar-Lopatki Airfield,52.63547,20.07036
ES-0092,Chozas de Abajo Airfield,42.497215,-5.682669
ES-0155,Aeródromo Tarancón,40.01248,-2.977939
ES-0238,El Moral Airstrip,38.485842,-6.263409
FR-0047,Scorff Hospital Heliport,47.753644,-3.356066
FR-0274,Glacier de l'Étendard Altisurface,45.162498,6.166667
FR-0693,La Clayette Ultralight Airfield,46.302752,4.296982
FR-0704,Coust Colombiers Airfield,46.679167,2.574444
FR-0801,La Ferme des Prés Airfield,48.827778,1.790556
FR-0981,Lémeré Airfield,47.086667,0.343056
FR-1117,Saint Brévin les Pins Airfield,47.271389,-2.130278
GB-0283,Lark Engine Farmhouse Airstrip,52.4226804,0.3776757
GB-0529,Earwig Farm Airstrip,52.184838,-0.515664
GB-0601,Cadwell Park Farm Airstrip,53.316765,-0.072246
GB-1244,RAF Coltishall,52.7547,1.35722
GB-1349,[Duplicate] Fowler's Field Airstrip,51.000764,-0.444937
GE-0007,Ozurgeti Air Base,41.9291,41.863499
GR-0033,Tinos Heliport,37.52942,25.1834
HU-0048,Mátyásföldi Heliport,47.50095,19.201027
HU-0065,Petz Aladár County Teaching Hospital Heliport,47.67088,17.64919
IQ-0066,Rashken Airstrip,36.199566,43.923667
IT-0299,Creva Air Club Airfield,44.737333,11.183633
IT-0716,Aviosuperficie Templare Paestum,40.472649,14.959581
IT-0729,Masseria Antelmi Private Airfield,40.775846,17.591987
IT-0951,Base San Maurizio Canavese,45.22233,7.630048
LDZL,Lučko Airfield,45.766725,15.849709
LFEM,Montargis Vimory Airfield,47.960602,2.68583
LFIX,Itxassou Airfield,43.337502,-1.42222
LFKC,Calvi Sainte Catherine Airport,42.530422,8.792984
LFME,Nîmes Courbessac Airfield,43.853901,4.41361
LFOE,Évreux-Fauville (BA 105) Air Base,49.028702,1.21986
LPOV,Ovar Air Base,40.915901,-8.64592
LTFC,Süleyman Demirel International Airport,37.8554,30.368401
LZDV,Dubová Airstrip,48.347019,17.356583
MD-0006,Baimaclia Airstrip,46.18065,28.38241
OIAA,Abadan Ayatollah Jami International Airport,30.367887,48.230075
OIAW,Qasem Soleimani International Airport,31.3364,48.763789
OKKK,Kuwait International Airport,29.224487,47.969813
RO-0017,Cioca Airfield,45.78567,21.188104
RU-10040,Sudzha Airfield,51.212486,35.347897
RU-9990,Kirsanov Air Base,52.666698,42.6833
SK-0008,Sládkovičovo Airfield,48.188264,17.634687
SY-0023,Dimas Airport,33.559254,36.174996
UUMT,Tretyakovo Airport,54.904999,39.026669
