icao,n_gt_dep,n_detected_dep,detection_pct_dep,n_capture_excluded_dep,measured_pct_dep,taxi_out_median_s,dep_max_gap_median_s,off_s_p10,off_s_p25,off_s_p50,off_s_p75,off_s_p90,dep_reach_p10,dep_reach_p25,dep_reach_p50,dep_reach_p75,dep_reach_p90,dep_continuity_p10,dep_continuity_p25,dep_continuity_p50,dep_continuity_p75,dep_continuity_p90,dep_signal_p10,dep_signal_p25,dep_signal_p50,dep_signal_p75,dep_signal_p90,off_abs_p50,off_abs_p90,dep_no_ground_pct,dep_full_capture_pct,clean_pct_dep,fragmented_pct_dep,merged_pct_dep,n_gt_arr,n_detected_arr,detection_pct_arr,n_capture_excluded_arr,measured_pct_arr,taxi_in_median_s,arr_max_gap_median_s,land_s_p10,land_s_p25,land_s_p50,land_s_p75,land_s_p90,arr_reach_p10,arr_reach_p25,arr_reach_p50,arr_reach_p75,arr_reach_p90,arr_continuity_p10,arr_continuity_p25,arr_continuity_p50,arr_continuity_p75,arr_continuity_p90,arr_signal_p10,arr_signal_p25,arr_signal_p50,arr_signal_p75,arr_signal_p90,land_abs_p50,land_abs_p90,arr_no_ground_pct,arr_full_capture_pct,clean_pct_arr,fragmented_pct_arr,merged_pct_arr,measured_pct,t_source,n_gt,detection_pct,coverage_index,name,lat,lon
BIAR,20.0,15.0,75.0,0.0,0.0,300.0,300.0,721.6,735.0,783.0,957.0,1081.3999999999999,-3.6046666666666667,-3.19,-2.61,-2.45,-2.4053333333333335,0.0,0.0,0.0,0.0,0.0,0.0,0.0,0.0,0.0,0.0,783.0,1081.3999999999999,100.0,0.0,75.0,0.0,0.0,24.0,19.0,79.16666666666667,0.0,0.0,,,-1215.4,-1093.5,-1006.0,-900.0,-811.8000000000001,,,,,,,,,,,,,,,,1006.0,1215.4,100.0,,79.16666666666667,0.0,0.0,0.0,nm_inferred,24.0,77.08333333333334,,Akureyri International Airport,65.656573,-18.072018
BIBD,4.0,4.0,100.0,0.0,0.0,600.0,600.0,301.2,307.5,322.0,333.75,335.1,-0.5585,-0.55625,-0.5366666666666666,-0.5125,-0.502,0.0,0.0,0.0,0.0,0.0,0.0,0.0,0.0,0.0,0.0,322.0,335.1,100.0,0.0,100.0,0.0,0.0,4.0,4.0,100.0,0.0,0.0,,,-107.9,-100.25,-91.0,-85.25,-83.9,,,,,,,,,,,,,,,,91.0,107.9,100.0,,100.0,0.0,0.0,0.0,nm_inferred,4.0,100.0,,Bildudalur Airport,65.641296,-23.5462
BIEG,7.0,7.0,100.0,0.0,0.0,300.0,300.0,1294.8,1346.5,1512.0,1610.0,1701.8,-5.672666666666667,-5.366666666666667,-5.04,-4.488333333333333,-4.316,0.0,0.0,0.0,0.0,0.0,0.0,0.0,0.0,0.0,0.0,1512.0,1701.8,100.0,0.0,100.0,0.0,0.0,7.0,7.0,100.0,0.0,0.0,,,-1539.0,-1502.5,-1422.0,-1282.5,-1236.8,,,,,,,,,,,,,,,,1422.0,1539.0,100.0,,100.0,0.0,0.0,0.0,nm_inferred,7.0,100.0,,Egilsstaðir Airport,65.2833023071289,-14.401399612426758
BIGJ,1.0,1.0,100.0,0.0,0.0,600.0,600.0,978.0,978.0,978.0,978.0,978.0,-1.63,-1.63,-1.63,-1.63,-1.63,0.0,0.0,0.0,0.0,0.0,0.0,0.0,0.0,0.0,0.0,978.0,978.0,100.0,0.0,100.0,0.0,0.0,1.0,1.0,100.0,0.0,0.0,,,-910.0,-910.0,-910.0,-910.0,-910.0,,,,,,,,,,,,,,,,910.0,910.0,100.0,,100.0,0.0,0.0,0.0,nm_inferred,1.0,100.0,,Gjögur Airport,65.9953,-21.3269
BIGR,3.0,0.0,0.0,0.0,0.0,600.0,,,,,,,,,,,,,,,,,,,,,,,,,,0.0,0.0,0.0,3.0,0.0,0.0,0.0,0.0,,,,,,,,,,,,,,,,,,,,,,,,,,,0.0,0.0,0.0,0.0,nm_inferred,3.0,0.0,,Grímsey Airport,66.5458,-18.0173
BIHN,1.0,1.0,100.0,0.0,0.0,300.0,300.0,1986.0,1986.0,1986.0,1986.0,1986.0,-6.62,-6.62,-6.62,-6.62,-6.62,0.0,0.0,0.0,0.0,0.0,0.0,0.0,0.0,0.0,0.0,1986.0,1986.0,100.0,0.0,100.0,0.0,0.0,1.0,1.0,100.0,0.0,0.0,,,-1379.0,-1379.0,-1379.0,-1379.0,-1379.0,,,,,,,,,,,,,,,,1379.0,1379.0,100.0,,100.0,0.0,0.0,0.0,nm_inferred,1.0,100.0,,Hornafjörður Airport,64.295601,-15.2272
BIIS,5.0,5.0,100.0,0.0,0.0,600.0,600.0,746.4,753.0,765.0,788.0,899.0,-1.4983333333333333,-1.3133333333333332,-1.275,-1.255,-1.244,0.0,0.0,0.0,0.0,0.0,0.0,0.0,0.0,0.0,0.0,765.0,899.0,100.0,0.0,100.0,0.0,0.0,5.0,5.0,100.0,0.0,0.0,,,-995.0,-968.0,-938.0,-929.0,-845.6,,,,,,,,,,,,,,,,938.0,995.0,100.0,,100.0,0.0,0.0,0.0,nm_inferred,5.0,100.0,,Ísafjörður Airport,66.058098,-23.1353
BIKF,296.0,295.0,99.66216216216216,0.0,0.0,600.0,600.0,-43.0,5.0,4524.0,5185.0,5520.000000000001,-9.200000000000001,-8.641666666666666,-7.54,-0.008333333333333333,0.07166666666666667,0.0,0.0,0.0,0.05,0.2,0.0,0.0,0.0,0.016666666666666666,0.1800000000000002,4524.0,5520.000000000001,78.30508474576271,0.0,35.472972972972975,64.1891891891892,0.0,294.0,293.0,99.65986394557824,0.0,0.0,,,-5942.4,-5602.0,-4974.0,275.0,315.6,,,,,,,,,,,,,,,,4974.0,5942.4,64.16382252559727,,35.714285714285715,63.945578231292515,0.0,0.0,nm_inferred,296.0,99.66101305387019,,Keflavik International Airport,63.985001,-22.6056
BIRK,38.0,38.0,100.0,0.0,0.0,300.0,275.0,-107.3,-97.0,-25.0,-6.0,3.3000000000000043,-0.011,0.02,0.08333333333333333,0.32333333333333336,0.3576666666666667,0.0,0.1,0.1,0.4,0.4,0.0,0.03333333333333333,0.09166666666666667,0.32916666666666666,0.36666666666666664,25.0,110.40000000000003,15.789473684210526,0.0,97.36842105263158,2.6315789473684212,0.0,34.0,34.0,100.0,0.0,0.0,,,242.10000000000002,294.75,323.5,372.5,392.2,,,,,,,,,,,,,,,,323.5,392.2,0.0,,97.05882352941177,2.9411764705882355,0.0,0.0,nm_inferred,38.0,100.0,,Reykjavík Domestic Airport,64.128732,-21.93759
BITN,2.0,0.0,0.0,0.0,0.0,300.0,,,,,,,,,,,,,,,,,,,,,,,,,,0.0,0.0,0.0,2.0,0.0,0.0,0.0,0.0,,,,,,,,,,,,,,,,,,,,,,,,,,,0.0,0.0,0.0,0.0,nm_inferred,2.0,0.0,,Þórshöfn Airport,66.218459,-15.334739
BIVO,2.0,0.0,0.0,0.0,0.0,600.0,,,,,,,,,,,,,,,,,,,,,,,,,,0.0,0.0,0.0,2.0,0.0,0.0,0.0,0.0,,,,,,,,,,,,,,,,,,,,,,,,,,,0.0,0.0,0.0,0.0,nm_inferred,2.0,0.0,,Vopnafjörður Airport,65.720596,-14.8506
BKPR,101.0,101.0,100.0,0.0,0.0,300.0,300.0,117.0,135.0,165.0,195.0,230.0,-0.7666666666666667,-0.65,-0.48333333333333334,-0.3333333333333333,-0.16666666666666666,0.0,0.0,0.0,0.0,0.0,0.0,0.0,0.0,0.0,0.0,165.0,230.0,100.0,0.0,100.0,0.0,0.0,100.0,99.0,99.0,0.0,0.0,,,-196.0,-115.0,-20.0,22.5,70.60000000000001,,,,,,,,,,,,,,,,70.0,196.0,61.61616161616162,,98.0,1.0,0.0,0.0,nm_inferred,101.0,99.5,,Priština Adem Jashari International Airport,42.5728,21.035801
DAAE,10.0,10.0,100.0,0.0,0.0,600.0,600.0,300.5,515.0,567.5,637.5,822.9999999999999,-1.7166666666666666,-1.6208333333333331,-1.0499999999999998,-0.9354166666666667,-0.5008333333333335,0.0,0.0,0.0,0.0,0.0,0.0,0.0,0.0,0.0,0.0,567.5,822.9999999999999,100.0,0.0,100.0,0.0,0.0,11.0,11.0,100.0,0.0,0.0,,,-806.0,-713.0,-444.0,56.0,143.0,,,,,,,,,,,,,,,,444.0,806.0,63.63636363636363,,100.0,0.0,0.0,0.0,nm_inferred,11.0,100.0,,Soummam–Abane Ramdane Airport,36.712547,5.069909
DAAG,172.0,172.0,100.0,0.0,0.0,600.0,600.0,188.1,251.0,406.0,672.25,3545.7,-5.933166666666667,-1.7460416666666667,-0.775,-0.4795833333333333,-0.3153333333333333,0.0,0.0,0.0,0.0,0.0,0.0,0.0,0.0,0.0,0.0,406.0,3545.7,100.0,0.0,83.13953488372093,16.86046511627907,0.0,176.0,175.0,99.43181818181819,0.0,0.0,,,-3878.7999999999997,-894.5,-410.0,-1.0,234.0,,,,,,,,,,,,,,,,410.0,3878.7999999999997,75.42857142857143,,77.27272727272727,22.15909090909091,0.0,0.0,nm_inferred,176.0,99.7159090909091,,Houari Boumediene Airport,36.693886,3.214531
DAAS,6.0,6.0,100.0,0.0,0.0,600.0,600.0,371.0,560.5,608.0,778.5,1030.0,-1.7166666666666666,-1.2974999999999999,-1.0133333333333332,-0.9341666666666667,-0.6183333333333334,0.0,0.0,0.0,0.0,0.0,0.0,0.0,0.0,0.0,0.0,608.0,1030.0,100.0,0.0,100.0,0.0,0.0,5.0,5.0,100.0,0.0,0.0,,,-995.8,-916.0,-697.0,-489.0,-216.59999999999997,,,,,,,,,,,,,,,,697.0,995.8,100.0,,80.0,20.0,0.0,0.0,nm_inferred,6.0,100.0,,Ain Arnat Airport,36.178488,5.329909
DAAV,1.0,1.0,100.0,0.0,0.0,600.0,600.0,2287.0,2287.0,2287.0,2287.0,2287.0,-3.8116666666666665,-3.8116666666666665,-3.8116666666666665,-3.8116666666666665,-3.8116666666666665,0.0,0.0,0.0,0.0,0.0,0.0,0.0,0.0,0.0,0.0,2287.0,2287.0,100.0,0.0,100.0,0.0,0.0,1.0,1.0,100.0,0.0,0.0,,,230.0,230.0,230.0,230.0,230.0,,,,,,,,,,,,,,,,230.0,230.0,0.0,,100.0,0.0,0.0,0.0,nm_inferred,1.0,100.0,,Jijel Ferhat Abbas Airport,36.794125,5.873652
DABB,10.0,10.0,100.0,0.0,0.0,360.0,360.0,848.0,866.25,990.0,1151.25,1706.5,-4.740277777777778,-3.1979166666666665,-2.75,-2.40625,-2.3555555555555556,0.0,0.0,0.0,0.0,0.0,0.0,0.0,0.0,0.0,0.0,990.0,1706.5,100.0,0.0,90.0,10.0,0.0,10.0,10.0,100.0,0.0,0.0,,,-1158.9,-945.75,-842.5,-762.25,-735.0,,,,,,,,,,,,,,,,842.5,1158.8999999999996,100.0,,100.0,0.0,0.0,0.0,nm_inferred,10.0,100.0,,Annaba Rabah Bitat Airport,36.826781,7.81334
DABC,28.0,28.0,100.0,0.0,0.0,360.0,360.0,943.5,1005.0,1040.0,2102.5,2218.0,-6.1611111111111105,-5.840277777777778,-2.888888888888889,-2.7916666666666665,-2.620833333333333,0.0,0.0,0.0,0.0,0.0,0.0,0.0,0.0,0.0,0.0,1040.0,2218.0,100.0,0.0,75.0,25.0,0.0,28.0,28.0,100.0,0.0,0.0,,,-2733.5,-2494.5,-1203.5,-946.5,-878.5999999999999,,,,,,,,,,,,,,,,1203.5,2733.5,100.0,,82.14285714285714,17.857142857142858,0.0,0.0,nm_inferred,28.0,100.0,,Mohamed Boudiaf International Airport,36.276001,6.62039
DABT,2.0,2.0,100.0,0.0,0.0,600.0,600.0,1342.1,1495.25,1750.5,2005.75,2158.9,-3.5981666666666667,-3.342916666666667,-2.9175000000000004,-2.4920833333333334,-2.2368333333333337,0.0,0.0,0.0,0.0,0.0,0.0,0.0,0.0,0.0,0.0,1750.5,2158.9,100.0,0.0,50.0,50.0,0.0,1.0,1.0,100.0,0.0,0.0,,,-1300.0,-1300.0,-1300.0,-1300.0,-1300.0,,,,,,,,,,,,,,,,1300.0,1300.0,100.0,,100.0,0.0,0.0,0.0,nm_inferred,2.0,100.0,,Batna Mostefa Ben Boulaid Airport,35.752102,6.30859
DAOI,2.0,2.0,100.0,0.0,0.0,600.0,600.0,116.5,163.75,242.5,321.25,368.5,-0.6141666666666666,-0.5354166666666667,-0.4041666666666666,-0.27291666666666664,-0.19416666666666665,0.0,0.0,0.0,0.0,0.0,0.0,0.0,0.0,0.0,0.0,242.5,368.5,100.0,0.0,100.0,0.0,0.0,2.0,2.0,100.0,0.0,0.0,,,-128.0,-117.5,-100.0,-82.5,-72.0,,,,,,,,,,,,,,,,100.0,128.0,100.0,,100.0,0.0,0.0,0.0,nm_inferred,2.0,100.0,,Chlef Aboubakr Belkaid International Airport,36.216614,1.341114
DAON,8.0,8.0,100.0,0.0,0.0,480.0,480.0,307.5,367.5,389.5,466.25,1902.499999999999,-3.963541666666666,-0.9713541666666666,-0.8114583333333334,-0.765625,-0.640625,0.0,0.0,0.0,0.0,0.0,0.0,0.0,0.0,0.0,0.0,389.5,1902.499999999999,100.0,0.0,87.5,12.5,0.0,8.0,8.0,100.0,0.0,0.0,,,-2213.7,-394.5,-251.5,-180.5,-83.9,,,,,,,,,,,,,,,,251.5,2213.699999999999,100.0,,87.5,12.5,0.0,0.0,nm_inferred,8.0,100.0,,Zenata – Messali El Hadj Airport,35.012732,-1.457117
DAOO,44.0,44.0,100.0,0.0,0.0,480.0,480.0,18.0,60.25,95.0,275.75,437.6,-2.7,-0.9041666666666667,-0.3541666666666667,-0.14583333333333334,-0.041249999999999905,0.0,0.0,0.0,0.0,0.0,0.0,0.0,0.0,0.0,0.0,95.0,437.6,93.18181818181819,0.0,88.63636363636364,11.363636363636363,0.0,45.0,45.0,100.0,0.0,0.0,,,-1148.7999999999995,-263.0,113.0,229.0,246.2,,,,,,,,,,,,,,,,232.0,1148.8000000000018,44.44444444444444,,88.88888888888889,11.11111111111111,0.0,0.0,nm_inferred,45.0,100.0,,Oran Es-Sénia (Ahmed Ben Bella) International Airport,35.620648,-0.622486
DAUG,2.0,2.0,100.0,0.0,0.0,600.0,600.0,3591.5,3593.75,3597.5,3601.25,3603.5,-6.005833333333333,-6.002083333333333,-5.995833333333334,-5.989583333333334,-5.985833333333334,0.0,0.0,0.0,0.0,0.0,0.0,0.0,0.0,0.0,0.0,3597.5,3603.5,100.0,0.0,100.0,0.0,0.0,3.0,3.0,100.0,0.0,0.0,,,-3807.0,-3765.0,-3695.0,-3567.5,-3491.0,,,,,,,,,,,,,,,,3695.0,3807.0,100.0,,66.66666666666667,33.333333333333336,0.0,0.0,nm_inferred,3.0,100.0,,Noumérat - Moufdi Zakaria Airport,32.384102,3.79411
DAUH,2.0,1.0,50.0,0.0,0.0,480.0,600.0,3750.0,3750.0,3750.0,3750.0,3750.0,-6.25,-6.25,-6.25,-6.25,-6.25,0.0,0.0,0.0,0.0,0.0,0.0,0.0,0.0,0.0,0.0,3750.0,3750.0,100.0,0.0,50.0,0.0,0.0,2.0,1.0,50.0,0.0,0.0,,,-2993.0,-2993.0,-2993.0,-2993.0,-2993.0,,,,,,,,,,,,,,,,2993.0,2993.0,100.0,,50.0,0.0,0.0,0.0,nm_inferred,2.0,50.0,,Hassi Messaoud-Oued Irara Krim Belkacem Airport,31.673,6.14044
DTKA,1.0,1.0,100.0,0.0,0.0,480.0,480.0,1955.0,1955.0,1955.0,1955.0,1955.0,-4.072916666666667,-4.072916666666667,-4.072916666666667,-4.072916666666667,-4.072916666666667,0.0,0.0,0.0,0.0,0.0,0.0,0.0,0.0,0.0,0.0,1955.0,1955.0,100.0,0.0,100.0,0.0,0.0,1.0,1.0,100.0,0.0,0.0,,,-1662.0,-1662.0,-1662.0,-1662.0,-1662.0,,,,,,,,,,,,,,,,1662.0,1662.0,100.0,,100.0,0.0,0.0,0.0,nm_inferred,1.0,100.0,,Tabarka-Aïn Draham International Airport,36.98,8.87694
DTMB,71.0,71.0,100.0,0.0,0.0,900.0,900.0,920.0,1232.5,1650.0,1807.5,1975.0,-2.533333333333333,-2.063888888888889,-1.9277777777777778,-1.4333333333333333,-1.0222222222222221,0.0,0.0,0.0,0.0,0.0,0.0,0.0,0.0,0.0,0.0,1650.0,1975.0,100.0,0.0,100.0,0.0,0.0,67.0,67.0,100.0,0.0,0.0,,,-1932.4,-1728.5,-1542.0,-1421.5,-1202.8,,,,,,,,,,,,,,,,1542.0,1932.3999999999999,100.0,,100.0,0.0,0.0,0.0,nm_inferred,71.0,100.0,,Monastir Habib Bourguiba International Airport,35.75809860229492,10.75469970703125
DTNH,54.0,52.0,96.29629629629629,0.0,0.0,480.0,480.0,1455.0,1593.75,1657.5,1872.5,1999.0,-4.164583333333334,-3.901041666666667,-3.4479166666666665,-3.3125,-2.709791666666667,0.0,0.0,0.0,0.0,0.0,0.0,0.0,0.0,0.0,0.0,1657.5,1999.0,100.0,0.0,96.29629629629629,0.0,0.0,57.0,55.0,96.49122807017544,0.0,0.0,,,-2152.4,-2017.0,-1770.0,-1458.5,-1348.6,,,,,,,,,,,,,,,,1770.0,2152.4,100.0,,94.73684210526316,1.7543859649122806,0.0,0.0,nm_inferred,57.0,96.39376218323586,,Enfidha - Hammamet International Airport,36.075833,10.438611
DTTA,191.0,191.0,100.0,0.0,0.0,600.0,600.0,1065.0,1140.0,1195.0,1280.0,1780.0,-3.033333333333333,-2.1624999999999996,-2.0,-1.9,-1.775,0.0,0.0,0.0,0.0,0.0,0.0,0.0,0.0,0.0,0.0,1195.0,1780.0,100.0,0.0,93.19371727748691,6.806282722513089,0.0,187.0,186.0,99.46524064171123,0.0,0.0,,,-1787.0,-1495.75,-1325.0,-1098.75,-989.0,,,,,,,,,,,,,,,,1325.0,1787.0,100.0,,91.97860962566845,7.4866310160427805,0.0,0.0,nm_inferred,191.0,99.73262032085562,,Tunis Carthage International Airport,36.851002,10.2272
DTTJ,72.0,68.0,94.44444444444444,0.0,0.0,600.0,600.0,1088.5,1556.25,2512.5,2717.5,3014.0,-5.076666666666666,-4.54375,-4.195833333333333,-2.6062499999999997,-1.8166666666666667,0.0,0.0,0.0,0.0,0.0,0.0,0.0,0.0,0.0,0.0,2512.5,3014.0,100.0,0.0,91.66666666666667,2.7777777777777777,0.0,74.0,70.0,94.5945945945946,0.0,0.0,,,-2864.9,-2710.75,-2384.0,-2124.75,-1177.8,,,,,,,,,,,,,,,,2384.0,2864.9,100.0,,90.54054054054055,4.054054054054054,0.0,0.0,nm_inferred,74.0,94.51951951951952,,Djerba Zarzis International Airport,33.873719,10.7773
DTTX,4.0,4.0,100.0,0.0,0.0,600.0,600.0,1028.5,1116.25,1630.0,2124.75,2178.3,-3.6305,-3.54125,-2.716666666666667,-1.8604166666666666,-1.7141666666666666,0.0,0.0,0.0,0.0,0.0,0.0,0.0,0.0,0.0,0.0,1630.0,2178.3,100.0,0.0,100.0,0.0,0.0,2.0,2.0,100.0,0.0,0.0,,,-2100.0,-2052.0,-1972.0,-1892.0,-1844.0,,,,,,,,,,,,,,,,1972.0,2100.0,100.0,,100.0,0.0,0.0,0.0,nm_inferred,4.0,100.0,,Sfax Thyna International Airport,34.717999,10.691
DTTZ,1.0,1.0,100.0,0.0,0.0,600.0,600.0,2275.0,2275.0,2275.0,2275.0,2275.0,-3.7916666666666665,-3.7916666666666665,-3.7916666666666665,-3.7916666666666665,-3.7916666666666665,0.0,0.0,0.0,0.0,0.0,0.0,0.0,0.0,0.0,0.0,2275.0,2275.0,100.0,0.0,100.0,0.0,0.0,1.0,1.0,100.0,0.0,0.0,,,-2287.0,-2287.0,-2287.0,-2287.0,-2287.0,,,,,,,,,,,,,,,,2287.0,2287.0,100.0,,100.0,0.0,0.0,0.0,nm_inferred,1.0,100.0,,Tozeur Nefta International Airport,33.939701080322266,8.110560417175293
EBAW,36.0,35.0,97.22222222222223,0.0,0.0,900.0,735.0,-282.0,-212.5,-120.0,-87.5,19.00000000000002,-0.021111111111111105,0.1,0.16111111111111112,0.25,0.31333333333333335,0.02666666666666669,0.11666666666666667,0.2,0.26666666666666666,0.32,0.017777777777777795,0.10555555555555556,0.18333333333333332,0.25,0.31333333333333335,130.0,350.0000000000001,14.285714285714286,2.857142857142857,91.66666666666667,2.7777777777777777,2.7777777777777777,28.0,27.0,96.42857142857143,0.0,0.0,,,294.6,302.5,395.0,450.0,493.00000000000006,,,,,,,,,,,,,,,,395.0,493.00000000000006,0.0,,92.85714285714286,0.0,3.5714285714285716,0.0,nm_inferred,36.0,96.82539682539684,,Antwerp International Airport (Deurne),51.190667,4.463153
EBBR,840.0,839.0,99.88095238095238,0.0,100.0,600.0,5.0,-1140.0,-857.5,-690.0,-570.0,-485.0,0.9211111111111112,0.9814814814814815,1.0588235294117647,1.1889880952380953,1.4916666666666671,0.9444444444444444,1.0,1.0,1.0,1.0,0.9166666666666666,0.9704131652661064,1.0,1.0,1.0,695.0,1170.0,1.5494636471990464,84.26698450536352,94.4047619047619,4.761904761904762,0.7142857142857143,816.0,814.0,99.75490196078431,0.0,100.0,300.0,5.0,505.0,560.0,645.0,760.0,1008.5000000000002,1.5833333333333333,1.8333333333333333,2.1166666666666667,2.6041666666666665,3.1944444444444446,1.0,1.0,1.0,1.0,1.0,1.0,1.0,1.0,1.0,1.0,650.0,1070.0,1.4742014742014742,99.38574938574939,94.24019607843137,4.779411764705882,0.7352941176470589,100.0,apdf,840.0,99.81792717086834,0.9981792717086835,Brussels Airport,50.901402,4.48444
EBCI,298.0,298.0,100.0,0.0,99.66442953020133,660.0,660.0,20.0,30.0,40.0,55.0,70.0,-0.11458333333333333,-0.08333333333333333,-0.05749198717948718,-0.041666666666666664,-0.02733918128654969,0.0,0.0,0.0,0.0,0.0,0.0,0.0,0.0,0.0,0.0,40.0,70.0,99.66442953020135,0.0,97.6510067114094,2.348993288590604,0.0,298.0,298.0,100.0,0.0,100.0,300.0,10.0,245.50000000000006,270.0,285.0,305.0,315.0,0.675,0.8055555555555556,0.9666666666666667,1.125,1.2708333333333333,0.75,0.8333333333333334,1.0,1.0,1.0,0.725,0.8333333333333334,0.9833333333333333,1.0,1.0,290.0,320.0,2.684563758389262,55.369127516778526,97.98657718120805,2.0134228187919465,0.0,100.0,apdf,298.0,100.0,0.49166666666666664,Brussels South Charleroi Airport,50.461963,4.459562
EBKT,14.0,11.0,78.57142857142857,0.0,0.0,900.0,900.0,30.0,32.5,60.0,72.5,90.0,-0.13333333333333333,-0.09166666666666667,-0.06666666666666667,-0.03611111111111111,-0.03333333333333333,0.0,0.0,0.0,0.0,0.0,0.0,0.0,0.0,0.0,0.0,60.0,90.0,100.0,0.0,78.57142857142857,0.0,0.0,16.0,14.0,87.5,0.0,0.0,,,166.0,181.25,207.5,229.5,255.50000000000003,,,,,,,,,,,,,,,,207.5,255.50000000000003,0.0,,81.25,0.0,6.25,0.0,nm_inferred,16.0,83.03571428571428,,Kortrijk-Wevelgem International Airport,50.818878,3.209551
EBLG,128.0,128.0,100.0,0.0,0.0,840.0,840.0,-546.0,-141.25,35.0,56.25,75.0,-0.08555555555555555,-0.06180555555555556,-0.0392156862745098,0.17307692307692307,0.7375,0.0,0.0,0.0,0.1830357142857143,0.7092105263157895,0.0,0.0,0.0,0.16319444444444442,0.6953846153846154,65.0,546.0,60.9375,2.3622047244094486,81.25,17.1875,1.5625,111.0,111.0,100.0,0.0,0.0,,,274.0,296.5,330.0,495.0,601.0,,,,,,,,,,,,,,,,340.0,770.0,6.306306306306307,,68.46846846846847,30.63063063063063,0.9009009009009009,0.0,nm_inferred,128.0,100.0,,Liège Airport,50.638574,5.443897
EBMB,1.0,1.0,100.0,0.0,0.0,360.0,5.0,-530.0,-530.0,-530.0,-530.0,-530.0,1.4722222222222223,1.4722222222222223,1.4722222222222223,1.4722222222222223,1.4722222222222223,1.0,1.0,1.0,1.0,1.0,1.0,1.0,1.0,1.0,1.0,530.0,530.0,0.0,100.0,100.0,0.0,0.0,1.0,1.0,100.0,0.0,0.0,,,515.0,515.0,515.0,515.0,515.0,,,,,,,,,,,,,,,,515.0,515.0,0.0,,100.0,0.0,0.0,0.0,nm_inferred,1.0,100.0,,Melsbroek Air Base,50.913419,4.491005
EBOS,20.0,20.0,100.0,0.0,0.0,900.0,900.0,34.5,48.75,60.0,75.0,84.50000000000006,-0.4666666666666666,-0.09583333333333334,-0.075,-0.05555555555555555,-0.04333333333333332,0.0,0.0,0.0,0.0,0.0,0.0,0.0,0.0,0.0,0.0,60.0,84.50000000000006,100.0,0.0,90.0,5.0,5.0,20.0,20.0,100.0,0.0,0.0,,,254.3,260.0,275.0,300.0,366.00000000000074,,,,,,,,,,,,,,,,275.0,366.00000000000074,0.0,,95.0,5.0,0.0,0.0,nm_inferred,20.0,100.0,,Ostend-Bruges International Airport,51.1998,2.874673
EDAB,3.0,3.0,100.0,0.0,0.0,600.0,600.0,12.0,37.5,80.0,135.0,168.0,-0.27999999999999997,-0.22499999999999998,-0.13333333333333333,-0.0625,-0.01999999999999999,0.0,0.0,0.0,0.025,0.04000000000000001,0.0,0.0,0.0,0.004166666666666667,0.006666666666666667,80.0,168.0,66.66666666666667,0.0,66.66666666666667,0.0,33.333333333333336,3.0,3.0,100.0,0.0,0.0,,,137.4,150.0,171.0,183.5,191.0,,,,,,,,,,,,,,,,171.0,191.0,0.0,,100.0,0.0,0.0,0.0,nm_inferred,3.0,100.0,,Bautzen Airfield,51.193611,14.519722
EDAE,1.0,1.0,100.0,0.0,0.0,600.0,600.0,35.0,35.0,35.0,35.0,35.0,-0.058333333333333334,-0.058333333333333334,-0.058333333333333334,-0.058333333333333334,-0.058333333333333334,0.0,0.0,0.0,0.0,0.0,0.0,0.0,0.0,0.0,0.0,35.0,35.0,100.0,0.0,100.0,0.0,0.0,1.0,1.0,100.0,0.0,0.0,,,143.0,143.0,143.0,143.0,143.0,,,,,,,,,,,,,,,,143.0,143.0,0.0,,100.0,0.0,0.0,0.0,nm_inferred,1.0,100.0,,Eisenhüttenstadt Airfield,52.197199,14.585696
EDAH,2.0,2.0,100.0,0.0,0.0,480.0,477.5,2.0,12.5,30.0,47.5,58.0,-0.12083333333333332,-0.09895833333333333,-0.06249999999999999,-0.026041666666666664,-0.004166666666666662,0.00625,0.015625,0.03125,0.046875,0.05625,0.0010416666666666667,0.0026041666666666665,0.005208333333333333,0.0078125,0.009375,35.0,59.0,50.0,0.0,100.0,0.0,0.0,1.0,1.0,100.0,0.0,0.0,,,-220.0,-220.0,-220.0,-220.0,-220.0,,,,,,,,,,,,,,,,220.0,220.0,100.0,,100.0,0.0,0.0,0.0,nm_inferred,2.0,100.0,,Heringsdorf Airport,53.8787,14.1523
EDAV,1.0,1.0,100.0,0.0,0.0,360.0,360.0,55.0,55.0,55.0,55.0,55.0,-0.1527777777777778,-0.1527777777777778,-0.1527777777777778,-0.1527777777777778,-0.1527777777777778,0.0,0.0,0.0,0.0,0.0,0.0,0.0,0.0,0.0,0.0,55.0,55.0,100.0,0.0,100.0,0.0,0.0,,,,,,,,,,,,,,,,,,,,,,,,,,,,,,,,,,,0.0,nm_inferred,1.0,100.0,,Eberswalde-Finow Airfield,52.826313,13.701324
EDAY,1.0,0.0,0.0,0.0,0.0,600.0,,,,,,,,,,,,,,,,,,,,,,,,,,0.0,0.0,0.0,,,,,,,,,,,,,,,,,,,,,,,,,,,,,,,,,,,0.0,nm_inferred,1.0,0.0,,Strausberg Airfield,52.580555,13.916667
EDAZ,4.0,3.0,75.0,0.0,0.0,600.0,600.0,36.0,45.0,60.0,67.5,72.0,-0.12,-0.1125,-0.1,-0.07500000000000001,-0.06,0.0,0.0,0.0,0.0,0.0,0.0,0.0,0.0,0.0,0.0,60.0,72.0,100.0,0.0,75.0,0.0,0.0,3.0,3.0,100.0,0.0,0.0,,,162.4,208.0,284.0,288.0,290.4,,,,,,,,,,,,,,,,284.0,290.4,0.0,,100.0,0.0,0.0,0.0,nm_inferred,4.0,87.5,,Schönhagen Airfield,52.204631,13.159526
EDBJ,,,,,,,,,,,,,,,,,,,,,,,,,,,,,,,,,,,1.0,1.0,100.0,0.0,0.0,,,400.0,400.0,400.0,400.0,400.0,,,,,,,,,,,,,,,,400.0,400.0,0.0,,100.0,0.0,0.0,0.0,nm_inferred,1.0,100.0,,Jena-Schöngleina Airfield,50.915345,11.714201
EDDB,934.0,929.0,99.46466809421841,0.0,98.7152034261242,619.0,369.0,-748.7999999999998,-572.0,-290.0,-12.0,8.0,-0.01491315793138989,0.020833333333333332,0.4682860998650472,0.9098039215686274,1.0373794279496997,0.0,0.08333333333333333,0.48,0.8888888888888888,1.0,0.0,0.03460207612456748,0.45073375262054505,0.865979381443299,0.994263862332696,303.0,780.8000000000002,20.129171151776102,15.931108719052745,94.21841541755889,4.389721627408994,0.8565310492505354,938.0,934.0,99.57356076759062,0.0,99.89339019189765,327.0,5.0,375.3,466.0,514.0,592.0,687.0,0.9759538166560147,1.3004291845493563,1.6103151862464182,2.129568106312292,2.567539117387888,0.875,1.0,1.0,1.0,1.0,0.896543238809468,0.9900990099009901,0.9972677595628415,1.0026737967914439,1.0068571785599925,515.0,693.7,0.6423982869379015,87.67416934619507,95.5223880597015,3.1982942430703623,0.8528784648187633,99.89339019189765,apdf,938.0,99.51911443090452,0.7205191409355061,Berlin Brandenburg Airport,52.361738,13.502341
EDDC,49.0,48.0,97.95918367346938,0.0,100.0,540.0,120.0,-729.5,-551.25,-370.0,-258.75,-181.99999999999994,0.3938888888888889,0.4565972222222222,0.75,1.0625,1.444444444444445,0.3813131313131313,0.48863636363636365,0.75,0.9659090909090909,1.0,0.37483164983164985,0.4554924242424242,0.73125,0.9617424242424243,1.0,370.0,729.5000000000001,2.0833333333333335,27.083333333333332,89.79591836734694,2.0408163265306123,6.122448979591836,50.0,50.0,100.0,0.0,98.0,240.0,5.0,355.0,481.25,517.5,605.0,774.5000000000007,1.5100000000000002,1.9333333333333333,2.0833333333333335,2.8333333333333335,3.6972222222222237,1.0,1.0,1.0,1.0,1.0,1.0,1.0,1.0,1.0,1.0,525.0,1236.5000000000002,2.0,97.95918367346938,88.0,6.0,6.0,100.0,apdf,50.0,98.9795918367347,0.8567920918367348,Dresden Airport,51.134123,13.767831
EDDE,10.0,10.0,100.0,0.0,100.0,420.0,317.5,-1220.9999999999998,-158.75,-140.0,-70.0,-37.50000000000004,0.11041666666666668,0.22916666666666669,0.25662878787878785,0.32569444444444445,6.223333333333313,0.15,0.1875,0.26136363636363635,0.3458333333333333,0.3974999999999999,0.09999999999999999,0.17430555555555555,0.24204545454545456,0.2760416666666667,0.35916666666666663,140.0,1220.9999999999964,10.0,0.0,90.0,0.0,10.0,12.0,12.0,100.0,0.0,100.0,240.0,5.0,356.5,471.25,565.0,596.25,2080.5000000000005,1.4854166666666668,1.5625,1.9083333333333332,2.359375,11.462500000000002,1.0,1.0,1.0,1.0,1.0,0.975,1.0,1.0,1.0,1.0,565.0,2080.5000000000005,0.0,91.66666666666667,91.66666666666667,0.0,8.333333333333334,100.0,apdf,12.0,100.0,0.6210227272727273,Erfurt-Weimar Airport,50.978281,10.960713
EDDF,1937.0,1929.0,99.58699019101704,0.0,98.96747547754259,831.0,783.0,-251.59999999999997,-9.0,4.0,11.0,21.0,-0.02815758193241637,-0.014446227929373997,-0.005283018867924529,0.009767092411720512,0.2990243758457529,0.0,0.0,0.0,0.043478260869565216,0.2857142857142857,0.0,0.0,0.0,0.012836970474967907,0.256255578242105,10.0,300.2000000000003,63.14152410575428,0.2592016588906169,90.50077439339184,8.828084667010842,0.2581311306143521,1892.0,1882.0,99.47145877378435,0.0,99.89429175475686,589.0,228.0,289.0,293.0,298.0,504.75,728.9000000000001,0.29206085263331083,0.4289613526570048,0.6227413176249503,0.9791867469879518,1.2816578082383383,0.3125,0.43478260869565216,0.6190476190476191,0.8333333333333334,1.0,0.30609124383698433,0.43758729050279327,0.6123546256793875,0.8296272004062288,0.9981185175815835,298.0,777.9000000000001,1.7003188097768331,18.77659574468085,91.43763213530656,7.822410147991543,0.21141649048625794,99.89429175475686,apdf,1937.0,99.52922448240069,0.304735905010401,Frankfurt Main Airport,50.026706,8.55835
EDDG,72.0,71.0,98.61111111111111,0.0,95.83333333333334,356.5,330.0,5.0,11.0,18.0,60.0,125.0,-0.2708333333333333,-0.16666666666666666,-0.05555555555555555,-0.024330028879050877,-0.008333333333333333,0.0,0.0,0.0,0.0,0.0,0.0,0.0,0.0,0.0,0.0,21.0,185.0,90.14084507042253,0.0,88.88888888888889,9.722222222222221,0.0,71.0,70.0,98.59154929577464,1.0,97.1830985915493,300.0,5.0,259.9,273.25,281.0,307.25,340.0,0.6129178028827426,0.8115079365079365,1.0190839694656488,1.4058823529411764,7.404761904761904,0.615,0.8373015873015872,1.0,1.0,1.0,0.6213582651603689,0.7562979017464506,0.9638554216867469,1.0,1.0,281.0,340.0,0.0,56.71641791044776,97.1830985915493,1.408450704225352,0.0,97.1830985915493,apdf,72.0,98.60133020344287,0.475187133510568,Münster Osnabrück Airport,52.133816,7.688482
EDDH,552.0,551.0,99.81884057971014,0.0,99.09420289855072,515.0,330.0,-630.0,-406.0,-158.0,-13.0,1.0,-0.0019305019305019305,0.029283381484738098,0.32113821138211385,0.8934552683286259,1.1047794117647058,0.0,0.14285714285714285,0.3684210526315789,0.8571428571428571,1.0,0.0,0.10072906200891363,0.32150776053215074,0.8093413421706711,0.9887005649717514,171.0,688.0,14.7005444646098,13.97459165154265,93.29710144927536,5.072463768115942,1.4492753623188406,559.0,557.0,99.6422182468694,0.0,99.82110912343471,325.0,5.0,360.0,417.0,531.0,616.0,694.4000000000001,1.0842939772681308,1.322798013245033,1.65050681426328,1.9009999999999998,2.184659090909091,0.9166666666666666,1.0,1.0,1.0,1.0,0.9644358072845135,0.9932371661823717,1.0,1.0033587013400678,1.0084033613445378,534.0,707.4000000000001,1.2567324955116697,90.8273381294964,94.09660107334525,4.114490161001789,1.4311270125223614,99.82110912343471,apdf,559.0,99.73052941328977,0.6589733429082117,Hamburg Helmut Schmidt Airport,53.630402,9.98823
EDDK,548.0,538.0,98.17518248175182,9.0,99.27007299270073,867.0,140.0,-1179.3,-923.0,-640.5,-398.25,-71.79999999999995,0.1267969764422186,0.4871628934128934,0.8497743391360413,0.9491053327648763,1.2119686313963354,0.23907692307692313,0.5,0.8241758241758241,0.9444444444444444,1.0,0.21475069601038035,0.4789119574606483,0.7859348861150431,0.9264521628215733,1.0,655.5,1213.3000000000002,5.390334572490707,20.18867924528302,93.43065693430657,3.832116788321168,0.9124087591240876,541.0,533.0,98.52125693160814,0.0,99.81515711645102,350.5,5.0,342.2,448.0,551.0,673.0,815.0,1.0575534792149732,1.3623153272901596,1.571588725176169,1.8159327651515151,2.2628162816281643,0.9090909090909091,1.0,1.0,1.0,1.0,0.9440838109898123,0.9928757969122053,1.0,1.0036005808021349,1.0073260073260073,556.0,843.0,2.4390243902439024,89.84962406015038,91.1275415896488,6.469500924214418,0.9242144177449169,99.81515711645102,apdf,548.0,98.34821970667997,0.8782175828073338,Cologne Bonn Airport,50.865898,7.14274
EDDL,757.0,745.0,98.41479524438573,0.0,99.20739762219286,684.0,67.0,-930.6,-724.0,-575.0,-396.0,-242.39999999999998,0.39976789606272467,0.5582089552238806,0.9092409240924092,0.9916387959866221,1.1161512799127478,0.45,0.5925925925925926,0.918918918918919,1.0,1.0,0.4202541393916057,0.5644090305444888,0.8967851099830795,0.9789644012944985,1.0,583.0,963.0000000000001,2.684563758389262,35.30201342281879,92.47027741083224,5.019815059445178,0.9247027741083224,751.0,738.0,98.26897470039947,0.0,99.86684420772303,235.0,5.0,357.8,443.0,506.0,582.75,678.9000000000002,1.3727291440547924,1.8415094339622642,2.176767676767677,2.625514403292181,3.242081949058693,0.9,1.0,1.0,1.0,1.0,0.9810126582278481,0.9920634920634921,1.0,1.005586592178771,1.0119047619047619,510.5,723.0,1.6260162601626016,92.26594301221166,93.20905459387484,4.527296937416778,0.5326231691078562,99.86684420772303,apdf,757.0,98.34188497239259,0.9326671155165152,Düsseldorf Airport,51.289501,6.76678
EDDM,1444.0,1441.0,99.79224376731302,0.0,97.92243767313019,720.0,395.0,-805.0,-525.0,-295.0,-130.0,25.0,-0.03787878787878788,0.20833333333333334,0.45,0.6987179487179487,0.9551282051282052,0.0,0.2222222222222222,0.4375,0.625,0.8888888888888888,0.0,0.19696969696969696,0.4114583333333333,0.5946969696969697,0.8676470588235294,300.0,815.0,15.058986814712005,3.95558639833449,95.6371191135734,3.601108033240997,0.554016620498615,1434.0,1430.0,99.72105997210599,0.0,99.9302649930265,360.0,5.0,305.0,341.25,550.0,660.0,755.0,0.8468253968253968,1.2261904761904763,1.5666666666666667,1.8194444444444444,2.153333333333334,0.8333333333333334,1.0,1.0,1.0,1.0,0.8,1.0,1.0,1.0,1.0,550.0,760.0,0.9090909090909091,82.7851644506648,94.56066945606695,4.323570432357044,0.8368200836820083,99.9302649930265,apdf,1444.0,99.75665186970951,0.7040117879346687,Munich Airport,48.353802,11.7861
EDDN,169.0,169.0,100.0,0.0,100.0,671.0,135.0,-881.8,-637.0,-433.0,-237.0,3.400000000000034,-0.006009710200012907,0.33557046979865773,0.7982062780269058,0.8997134670487106,1.5041467304625218,0.025000000000000022,0.3448275862068966,0.7857142857142857,0.9130434782608695,1.0,0.005763688760806921,0.3111111111111111,0.7535211267605634,0.8827085852478839,1.0004744958481613,434.0,889.0000000000003,11.242603550295858,15.384615384615385,95.85798816568047,1.183431952662722,2.9585798816568047,163.0,162.0,99.38650306748467,1.0,100.0,217.0,5.0,379.5,446.5,506.0,564.0,671.2,1.625,1.9365558912386707,2.3529411764705883,2.878612716763006,3.5555555555555554,0.9166666666666666,1.0,1.0,1.0,1.0,0.9756097560975611,0.982905982905983,0.9926470588235294,1.0,1.0,506.0,671.2,0.0,91.92546583850931,92.63803680981596,2.4539877300613497,4.294478527607362,100.0,apdf,169.0,99.69325153374234,0.8704059207282673,Nuremberg Airport,49.498699,11.078056
EDDP,355.0,353.0,99.43661971830986,0.0,99.71830985915493,770.0,30.0,-1173.2,-897.0,-729.0,-623.0,-494.3999999999999,0.5733460764731572,0.8772763262074426,0.9708029197080292,1.048951048951049,1.3560214529497807,0.6025806451612904,0.8888888888888888,0.9642857142857143,1.0,1.0,0.5742323690069658,0.8751793400286944,0.9646739130434784,0.9984639016897082,1.0027435047898896,729.0,1173.2,0.28328611898017,55.240793201133144,88.73239436619718,9.577464788732394,1.1267605633802817,368.0,364.0,98.91304347826087,0.0,99.45652173913044,338.5,5.0,495.0,578.25,660.0,790.0,1055.3999999999996,1.3668312757201646,1.6485241041505543,1.94944089456869,2.3609906462585033,2.9694444444444454,1.0,1.0,1.0,1.0,1.0,0.984495211179149,0.9946588414119235,1.0,1.0,1.0050586215712773,660.0,1141.6999999999996,1.9230769230769231,98.06629834254143,89.1304347826087,9.23913043478261,0.5434782608695652,99.71830985915493,apdf,368.0,99.17483159828537,0.9742310223581566,Leipzig/Halle Airport,51.420657,12.232705
EDDR,25.0,25.0,100.0,0.0,100.0,300.0,300.0,23.800000000000004,30.0,45.0,70.0,80.0,-0.39444444444444443,-0.25,-0.16666666666666666,-0.09523809523809523,-0.07264437689969604,0.0,0.0,0.0,0.0,0.0,0.0,0.0,0.0,0.0,0.0,45.0,80.0,96.0,0.0,96.0,4.0,0.0,25.0,25.0,100.0,2.0,100.0,300.0,105.0,22.800000000000054,148.0,230.0,241.0,285.0,0.4205128205128205,0.5656136300027987,0.6965317919075145,0.945,1.0222733371669541,0.42424242424242425,0.5934065934065934,0.75,0.95,1.0,0.43457117595048633,0.5763364119787293,0.708092485549133,0.9633333333333334,0.9981981981981982,230.0,285.0,12.0,30.434782608695652,96.0,4.0,0.0,100.0,apdf,25.0,100.0,0.3540462427745665,Saarbrücken Airport,49.214545,7.109735
EDDS,408.0,397.0,97.30392156862744,0.0,99.01960784313727,729.5,20.0,-2336.6,-1017.0,-795.0,-626.0,-436.39999999999986,0.8449669966996699,0.9079189686924494,0.9929378531073446,1.4251700680272108,3.0149667525829025,0.8695652173913043,0.9230769230769231,1.0,1.0,1.0,0.8466786880452264,0.907960199004975,0.9744094488188977,1.0019455252918288,1.0052292425833282,795.0,2336.600000000001,0.5037783375314862,56.92695214105793,94.11764705882354,1.7156862745098038,1.4705882352941178,413.0,401.0,97.09443099273608,0.0,99.75786924939467,245.5,5.0,441.0,494.0,550.0,638.0,795.0,1.5405128205128205,1.8537375088519947,2.234912538938144,2.661833126550868,3.328466293788638,1.0,1.0,1.0,1.0,1.0,0.9851019488565957,0.9924736255253452,1.0,1.0049019607843137,1.0098770960839927,555.0,815.0,1.4962593516209477,98.25,92.7360774818402,2.9055690072639226,1.4527845036319613,99.75786924939467,apdf,413.0,97.19917628068177,0.9595548603299587,Stuttgart Airport,48.689899,9.22196
EDDV,225.0,224.0,99.55555555555556,0.0,100.0,588.0,112.5,-878.0,-647.25,-444.5,-213.75,-10.599999999999966,0.014282247300084951,0.3472661484856607,0.8167562062756442,0.9849761701859041,1.2850690190312835,0.10701754385964912,0.4157894736842105,0.8220211161387632,1.0,1.0,0.04726667610819997,0.38077688861660985,0.8090173830555247,0.96405111238972,1.0,465.5,978.9000000000004,9.821428571428571,27.678571428571427,93.33333333333333,4.444444444444445,1.7777777777777777,217.0,216.0,99.53917050691244,0.0,100.0,276.0,5.0,330.5,445.0,553.5,674.0,862.0,1.0685729847494554,1.5396487970792898,1.9162097953216373,2.369294299830396,2.9965753424657535,0.8819444444444444,1.0,1.0,1.0,1.0,0.963273966053072,0.9885314117527657,0.9958927908781161,1.0,1.0062607719224945,558.0,872.0,1.8518518518518519,90.27777777777777,95.85253456221199,1.8433179723502304,1.8433179723502304,100.0,apdf,225.0,99.547363031234,0.8983702416166993,Hannover Airport,52.461102,9.68508
EDDW,87.0,87.0,100.0,0.0,100.0,539.0,490.0,-65.0,-29.5,-17.0,6.0,10.0,-0.021854963387303604,-0.01238879052178285,0.032586558044806514,0.05923748392580806,0.12415738678544923,0.0,0.0,0.0625,0.1213235294117647,0.1750000000000001,0.0,0.0,0.03687315634218289,0.0646840273128933,0.11990686373759873,21.0,72.4,37.93103448275862,0.0,96.55172413793103,2.2988505747126435,1.1494252873563218,86.0,86.0,100.0,0.0,100.0,215.0,5.0,242.0,272.0,282.0,301.5,337.5,0.8480097358626372,1.1439481965625755,1.3887318563789153,1.7108885957548865,2.2315014922301124,0.75,1.0,1.0,1.0,1.0,0.8618321984297607,0.9874337372207497,1.0,1.0046207443257678,1.0098581973581973,282.5,357.0,3.488372093023256,83.72093023255815,97.67441860465117,1.1627906976744187,1.1627906976744187,100.0,apdf,87.0,100.0,0.5184365781710915,Bremen Airport,53.046786,8.78932
EDFB,,,,,,,,,,,,,,,,,,,,,,,,,,,,,,,,,,,1.0,1.0,100.0,0.0,0.0,,,163.0,163.0,163.0,163.0,163.0,,,,,,,,,,,,,,,,163.0,163.0,0.0,,100.0,0.0,0.0,0.0,nm_inferred,1.0,100.0,,Reichelsheim Airfield,50.337973,8.878984
EDFE,1.0,1.0,100.0,0.0,0.0,180.0,180.0,25.0,25.0,25.0,25.0,25.0,-0.1388888888888889,-0.1388888888888889,-0.1388888888888889,-0.1388888888888889,-0.1388888888888889,0.0,0.0,0.0,0.0,0.0,0.0,0.0,0.0,0.0,0.0,25.0,25.0,100.0,0.0,100.0,0.0,0.0,2.0,2.0,100.0,0.0,0.0,,,275.5,277.75,281.5,285.25,287.5,,,,,,,,,,,,,,,,281.5,287.5,0.0,,50.0,50.0,0.0,0.0,nm_inferred,2.0,100.0,,Frankfurt-Egelsbach Airport,49.96,8.643043
EDFH,59.0,59.0,100.0,0.0,0.0,900.0,900.0,45.0,60.0,75.0,90.0,101.00000000000001,-0.21428571428571427,-0.1478937728937729,-0.09444444444444444,-0.075,-0.05444444444444443,0.0,0.0,0.0,0.0,0.0,0.0,0.0,0.0,0.0,0.0,75.0,101.00000000000001,100.0,0.0,94.91525423728814,5.084745762711864,0.0,62.0,62.0,100.0,0.0,0.0,,,165.2,179.25,193.5,205.75,236.8,,,,,,,,,,,,,,,,193.5,236.8,1.6129032258064515,,95.16129032258064,4.838709677419355,0.0,0.0,nm_inferred,62.0,100.0,,Frankfurt-Hahn Airport,49.946353,7.261734
EDFM,14.0,9.0,64.28571428571429,0.0,0.0,300.0,201.0,-2224.3999999999996,-120.0,-99.0,13.0,194.40000000000015,-0.6479999999999998,-0.043333333333333335,0.33,0.4,7.414666666666672,0.0,0.0,0.4,0.4,1.0,0.0,0.0,0.3333333333333333,0.4,1.0,100.0,2526.000000000002,33.333333333333336,22.22222222222222,57.142857142857146,0.0,7.142857142857143,13.0,8.0,61.53846153846154,0.0,0.0,,,334.6,341.5,345.5,455.5,1840.2999999999993,,,,,,,,,,,,,,,,345.5,1840.2999999999993,0.0,,53.84615384615385,0.0,7.6923076923076925,0.0,nm_inferred,14.0,62.91208791208791,,Mannheim-City Airport,49.473057,8.514167
EDGE,,,,,,,,,,,,,,,,,,,,,,,,,,,,,,,,,,,1.0,1.0,100.0,0.0,0.0,,,175.0,175.0,175.0,175.0,175.0,,,,,,,,,,,,,,,,175.0,175.0,0.0,,0.0,0.0,100.0,0.0,nm_inferred,1.0,100.0,,Eisenach-Kindel Airport,50.991604,10.47973
EDGS,4.0,4.0,100.0,0.0,0.0,300.0,300.0,35.0,35.0,47.5,61.25,63.5,-0.21166666666666667,-0.20416666666666666,-0.15833333333333333,-0.11666666666666667,-0.11666666666666667,0.0,0.0,0.0,0.0,0.0,0.0,0.0,0.0,0.0,0.0,47.5,63.5,100.0,0.0,100.0,0.0,0.0,4.0,4.0,100.0,0.0,0.0,,,146.2,184.0,235.5,267.5,270.2,,,,,,,,,,,,,,,,235.5,270.2,0.0,,100.0,0.0,0.0,0.0,nm_inferred,4.0,100.0,,Siegerland Airport,50.707699,8.08297
EDHI,18.0,18.0,100.0,0.0,0.0,300.0,5.0,-4814.5,-3793.75,-905.0,-638.75,-180.99999999999937,0.6033333333333338,2.129166666666667,3.0166666666666666,12.645833333333334,16.048333333333336,1.0,1.0,1.0,1.0,1.0,0.94,0.9708333333333333,1.0,1.0,1.0,1615.0,4814.500000000001,11.11111111111111,88.88888888888889,88.88888888888889,11.11111111111111,0.0,16.0,16.0,100.0,0.0,0.0,,,436.5,562.5,662.0,1137.75,1378.0,,,,,,,,,,,,,,,,662.0,1378.0,6.25,,93.75,6.25,0.0,0.0,nm_inferred,18.0,100.0,,Hamburg-Finkenwerder Airport,53.535278,9.835556
EDHL,8.0,8.0,100.0,0.0,0.0,300.0,300.0,22.0,28.75,34.5,40.5,46.5,-0.141,-0.12,-0.10666666666666666,-0.08124999999999999,-0.06000000000000001,0.0,0.0,0.0,0.0,0.0,0.0,0.0,0.0,0.0,0.0,34.5,46.5,100.0,0.0,100.0,0.0,0.0,9.0,9.0,100.0,0.0,0.0,,,58.60000000000001,109.0,150.0,195.0,220.60000000000002,,,,,,,,,,,,,,,,150.0,220.60000000000002,11.11111111111111,,88.88888888888889,0.0,11.11111111111111,0.0,nm_inferred,9.0,100.0,,Lübeck Blankensee Airport,53.805401,10.7192
EDJA,93.0,92.0,98.9247311827957,0.0,0.0,900.0,285.0,-919.5,-616.25,-495.0,-282.25,-211.49999999999991,0.28125,0.4268518518518518,0.6833333333333333,0.9907407407407407,1.6166666666666667,0.28125,0.4166666666666667,0.6111111111111112,0.91875,1.0,0.2722222222222222,0.412962962962963,0.5944444444444444,0.8927083333333333,1.0,495.0,919.5000000000003,0.0,23.076923076923077,94.6236559139785,3.225806451612903,1.075268817204301,90.0,90.0,100.0,0.0,0.0,,,409.8,447.5,575.0,650.5,1989.6000000000004,,,,,,,,,,,,,,,,575.0,1989.6000000000004,0.0,,96.66666666666667,3.3333333333333335,0.0,0.0,nm_inferred,93.0,99.46236559139786,,Memmingen Allgau Airport,47.988092,10.238248
EDLE,1.0,1.0,100.0,0.0,0.0,300.0,5.0,-745.0,-745.0,-745.0,-745.0,-745.0,2.4833333333333334,2.4833333333333334,2.4833333333333334,2.4833333333333334,2.4833333333333334,1.0,1.0,1.0,1.0,1.0,1.0,1.0,1.0,1.0,1.0,745.0,745.0,0.0,100.0,100.0,0.0,0.0,,,,,,,,,,,,,,,,,,,,,,,,,,,,,,,,,,,0.0,nm_inferred,1.0,100.0,,Essen-Mülheim Airport,51.402302,6.93733
EDLN,5.0,5.0,100.0,0.0,0.0,600.0,600.0,9.2,11.0,20.0,26.0,113.60000000000002,-0.19366666666666665,-0.05416666666666667,-0.03333333333333333,-0.018333333333333333,-0.015333333333333334,0.0,0.0,0.0,0.0,0.0,0.0,0.0,0.0,0.0,0.0,20.0,113.60000000000002,100.0,0.0,100.0,0.0,0.0,1.0,1.0,100.0,0.0,0.0,,,294.0,294.0,294.0,294.0,294.0,,,,,,,,,,,,,,,,294.0,294.0,0.0,,100.0,0.0,0.0,0.0,nm_inferred,5.0,100.0,,Mönchengladbach Airport,51.230278,6.504444
EDLP,41.0,41.0,100.0,0.0,0.0,480.0,480.0,17.0,24.0,31.0,55.0,90.0,-0.15,-0.125,-0.08541666666666667,-0.04791666666666667,-0.03333333333333333,0.0,0.0,0.0,0.0,0.0,0.0,0.0,0.0,0.0,0.0,41.0,123.0,90.2439024390244,0.0,92.6829268292683,2.4390243902439024,4.878048780487805,40.0,40.0,100.0,0.0,0.0,,,157.5,171.0,192.0,279.0,308.2,,,,,,,,,,,,,,,,198.0,310.8,5.0,,87.5,5.0,7.5,0.0,nm_inferred,41.0,100.0,,Paderborn Lippstadt Airport,51.612527,8.617459
EDLV,68.0,68.0,100.0,0.0,0.0,900.0,847.5,-60.0,-36.25,-1.0,8.25,20.0,-0.02648148148148148,-0.010277777777777778,0.0011111111111111111,0.05416666666666667,0.07222222222222222,0.0,0.0,0.03333333333333333,0.06666666666666667,0.1,0.0,0.0,0.005555555555555556,0.05555555555555555,0.0755555555555556,13.0,61.50000000000002,50.0,0.0,97.05882352941177,1.4705882352941178,1.4705882352941178,67.0,67.0,100.0,0.0,0.0,,,245.8,266.0,277.0,292.5,306.4,,,,,,,,,,,,,,,,277.0,308.6,1.492537313432836,,98.50746268656717,1.492537313432836,0.0,0.0,nm_inferred,68.0,100.0,,Weeze (Niederrhein) Airport,51.601362,6.141228
EDLW,86.0,86.0,100.0,0.0,0.0,840.0,85.0,-1017.5,-758.75,-600.0,-475.0,-351.5,0.45107142857142857,0.6197222222222223,0.9125,1.5131944444444443,2.261904761904762,0.4666666666666667,0.6333333333333333,0.9083333333333333,1.0,1.0,0.4494047619047619,0.6194444444444445,0.8847222222222222,1.0,1.0,600.0,1017.5,2.3255813953488373,44.18604651162791,95.34883720930233,3.488372093023256,1.1627906976744187,86.0,86.0,100.0,0.0,0.0,,,387.5,528.0,585.0,683.0,769.0,,,,,,,,,,,,,,,,585.5,776.5,1.1627906976744187,,97.67441860465117,2.3255813953488373,0.0,0.0,nm_inferred,86.0,100.0,,Dortmund Airport,51.518299,7.61224
EDMO,33.0,33.0,100.0,0.0,0.0,300.0,165.0,-1658.0,-318.0,-150.0,-85.0,-0.9999999999999609,0.0033333333333333617,0.2833333333333333,0.5,1.06,5.526666666666668,0.12000000000000002,0.3,0.5,1.0,1.0,0.09666666666666668,0.2833333333333333,0.45,0.9666666666666667,1.0,170.0,1987.0000000000002,12.121212121212121,27.272727272727273,87.87878787878788,3.0303030303030303,9.090909090909092,22.0,22.0,100.0,0.0,0.0,,,474.4,513.75,552.0,586.25,700.7000000000002,,,,,,,,,,,,,,,,552.0,700.7000000000002,0.0,,86.36363636363636,0.0,13.636363636363637,0.0,nm_inferred,33.0,100.0,,Oberpfaffenhofen Airport,48.081402,11.2831
EDMS,2.0,2.0,100.0,0.0,0.0,300.0,280.0,-30.0,-15.0,10.0,35.0,50.0,-0.16666666666666669,-0.11666666666666667,-0.033333333333333354,0.04999999999999999,0.1,0.020000000000000004,0.05,0.1,0.15000000000000002,0.18000000000000002,0.013333333333333334,0.03333333333333333,0.06666666666666667,0.1,0.12,50.0,58.0,50.0,0.0,100.0,0.0,0.0,2.0,2.0,100.0,0.0,0.0,,,257.2,260.5,266.0,271.5,274.8,,,,,,,,,,,,,,,,266.0,274.8,0.0,,100.0,0.0,0.0,0.0,nm_inferred,2.0,100.0,,Straubing Airport,48.900833,12.516667
EDNY,11.0,10.0,90.9090909090909,0.0,0.0,480.0,120.0,-1209.5,-536.25,-387.5,-220.0,-157.00000000000003,0.32708333333333334,0.45833333333333337,0.8072916666666666,1.1171875,2.519791666666663,0.35625,0.484375,0.8125,0.9375,1.0,0.32708333333333334,0.45833333333333337,0.7552083333333333,0.9140625,1.0,387.5,1209.4999999999984,0.0,20.0,72.72727272727273,0.0,18.181818181818183,9.0,8.0,88.88888888888889,0.0,0.0,,,542.8,580.0,638.5,737.0,3667.099999999998,,,,,,,,,,,,,,,,638.5,3667.099999999998,0.0,,77.77777777777777,0.0,11.11111111111111,0.0,nm_inferred,11.0,89.8989898989899,,Bodensee Airport Friedrichshafen,47.671299,9.51149
EDQG,2.0,2.0,100.0,0.0,0.0,600.0,600.0,16.5,26.25,42.5,58.75,68.5,-0.11416666666666667,-0.09791666666666667,-0.07083333333333333,-0.04375,-0.027499999999999997,0.0,0.0,0.0,0.0,0.0,0.0,0.0,0.0,0.0,0.0,42.5,68.5,100.0,0.0,100.0,0.0,0.0,3.0,3.0,100.0,0.0,0.0,,,274.4,275.0,276.0,285.5,291.2,,,,,,,,,,,,,,,,276.0,291.2,0.0,,66.66666666666667,33.333333333333336,0.0,0.0,nm_inferred,3.0,100.0,,Giebelstadt Airport,49.6480560303,9.966388702390002
EDQM,2.0,2.0,100.0,0.0,0.0,450.0,450.0,-2142.0,-1770.0,-1150.0,-530.0,-157.99999999999994,0.6616666666666667,1.8791666666666669,3.908333333333333,5.9375,7.155,0.0,0.0,0.0,0.0,0.0,0.0,0.0,0.0,0.0,0.0,1240.0,2160.0,50.0,0.0,50.0,0.0,50.0,2.0,2.0,100.0,0.0,0.0,,,-913.4,-267.5,809.0,1885.5,2531.4,,,,,,,,,,,,,,,,2153.0,2800.2,50.0,,0.0,50.0,50.0,0.0,nm_inferred,2.0,100.0,,Hof-Plauen Airport,50.288544,11.852876
EDRK,1.0,1.0,100.0,0.0,0.0,300.0,300.0,70.0,70.0,70.0,70.0,70.0,-0.23333333333333334,-0.23333333333333334,-0.23333333333333334,-0.23333333333333334,-0.23333333333333334,0.0,0.0,0.0,0.0,0.0,0.0,0.0,0.0,0.0,0.0,70.0,70.0,100.0,0.0,100.0,0.0,0.0,1.0,1.0,100.0,0.0,0.0,,,335.0,335.0,335.0,335.0,335.0,,,,,,,,,,,,,,,,335.0,335.0,0.0,,100.0,0.0,0.0,0.0,nm_inferred,1.0,100.0,,Koblenz-Winningen Airfield,50.325558,7.528611
EDRY,5.0,5.0,100.0,0.0,0.0,300.0,165.0,-916.0,-220.0,-135.0,-120.0,-102.0,0.34,0.4,0.45,0.7333333333333333,3.0533333333333337,0.34,0.4,0.5,0.8,0.92,0.3333333333333333,0.38333333333333336,0.4,0.7333333333333333,0.8933333333333333,135.0,916.0000000000001,0.0,20.0,100.0,0.0,0.0,3.0,3.0,100.0,0.0,0.0,,,429.8,452.0,489.0,527.0,549.8,,,,,,,,,,,,,,,,489.0,549.8,0.0,,100.0,0.0,0.0,0.0,nm_inferred,5.0,100.0,,Speyer Airfield,49.304722,8.451389
EDRZ,4.0,4.0,100.0,0.0,0.0,600.0,600.0,68.0,72.5,87.5,131.25,187.50000000000003,-0.3125,-0.21875,-0.14583333333333331,-0.12083333333333333,-0.11333333333333333,0.0,0.0,0.0,0.0,0.0,0.0,0.0,0.0,0.0,0.0,87.5,187.50000000000003,100.0,0.0,75.0,25.0,0.0,2.0,2.0,100.0,0.0,0.0,,,182.3,185.75,191.5,197.25,200.7,,,,,,,,,,,,,,,,191.5,200.7,0.0,,100.0,0.0,0.0,0.0,nm_inferred,4.0,100.0,,Zweibrücken Airport,49.2094,7.40056
EDSB,74.0,68.0,91.89189189189189,0.0,0.0,780.0,780.0,11.0,14.0,21.0,31.25,45.70000000000004,-0.13633333333333333,-0.0675,-0.03777777777777778,-0.022115384615384617,-0.013871794871794869,0.0,0.0,0.0,0.0,0.0,0.0,0.0,0.0,0.0,0.0,21.0,45.70000000000004,100.0,0.0,87.83783783783784,4.054054054054054,0.0,79.0,72.0,91.13924050632912,0.0,0.0,,,146.6,171.5,194.0,252.25,270.5,,,,,,,,,,,,,,,,196.0,271.9,5.555555555555555,,88.60759493670886,1.2658227848101267,1.2658227848101267,0.0,nm_inferred,79.0,91.51556619911051,,Karlsruhe Baden-Baden Airport,48.7794,8.0805
EDTL,1.0,1.0,100.0,0.0,0.0,360.0,356.0,-4.0,-4.0,-4.0,-4.0,-4.0,0.011111111111111112,0.011111111111111112,0.011111111111111112,0.011111111111111112,0.011111111111111112,0.08333333333333333,0.08333333333333333,0.08333333333333333,0.08333333333333333,0.08333333333333333,0.013888888888888888,0.013888888888888888,0.013888888888888888,0.013888888888888888,0.013888888888888888,4.0,4.0,0.0,0.0,100.0,0.0,0.0,1.0,1.0,100.0,0.0,0.0,,,336.0,336.0,336.0,336.0,336.0,,,,,,,,,,,,,,,,336.0,336.0,0.0,,100.0,0.0,0.0,0.0,nm_inferred,1.0,100.0,,Lahr Airport,48.369301,7.82772
EDTM,5.0,5.0,100.0,0.0,0.0,300.0,300.0,-327.0,-15.0,35.0,45.0,48.0,-0.16,-0.15,-0.11666666666666667,0.05,1.0900000000000003,0.0,0.0,0.0,0.1,0.6400000000000001,0.0,0.0,0.0,0.05,0.6200000000000001,45.0,341.00000000000006,60.0,20.0,60.0,0.0,40.0,5.0,5.0,100.0,0.0,0.0,,,206.60000000000002,452.0,545.0,549.0,663.6,,,,,,,,,,,,,,,,545.0,663.6,0.0,,80.0,0.0,20.0,0.0,nm_inferred,5.0,100.0,,Mengen-Hohentengen Airfield,48.05389,9.372778
EDTY,10.0,10.0,100.0,0.0,0.0,300.0,300.0,-570.4999999999999,6.5,21.5,32.5,45.0,-0.15,-0.10833333333333334,-0.07166666666666666,-0.021666666666666667,1.9216666666666598,0.0,0.0,0.0,0.0,0.016666666666666607,0.0,0.0,0.0,0.0,0.005555555555555536,24.0,601.9999999999981,80.0,0.0,80.0,0.0,20.0,9.0,9.0,100.0,0.0,0.0,,,-24.8,197.0,227.0,237.0,838.0000000000005,,,,,,,,,,,,,,,,227.0,838.0000000000005,22.22222222222222,,77.77777777777777,0.0,22.22222222222222,0.0,nm_inferred,10.0,100.0,,Adolf Würth Airport,49.118332,9.783889
EDVE,17.0,17.0,100.0,0.0,0.0,180.0,180.0,-1.4,0.0,5.0,15.0,26.000000000000007,-0.14444444444444443,-0.05555555555555555,-0.027777777777777776,0.0,0.004583333333333335,0.0,0.0,0.0,0.0,0.0625,0.0,0.0,0.0,0.0,0.010416666666666666,5.0,26.000000000000007,82.3529411764706,0.0,88.23529411764706,0.0,11.764705882352942,15.0,15.0,100.0,0.0,0.0,,,255.6,261.5,282.0,353.5,383.8,,,,,,,,,,,,,,,,282.0,383.8,0.0,,100.0,0.0,0.0,0.0,nm_inferred,17.0,100.0,,Braunschweig-Wolfsburg Airport,52.319199,10.5561
EDVK,8.0,7.0,87.5,0.0,0.0,300.0,300.0,19.2,25.0,35.0,36.5,46.80000000000001,-0.156,-0.12166666666666667,-0.09333333333333334,-0.06583333333333333,-0.055,0.0,0.0,0.0,0.0,0.0,0.0,0.0,0.0,0.0,0.0,35.0,46.80000000000001,100.0,0.0,87.5,0.0,0.0,9.0,7.0,77.77777777777777,0.0,0.0,,,227.0,232.0,237.0,245.5,326.4000000000001,,,,,,,,,,,,,,,,237.0,326.4000000000001,0.0,,66.66666666666667,0.0,11.11111111111111,0.0,nm_inferred,9.0,82.63888888888889,,Kassel Airport,51.418395,9.391638
EDWI,1.0,1.0,100.0,0.0,0.0,300.0,300.0,35.0,35.0,35.0,35.0,35.0,-0.11666666666666667,-0.11666666666666667,-0.11666666666666667,-0.11666666666666667,-0.11666666666666667,0.0,0.0,0.0,0.0,0.0,0.0,0.0,0.0,0.0,0.0,35.0,35.0,100.0,0.0,100.0,0.0,0.0,1.0,1.0,100.0,0.0,0.0,,,275.0,275.0,275.0,275.0,275.0,,,,,,,,,,,,,,,,275.0,275.0,0.0,,100.0,0.0,0.0,0.0,nm_inferred,1.0,100.0,,JadeWeser Airport,53.50222,8.052222
EDXJ,1.0,1.0,100.0,0.0,0.0,1200.0,1185.0,-15.0,-15.0,-15.0,-15.0,-15.0,0.0125,0.0125,0.0125,0.0125,0.0125,0.025,0.025,0.025,0.025,0.025,0.0125,0.0125,0.0125,0.0125,0.0125,15.0,15.0,0.0,0.0,100.0,0.0,0.0,1.0,1.0,100.0,0.0,0.0,,,460.0,460.0,460.0,460.0,460.0,,,,,,,,,,,,,,,,460.0,460.0,0.0,,100.0,0.0,0.0,0.0,nm_inferred,1.0,100.0,,Husum-Schwesing Airport,54.5099983215,9.13833332062
EDXW,19.0,18.0,94.73684210526316,0.0,0.0,300.0,160.5,-357.0,-327.25,-272.5,-193.0,10.500000000000025,-0.03499999999999998,0.5023148148148149,0.6733333333333333,0.9833333333333334,1.1900000000000002,0.0,0.5138888888888888,0.6833333333333333,0.875,1.0,0.0,0.4930555555555556,0.6166666666666667,0.8458333333333333,1.0,272.5,357.00000000000006,16.666666666666668,16.666666666666668,84.21052631578948,0.0,10.526315789473685,16.0,13.0,81.25,0.0,0.0,,,98.00000000000003,325.0,431.0,453.0,491.20000000000005,,,,,,,,,,,,,,,,439.0,2019.2000000000014,7.6923076923076925,,62.5,12.5,6.25,0.0,nm_inferred,19.0,87.99342105263159,,Westerland Sylt Airport,54.9132,8.34047
EEKA,6.0,6.0,100.0,0.0,0.0,600.0,600.0,60.0,72.5,82.5,88.75,115.0,-0.19166666666666665,-0.14791666666666667,-0.1375,-0.12083333333333333,-0.1,0.0,0.0,0.0,0.0,0.0,0.0,0.0,0.0,0.0,0.0,82.5,115.0,100.0,0.0,83.33333333333333,16.666666666666668,0.0,6.0,6.0,100.0,0.0,0.0,,,22.5,36.25,113.0,177.75,232.5,,,,,,,,,,,,,,,,113.0,232.5,0.0,,100.0,0.0,0.0,0.0,nm_inferred,6.0,100.0,,Kärdla Airport,58.99079895019531,22.830699920654297
EEKE,6.0,6.0,100.0,0.0,0.0,600.0,600.0,187.5,210.0,210.0,217.5,222.5,-0.37083333333333335,-0.3625,-0.35,-0.35,-0.3125,0.0,0.0,0.0,0.0,0.0,0.0,0.0,0.0,0.0,0.0,210.0,222.5,100.0,0.0,100.0,0.0,0.0,6.0,6.0,100.0,0.0,0.0,,,-80.0,-43.75,-35.0,-26.25,-25.0,,,,,,,,,,,,,,,,35.0,80.0,100.0,,100.0,0.0,0.0,0.0,nm_inferred,6.0,100.0,,Kuressaare Airport,58.22990036010742,22.50950050354004
EETN,183.0,180.0,98.36065573770492,0.0,99.4535519125683,600.0,35.0,-880.0,-696.25,-555.0,-353.75,-235.0,0.6200000000000001,0.8560606060606061,0.9419871794871795,1.0208333333333335,1.43125,0.7183035714285715,0.875,0.9545454545454546,1.0,1.0,0.694047619047619,0.8560606060606061,0.9282852564102564,0.984508547008547,1.0,557.5,881.4999999999999,0.5555555555555556,43.888888888888886,92.89617486338798,2.185792349726776,3.278688524590164,178.0,175.0,98.31460674157303,0.0,100.0,180.0,5.0,485.0,527.5,585.0,752.5,1917.0,2.0833333333333335,2.4166666666666665,2.888888888888889,4.0625,10.638888888888888,1.0,1.0,1.0,1.0,1.0,1.0,1.0,1.0,1.0,1.0,585.0,1917.0,0.0,98.85714285714286,95.50561797752809,1.1235955056179776,1.6853932584269662,100.0,apdf,183.0,98.33763123963897,0.9481150223485223,Lennart Meri Tallinn Airport,59.413246,24.83264
EETU,7.0,7.0,100.0,0.0,0.0,300.0,300.0,98.0,127.5,160.0,185.0,190.0,-0.6333333333333333,-0.6166666666666667,-0.5333333333333333,-0.42500000000000004,-0.32666666666666666,0.0,0.0,0.0,0.0,0.0,0.0,0.0,0.0,0.0,0.0,160.0,190.0,100.0,0.0,100.0,0.0,0.0,7.0,7.0,100.0,0.0,0.0,,,-94.8,-83.5,-50.0,-33.5,-9.999999999999982,,,,,,,,,,,,,,,,50.0,94.80000000000001,85.71428571428571,,85.71428571428571,0.0,14.285714285714286,0.0,nm_inferred,7.0,100.0,,Tartu Airport,58.307438,26.686473
EFHK,647.0,644.0,99.53632148377125,0.0,100.0,443.0,5.0,-760.0,-580.0,-435.0,-310.0,-210.0,0.5835333333333333,0.9166666666666666,1.0139652354776407,1.0933299731182795,1.2867248603351957,0.6134920634920635,0.9166666666666666,1.0,1.0,1.0,0.574234443499313,0.8888888888888888,0.9877295995182174,0.9964084828215263,1.0,437.5,760.0,0.15527950310559005,66.14906832298136,93.04482225656878,4.636785162287481,1.8547140649149922,650.0,647.0,99.53846153846153,0.0,100.0,252.5,5.0,445.0,495.0,570.0,685.0,895.0,1.4833683170761822,1.7437833444004305,2.142857142857143,2.684712758743178,4.5,1.0,1.0,1.0,1.0,1.0,1.0,1.0,1.0039370078740157,1.0098522167487685,1.0153256704980842,570.0,908.9999999999998,0.9273570324574961,98.45440494590417,92.3076923076923,5.076923076923077,2.1538461538461537,100.0,apdf,650.0,99.5373915111164,0.9912264942980883,Helsinki Vantaa Airport,60.318363,24.963341
EFIV,3.0,3.0,100.0,0.0,0.0,300.0,300.0,606.0,645.0,710.0,1400.0,1814.0,-6.046666666666667,-4.666666666666666,-2.3666666666666667,-2.15,-2.02,0.0,0.0,0.0,0.0,0.0,0.0,0.0,0.0,0.0,0.0,710.0,1814.0,100.0,0.0,100.0,0.0,0.0,3.0,3.0,100.0,0.0,0.0,,,-912.0,-780.0,-560.0,-552.0,-547.2,,,,,,,,,,,,,,,,560.0,912.0,100.0,,100.0,0.0,0.0,0.0,nm_inferred,3.0,100.0,,Ivalo Airport,68.6073,27.4053
EFJO,7.0,7.0,100.0,0.0,0.0,300.0,300.0,52.0,110.0,225.0,280.0,285.0,-0.95,-0.9333333333333333,-0.75,-0.3666666666666667,-0.1733333333333333,0.0,0.0,0.0,0.0,0.0,0.0,0.0,0.0,0.0,0.0,225.0,285.0,100.0,0.0,85.71428571428571,0.0,14.285714285714286,7.0,7.0,100.0,0.0,0.0,,,-119.0,-93.5,24.0,87.0,725.6000000000006,,,,,,,,,,,,,,,,97.0,746.0000000000006,42.857142857142854,,85.71428571428571,0.0,14.285714285714286,0.0,nm_inferred,7.0,100.0,,Joensuu Airport,62.658815,29.619398
EFJY,6.0,6.0,100.0,0.0,0.0,300.0,300.0,197.5,228.75,242.5,263.75,275.0,-1.4874999999999998,-0.925,-0.8500000000000001,-0.7625,-0.6583333333333333,0.0,0.0,0.0,0.0,0.0,0.0,0.0,0.0,0.0,0.0,242.5,275.0,100.0,0.0,100.0,0.0,0.0,5.0,5.0,100.0,0.0,0.0,,,-68.0,-56.0,-41.0,-34.0,-24.4,,,,,,,,,,,,,,,,41.0,68.0,100.0,,100.0,0.0,0.0,0.0,nm_inferred,6.0,100.0,,Jyväskylä Airport,62.399502,25.678301
EFKE,5.0,5.0,100.0,0.0,0.0,300.0,300.0,1189.0,1225.0,1275.0,1335.0,1392.0,-4.64,-4.45,-4.25,-4.083333333333333,-3.9633333333333334,0.0,0.0,0.0,0.0,0.0,0.0,0.0,0.0,0.0,0.0,1275.0,1392.0,100.0,0.0,100.0,0.0,0.0,3.0,3.0,100.0,0.0,0.0,,,-620.2,-530.5,-381.0,-367.0,-358.6,,,,,,,,,,,,,,,,381.0,620.2,100.0,,100.0,0.0,0.0,0.0,nm_inferred,5.0,100.0,,Kemi-Tornio Airport,65.778701782227,24.582099914551
EFKI,4.0,4.0,100.0,0.0,0.0,300.0,300.0,306.5,308.75,325.0,348.75,364.5,-1.215,-1.1625,-1.0833333333333335,-1.0291666666666668,-1.0216666666666667,0.0,0.0,0.0,0.0,0.0,0.0,0.0,0.0,0.0,0.0,325.0,364.5,100.0,0.0,100.0,0.0,0.0,5.0,5.0,100.0,0.0,0.0,,,-141.0,-78.0,-48.0,-22.0,-17.8,,,,,,,,,,,,,,,,48.0,141.0,100.0,,100.0,0.0,0.0,0.0,nm_inferred,5.0,100.0,,Kajaani Airport,64.2855,27.6924
EFKK,8.0,7.0,87.5,0.0,0.0,300.0,300.0,10.000000000000002,27.5,40.0,45.0,58.00000000000001,-0.19333333333333333,-0.15,-0.13333333333333333,-0.09166666666666667,-0.033333333333333305,0.0,0.0,0.0,0.0,0.040000000000000036,0.0,0.0,0.0,0.0,0.006666666666666672,40.0,58.00000000000001,85.71428571428571,0.0,62.5,25.0,0.0,7.0,6.0,85.71428571428571,0.0,0.0,,,188.5,213.25,233.5,251.5,259.0,,,,,,,,,,,,,,,,233.5,259.0,0.0,,85.71428571428571,0.0,0.0,0.0,nm_inferred,8.0,86.60714285714286,,Kokkola-Pietarsaari Airport,63.721199,23.143101
EFKS,2.0,2.0,100.0,0.0,0.0,300.0,300.0,974.5,1063.75,1212.5,1361.25,1450.5,-4.835,-4.5375,-4.041666666666666,-3.5458333333333334,-3.248333333333333,0.0,0.0,0.0,0.0,0.0,0.0,0.0,0.0,0.0,0.0,1212.5,1450.5,100.0,0.0,100.0,0.0,0.0,2.0,2.0,100.0,0.0,0.0,,,-294.8,-288.5,-278.0,-267.5,-261.2,,,,,,,,,,,,,,,,278.0,294.8,100.0,,100.0,0.0,0.0,0.0,nm_inferred,2.0,100.0,,Kuusamo Airport,65.987602,29.239401
EFKT,2.0,2.0,100.0,0.0,0.0,360.0,360.0,1688.0,1715.0,1760.0,1805.0,1832.0,-5.0888888888888895,-5.013888888888889,-4.888888888888889,-4.763888888888889,-4.688888888888889,0.0,0.0,0.0,0.0,0.0,0.0,0.0,0.0,0.0,0.0,1760.0,1832.0,100.0,0.0,100.0,0.0,0.0,2.0,2.0,100.0,0.0,0.0,,,-1550.6,-1448.0,-1277.0,-1106.0,-1003.4,,,,,,,,,,,,,,,,1277.0,1550.6,100.0,,100.0,0.0,0.0,0.0,nm_inferred,2.0,100.0,,Kittilä International Airport,67.700996,24.8468
EFKU,14.0,14.0,100.0,0.0,0.0,300.0,300.0,31.0,51.25,57.5,63.75,73.5,-0.245,-0.21250000000000002,-0.19166666666666665,-0.17083333333333334,-0.10333333333333325,0.0,0.0,0.0,0.0,0.0,0.0,0.0,0.0,0.0,0.0,57.5,73.5,100.0,0.0,85.71428571428571,7.142857142857143,7.142857142857143,14.0,14.0,100.0,0.0,0.0,,,52.10000000000001,226.75,246.5,257.75,268.90000000000003,,,,,,,,,,,,,,,,246.5,268.90000000000003,14.285714285714286,,92.85714285714286,0.0,7.142857142857143,0.0,nm_inferred,14.0,100.0,,Kuopio Airport,63.007099,27.7978
EFLP,1.0,1.0,100.0,0.0,0.0,300.0,300.0,2370.0,2370.0,2370.0,2370.0,2370.0,-7.9,-7.9,-7.9,-7.9,-7.9,0.0,0.0,0.0,0.0,0.0,0.0,0.0,0.0,0.0,0.0,2370.0,2370.0,100.0,0.0,100.0,0.0,0.0,1.0,1.0,100.0,0.0,0.0,,,179.0,179.0,179.0,179.0,179.0,,,,,,,,,,,,,,,,179.0,179.0,0.0,,100.0,0.0,0.0,0.0,nm_inferred,1.0,100.0,,Lappeenranta Airport,61.044601,28.144743
EFMA,11.0,2.0,18.181818181818183,0.0,0.0,300.0,300.0,119.5,126.25,137.5,148.75,155.5,-0.5183333333333333,-0.49583333333333335,-0.45833333333333337,-0.42083333333333334,-0.3983333333333334,0.0,0.0,0.0,0.0,0.0,0.0,0.0,0.0,0.0,0.0,137.5,155.5,100.0,0.0,9.090909090909092,0.0,9.090909090909092,11.0,2.0,18.181818181818183,0.0,0.0,,,78.30000000000001,296.25,659.5,1022.75,1240.7,,,,,,,,,,,,,,,,726.5,1254.1,50.0,,9.090909090909092,0.0,9.090909090909092,0.0,nm_inferred,11.0,18.181818181818183,,Mariehamn Airport,60.1222,19.898199
EFOU,26.0,26.0,100.0,0.0,0.0,420.0,420.0,440.0,485.0,532.5,598.75,922.5,-3.075,-1.8666666666666667,-1.2678571428571428,-1.1547619047619047,-1.0476190476190477,0.0,0.0,0.0,0.0,0.0,0.0,0.0,0.0,0.0,0.0,532.5,922.5,100.0,0.0,100.0,0.0,0.0,28.0,28.0,100.0,0.0,0.0,,,-473.8,-415.5,-311.5,-257.0,-211.29999999999998,,,,,,,,,,,,,,,,311.5,473.8,100.0,,96.42857142857143,3.5714285714285716,0.0,0.0,nm_inferred,28.0,100.0,,Oulu Airport,64.930099,25.354601
EFPO,,,,,,,,,,,,,,,,,,,,,,,,,,,,,,,,,,,1.0,1.0,100.0,0.0,0.0,,,-181.0,-181.0,-181.0,-181.0,-181.0,,,,,,,,,,,,,,,,181.0,181.0,100.0,,100.0,0.0,0.0,0.0,nm_inferred,1.0,100.0,,Pori Airport,61.4617,21.799999
EFRO,14.0,14.0,100.0,0.0,0.0,360.0,360.0,1051.0,1105.0,1195.0,1260.0,1274.0,-3.5388888888888888,-3.5,-3.2916666666666665,-2.375,-1.889166666666666,0.0,0.0,0.0,0.0,0.0,0.0,0.0,0.0,0.0,0.0,1195.0,1274.0,100.0,0.0,92.85714285714286,7.142857142857143,0.0,14.0,14.0,100.0,0.0,0.0,,,-1117.7,-1042.75,-865.5,-783.5,-756.5,,,,,,,,,,,,,,,,865.5,1117.7,100.0,,100.0,0.0,0.0,0.0,nm_inferred,14.0,100.0,,Rovaniemi Airport,66.563327,25.829751
EFTP,11.0,9.0,81.81818181818181,0.0,0.0,300.0,300.0,9.0,10.0,30.0,50.0,51.0,-0.16999999999999998,-0.16666666666666666,-0.1,-0.03333333333333333,-0.029999999999999995,0.0,0.0,0.0,0.0,0.0,0.0,0.0,0.0,0.0,0.0,30.0,51.0,100.0,0.0,81.81818181818181,0.0,0.0,11.0,9.0,81.81818181818181,0.0,0.0,,,317.2,325.0,354.0,390.0,432.8,,,,,,,,,,,,,,,,354.0,432.8,0.0,,81.81818181818181,0.0,0.0,0.0,nm_inferred,11.0,81.81818181818181,,Tampere-Pirkkala Airport,61.414101,23.604401
EFTU,22.0,19.0,86.36363636363636,0.0,0.0,300.0,300.0,64.0,117.0,170.0,202.5,232.0,-0.8033333333333333,-0.675,-0.5666666666666667,-0.28,-0.16533333333333342,0.0,0.0,0.0,0.0,0.0,0.0,0.0,0.0,0.0,0.0,170.0,232.0,100.0,0.0,86.36363636363636,0.0,0.0,22.0,19.0,86.36363636363636,0.0,0.0,,,-150.6,-73.0,-7.0,58.5,78.79999999999998,,,,,,,,,,,,,,,,71.0,150.6,52.63157894736842,,86.36363636363636,0.0,0.0,0.0,nm_inferred,22.0,86.36363636363636,,Turku Airport,60.514099,22.2628
EFVA,14.0,14.0,100.0,0.0,0.0,360.0,360.0,273.5,318.75,355.0,408.75,427.0,-1.1861111111111111,-1.1631944444444444,-1.0916666666666668,-0.90625,-0.8530555555555556,0.0,0.0,0.0,0.0,0.0,0.0,0.0,0.0,0.0,0.0,355.0,427.0,100.0,0.0,100.0,0.0,0.0,14.0,14.0,100.0,0.0,0.0,,,-448.8,-402.0,-161.5,-100.75,-85.29999999999998,,,,,,,,,,,,,,,,161.5,448.8,100.0,,100.0,0.0,0.0,0.0,nm_inferred,14.0,100.0,,Vaasa Airport,63.05023,21.762543
EGAA,266.0,266.0,100.0,0.0,0.0,720.0,720.0,57.5,70.0,85.0,105.0,120.0,-0.17609126984126983,-0.14583333333333334,-0.11805555555555555,-0.09722222222222222,-0.08333333333333333,0.0,0.0,0.0,0.0,0.0,0.0,0.0,0.0,0.0,0.0,85.0,120.0,100.0,0.0,96.61654135338345,2.6315789473684212,0.7518796992481203,260.0,260.0,100.0,0.0,0.0,,,132.5,165.0,185.0,205.0,215.0,,,,,,,,,,,,,,,,185.0,215.0,3.4615384615384617,,96.53846153846153,2.6923076923076925,0.7692307692307693,0.0,nm_inferred,266.0,100.0,,Belfast International Airport,54.6575012207,-6.21582984924
EGAC,136.0,134.0,98.52941176470588,0.0,0.0,600.0,600.0,6.5000000000000036,20.0,35.0,48.75,63.500000000000014,-0.11270833333333333,-0.08958333333333332,-0.058333333333333334,-0.03333333333333333,-0.012291666666666649,0.0,0.0,0.0,0.0,0.0,0.0,0.0,0.0,0.0,0.0,35.0,70.0,92.53731343283582,0.0,96.32352941176471,1.4705882352941178,0.7352941176470589,139.0,137.0,98.56115107913669,0.0,0.0,,,258.0,280.0,310.0,360.0,495.0,,,,,,,,,,,,,,,,315.0,502.0,4.37956204379562,,94.96402877697842,2.8776978417266186,0.7194244604316546,0.0,nm_inferred,139.0,98.54528142192129,,George Best Belfast City Airport,54.618099,-5.8725
EGAE,14.0,4.0,28.571428571428573,0.0,0.0,420.0,600.0,178.0,182.5,205.0,242.5,274.0,-0.6041666666666666,-0.4568452380952381,-0.3416666666666667,-0.3041666666666667,-0.2966666666666667,0.0,0.0,0.0,0.0,0.0,0.0,0.0,0.0,0.0,0.0,205.0,274.0,100.0,0.0,28.571428571428573,0.0,0.0,14.0,4.0,28.571428571428573,0.0,0.0,,,-171.2,-155.0,-140.5,-122.25,-99.29999999999998,,,,,,,,,,,,,,,,140.5,171.20000000000002,100.0,,28.571428571428573,0.0,0.0,0.0,nm_inferred,14.0,28.571428571428573,,City of Derry Airport,55.042801,-7.16111
EGBB,439.0,423.0,96.35535307517084,0.0,100.0,688.0,415.0,-696.6,-529.5,-282.0,-117.5,7.800000000000011,-0.012522637615644872,0.19020330875024916,0.3961708394698085,0.8407551222736286,0.9243257888374807,0.0,0.23809523809523808,0.4230769230769231,0.8,0.9354838709677419,0.0,0.19921610215817898,0.39351851851851855,0.7910659973220078,0.9137408388012739,307.0,729.2000000000002,16.07565011820331,5.4373522458628845,89.97722095671982,5.922551252847381,0.45558086560364464,423.0,407.0,96.21749408983452,0.0,100.0,329.0,5.0,288.6,439.5,557.0,637.0,744.0,0.8676361780839392,1.3635750107980995,1.7,1.929478310792369,2.2172152543451973,0.8333333333333334,1.0,1.0,1.0,1.0,0.8221599751011516,0.990490686599554,0.9970238095238095,1.002950494360117,1.0078769692423106,562.0,770.6000000000001,1.71990171990172,83.78378378378379,88.88888888888889,6.855791962174941,0.4728132387706856,100.0,apdf,439.0,96.28642358250268,0.669451738036415,Birmingham Airport,52.453899,-1.74803
EGBJ,2.0,2.0,100.0,0.0,0.0,600.0,485.0,-4831.0,-4045.0,-2735.0,-1425.0,-638.9999999999999,1.0650000000000002,2.3750000000000004,4.558333333333334,6.741666666666667,8.051666666666668,0.2,0.2,0.2,0.2,0.2,0.19166666666666668,0.19166666666666668,0.19166666666666668,0.19166666666666668,0.19166666666666668,2735.0,4831.0,0.0,0.0,50.0,0.0,50.0,3.0,3.0,100.0,0.0,0.0,,,495.0,532.5,595.0,3297.5,4919.0,,,,,,,,,,,,,,,,595.0,4919.0,0.0,,66.66666666666667,0.0,33.333333333333336,0.0,nm_inferred,3.0,100.0,,Gloucestershire Airport,51.894199,-2.16722
EGBP,1.0,1.0,100.0,0.0,0.0,600.0,600.0,1425.0,1425.0,1425.0,1425.0,1425.0,-2.375,-2.375,-2.375,-2.375,-2.375,0.0,0.0,0.0,0.0,0.0,0.0,0.0,0.0,0.0,0.0,1425.0,1425.0,100.0,0.0,0.0,100.0,0.0,2.0,2.0,100.0,0.0,0.0,,,302.9,307.25,314.5,321.75,326.1,,,,,,,,,,,,,,,,314.5,326.1,0.0,,100.0,0.0,0.0,0.0,nm_inferred,2.0,100.0,,Cotswold Airport,51.668528,-2.056599
EGCC,925.0,915.0,98.91891891891892,0.0,0.0,840.0,65.0,-1494.0,-1120.0,-845.0,-640.0,-500.0,0.5778333333333333,0.763611111111111,0.95,1.298430735930736,3.9163194444444467,0.6153846153846154,0.7692307692307693,0.9375,1.0,1.0,0.5961538461538461,0.7524509803921569,0.9226190476190477,1.0,1.0,860.0,1586.0000000000002,1.8579234972677596,45.02732240437158,92.10810810810811,5.621621621621622,1.1891891891891893,876.0,866.0,98.85844748858447,0.0,0.0,,,496.0,575.0,672.0,871.0,1151.0,,,,,,,,,,,,,,,,688.5,1338.5,2.655889145496536,,90.18264840182648,7.534246575342466,1.1415525114155252,0.0,nm_inferred,925.0,98.8886832037517,,Manchester Airport,53.349375,-2.279521
EGEC,7.0,3.0,42.857142857142854,0.0,0.0,600.0,600.0,601.0,850.0,1265.0,1362.5,1421.0,-2.368333333333333,-2.270833333333333,-2.1083333333333334,-1.4166666666666665,-1.0016666666666665,0.0,0.0,0.0,0.0,0.0,0.0,0.0,0.0,0.0,0.0,1265.0,1421.0,100.0,0.0,42.857142857142854,0.0,0.0,7.0,1.0,14.285714285714286,0.0,0.0,,,-565.0,-565.0,-565.0,-565.0,-565.0,,,,,,,,,,,,,,,,565.0,565.0,100.0,,14.285714285714286,0.0,0.0,0.0,nm_inferred,7.0,28.57142857142857,,Campbeltown Airport,55.437199,-5.68639
EGFE,1.0,1.0,100.0,0.0,0.0,600.0,591.0,-9.0,-9.0,-9.0,-9.0,-9.0,0.015,0.015,0.015,0.015,0.015,0.05,0.05,0.05,0.05,0.05,0.016666666666666666,0.016666666666666666,0.016666666666666666,0.016666666666666666,0.016666666666666666,9.0,9.0,0.0,0.0,100.0,0.0,0.0,2.0,2.0,100.0,0.0,0.0,,,28.3,58.75,109.5,160.25,190.7,,,,,,,,,,,,,,,,109.5,190.7,0.0,,100.0,0.0,0.0,0.0,nm_inferred,2.0,100.0,,Haverfordwest Airport,51.833099365234375,-4.9611101150512695
EGFF,43.0,42.0,97.67441860465117,0.0,0.0,600.0,422.5,-659.0,-375.0,-210.0,-72.5,-12.000000000000028,0.03500000000000001,0.13541666666666666,0.3041666666666667,0.6214285714285714,1.1,0.05,0.15,0.3,0.5,0.9299999999999997,0.010833333333333348,0.12083333333333333,0.28194444444444444,0.4888888888888889,0.889722222222222,217.5,659.0,9.523809523809524,9.523809523809524,88.37209302325581,4.651162790697675,4.651162790697675,41.0,40.0,97.5609756097561,0.0,0.0,,,324.0,442.5,540.0,616.25,696.0,,,,,,,,,,,,,,,,540.0,696.0,0.0,,92.6829268292683,0.0,4.878048780487805,0.0,nm_inferred,43.0,97.61769710720364,,Cardiff International Airport,51.396702,-3.34333
EGGD,375.0,369.0,98.4,0.0,100.0,660.0,75.0,-957.0,-745.0,-620.0,-495.0,-384.00000000000006,0.6346153846153846,0.8106060606060606,0.8910256410256411,0.9615384615384616,1.0229059829059828,0.6538461538461539,0.8214285714285714,0.9090909090909091,0.9615384615384616,1.0,0.6333333333333333,0.8076923076923077,0.8872549019607843,0.9583333333333334,1.0,620.0,966.0,0.27100271002710025,26.558265582655828,94.13333333333334,3.2,1.0666666666666667,370.0,364.0,98.37837837837837,0.0,100.0,300.0,5.0,511.5,575.0,625.0,686.25,954.4999999999995,1.3816666666666666,1.7083333333333333,2.0416666666666665,2.4583333333333335,3.1499999999999995,1.0,1.0,1.0,1.0,1.0,0.9899305555555555,1.0,1.0,1.0,1.0,630.0,1864.499999999999,2.197802197802198,98.07692307692308,93.78378378378379,3.5135135135135136,1.0810810810810811,100.0,apdf,375.0,98.38918918918918,0.9284273979862214,Bristol Airport,51.382326,-2.716453
EGGP,187.0,187.0,100.0,0.0,0.0,600.0,10.0,-1148.0,-670.0,-590.0,-550.0,-489.2,0.6153333333333333,0.7166666666666667,1.0416666666666667,1.2291666666666667,1.9133333333333336,0.6333333333333333,0.7333333333333333,1.0,1.0,1.0,0.6166666666666667,0.7166666666666667,0.9833333333333333,1.0,1.0,590.0,1430.0000000000002,2.6737967914438503,54.01069518716577,95.72192513368984,2.6737967914438503,1.6042780748663101,180.0,180.0,100.0,0.0,0.0,,,410.40000000000003,459.0,521.0,571.75,662.2999999999997,,,,,,,,,,,,,,,,522.0,711.8,1.1111111111111112,,94.44444444444444,3.3333333333333335,2.2222222222222223,0.0,nm_inferred,187.0,100.0,,Liverpool John Lennon Airport,53.334863,-2.849637
EGGW,589.0,589.0,100.0,0.0,99.15110356536503,840.0,840.0,20.0,25.0,45.0,60.0,65.0,-0.11499999999999999,-0.08333333333333333,-0.052083333333333336,-0.030303030303030304,-0.018518518518518517,0.0,0.0,0.0,0.0,0.0,0.0,0.0,0.0,0.0,0.0,45.0,65.0,99.830220713073,0.0,95.92529711375212,3.0560271646859083,1.0186757215619695,572.0,570.0,99.65034965034965,0.0,99.65034965034964,300.0,5.0,265.0,290.0,310.0,325.0,340.0,0.6770833333333334,0.8888888888888888,1.0833333333333333,1.3125,1.6388888888888888,0.7857142857142857,0.9166666666666666,1.0,1.0,1.0,0.7288690476190476,0.9166666666666666,1.0,1.0,1.0,310.0,340.0,2.280701754385965,71.05263157894737,95.27972027972028,3.8461538461538463,0.5244755244755245,99.65034965034964,apdf,589.0,99.82517482517483,0.4991258741258741,London Luton Airport,51.874699,-0.368333
EGHH,49.0,49.0,100.0,0.0,0.0,900.0,565.0,-655.5999999999999,-400.0,-155.0,-25.0,42.00000000000003,-0.047777777777777766,0.041666666666666664,0.17222222222222222,0.5888888888888889,1.0500000000000005,0.0,0.05,0.2,0.6,0.7366666666666667,0.0,0.041666666666666664,0.17222222222222222,0.575,0.7216666666666668,155.0,655.6000000000001,24.489795918367346,8.16326530612245,91.83673469387755,6.122448979591836,2.0408163265306123,46.0,46.0,100.0,0.0,0.0,,,303.5,413.25,537.5,655.0,749.5,,,,,,,,,,,,,,,,537.5,749.5,0.0,,93.47826086956522,2.1739130434782608,4.3478260869565215,0.0,nm_inferred,49.0,100.0,,Bournemouth Airport,50.780483,-1.839576
EGHI,76.0,54.0,71.05263157894737,0.0,0.0,600.0,600.0,50.0,55.0,70.0,85.0,100.0,-0.16666666666666666,-0.14791666666666667,-0.12083333333333333,-0.09166666666666666,-0.08333333333333333,0.0,0.0,0.0,0.0,0.0,0.0,0.0,0.0,0.0,0.0,70.0,100.0,100.0,0.0,69.73684210526316,1.3157894736842106,0.0,80.0,58.0,72.5,0.0,0.0,,,213.7,230.25,243.0,261.75,269.3,,,,,,,,,,,,,,,,243.0,269.3,0.0,,72.5,0.0,0.0,0.0,nm_inferred,80.0,71.77631578947368,,Southampton Airport,50.950298,-1.3568
EGHQ,35.0,31.0,88.57142857142857,0.0,0.0,600.0,185.0,-820.0,-677.5,-500.0,-329.0,-175.0,0.25555555555555554,0.5058333333333334,0.78,1.0058333333333334,1.3,0.3,0.575,0.75,0.875,1.0,0.2916666666666667,0.55,0.7277777777777777,0.8666666666666667,0.9916666666666667,500.0,820.0,3.225806451612903,19.35483870967742,85.71428571428571,2.857142857142857,0.0,30.0,26.0,86.66666666666667,0.0,0.0,,,431.5,472.75,529.0,615.0,1958.5,,,,,,,,,,,,,,,,529.0,1958.5,0.0,,83.33333333333333,3.3333333333333335,0.0,0.0,nm_inferred,35.0,87.61904761904762,,Cornwall Airport Newquay,50.440601,-4.99541
EGJA,14.0,14.0,100.0,0.0,0.0,600.0,599.5,-25.3,-16.5,3.0,16.75,28.200000000000006,-0.047,-0.027916666666666666,-0.005,0.0275,0.042166666666666686,0.0,0.0,0.025,0.05,0.05,0.0,0.0,0.004166666666666667,0.03958333333333333,0.04750000000000001,18.0,29.700000000000003,50.0,0.0,78.57142857142857,21.428571428571427,0.0,11.0,11.0,100.0,0.0,0.0,,,238.0,260.0,282.0,386.0,400.0,,,,,,,,,,,,,,,,282.0,400.0,0.0,,100.0,0.0,0.0,0.0,nm_inferred,14.0,100.0,,Alderney Airport,49.706104,-2.21472
EGJB,75.0,62.0,82.66666666666667,0.0,0.0,600.0,600.0,-10.499999999999996,17.25,55.0,69.75,89.9,-0.14983333333333332,-0.11625,-0.09166666666666667,-0.02875,0.017499999999999988,0.0,0.0,0.0,0.0,0.05,0.0,0.0,0.0,0.0,0.024166666666666656,59.0,93.6,87.09677419354838,0.0,82.66666666666667,0.0,0.0,79.0,67.0,84.81012658227849,0.0,0.0,,,97.40000000000002,249.0,280.0,311.5,364.6,,,,,,,,,,,,,,,,280.0,364.6,7.462686567164179,,81.0126582278481,3.7974683544303796,0.0,0.0,nm_inferred,79.0,83.73839662447259,,Guernsey Airport,49.435001,-2.60197
EGJJ,106.0,98.0,92.45283018867924,0.0,0.0,360.0,360.0,-15.899999999999997,-5.0,15.0,33.75,45.0,-0.125,-0.08333333333333333,-0.03402777777777778,0.013888888888888888,0.041666666666666664,0.0,0.0,0.0,0.078125,0.08333333333333333,0.0,0.0,0.0,0.013888888888888888,0.044166666666666646,20.0,143.99999999999977,71.42857142857143,0.0,88.67924528301887,2.830188679245283,0.9433962264150944,101.0,92.0,91.08910891089108,0.0,0.0,,,207.6,275.75,302.5,339.75,375.40000000000003,,,,,,,,,,,,,,,,302.5,375.40000000000003,1.0869565217391304,,91.08910891089108,0.0,0.0,0.0,nm_inferred,106.0,91.77096954978516,,Jersey Airport,49.207901,-2.19551
EGKB,75.0,74.0,98.66666666666667,0.0,0.0,600.0,362.5,-1099.0,-637.5,-242.5,-100.0,13.500000000000014,-0.022499999999999996,0.16666666666666666,0.4041666666666667,1.0625,1.8316666666666668,0.0,0.2,0.42500000000000004,0.7375,1.0,0.0,0.16874999999999998,0.39583333333333337,0.7,1.0,242.5,1099.0,13.513513513513514,17.56756756756757,88.0,5.333333333333333,5.333333333333333,64.0,63.0,98.4375,0.0,0.0,,,275.8,377.5,435.0,506.0,744.0000000000002,,,,,,,,,,,,,,,,443.0,1753.6000000000035,4.761904761904762,,84.375,7.8125,6.25,0.0,nm_inferred,75.0,98.55208333333334,,London Biggin Hill Airport,51.33079910279999,0.0324999988079
EGKK,1252.0,1249.0,99.76038338658147,0.0,97.28434504792332,1080.0,1080.0,25.0,35.0,50.0,65.0,75.0,-0.08333333333333333,-0.0625,-0.045454545454545456,-0.03125,-0.021739130434782608,0.0,0.0,0.0,0.0,0.0,0.0,0.0,0.0,0.0,0.0,50.0,75.0,100.0,0.0,95.6070287539936,4.15335463258786,0.0,1219.0,1216.0,99.75389663658737,0.0,97.62100082034455,480.0,195.0,235.0,255.0,275.0,290.0,305.0,0.3194444444444444,0.475,0.5833333333333334,0.6904761904761905,0.7800000000000005,0.35714285714285715,0.5,0.625,0.7142857142857143,0.8333333333333334,0.3375000000000001,0.49074074074074076,0.6041666666666666,0.7023809523809523,0.7916666666666666,275.0,305.0,3.289473684210526,2.9486099410278013,94.91386382280558,4.8400328137817885,0.0,97.62100082034455,apdf,1252.0,99.75714001158443,0.3013496937849946,London Gatwick Airport,51.148744,-0.185739
EGLC,273.0,271.0,99.26739926739927,0.0,100.0,360.0,225.0,-345.0,-257.5,-145.0,-82.5,-35.0,0.1,0.25,0.4,0.5833333333333334,0.7380952380952381,0.16666666666666666,0.2857142857142857,0.4166666666666667,0.6111111111111112,0.7727272727272727,0.11904761904761904,0.25,0.39166666666666666,0.5697916666666667,0.7261904761904762,150.0,355.0,2.5830258302583027,1.845018450184502,96.7032967032967,1.8315018315018314,0.7326007326007326,266.0,264.0,99.24812030075188,0.0,100.0,180.0,5.0,325.0,370.0,420.0,465.0,528.5000000000001,1.2958333333333334,1.75,2.2916666666666665,3.177083333333333,3.891666666666668,1.0,1.0,1.0,1.0,1.0,1.0,1.0,1.0,1.0,1.0,422.5,538.5000000000001,1.5151515151515151,94.31818181818181,96.99248120300751,1.8796992481203008,0.37593984962406013,100.0,apdf,273.0,99.25775978407557,0.6906685784975258,London City Airport,51.505299,0.055278
EGLF,104.0,104.0,100.0,0.0,0.0,600.0,600.0,15.0,28.75,45.0,60.0,65.0,-0.10833333333333334,-0.1,-0.075,-0.04791666666666667,-0.025,0.0,0.0,0.0,0.0,0.0,0.0,0.0,0.0,0.0,0.0,45.0,65.0,100.0,0.0,98.07692307692308,0.9615384615384616,0.9615384615384616,112.0,111.0,99.10714285714286,0.0,0.0,,,265.0,280.0,290.0,305.0,310.0,,,,,,,,,,,,,,,,290.0,310.0,0.9009009009009009,,92.85714285714286,2.6785714285714284,3.5714285714285716,0.0,nm_inferred,112.0,99.55357142857143,,Farnborough Airport,51.275799,-0.776333
EGLK,3.0,3.0,100.0,0.0,0.0,600.0,600.0,55.0,55.0,55.0,72.5,83.0,-0.13833333333333334,-0.12083333333333332,-0.09166666666666666,-0.09166666666666666,-0.09166666666666666,0.0,0.0,0.0,0.0,0.0,0.0,0.0,0.0,0.0,0.0,55.0,83.0,100.0,0.0,100.0,0.0,0.0,3.0,3.0,100.0,0.0,0.0,,,268.0,271.0,276.0,276.5,276.8,,,,,,,,,,,,,,,,276.0,276.8,0.0,,100.0,0.0,0.0,0.0,nm_inferred,3.0,100.0,,Blackbushe Airport,51.323898,-0.8475
EGLL,1920.0,1909.0,99.42708333333333,0.0,98.90625,1320.0,1080.0,-1121.0,-645.0,10.0,35.0,55.0,-0.041666666666666664,-0.02666666666666667,-0.005208333333333333,0.4601449275362319,0.8333333333333334,0.0,0.0,0.0,0.3148148148148148,0.5318965517241381,0.0,0.0,0.0,0.2966666666666667,0.5113636363636364,55.0,1151.0000000000002,53.32634887375589,0.20953378732320588,89.375,9.947916666666666,0.10416666666666667,1940.0,1928.0,99.38144329896907,1.0,99.89690721649484,420.0,40.0,285.0,320.0,392.5,580.0,751.4999999999998,0.35471491228070173,0.6388888888888888,1.0,1.4758928571428571,1.8611111111111112,0.4,0.6666666666666666,0.9375,1.0,1.0,0.3927350427350427,0.6354166666666666,0.9166666666666666,1.0,1.0,405.0,790.0,2.5933609958506225,47.24818276220145,86.44329896907216,12.88659793814433,0.05154639175257732,99.89690721649484,apdf,1940.0,99.4042633161512,0.4556028735323596,London Heathrow Airport,51.470748,-0.459909
EGMC,17.0,17.0,100.0,0.0,0.0,540.0,145.0,-789.0,-580.0,-455.0,-305.0,-198.0,0.33,0.5583333333333333,0.7833333333333333,1.0740740740740742,1.4611111111111112,0.35,0.5625,0.7777777777777778,1.0,1.0,0.33,0.53125,0.7314814814814815,1.0,1.0,455.0,789.0000000000001,0.0,29.41176470588235,100.0,0.0,0.0,17.0,17.0,100.0,0.0,0.0,,,555.2,598.0,643.0,695.0,2258.6,,,,,,,,,,,,,,,,643.0,2258.6,0.0,,100.0,0.0,0.0,0.0,nm_inferred,17.0,100.0,,London Southend Airport,51.570562,0.693627
EGNH,4.0,4.0,100.0,0.0,0.0,600.0,600.0,-14.999999999999998,7.5,27.5,38.75,45.5,-0.07583333333333334,-0.06458333333333333,-0.04583333333333334,-0.012499999999999997,0.025000000000000015,0.0,0.0,0.0,0.0125,0.03500000000000001,0.0,0.0,0.0,0.0125,0.03500000000000001,32.5,45.5,75.0,0.0,100.0,0.0,0.0,3.0,3.0,100.0,0.0,0.0,,,251.6,269.0,298.0,304.0,307.6,,,,,,,,,,,,,,,,298.0,307.6,0.0,,66.66666666666667,33.333333333333336,0.0,0.0,nm_inferred,4.0,100.0,,Blackpool Airport,53.771702,-3.02861
EGNJ,21.0,16.0,76.19047619047619,0.0,0.0,420.0,420.0,7.5,20.0,50.0,97.5,130.0,-0.30952380952380953,-0.23214285714285712,-0.11904761904761904,-0.047619047619047616,-0.017857142857142856,0.0,0.0,0.0,0.0,0.0,0.0,0.0,0.0,0.0,0.0,50.0,130.0,93.75,0.0,71.42857142857143,4.761904761904762,0.0,20.0,15.0,75.0,0.0,0.0,,,-252.2,257.0,311.0,432.0,456.0,,,,,,,,,,,,,,,,317.0,505.79999999999995,20.0,,75.0,0.0,0.0,0.0,nm_inferred,21.0,75.5952380952381,,Humberside Airport,53.576152,-0.34954
EGNL,2.0,2.0,100.0,0.0,0.0,600.0,600.0,96.0,105.0,120.0,135.0,144.0,-0.24,-0.225,-0.2,-0.175,-0.16,0.0,0.0,0.0,0.0,0.0,0.0,0.0,0.0,0.0,0.0,120.0,144.0,100.0,0.0,0.0,0.0,100.0,2.0,2.0,100.0,0.0,0.0,,,235.1,238.25,243.5,248.75,251.9,,,,,,,,,,,,,,,,243.5,251.9,0.0,,0.0,0.0,100.0,0.0,nm_inferred,2.0,100.0,,Barrow Walney Island Airport,54.1286111,-3.2675
EGNM,175.0,175.0,100.0,0.0,0.0,600.0,85.0,-868.0,-705.0,-580.0,-470.0,-336.0000000000001,0.5261111111111111,0.7194444444444444,0.8666666666666667,1.075,1.43,0.5566666666666668,0.7333333333333333,0.9,1.0,1.0,0.5327777777777778,0.7125,0.8611111111111112,0.9916666666666667,1.0,585.0,965.9999999999998,2.857142857142857,36.57142857142857,93.14285714285714,5.714285714285714,1.1428571428571428,170.0,169.0,99.41176470588235,0.0,0.0,,,412.4,476.0,550.0,649.0,937.0,,,,,,,,,,,,,,,,551.0,948.800000000001,0.591715976331361,,95.88235294117646,2.3529411764705883,1.1764705882352942,0.0,nm_inferred,175.0,99.70588235294117,,Leeds Bradford Airport,53.865898,-1.66057
EGNO,4.0,4.0,100.0,0.0,0.0,600.0,398.0,-208.2,-205.5,-182.0,401.25,1411.5000000000005,-2.3525,-0.66875,0.30333333333333334,0.3425,0.347,0.315,0.33749999999999997,0.35,0.35,0.35,0.2866666666666667,0.31666666666666665,0.3375,0.34375,0.3475,207.0,1522.5000000000005,25.0,0.0,75.0,25.0,0.0,4.0,4.0,100.0,0.0,0.0,,,330.7,339.25,354.5,395.0,449.0,,,,,,,,,,,,,,,,354.5,449.0,0.0,,100.0,0.0,0.0,0.0,nm_inferred,4.0,100.0,,Warton Aerodrome,53.745098,-2.88306
EGNR,9.0,9.0,100.0,0.0,0.0,600.0,387.0,-4120.0,-3810.0,-211.0,-150.0,38.000000000000036,-0.06333333333333331,0.25,0.3516666666666667,6.35,6.866666666666667,0.0,0.25,0.4,0.55,0.74,0.0,0.25,0.35833333333333334,0.5166666666666667,0.7016666666666667,211.0,4120.0,22.22222222222222,0.0,100.0,0.0,0.0,7.0,7.0,100.0,0.0,0.0,,,518.8,580.5,645.0,700.0,2432.000000000002,,,,,,,,,,,,,,,,645.0,2432.000000000002,0.0,,100.0,0.0,0.0,0.0,nm_inferred,9.0,100.0,,Hawarden Airport,53.178101,-2.97778
EGNS,78.0,75.0,96.15384615384616,0.0,0.0,600.0,175.0,-693.0,-537.5,-410.0,-245.0,-147.99999999999983,0.24666666666666667,0.4083333333333333,0.7083333333333334,0.9606481481481481,1.1633333333333336,0.3,0.4,0.75,0.9472222222222222,1.0,0.27,0.3875,0.7083333333333334,0.9125,0.9962962962962963,410.0,693.0,2.6666666666666665,21.333333333333332,89.74358974358974,2.5641025641025643,3.8461538461538463,79.0,76.0,96.20253164556962,0.0,0.0,,,376.0,404.0,456.5,534.75,2007.0,,,,,,,,,,,,,,,,456.5,2007.0,0.0,,89.87341772151899,2.5316455696202533,3.7974683544303796,0.0,nm_inferred,79.0,96.17818889970789,,Isle of Man Airport,54.083081,-4.623871
EGNT,189.0,178.0,94.17989417989418,0.0,100.0,720.0,110.0,-998.0,-723.75,-605.0,-476.25,-276.9999999999999,0.4083333333333333,0.74375,0.8577380952380952,0.9166666666666666,0.9920833333333334,0.4558333333333333,0.75,0.8636363636363636,0.9166666666666666,0.9583333333333334,0.4508333333333333,0.7351641414141414,0.8400974025974026,0.8946637426900585,0.9326298701298701,615.0,1035.0000000000005,3.3707865168539324,7.865168539325842,89.41798941798942,4.761904761904762,0.0,181.0,170.0,93.92265193370166,0.0,100.0,240.0,5.0,414.0,480.0,520.0,560.0,781.0,0.9273809523809527,1.4572916666666667,2.239583333333333,2.9097222222222223,4.979166666666665,1.0,1.0,1.0,1.0,1.0,0.9520833333333334,1.0,1.0,1.0,1.0,525.0,893.4999999999998,2.3529411764705883,90.0,86.74033149171271,7.18232044198895,0.0,100.0,apdf,189.0,94.05127305679792,0.8653175163139647,Newcastle International Airport,55.037958,-1.689577
EGNV,21.0,18.0,85.71428571428571,0.0,0.0,600.0,600.0,-16.5,9.25,22.5,33.5,160.50000000000006,-0.19666666666666666,-0.05583333333333333,-0.0375,-0.012083333333333333,0.027500000000000007,0.0,0.0,0.0,0.0,0.05,0.0,0.0,0.0,0.0,0.027500000000000007,25.0,160.50000000000006,83.33333333333333,0.0,85.71428571428571,0.0,0.0,20.0,17.0,85.0,0.0,0.0,,,144.20000000000002,223.0,234.0,250.0,257.0,,,,,,,,,,,,,,,,234.0,653.2000000000003,5.882352941176471,,80.0,5.0,0.0,0.0,nm_inferred,21.0,85.35714285714286,,Teesside International Airport,54.509201,-1.42941
EGNX,286.0,283.0,98.95104895104895,0.0,0.0,600.0,215.0,-824.0,-637.5,-415.0,-170.0,-55.0,0.08055555555555559,0.25833333333333336,0.6833333333333333,1.0375,1.3666666666666667,0.13333333333333333,0.3,0.7,1.0,1.0,0.11666666666666667,0.25833333333333336,0.6666666666666666,0.9833333333333333,1.0,430.0,869.0,7.420494699646643,28.268551236749115,91.60839160839161,5.944055944055944,1.3986013986013985,276.0,273.0,98.91304347826087,0.0,0.0,,,330.20000000000005,415.0,504.0,573.0,615.8,,,,,,,,,,,,,,,,508.0,625.8,1.8315018315018314,,92.7536231884058,5.072463768115942,1.0869565217391304,0.0,nm_inferred,286.0,98.93204621465492,,East Midlands Airport,52.8311,-1.32806
EGPA,29.0,25.0,86.20689655172414,0.0,0.0,600.0,600.0,723.0,775.0,840.0,880.0,962.0000000000001,-1.6033333333333333,-1.4666666666666666,-1.4,-1.2916666666666667,-1.205,0.0,0.0,0.0,0.0,0.0,0.0,0.0,0.0,0.0,0.0,840.0,962.0000000000001,100.0,0.0,86.20689655172414,0.0,0.0,28.0,25.0,89.28571428571429,0.0,0.0,,,-801.6,-647.0,-600.0,-525.0,-462.2,,,,,,,,,,,,,,,,600.0,801.6,100.0,,89.28571428571429,0.0,0.0,0.0,nm_inferred,29.0,87.74630541871922,,Kirkwall Airport,58.957903,-2.905077
EGPB,60.0,47.0,78.33333333333333,0.0,0.0,600.0,600.0,1194.0,1255.0,1305.0,1367.5,1530.0,-2.55,-2.279166666666667,-2.175,-2.091666666666667,-1.99,0.0,0.0,0.0,0.0,0.0,0.0,0.0,0.0,0.0,0.0,1305.0,1530.0,100.0,0.0,78.33333333333333,0.0,0.0,59.0,45.0,76.27118644067797,0.0,0.0,,,-1242.6,-1156.0,-1082.0,-990.0,-895.8,,,,,,,,,,,,,,,,1082.0,1242.6000000000001,100.0,,76.27118644067797,0.0,0.0,0.0,nm_inferred,60.0,77.30225988700565,,Sumburgh Airport,59.878899,-1.29556
EGPC,5.0,3.0,60.0,0.0,0.0,600.0,600.0,472.0,505.0,560.0,2309.5,3359.2000000000003,-5.5986666666666665,-3.849166666666666,-0.9333333333333333,-0.8416666666666667,-0.7866666666666666,0.0,0.0,0.0,0.0,0.0,0.0,0.0,0.0,0.0,0.0,560.0,3359.2000000000003,100.0,0.0,60.0,0.0,0.0,4.0,2.0,50.0,0.0,0.0,,,-816.7,-735.25,-599.5,-463.75,-382.3,,,,,,,,,,,,,,,,599.5,816.7,100.0,,50.0,0.0,0.0,0.0,nm_inferred,5.0,55.0,,Wick John O'Groats Airport,58.4589,-3.09306
EGPD,182.0,142.0,78.02197802197803,0.0,98.9010989010989,660.0,360.0,-677.0,-518.75,-290.0,-131.25,69.00000000000006,-0.11055555555555555,0.2265625,0.4444444444444444,0.7776041666666667,0.8956439393939394,0.0,0.25,0.45227272727272727,0.7803819444444444,0.9159090909090909,0.0,0.25,0.44305555555555554,0.7582465277777778,0.8850694444444445,295.0,689.0,15.492957746478874,4.225352112676056,76.92307692307692,1.098901098901099,0.0,184.0,144.0,78.26086956521739,0.0,95.65217391304348,240.0,5.0,279.5,419.0,477.5,566.25,728.5000000000001,0.9838095238095239,1.4916666666666667,2.3333333333333335,2.888888888888889,5.350000000000003,1.0,1.0,1.0,1.0,1.0,0.97,1.0,1.0,1.0,1.0,477.5,728.5000000000001,2.0833333333333335,89.92805755395683,77.71739130434783,0.5434782608695652,0.0,98.9010989010989,apdf,184.0,78.14142379359771,0.5638120786218612,Aberdeen International Airport,57.2019,-2.19778
EGPE,64.0,60.0,93.75,0.0,0.0,600.0,600.0,40.0,49.75,70.0,76.25,95.0,-0.15833333333333333,-0.125,-0.10833333333333334,-0.075,-0.06208333333333333,0.0,0.0,0.0,0.0,0.0,0.0,0.0,0.0,0.0,0.0,70.0,95.0,100.0,0.0,92.1875,1.5625,0.0,67.0,62.0,92.53731343283582,0.0,0.0,,,46.0,98.25,139.0,168.0,176.8,,,,,,,,,,,,,,,,142.5,176.8,8.064516129032258,,89.55223880597015,1.492537313432836,1.492537313432836,0.0,nm_inferred,67.0,93.14365671641791,,Inverness Airport,57.5425,-4.0475
EGPF,334.0,314.0,94.0119760479042,0.0,98.20359281437125,720.0,720.0,165.0,180.0,200.0,225.0,260.0,-0.446875,-0.3333333333333333,-0.28402777777777777,-0.22275641025641024,-0.1854166666666667,0.0,0.0,0.0,0.0,0.0,0.0,0.0,0.0,0.0,0.0,200.0,260.0,100.0,0.0,89.82035928143712,3.8922155688622753,0.2994011976047904,328.0,310.0,94.51219512195122,0.0,96.03658536585365,240.0,175.0,19.50000000000001,55.0,80.0,95.0,115.0,0.04732142857142857,0.18333333333333332,0.2833333333333333,0.4166666666666667,0.5,0.1,0.25,0.375,0.5,0.6666666666666666,0.0730701754385965,0.2,0.31666666666666665,0.43333333333333335,0.5277777777777778,80.0,120.0,8.709677419354838,0.3367003367003367,89.02439024390245,5.182926829268292,0.3048780487804878,98.20359281437125,apdf,334.0,94.26208558492772,0.14924830217613555,Glasgow Airport,55.871899,-4.43306
EGPH,588.0,578.0,98.29931972789116,0.0,100.0,720.0,247.5,-961.5,-695.0,-505.0,-286.25,-173.49999999999966,0.2746428571428572,0.4318181818181818,0.7418981481481481,0.8787878787878788,0.9491732804232804,0.2898809523809524,0.4444444444444444,0.6757352941176471,0.8840497737556561,0.9421568627450982,0.2727272727272727,0.41121031746031744,0.65,0.8588141025641025,0.9166666666666666,507.5,970.0,3.9792387543252596,7.093425605536332,93.5374149659864,3.061224489795918,1.7006802721088434,584.0,574.0,98.28767123287672,0.0,99.82876712328768,360.0,5.0,475.0,545.0,600.0,695.0,868.5000000000002,1.1032763532763532,1.4166666666666667,1.7291666666666667,2.1666666666666665,2.575000000000003,1.0,1.0,1.0,1.0,1.0,0.9583333333333334,1.0,1.0,1.0,1.0,600.0,880.5000000000007,0.17421602787456447,91.44851657940663,93.66438356164383,3.2534246575342465,1.36986301369863,100.0,apdf,588.0,98.29349548038394,0.8109213377131674,Edinburgh Airport,55.950145,-3.372288
EGPI,6.0,6.0,100.0,0.0,0.0,600.0,600.0,466.5,477.25,495.0,530.0,545.0,-0.9083333333333333,-0.8833333333333333,-0.825,-0.7954166666666667,-0.7775000000000001,0.0,0.0,0.0,0.0,0.0,0.0,0.0,0.0,0.0,0.0,495.0,545.0,100.0,0.0,100.0,0.0,0.0,6.0,6.0,100.0,0.0,0.0,,,-399.0,-384.75,-359.5,-302.75,-198.0,,,,,,,,,,,,,,,,359.5,399.0,100.0,,100.0,0.0,0.0,0.0,nm_inferred,6.0,100.0,,Islay Airport,55.682708,-6.257525
EGPK,31.0,28.0,90.3225806451613,0.0,0.0,900.0,900.0,93.5,113.75,145.0,182.5,241.5,-0.3163888888888889,-0.2604166666666667,-0.18055555555555555,-0.13194444444444445,-0.11333333333333333,0.0,0.0,0.0,0.0,0.0,0.0,0.0,0.0,0.0,0.0,145.0,241.5,100.0,0.0,70.96774193548387,12.903225806451612,6.451612903225806,30.0,28.0,93.33333333333333,0.0,0.0,,,41.4,55.5,80.0,89.5,99.30000000000001,,,,,,,,,,,,,,,,82.0,108.2,3.5714285714285716,,90.0,0.0,3.3333333333333335,0.0,nm_inferred,31.0,91.82795698924731,,Glasgow Prestwick Airport,55.501499,-4.577182
EGPL,9.0,4.0,44.44444444444444,0.0,0.0,600.0,600.0,419.5,471.25,515.0,568.75,638.5,-1.0641666666666667,-0.9479166666666666,-0.8583333333333334,-0.7854166666666667,-0.6991666666666667,0.0,0.0,0.0,0.0,0.0,0.0,0.0,0.0,0.0,0.0,515.0,638.5,100.0,0.0,44.44444444444444,0.0,0.0,9.0,4.0,44.44444444444444,0.0,0.0,,,-697.4,-692.0,-677.5,-654.75,-634.5,,,,,,,,,,,,,,,,677.5,697.4,100.0,,44.44444444444444,0.0,0.0,0.0,nm_inferred,9.0,44.44444444444444,,Benbecula Airport,57.481098,-7.36278
EGPN,14.0,14.0,100.0,0.0,0.0,600.0,600.0,122.5,152.5,210.0,257.5,270.0,-0.47333333333333333,-0.4291666666666667,-0.37083333333333335,-0.2791666666666667,-0.2383333333333333,0.0,0.0,0.0,0.0,0.0,0.0,0.0,0.0,0.0,0.0,210.0,270.0,100.0,0.0,100.0,0.0,0.0,12.0,12.0,100.0,0.0,0.0,,,-300.0,-88.5,27.5,88.75,125.80000000000001,,,,,,,,,,,,,,,,94.5,307.1,41.666666666666664,,83.33333333333333,8.333333333333334,8.333333333333334,0.0,nm_inferred,14.0,100.0,,Dundee Airport,56.452499,-3.02583
EGPO,24.0,10.0,41.666666666666664,0.0,0.0,600.0,600.0,420.5,523.75,627.5,680.0,707.0,-1.1783333333333335,-1.1333333333333333,-1.0458333333333334,-0.8729166666666666,-0.7008333333333334,0.0,0.0,0.0,0.0,0.0,0.0,0.0,0.0,0.0,0.0,627.5,707.0,100.0,0.0,41.666666666666664,0.0,0.0,23.0,10.0,43.47826086956522,0.0,0.0,,,-700.3,-590.75,-527.0,-450.0,-426.8,,,,,,,,,,,,,,,,527.0,700.2999999999997,100.0,,43.47826086956522,0.0,0.0,0.0,nm_inferred,24.0,42.57246376811594,,Stornoway Airport,58.215599,-6.33111
EGPR,6.0,4.0,66.66666666666667,0.0,0.0,600.0,600.0,1526.0,1557.5,1600.0,1881.25,2342.5,-3.904166666666667,-3.135416666666667,-2.666666666666667,-2.595833333333333,-2.5433333333333334,0.0,0.0,0.0,0.0,0.0,0.0,0.0,0.0,0.0,0.0,1600.0,2342.5,100.0,0.0,66.66666666666667,0.0,0.0,6.0,6.0,100.0,0.0,0.0,,,-2056.0,-2047.25,-1971.5,-1874.75,-1790.0,,,,,,,,,,,,,,,,1971.5,2056.0,100.0,,100.0,0.0,0.0,0.0,nm_inferred,6.0,83.33333333333334,,Barra Airport,57.0228,-7.44306
EGPU,6.0,3.0,50.0,0.0,0.0,600.0,600.0,1955.0,2000.0,2075.0,2185.0,2251.0,-3.751666666666667,-3.6416666666666666,-3.4583333333333335,-3.3333333333333335,-3.2583333333333333,0.0,0.0,0.0,0.0,0.0,0.0,0.0,0.0,0.0,0.0,2075.0,2251.0,100.0,0.0,50.0,0.0,0.0,6.0,1.0,16.666666666666668,0.0,0.0,,,-1766.0,-1766.0,-1766.0,-1766.0,-1766.0,,,,,,,,,,,,,,,,1766.0,1766.0,100.0,,16.666666666666668,0.0,0.0,0.0,nm_inferred,6.0,33.333333333333336,,Tiree Airport,56.499199,-6.86917
EGQS,1.0,0.0,0.0,0.0,0.0,600.0,,,,,,,,,,,,,,,,,,,,,,,,,,0.0,0.0,0.0,1.0,0.0,0.0,0.0,0.0,,,,,,,,,,,,,,,,,,,,,,,,,,,0.0,0.0,0.0,0.0,nm_inferred,1.0,0.0,,RAF Lossiemouth,57.7052,-3.33917
EGSC,4.0,3.0,75.0,0.0,0.0,600.0,600.0,49.0,62.5,85.0,85.0,85.0,-0.14166666666666666,-0.14166666666666666,-0.14166666666666666,-0.10416666666666666,-0.08166666666666667,0.0,0.0,0.0,0.0,0.0,0.0,0.0,0.0,0.0,0.0,85.0,85.0,100.0,0.0,75.0,0.0,0.0,4.0,3.0,75.0,0.0,0.0,,,197.0,218.0,253.0,267.0,275.4,,,,,,,,,,,,,,,,253.0,275.4,0.0,,75.0,0.0,0.0,0.0,nm_inferred,4.0,75.0,,Cambridge City Airport,52.205002,0.175
EGSH,29.0,26.0,89.65517241379311,0.0,0.0,600.0,600.0,7.5,20.0,33.0,53.5,127.5,-0.21250000000000002,-0.08916666666666667,-0.051666666666666666,-0.03027777777777778,-0.0125,0.0,0.0,0.0,0.0,0.0,0.0,0.0,0.0,0.0,0.0,33.0,127.5,92.3076923076923,0.0,89.65517241379311,0.0,0.0,31.0,28.0,90.3225806451613,0.0,0.0,,,143.3,185.75,227.5,263.75,396.5,,,,,,,,,,,,,,,,227.5,396.5,0.0,,83.87096774193549,3.225806451612903,3.225806451612903,0.0,nm_inferred,31.0,89.98887652947721,,Norwich Airport,52.6758,1.28278
EGSS,891.0,890.0,99.88776655443323,0.0,100.0,720.0,720.0,-5.499999999999972,20.0,40.0,55.0,65.0,-0.10185185185185185,-0.075,-0.05,-0.026944444444444444,0.008333333333333423,0.0,0.0,0.0,0.0,0.04204545454545463,0.0,0.0,0.0,0.0,0.01558080808080818,45.0,186.00000000000023,89.7752808988764,0.6741573033707865,95.51066217732884,3.9281705948372614,0.4489337822671156,891.0,889.0,99.77553310886644,0.0,100.0,420.0,80.0,265.0,295.0,315.0,335.0,562.0000000000005,0.5,0.65625,0.8055555555555556,0.9666666666666667,1.4694444444444446,0.5555555555555556,0.6875,0.8333333333333334,1.0,1.0,0.5362962962962964,0.6785714285714286,0.8194444444444444,0.9833333333333333,1.0,315.0,596.0000000000002,1.7997750281214848,28.1214848143982,93.6026936026936,5.836139169472503,0.3367003367003367,100.0,apdf,891.0,99.83164983164983,0.40903245417134304,London Stansted Airport,51.884998,0.235
EGTB,2.0,2.0,100.0,0.0,0.0,600.0,600.0,70.5,71.25,72.5,73.75,74.5,-0.12416666666666666,-0.12291666666666667,-0.12083333333333333,-0.11875,-0.11750000000000001,0.0,0.0,0.0,0.0,0.0,0.0,0.0,0.0,0.0,0.0,72.5,74.5,100.0,0.0,100.0,0.0,0.0,1.0,1.0,100.0,0.0,0.0,,,322.0,322.0,322.0,322.0,322.0,,,,,,,,,,,,,,,,322.0,322.0,0.0,,100.0,0.0,0.0,0.0,nm_inferred,2.0,100.0,,Wycombe Air Park,51.61177,-0.808316
EGTC,2.0,2.0,100.0,0.0,0.0,600.0,212.5,-349.0,-347.5,-345.0,-342.5,-341.0,0.5683333333333334,0.5708333333333333,0.575,0.5791666666666667,0.5816666666666667,0.615,0.6375,0.675,0.7125,0.735,0.5825,0.60625,0.6458333333333333,0.6854166666666667,0.7091666666666666,345.0,349.0,0.0,0.0,100.0,0.0,0.0,1.0,1.0,100.0,0.0,0.0,,,489.0,489.0,489.0,489.0,489.0,,,,,,,,,,,,,,,,489.0,489.0,0.0,,100.0,0.0,0.0,0.0,nm_inferred,2.0,100.0,,Cranfield Airport,52.072201,-0.616667
EGTE,34.0,31.0,91.17647058823529,0.0,0.0,600.0,600.0,25.0,47.0,95.0,130.0,365.0,-0.5069444444444444,-0.21666666666666667,-0.13333333333333333,-0.07583333333333334,-0.041666666666666664,0.0,0.0,0.0,0.0,0.0,0.0,0.0,0.0,0.0,0.0,95.0,365.0,96.7741935483871,0.0,85.29411764705883,5.882352941176471,0.0,32.0,29.0,90.625,0.0,0.0,,,174.6,199.0,217.0,242.0,259.0,,,,,,,,,,,,,,,,217.0,259.0,3.4482758620689653,,90.625,0.0,0.0,0.0,nm_inferred,34.0,90.90073529411765,,Exeter International Airport,50.734261,-3.413984
EGTF,1.0,1.0,100.0,0.0,0.0,600.0,440.0,-160.0,-160.0,-160.0,-160.0,-160.0,0.26666666666666666,0.26666666666666666,0.26666666666666666,0.26666666666666666,0.26666666666666666,0.3,0.3,0.3,0.3,0.3,0.26666666666666666,0.26666666666666666,0.26666666666666666,0.26666666666666666,0.26666666666666666,160.0,160.0,0.0,0.0,100.0,0.0,0.0,2.0,2.0,100.0,0.0,0.0,,,332.4,343.5,362.0,380.5,391.6,,,,,,,,,,,,,,,,362.0,391.6,0.0,,50.0,0.0,50.0,0.0,nm_inferred,2.0,100.0,,Fairoaks Airport,51.348099,-0.558889
EGTK,17.0,17.0,100.0,0.0,0.0,600.0,600.0,50.0,55.0,80.0,90.0,105.00000000000001,-0.175,-0.15,-0.13333333333333333,-0.09166666666666666,-0.08333333333333333,0.0,0.0,0.0,0.0,0.0,0.0,0.0,0.0,0.0,0.0,80.0,105.00000000000001,100.0,0.0,100.0,0.0,0.0,15.0,15.0,100.0,0.0,0.0,,,62.80000000000001,184.0,226.0,241.0,246.6,,,,,,,,,,,,,,,,226.0,246.6,6.666666666666667,,100.0,0.0,0.0,0.0,nm_inferred,17.0,100.0,,London Oxford Airport,51.836899,-1.32
EGVN,2.0,2.0,100.0,0.0,0.0,600.0,600.0,22.5,33.75,52.5,71.25,82.5,-0.13749999999999998,-0.11875,-0.0875,-0.05625,-0.0375,0.0,0.0,0.0,0.0,0.0,0.0,0.0,0.0,0.0,0.0,52.5,82.5,100.0,0.0,100.0,0.0,0.0,1.0,1.0,100.0,0.0,0.0,,,260.0,260.0,260.0,260.0,260.0,,,,,,,,,,,,,,,,260.0,260.0,0.0,,0.0,100.0,0.0,0.0,nm_inferred,2.0,100.0,,RAF Brize Norton,51.75,-1.58362
EGWU,30.0,30.0,100.0,0.0,0.0,600.0,600.0,-175.99999999999997,26.25,47.5,70.0,75.5,-0.12583333333333332,-0.11666666666666667,-0.07916666666666666,-0.04375,0.29333333333333345,0.0,0.0,0.0,0.0,0.3100000000000001,0.0,0.0,0.0,0.0,0.29333333333333345,65.0,176.00000000000009,86.66666666666667,6.666666666666667,90.0,3.3333333333333335,6.666666666666667,30.0,30.0,100.0,0.0,0.0,,,456.2,479.25,515.0,602.25,873.5000000000014,,,,,,,,,,,,,,,,515.0,873.5000000000014,0.0,,86.66666666666667,3.3333333333333335,10.0,0.0,nm_inferred,30.0,100.0,,RAF Northolt,51.553001,-0.418167
EGXC,1.0,1.0,100.0,0.0,0.0,600.0,504.0,-96.0,-96.0,-96.0,-96.0,-96.0,0.16,0.16,0.16,0.16,0.16,0.2,0.2,0.2,0.2,0.2,0.16666666666666666,0.16666666666666666,0.16666666666666666,0.16666666666666666,0.16666666666666666,96.0,96.0,0.0,0.0,100.0,0.0,0.0,1.0,1.0,100.0,0.0,0.0,,,377.0,377.0,377.0,377.0,377.0,,,,,,,,,,,,,,,,377.0,377.0,0.0,,100.0,0.0,0.0,0.0,nm_inferred,1.0,100.0,,RAF Coningsby,53.092999,-0.166014
EHAK,,,,,,,,,,,,,,,,,,,,,,,,,,,,,,,,,,,3.0,2.0,66.66666666666667,0.0,0.0,,,-2355.1,-2304.25,-2219.5,-2134.75,-2083.9,,,,,,,,,,,,,,,,2219.5,2355.1,100.0,,66.66666666666667,0.0,0.0,0.0,nm_inferred,3.0,66.66666666666667,,A12-CPP Platform Helipad,55.399167,3.810278
EHAM,2101.0,2099.0,99.90480723465016,0.0,99.00047596382674,691.0,540.0,-562.2,-337.0,-6.0,4.0,12.0,-0.022109679252536395,-0.006396802212593948,0.009433962264150943,0.4369336006504148,0.6147177899499882,0.0,0.0,0.05263157894736842,0.43875,0.5789473684210527,0.0,0.0,0.013513513513513514,0.4114124240618171,0.5486740266947049,12.0,589.2,34.921391138637446,1.3816102906145784,94.0028557829605,5.521180390290338,0.38077106139933364,2061.0,2059.0,99.90295972828724,0.0,99.22367782629792,449.0,5.0,293.0,299.0,498.0,746.0,978.6000000000001,0.5852574958818608,0.8572090560042367,1.1119402985074627,1.3483948741040939,1.7008797653958945,0.6215517241379311,0.8352713178294574,1.0,1.0,1.0,0.6153260418108819,0.8474576271186441,0.9937888198757763,1.0,1.0044184141440853,524.0,1019.6000000000001,2.234094220495386,63.72980910425844,92.43085880640466,7.035419699175158,0.4366812227074236,99.22367782629792,apdf,2101.0,99.90388348146871,0.5031670747276759,Amsterdam Airport Schiphol,52.308601,4.76389
EHBK,21.0,18.0,85.71428571428571,0.0,0.0,600.0,600.0,-11.5,1.25,8.5,22.5,30.3,-0.0505,-0.0375,-0.016666666666666666,-0.0020833333333333333,0.017916666666666668,0.0,0.0,0.0,0.0,0.05,0.0,0.0,0.0,0.0,0.017916666666666668,11.0,32.2,77.77777777777777,0.0,80.95238095238095,4.761904761904762,0.0,20.0,17.0,85.0,0.0,0.0,,,180.6,410.0,505.0,596.0,642.8,,,,,,,,,,,,,,,,548.0,665.2,5.882352941176471,,70.0,10.0,5.0,0.0,nm_inferred,21.0,85.35714285714286,,Maastricht Aachen Airport,50.911087,5.769401
EHBL,2.0,1.0,50.0,0.0,0.0,60.0,60.0,2670.0,2670.0,2670.0,2670.0,2670.0,-44.5,-44.5,-44.5,-44.5,-44.5,0.0,0.0,0.0,0.0,0.0,0.0,0.0,0.0,0.0,0.0,2670.0,2670.0,100.0,0.0,50.0,0.0,0.0,,,,,,,,,,,,,,,,,,,,,,,,,,,,,,,,,,,0.0,nm_inferred,2.0,50.0,,B13-A Platform Helipad,55.284722,4.096667
EHEH,193.0,193.0,100.0,0.0,0.0,600.0,385.0,-616.4,-475.0,-370.0,-150.0,-45.99999999999994,0.07555555555555556,0.24166666666666667,0.4777777777777778,0.7,0.908888888888889,0.125,0.25,0.5,0.7,0.8466666666666669,0.11000000000000003,0.25,0.4666666666666667,0.675,0.8355555555555559,375.0,642.0000000000002,4.1450777202072535,4.1450777202072535,93.78238341968913,3.626943005181347,2.5906735751295336,188.0,188.0,100.0,0.0,0.0,,,426.2,533.5,602.0,671.25,779.0000000000001,,,,,,,,,,,,,,,,604.0,788.9000000000001,1.5957446808510638,,94.14893617021276,2.6595744680851063,3.1914893617021276,0.0,nm_inferred,193.0,100.0,,Eindhoven Airport,51.4500999451,5.37452983856
EHFB,1.0,0.0,0.0,0.0,0.0,60.0,,,,,,,,,,,,,,,,,,,,,,,,,,0.0,0.0,0.0,2.0,0.0,0.0,0.0,0.0,,,,,,,,,,,,,,,,,,,,,,,,,,,0.0,0.0,0.0,0.0,nm_inferred,2.0,0.0,,F2-A,54.94444,4.5725
EHFD,,,,,,,,,,,,,,,,,,,,,,,,,,,,,,,,,,,1.0,1.0,100.0,0.0,0.0,,,-1481.0,-1481.0,-1481.0,-1481.0,-1481.0,,,,,,,,,,,,,,,,1481.0,1481.0,100.0,,100.0,0.0,0.0,0.0,nm_inferred,1.0,100.0,,F3-FB-1,54.85306,4.69472
EHFO,1.0,0.0,0.0,0.0,0.0,60.0,,,,,,,,,,,,,,,,,,,,,,,,,,0.0,0.0,0.0,,,,,,,,,,,,,,,,,,,,,,,,,,,,,,,,,,,0.0,nm_inferred,1.0,0.0,,F15-A,54.21583,4.82722
EHFQ,1.0,0.0,0.0,0.0,0.0,60.0,,,,,,,,,,,,,,,,,,,,,,,,,,0.0,0.0,0.0,1.0,0.0,0.0,0.0,0.0,,,,,,,,,,,,,,,,,,,,,,,,,,,0.0,0.0,0.0,0.0,nm_inferred,1.0,0.0,,L2-FA-1,53.96056,4.49611
EHFR,,,,,,,,,,,,,,,,,,,,,,,,,,,,,,,,,,,2.0,1.0,50.0,0.0,0.0,,,-125.0,-125.0,-125.0,-125.0,-125.0,,,,,,,,,,,,,,,,125.0,125.0,100.0,,50.0,0.0,0.0,0.0,nm_inferred,2.0,50.0,,L5-FA-1,53.81083,4.35111
EHFT,,,,,,,,,,,,,,,,,,,,,,,,,,,,,,,,,,,1.0,0.0,0.0,0.0,0.0,,,,,,,,,,,,,,,,,,,,,,,,,,,0.0,0.0,0.0,0.0,nm_inferred,1.0,0.0,,L5-D,53.81806,4.51278
EHGG,6.0,5.0,83.33333333333333,0.0,0.0,600.0,600.0,16.0,25.0,30.0,40.0,430.00000000000006,-0.7166666666666666,-0.06666666666666667,-0.05,-0.041666666666666664,-0.026666666666666665,0.0,0.0,0.0,0.0,0.0,0.0,0.0,0.0,0.0,0.0,30.0,430.00000000000006,100.0,0.0,66.66666666666667,16.666666666666668,0.0,6.0,5.0,83.33333333333333,0.0,0.0,,,287.2,292.0,292.0,303.0,310.8,,,,,,,,,,,,,,,,292.0,310.8,0.0,,66.66666666666667,16.666666666666668,0.0,0.0,nm_inferred,6.0,83.33333333333333,,Groningen Airport Eelde,53.119107,6.577652
EHGN,1.0,1.0,100.0,0.0,0.0,60.0,60.0,917.0,917.0,917.0,917.0,917.0,-15.283333333333333,-15.283333333333333,-15.283333333333333,-15.283333333333333,-15.283333333333333,0.0,0.0,0.0,0.0,0.0,0.0,0.0,0.0,0.0,0.0,917.0,917.0,100.0,0.0,0.0,0.0,100.0,2.0,2.0,100.0,0.0,0.0,,,-310.0,-299.5,-282.0,-264.5,-254.0,,,,,,,,,,,,,,,,282.0,310.0,100.0,,50.0,0.0,50.0,0.0,nm_inferred,2.0,100.0,,G14-A,54.22389,5.49861
EHGQ,3.0,3.0,100.0,0.0,0.0,60.0,60.0,755.4,924.0,1205.0,1310.0,1373.0,-22.883333333333333,-21.833333333333332,-20.083333333333332,-15.399999999999999,-12.59,0.0,0.0,0.0,0.0,0.0,0.0,0.0,0.0,0.0,0.0,1205.0,1373.0,100.0,0.0,100.0,0.0,0.0,2.0,1.0,50.0,0.0,0.0,,,-1.0,-1.0,-1.0,-1.0,-1.0,,,,,,,,,,,,,,,,1.0,1.0,100.0,,50.0,0.0,0.0,0.0,nm_inferred,3.0,75.0,,G17D-A,54.04917,5.43194
EHJA,2.0,1.0,50.0,0.0,0.0,60.0,60.0,1525.0,1525.0,1525.0,1525.0,1525.0,-25.416666666666668,-25.416666666666668,-25.416666666666668,-25.416666666666668,-25.416666666666668,0.0,0.0,0.0,0.0,0.0,0.0,0.0,0.0,0.0,0.0,1525.0,1525.0,100.0,0.0,50.0,0.0,0.0,2.0,1.0,50.0,0.0,0.0,,,-1482.0,-1482.0,-1482.0,-1482.0,-1482.0,,,,,,,,,,,,,,,,1482.0,1482.0,100.0,,50.0,0.0,0.0,0.0,nm_inferred,2.0,50.0,,J6-A Heliport,53.82333,2.94389
EHJF,1.0,0.0,0.0,0.0,0.0,60.0,,,,,,,,,,,,,,,,,,,,,,,,,,0.0,0.0,0.0,2.0,0.0,0.0,0.0,0.0,,,,,,,,,,,,,,,,,,,,,,,,,,,0.0,0.0,0.0,0.0,nm_inferred,2.0,0.0,,K5-ACP Heliport,53.69556,3.33889
EHJM,1.0,0.0,0.0,0.0,0.0,60.0,,,,,,,,,,,,,,,,,,,,,,,,,,0.0,0.0,0.0,1.0,0.0,0.0,0.0,0.0,,,,,,,,,,,,,,,,,,,,,,,,,,,0.0,0.0,0.0,0.0,nm_inferred,1.0,0.0,,K8-FA-1 Heliport,53.49944,3.36889
EHKD,56.0,9.0,16.071428571428573,0.0,0.0,600.0,595.0,-16.0,-10.0,-5.0,10.0,13.000000000000004,-0.021666666666666664,-0.016666666666666666,0.008333333333333333,0.016666666666666666,0.02666666666666667,0.0,0.0,0.05,0.05,0.05,0.0,0.0,0.008333333333333333,0.016666666666666666,0.02666666666666667,10.0,21.0,33.333333333333336,0.0,14.285714285714286,0.0,1.7857142857142858,53.0,8.0,15.09433962264151,0.0,0.0,,,297.4,307.75,315.0,348.75,843.8999999999997,,,,,,,,,,,,,,,,315.0,843.8999999999997,0.0,,13.20754716981132,0.0,1.8867924528301887,0.0,nm_inferred,56.0,15.582884097035041,,De Kooy Airfield / Den Helder Naval Air Station,52.923401,4.78062
EHKE,1.0,0.0,0.0,0.0,0.0,60.0,,,,,,,,,,,,,,,,,,,,,,,,,,0.0,0.0,0.0,,,,,,,,,,,,,,,,,,,,,,,,,,,,,,,,,,,0.0,nm_inferred,1.0,0.0,,K6-PC Heliport,53.69833,3.86889
EHKG,1.0,0.0,0.0,0.0,0.0,60.0,,,,,,,,,,,,,,,,,,,,,,,,,,0.0,0.0,0.0,,,,,,,,,,,,,,,,,,,,,,,,,,,,,,,,,,,0.0,nm_inferred,1.0,0.0,,K6-D Heliport,53.675,3.82833
EHKJ,,,,,,,,,,,,,,,,,,,,,,,,,,,,,,,,,,,2.0,0.0,0.0,0.0,0.0,,,,,,,,,,,,,,,,,,,,,,,,,,,0.0,0.0,0.0,0.0,nm_inferred,2.0,0.0,,L4-A Heliport,53.72444,4.0975
EHKP,,,,,,,,,,,,,,,,,,,,,,,,,,,,,,,,,,,1.0,0.0,0.0,0.0,0.0,,,,,,,,,,,,,,,,,,,,,,,,,,,0.0,0.0,0.0,0.0,nm_inferred,1.0,0.0,,K12-B Heliport,53.34083,3.89361
EHKS,1.0,0.0,0.0,0.0,0.0,60.0,,,,,,,,,,,,,,,,,,,,,,,,,,0.0,0.0,0.0,1.0,0.0,0.0,0.0,0.0,,,,,,,,,,,,,,,,,,,,,,,,,,,0.0,0.0,0.0,0.0,nm_inferred,1.0,0.0,,K15-FB-1 Heliport,53.27556,3.87167
EHKV,2.0,0.0,0.0,0.0,0.0,60.0,,,,,,,,,,,,,,,,,,,,,,,,,,0.0,0.0,0.0,3.0,0.0,0.0,0.0,0.0,,,,,,,,,,,,,,,,,,,,,,,,,,,0.0,0.0,0.0,0.0,nm_inferred,3.0,0.0,,K14-FA-1C Heliport,53.26861,3.62639
EHKX,1.0,0.0,0.0,0.0,0.0,60.0,,,,,,,,,,,,,,,,,,,,,,,,,,0.0,0.0,0.0,,,,,,,,,,,,,,,,,,,,,,,,,,,,,,,,,,,0.0,nm_inferred,1.0,0.0,,K12-K Heliport,53.42278,3.96028
EHLE,6.0,5.0,83.33333333333333,0.0,0.0,600.0,600.0,-14.0,-5.0,0.0,15.0,33.0,-0.05499999999999999,-0.025,0.0,0.008333333333333333,0.023333333333333334,0.0,0.0,0.0,0.05,0.05,0.0,0.0,0.0,0.008333333333333333,0.023333333333333334,15.0,35.0,60.0,0.0,83.33333333333333,0.0,0.0,5.0,4.0,80.0,0.0,0.0,,,201.0,223.5,242.5,275.75,323.90000000000003,,,,,,,,,,,,,,,,242.5,323.90000000000003,0.0,,80.0,0.0,0.0,0.0,nm_inferred,6.0,81.66666666666666,,Lelystad Airport,52.453188,5.514622
EHLL,3.0,0.0,0.0,0.0,0.0,60.0,,,,,,,,,,,,,,,,,,,,,,,,,,0.0,0.0,0.0,4.0,0.0,0.0,0.0,0.0,,,,,,,,,,,,,,,,,,,,,,,,,,,0.0,0.0,0.0,0.0,nm_inferred,4.0,0.0,,L10-A Heliport,53.40333,4.20056
EHLU,1.0,0.0,0.0,0.0,0.0,60.0,,,,,,,,,,,,,,,,,,,,,,,,,,0.0,0.0,0.0,,,,,,,,,,,,,,,,,,,,,,,,,,,,,,,,,,,0.0,nm_inferred,1.0,0.0,,L8-P Heliport,53.64,4.5625
EHMA,1.0,0.0,0.0,0.0,0.0,60.0,,,,,,,,,,,,,,,,,,,,,,,,,,0.0,0.0,0.0,1.0,0.0,0.0,0.0,0.0,,,,,,,,,,,,,,,,,,,,,,,,,,,0.0,0.0,0.0,0.0,nm_inferred,1.0,0.0,,AWG-1 Helipad,53.4911,5.9413
EHMG,1.0,0.0,0.0,0.0,0.0,60.0,,,,,,,,,,,,,,,,,,,,,,,,,,0.0,0.0,0.0,,,,,,,,,,,,,,,,,,,,,,,,,,,,,,,,,,,0.0,nm_inferred,1.0,0.0,,L9-FF-1 Heliport,53.61444,4.96028
EHMR,2.0,1.0,50.0,0.0,0.0,60.0,60.0,465.0,465.0,465.0,465.0,465.0,-7.75,-7.75,-7.75,-7.75,-7.75,0.0,0.0,0.0,0.0,0.0,0.0,0.0,0.0,0.0,0.0,465.0,465.0,100.0,0.0,50.0,0.0,0.0,1.0,0.0,0.0,0.0,0.0,,,,,,,,,,,,,,,,,,,,,,,,,,,0.0,0.0,0.0,0.0,nm_inferred,2.0,25.0,,L15-FA-1 Heliport,53.32944,4.83083
EHPG,1.0,0.0,0.0,0.0,0.0,60.0,,,,,,,,,,,,,,,,,,,,,,,,,,0.0,0.0,0.0,1.0,0.0,0.0,0.0,0.0,,,,,,,,,,,,,,,,,,,,,,,,,,,0.0,0.0,0.0,0.0,nm_inferred,1.0,0.0,,P11-B (De Ruyter) Heliport,52.35998,3.34192
EHPK,2.0,0.0,0.0,0.0,0.0,60.0,,,,,,,,,,,,,,,,,,,,,,,,,,0.0,0.0,0.0,1.0,0.0,0.0,0.0,0.0,,,,,,,,,,,,,,,,,,,,,,,,,,,0.0,0.0,0.0,0.0,nm_inferred,2.0,0.0,,P15-ACD (Rijn-C) Heliport,52.29028,3.81611
EHQM,3.0,0.0,0.0,0.0,0.0,60.0,,,,,,,,,,,,,,,,,,,,,,,,,,0.0,0.0,0.0,3.0,0.0,0.0,0.0,0.0,,,,,,,,,,,,,,,,,,,,,,,,,,,0.0,0.0,0.0,0.0,nm_inferred,3.0,0.0,,Q1-D Heliport,52.87222,4.17139
EHQT,1.0,0.0,0.0,0.0,0.0,60.0,,,,,,,,,,,,,,,,,,,,,,,,,,0.0,0.0,0.0,1.0,0.0,0.0,0.0,0.0,,,,,,,,,,,,,,,,,,,,,,,,,,,0.0,0.0,0.0,0.0,nm_inferred,1.0,0.0,,Q13-A Heliport,52.19111,4.13638
EHRD,92.0,92.0,100.0,0.0,0.0,600.0,20.0,-2259.9,-1245.0,-712.5,-473.75,-335.99999999999994,0.56,0.81875,1.1875,2.0749999999999997,3.7665000000000006,0.6,0.8,1.0,1.0,1.0,0.5591666666666667,0.7583333333333333,0.9708333333333333,1.0,1.0,727.5,2259.9000000000005,2.1739130434782608,56.52173913043478,95.65217391304348,3.260869565217391,1.0869565217391304,87.0,87.0,100.0,0.0,0.0,,,444.8,491.0,541.0,605.5,1219.0000000000002,,,,,,,,,,,,,,,,541.0,1219.0000000000002,0.0,,97.70114942528735,1.1494252873563218,1.1494252873563218,0.0,nm_inferred,92.0,100.0,,Rotterdam The Hague Airport,51.956902,4.43722
EHTW,2.0,2.0,100.0,0.0,0.0,600.0,600.0,42.900000000000006,77.25,134.5,191.75,226.1,-0.3768333333333333,-0.31958333333333333,-0.22416666666666665,-0.12875,-0.07149999999999998,0.0,0.0,0.0,0.0,0.0,0.0,0.0,0.0,0.0,0.0,134.5,226.1,100.0,0.0,100.0,0.0,0.0,2.0,2.0,100.0,0.0,0.0,,,-1017.5,-803.75,-447.5,-91.25,122.50000000000003,,,,,,,,,,,,,,,,712.5,1070.5,50.0,,50.0,50.0,0.0,0.0,nm_inferred,2.0,100.0,,Twente Airport,52.275833,6.889167
EICK,108.0,108.0,100.0,0.0,100.0,540.0,5.0,-953.4999999999999,-706.25,-602.5,-530.0,-475.0,0.949375,0.9895833333333334,1.0416666666666667,1.132936507936508,1.4687499999999998,0.9531818181818182,1.0,1.0,1.0,1.0,0.946969696969697,0.9743589743589743,1.0,1.0,1.0,610.0,1058.0,0.9259259259259259,87.96296296296296,98.14814814814815,0.9259259259259259,0.9259259259259259,109.0,109.0,100.0,0.0,100.0,120.0,5.0,414.0,470.0,500.0,565.0,2009.0000000000005,2.327777777777778,2.8055555555555554,3.9583333333333335,4.833333333333333,12.694444444444448,1.0,1.0,1.0,1.0,1.0,1.0,1.0,1.0,1.0,1.0,500.0,2009.0000000000005,0.0,99.08256880733946,99.08256880733946,0.0,0.9174311926605505,100.0,apdf,109.0,100.0,1.0,Cork International Airport,51.841301,-8.49111
EIDL,7.0,7.0,100.0,0.0,0.0,600.0,600.0,370.0,397.5,405.0,417.5,430.0,-1.005,-0.7166666666666667,-0.675,-0.6625000000000001,-0.6166666666666667,0.0,0.0,0.0,0.0,0.0,0.0,0.0,0.0,0.0,0.0,405.0,430.0,100.0,0.0,100.0,0.0,0.0,7.0,7.0,100.0,0.0,0.0,,,-715.6,-583.5,-420.0,-306.5,-273.0,,,,,,,,,,,,,,,,420.0,715.6,100.0,,100.0,0.0,0.0,0.0,nm_inferred,7.0,100.0,,Donegal Airport,55.0442008972168,-8.340999603271484
EIDW,1127.0,1119.0,99.29015084294588,0.0,99.64507542147294,780.0,505.0,-876.0,-542.5,-265.0,45.0,75.0,-0.11694444444444443,-0.06818181818181818,0.3333333333333333,0.6180340557275542,0.8788636363636364,0.0,0.0,0.3125,0.5357142857142857,0.8181818181818182,0.0,0.0,0.2942708333333333,0.5213815789473684,0.7916666666666666,280.0,922.0000000000005,40.92940125111707,1.2511170688114388,94.94232475598935,3.815439219165927,0.5323868677905945,1108.0,1101.0,99.36823104693141,0.0,100.0,420.0,5.0,290.0,340.0,535.0,645.0,750.0,0.5984848484848485,0.8194444444444444,1.25,1.5972222222222223,1.8333333333333333,0.6,0.8333333333333334,1.0,1.0,1.0,0.5916666666666667,0.7976190476190477,1.0,1.0,1.0,545.0,755.0,0.9082652134423251,60.67211625794732,94.67509025270758,3.9711191335740073,0.7220216606498195,100.0,apdf,1127.0,99.32919094493865,0.6427943736931576,Dublin Airport,53.428713,-6.262121
EIKN,29.0,29.0,100.0,0.0,0.0,600.0,290.0,-972.0,-635.0,-310.0,-215.0,-165.0,0.2816666666666667,0.36666666666666664,0.525,1.0583333333333333,2.1966666666666663,0.3,0.4,0.4583333333333333,0.75,1.0,0.2816666666666667,0.35833333333333334,0.4444444444444444,0.7166666666666667,1.0,310.0,972.0,0.0,13.793103448275861,96.55172413793103,0.0,3.4482758620689653,29.0,29.0,100.0,0.0,0.0,,,382.8,506.0,578.0,653.0,752.7999999999998,,,,,,,,,,,,,,,,578.0,752.7999999999998,0.0,,96.55172413793103,0.0,3.4482758620689653,0.0,nm_inferred,29.0,100.0,,Ireland West Airport Knock,53.910439,-8.817002
EIKY,20.0,20.0,100.0,0.0,0.0,720.0,720.0,5.0,10.0,30.0,41.25,45.0,-0.06999999999999999,-0.0625,-0.041666666666666664,-0.02847222222222222,-0.006944444444444444,0.0,0.0,0.0,0.0,0.0,0.0,0.0,0.0,0.0,0.0,30.0,45.0,100.0,0.0,100.0,0.0,0.0,18.0,18.0,100.0,0.0,0.0,,,243.6,258.25,268.5,288.0,308.9,,,,,,,,,,,,,,,,268.5,308.9,5.555555555555555,,100.0,0.0,0.0,0.0,nm_inferred,20.0,100.0,,Kerry Airport,52.180901,-9.52378
EINN,84.0,83.0,98.80952380952381,0.0,0.0,600.0,600.0,50.800000000000004,62.5,80.0,92.5,105.0,-0.16666666666666666,-0.14166666666666666,-0.10555555555555556,-0.08333333333333333,-0.06666666666666667,0.0,0.0,0.0,0.0,0.0,0.0,0.0,0.0,0.0,0.0,80.0,105.0,100.0,0.0,95.23809523809524,2.380952380952381,1.1904761904761905,81.0,80.0,98.76543209876543,0.0,0.0,,,120.4,144.25,161.5,175.0,185.20000000000002,,,,,,,,,,,,,,,,163.0,187.10000000000002,6.25,,96.29629629629629,1.2345679012345678,1.2345679012345678,0.0,nm_inferred,84.0,98.78747795414462,,Shannon Airport,52.702,-8.92482
EIWT,2.0,2.0,100.0,0.0,0.0,300.0,262.5,-66.5,-53.75,-32.5,-11.25,1.5000000000000018,-0.0049999999999999975,0.0375,0.10833333333333334,0.17916666666666667,0.22166666666666668,0.03,0.075,0.15,0.22499999999999998,0.27,0.025,0.0625,0.125,0.1875,0.225,42.5,68.5,50.0,0.0,0.0,0.0,100.0,1.0,1.0,100.0,0.0,0.0,,,197.0,197.0,197.0,197.0,197.0,,,,,,,,,,,,,,,,197.0,197.0,0.0,,0.0,0.0,100.0,0.0,nm_inferred,2.0,100.0,,Weston Airport,53.351622,-6.490357
EKAF,1.0,0.0,0.0,0.0,0.0,120.0,,,,,,,,,,,,,,,,,,,,,,,,,,0.0,0.0,0.0,1.0,0.0,0.0,0.0,0.0,,,,,,,,,,,,,,,,,,,,,,,,,,,0.0,0.0,0.0,0.0,nm_inferred,1.0,0.0,,A6A Helideck,55.7905,3.9925
EKAH,36.0,36.0,100.0,0.0,0.0,600.0,600.0,62.5,84.5,97.5,133.75,202.5,-0.3375,-0.22291666666666668,-0.1575,-0.13708333333333333,-0.09444444444444444,0.0,0.0,0.0,0.0,0.0,0.0,0.0,0.0,0.0,0.0,97.5,202.5,100.0,0.0,86.11111111111111,8.333333333333334,5.555555555555555,37.0,37.0,100.0,0.0,0.0,,,-178.6,24.0,62.0,118.0,150.79999999999995,,,,,,,,,,,,,,,,97.0,202.99999999999997,21.62162162162162,,91.89189189189189,2.7027027027027026,5.405405405405405,0.0,nm_inferred,37.0,100.0,,Aarhus Airport,56.303331,10.618286
EKBI,193.0,190.0,98.44559585492227,0.0,0.0,600.0,600.0,15.0,20.0,35.0,55.0,65.0,-0.1,-0.08333333333333333,-0.058333333333333334,-0.03333333333333333,-0.016666666666666666,0.0,0.0,0.0,0.0,0.0,0.0,0.0,0.0,0.0,0.0,35.0,65.0,99.47368421052632,0.0,94.30051813471502,4.1450777202072535,0.0,194.0,192.0,98.96907216494846,0.0,0.0,,,218.2,250.0,271.0,283.0,291.9,,,,,,,,,,,,,,,,272.0,293.9,3.6458333333333335,,90.20618556701031,8.24742268041237,0.5154639175257731,0.0,nm_inferred,194.0,98.70733400993537,,Billund Airport,55.740335,9.157019
EKCH,1149.0,1143.0,99.47780678851174,0.0,99.56483899042647,657.0,660.0,29.0,32.0,37.0,46.0,55.0,-0.09448990122364735,-0.07262511413428824,-0.05670103092783505,-0.0463477167661529,-0.036388532507837114,0.0,0.0,0.0,0.0,0.0,0.0,0.0,0.0,0.0,0.0,37.0,55.0,100.0,0.0,93.29852045256744,5.7441253263707575,0.4351610095735422,1141.0,1136.0,99.5617879053462,0.0,99.82471516213847,360.0,153.0,169.0,204.0,215.0,231.0,246.0,0.30077170020990246,0.4648945132867624,0.5836776859504132,0.6960130823512682,0.7937852600074823,0.3333333333333333,0.5,0.6153846153846154,0.7272727272727273,0.8,0.32160954219215565,0.4791090816894687,0.5937116187668877,0.7059430682312039,0.8042320767923209,215.0,247.0,4.401408450704225,1.4109347442680775,93.16389132340052,5.784399649430324,0.6134969325153374,99.82471516213847,apdf,1149.0,99.51979734692897,0.29543029991098907,Copenhagen Kastrup Airport,55.617900848389,12.656000137329
EKDF,2.0,1.0,50.0,0.0,0.0,120.0,120.0,2528.0,2528.0,2528.0,2528.0,2528.0,-21.066666666666666,-21.066666666666666,-21.066666666666666,-21.066666666666666,-21.066666666666666,0.0,0.0,0.0,0.0,0.0,0.0,0.0,0.0,0.0,0.0,2528.0,2528.0,100.0,0.0,50.0,0.0,0.0,2.0,1.0,50.0,0.0,0.0,,,-2977.0,-2977.0,-2977.0,-2977.0,-2977.0,,,,,,,,,,,,,,,,2977.0,2977.0,100.0,,50.0,0.0,0.0,0.0,nm_inferred,2.0,50.0,,Dan F Helideck,55.47809982299805,5.105527877807617
EKEB,30.0,17.0,56.666666666666664,0.0,0.0,300.0,300.0,17.8,40.0,85.0,95.0,107.0,-0.35666666666666663,-0.31666666666666665,-0.2833333333333333,-0.13333333333333333,-0.059333333333333314,0.0,0.0,0.0,0.0,0.0,0.0,0.0,0.0,0.0,0.0,85.0,107.0,100.0,0.0,50.0,0.0,6.666666666666667,29.0,16.0,55.172413793103445,0.0,0.0,,,202.0,241.5,266.0,303.5,1031.5,,,,,,,,,,,,,,,,266.0,1031.5,0.0,,48.275862068965516,0.0,6.896551724137931,0.0,nm_inferred,30.0,55.91954022988506,,Esbjerg Airport,55.525902,8.5534
EKGC,,,,,,,,,,,,,,,,,,,,,,,,,,,,,,,,,,,1.0,1.0,100.0,0.0,0.0,,,-2755.0,-2755.0,-2755.0,-2755.0,-2755.0,,,,,,,,,,,,,,,,2755.0,2755.0,100.0,,100.0,0.0,0.0,0.0,nm_inferred,1.0,100.0,,Gorm C Helideck,55.57984924316406,4.758889198303223
EKHA,2.0,1.0,50.0,0.0,0.0,120.0,120.0,2345.0,2345.0,2345.0,2345.0,2345.0,-19.541666666666668,-19.541666666666668,-19.541666666666668,-19.541666666666668,-19.541666666666668,0.0,0.0,0.0,0.0,0.0,0.0,0.0,0.0,0.0,0.0,2345.0,2345.0,100.0,0.0,50.0,0.0,0.0,3.0,2.0,66.66666666666667,0.0,0.0,,,-2949.7,-2949.25,-2948.5,-2947.75,-2947.3,,,,,,,,,,,,,,,,2948.5,2949.7,100.0,,66.66666666666667,0.0,0.0,0.0,nm_inferred,3.0,58.333333333333336,,Halfdan A Helideck,55.53085708618164,5.004167079925537
EKHB,3.0,3.0,100.0,0.0,0.0,120.0,120.0,2361.0,2370.0,2385.0,2422.5,2445.0,-20.375,-20.1875,-19.875,-19.75,-19.675,0.0,0.0,0.0,0.0,0.0,0.0,0.0,0.0,0.0,0.0,2385.0,2445.0,100.0,0.0,66.66666666666667,0.0,33.333333333333336,2.0,2.0,100.0,0.0,0.0,,,-2792.1,-2769.75,-2732.5,-2695.25,-2672.9,,,,,,,,,,,,,,,,2732.5,2792.1,100.0,,100.0,0.0,0.0,0.0,nm_inferred,3.0,100.0,,Halfdan B Helideck,55.538612365722656,5.033332824707031
EKHD,3.0,0.0,0.0,0.0,0.0,120.0,,,,,,,,,,,,,,,,,,,,,,,,,,0.0,0.0,0.0,4.0,0.0,0.0,0.0,0.0,,,,,,,,,,,,,,,,,,,,,,,,,,,0.0,0.0,0.0,0.0,nm_inferred,4.0,0.0,,Harald Helideck,56.344120025634766,4.27191686630249
EKKA,5.0,0.0,0.0,0.0,0.0,300.0,,,,,,,,,,,,,,,,,,,,,,,,,,0.0,0.0,0.0,5.0,0.0,0.0,0.0,0.0,,,,,,,,,,,,,,,,,,,,,,,,,,,0.0,0.0,0.0,0.0,nm_inferred,5.0,0.0,,Midtjyllands Airport / Air Base Karup,56.297139,9.104311
EKRK,8.0,8.0,100.0,0.0,0.0,300.0,300.0,19.0,25.0,27.5,31.25,41.0,-0.13666666666666666,-0.10416666666666667,-0.09166666666666667,-0.08333333333333333,-0.06333333333333334,0.0,0.0,0.0,0.0,0.0,0.0,0.0,0.0,0.0,0.0,27.5,41.0,100.0,0.0,100.0,0.0,0.0,9.0,9.0,100.0,0.0,0.0,,,215.8,279.0,289.0,302.0,315.6,,,,,,,,,,,,,,,,289.0,315.6,0.0,,100.0,0.0,0.0,0.0,nm_inferred,9.0,100.0,,Copenhagen Roskilde Airport,55.585602,12.1314
EKRN,22.0,22.0,100.0,0.0,0.0,300.0,300.0,155.0,165.0,192.5,210.0,229.5,-0.765,-0.7,-0.6416666666666666,-0.55,-0.5166666666666667,0.0,0.0,0.0,0.0,0.0,0.0,0.0,0.0,0.0,0.0,192.5,229.5,100.0,0.0,100.0,0.0,0.0,21.0,21.0,100.0,0.0,0.0,,,-112.0,37.0,118.0,148.0,176.0,,,,,,,,,,,,,,,,126.0,178.0,19.047619047619047,,100.0,0.0,0.0,0.0,nm_inferred,22.0,100.0,,Bornholm Airport,55.063301,14.7596
EKSB,14.0,14.0,100.0,0.0,0.0,300.0,300.0,11.5,21.25,35.0,45.0,53.50000000000001,-0.17833333333333332,-0.15,-0.11666666666666667,-0.07083333333333333,-0.038333333333333316,0.0,0.0,0.0,0.0,0.0,0.0,0.0,0.0,0.0,0.0,35.0,53.50000000000001,100.0,0.0,100.0,0.0,0.0,14.0,14.0,100.0,0.0,0.0,,,108.4,192.25,237.0,252.75,259.90000000000003,,,,,,,,,,,,,,,,237.0,259.90000000000003,7.142857142857143,,100.0,0.0,0.0,0.0,nm_inferred,14.0,100.0,,Sønderborg Airport,54.96440124511719,9.791729927062988
EKSI,,,,,,,,,,,,,,,,,,,,,,,,,,,,,,,,,,,2.0,2.0,100.0,0.0,0.0,,,-3120.5,-2987.75,-2766.5,-2545.25,-2412.5,,,,,,,,,,,,,,,,2766.5,3120.5,100.0,,100.0,0.0,0.0,0.0,nm_inferred,2.0,100.0,,Siri Helideck,56.48271560668945,4.911110877990723
EKTE,6.0,4.0,66.66666666666667,0.0,0.0,120.0,120.0,1788.0,1815.0,2157.5,2489.25,2496.9,-20.8075,-20.74375,-17.979166666666664,-15.125,-14.9,0.0,0.0,0.0,0.0,0.0,0.0,0.0,0.0,0.0,0.0,2157.5,2496.9,100.0,0.0,50.0,0.0,16.666666666666668,6.0,3.0,50.0,0.0,0.0,,,-3328.2,-3222.0,-3045.0,-2569.5,-2284.2,,,,,,,,,,,,,,,,3045.0,3328.2,100.0,,16.666666666666668,0.0,33.333333333333336,0.0,nm_inferred,6.0,58.333333333333336,,Tyra E Helideck,55.72152328491211,4.802055835723877
EKTW,3.0,1.0,33.333333333333336,0.0,0.0,120.0,120.0,2545.0,2545.0,2545.0,2545.0,2545.0,-21.208333333333332,-21.208333333333332,-21.208333333333332,-21.208333333333332,-21.208333333333332,0.0,0.0,0.0,0.0,0.0,0.0,0.0,0.0,0.0,0.0,2545.0,2545.0,100.0,0.0,33.333333333333336,0.0,0.0,1.0,1.0,100.0,0.0,0.0,,,-3166.0,-3166.0,-3166.0,-3166.0,-3166.0,,,,,,,,,,,,,,,,3166.0,3166.0,100.0,,100.0,0.0,0.0,0.0,nm_inferred,3.0,66.66666666666667,,Tyra W Helideck,55.716529846191406,4.750306129455566
EKVG,24.0,24.0,100.0,0.0,0.0,300.0,300.0,1977.5,2027.5,2152.5,2871.25,3571.4999999999995,-11.905,-9.570833333333333,-7.175000000000001,-6.758333333333333,-6.591666666666667,0.0,0.0,0.0,0.0,0.0,0.0,0.0,0.0,0.0,0.0,2152.5,3571.4999999999995,100.0,0.0,100.0,0.0,0.0,22.0,22.0,100.0,0.0,0.0,,,-3237.4,-2133.0,-1980.0,-1875.5,-1712.4999999999998,,,,,,,,,,,,,,,,1980.0,3237.4,100.0,,100.0,0.0,0.0,0.0,nm_inferred,24.0,100.0,,Vágar Airport,62.063256,-7.275782
EKYT,76.0,76.0,100.0,0.0,0.0,600.0,600.0,0.0,10.0,22.5,45.0,62.5,-0.09166666666666667,-0.075,-0.0375,-0.016666666666666666,-0.0,0.0,0.0,0.0,0.0,0.0,0.0,0.0,0.0,0.0,0.0,22.5,62.5,90.78947368421052,0.0,96.05263157894737,1.3157894736842106,2.6315789473684212,74.0,73.0,98.64864864864865,0.0,0.0,,,230.0,240.0,260.0,275.0,295.0,,,,,,,,,,,,,,,,260.0,295.0,1.36986301369863,,93.24324324324324,2.7027027027027026,2.7027027027027026,0.0,nm_inferred,76.0,99.32432432432432,,Aalborg Airport,57.094763,9.84993
ELLX,323.0,323.0,100.0,0.0,99.69040247678018,720.0,270.0,-810.0,-620.0,-455.0,-297.5,-170.99999999999994,0.3011111111111111,0.4616161616161616,0.6421568627450981,0.8179450757575758,0.9361990950226244,0.3333333333333333,0.5,0.65,0.8333333333333334,0.95,0.30974025974025976,0.4616161616161616,0.6296296296296297,0.8103956228956228,0.9261764705882354,460.0,852.0000000000002,3.4055727554179565,8.359133126934985,90.09287925696594,8.6687306501548,1.238390092879257,327.0,326.0,99.69418960244649,0.0,99.08256880733946,240.0,5.0,405.0,455.0,510.0,585.0,700.0,1.4526455026455025,1.6666666666666667,1.9166666666666667,2.2708333333333335,2.9166666666666683,1.0,1.0,1.0,1.0,1.0,1.0,1.0,1.0,1.0,1.0,520.0,720.0,2.7607361963190185,98.14241486068111,90.8256880733945,7.6452599388379205,1.2232415902140672,99.69040247678018,apdf,327.0,99.84709480122325,0.8135689206025598,Luxembourg-Findel International Airport,49.626845,6.212134
ENAL,60.0,60.0,100.0,0.0,0.0,300.0,300.0,512.0,599.0,770.0,1032.75,1224.5,-4.128333333333334,-3.5233333333333334,-2.5666666666666664,-1.8890277777777778,-1.5856666666666666,0.0,0.0,0.0,0.0,0.0,0.0,0.0,0.0,0.0,0.0,770.0,1224.5,100.0,0.0,98.33333333333333,1.6666666666666667,0.0,61.0,61.0,100.0,0.0,0.0,,,-1045.0,-880.0,-777.0,-691.0,-601.0,,,,,,,,,,,,,,,,777.0,1045.0,100.0,,98.36065573770492,0.0,1.639344262295082,0.0,nm_inferred,61.0,100.0,,Ålesund Airport,62.560443,6.110845
ENAN,15.0,6.0,40.0,0.0,0.0,300.0,300.0,1630.0,1750.0,2077.5,2390.0,2425.0,-8.083333333333334,-7.966666666666667,-6.925,-5.833333333333334,-5.433333333333334,0.0,0.0,0.0,0.0,0.0,0.0,0.0,0.0,0.0,0.0,2077.5,2425.0,100.0,0.0,40.0,0.0,0.0,15.0,6.0,40.0,0.0,0.0,,,-1662.0,-1618.25,-1412.0,-1302.5,-1201.0,,,,,,,,,,,,,,,,1412.0,1662.0,100.0,,40.0,0.0,0.0,0.0,nm_inferred,15.0,40.0,,"Andøya Airport, Andenes",69.295193,16.139379
ENAT,32.0,17.0,53.125,0.0,0.0,480.0,480.0,379.0,397.0,435.0,740.0,1532.0,-3.1916666666666664,-1.5416666666666667,-0.90625,-0.8270833333333333,-0.7895833333333333,0.0,0.0,0.0,0.0,0.0,0.0,0.0,0.0,0.0,0.0,435.0,1532.0,100.0,0.0,53.125,0.0,0.0,30.0,15.0,50.0,0.0,0.0,,,-1704.2,-500.5,-458.0,-410.0,-388.0,,,,,,,,,,,,,,,,458.0,1704.2,100.0,,50.0,0.0,0.0,0.0,nm_inferred,32.0,51.5625,,Alta Airport,69.976097,23.3717
ENBE,2.0,0.0,0.0,0.0,0.0,60.0,,,,,,,,,,,,,,,,,,,,,,,,,,0.0,0.0,0.0,2.0,0.0,0.0,0.0,0.0,,,,,,,,,,,,,,,,,,,,,,,,,,,0.0,0.0,0.0,0.0,nm_inferred,2.0,0.0,,Balder A FPU,59.190601,2.35806
ENBL,14.0,14.0,100.0,0.0,0.0,300.0,300.0,324.5,388.75,417.5,778.75,980.5000000000001,-3.2683333333333335,-2.595833333333333,-1.3916666666666666,-1.2958333333333334,-1.0816666666666666,0.0,0.0,0.0,0.0,0.0,0.0,0.0,0.0,0.0,0.0,417.5,980.5000000000001,100.0,0.0,100.0,0.0,0.0,14.0,14.0,100.0,0.0,0.0,,,-1068.7,-894.0,-594.5,-525.25,-465.29999999999995,,,,,,,,,,,,,,,,594.5,1068.7,100.0,,100.0,0.0,0.0,0.0,nm_inferred,14.0,100.0,,"Førde Airport, Bringeland",61.391102,5.75694
ENBN,25.0,18.0,72.0,0.0,0.0,300.0,300.0,343.5,408.0,460.5,711.25,819.8000000000001,-2.732666666666667,-2.370833333333333,-1.5350000000000001,-1.36,-1.145,0.0,0.0,0.0,0.0,0.0,0.0,0.0,0.0,0.0,0.0,460.5,819.8000000000001,100.0,0.0,72.0,0.0,0.0,26.0,19.0,73.07692307692308,0.0,0.0,,,-626.8,-481.5,-362.0,-199.5,-141.6,,,,,,,,,,,,,,,,362.0,626.8,100.0,,69.23076923076923,3.8461538461538463,0.0,0.0,nm_inferred,26.0,72.53846153846155,,"Brønnøysund Airport, Brønnøy",65.461098,12.2175
ENBO,172.0,172.0,100.0,0.0,0.0,360.0,360.0,11.100000000000001,24.75,32.5,47.0,71.0,-0.19722222222222222,-0.13055555555555556,-0.08888888888888889,-0.06666666666666667,-0.030833333333333317,0.0,0.0,0.0,0.0,0.0,0.0,0.0,0.0,0.0,0.0,33.0,71.0,97.67441860465117,0.0,93.6046511627907,4.651162790697675,1.744186046511628,168.0,167.0,99.4047619047619,0.0,0.0,,,55.20000000000002,146.0,233.0,255.0,265.0,,,,,,,,,,,,,,,,233.0,265.4,6.586826347305389,,97.02380952380952,0.5952380952380952,1.7857142857142858,0.0,nm_inferred,172.0,99.70238095238095,,Bodø Airport,67.269203,14.3653
ENBR,417.0,379.0,90.88729016786571,48.0,100.0,540.0,465.0,-335.0,-172.5,20.0,50.0,65.0,-0.14007936507936508,-0.09259259259259259,-0.041666666666666664,0.3416666666666667,0.5272727272727274,0.0,0.0,0.0,0.3359375,0.5,0.0,0.0,0.0,0.31782670454545453,0.4704545454545455,55.0,336.9999999999999,62.26912928759894,0.5434782608695652,83.69304556354916,1.6786570743405276,5.5155875299760195,415.0,377.0,90.8433734939759,0.0,99.75903614457832,180.0,5.0,285.0,330.0,375.0,445.0,490.0,1.2312500000000002,1.8055555555555556,2.1666666666666665,2.75,3.604166666666667,1.0,1.0,1.0,1.0,1.0,1.0,1.0,1.0,1.0,1.0,375.0,490.0,1.3262599469496021,92.02127659574468,83.13253012048193,2.4096385542168677,5.301204819277109,100.0,apdf,417.0,90.86533183092081,0.454326659154604,"Bergen Airport, Flesland",60.2934,5.21814
ENCN,47.0,47.0,100.0,0.0,0.0,600.0,600.0,50.0,55.5,75.0,90.0,100.0,-0.21999999999999997,-0.16249999999999998,-0.13333333333333333,-0.0925,-0.08333333333333333,0.0,0.0,0.0,0.0,0.0,0.0,0.0,0.0,0.0,0.0,75.0,100.0,100.0,0.0,97.87234042553192,2.127659574468085,0.0,48.0,48.0,100.0,0.0,0.0,,,64.9,95.5,112.0,123.5,129.3,,,,,,,,,,,,,,,,112.5,130.0,8.333333333333334,,100.0,0.0,0.0,0.0,nm_inferred,48.0,100.0,,Kristiansand Airport,58.204201,8.08537
ENDP,1.0,0.0,0.0,0.0,0.0,60.0,,,,,,,,,,,,,,,,,,,,,,,,,,0.0,0.0,0.0,1.0,0.0,0.0,0.0,0.0,,,,,,,,,,,,,,,,,,,,,,,,,,,0.0,0.0,0.0,0.0,nm_inferred,1.0,0.0,,Draupner Platform,58.188099,2.47111
ENDR,3.0,0.0,0.0,0.0,0.0,60.0,,,,,,,,,,,,,,,,,,,,,,,,,,0.0,0.0,0.0,3.0,0.0,0.0,0.0,0.0,,,,,,,,,,,,,,,,,,,,,,,,,,,0.0,0.0,0.0,0.0,nm_inferred,3.0,0.0,,Draugen Platform Helipad,64.35556,7.79167
ENDU,9.0,9.0,100.0,0.0,0.0,600.0,600.0,229.0,295.0,310.0,979.0,997.4,-1.6623333333333332,-1.6316666666666666,-0.5166666666666667,-0.49166666666666664,-0.3816666666666667,0.0,0.0,0.0,0.0,0.0,0.0,0.0,0.0,0.0,0.0,310.0,997.4,100.0,0.0,100.0,0.0,0.0,8.0,8.0,100.0,0.0,0.0,,,-1183.5,-1125.75,-857.0,-730.5,-581.7,,,,,,,,,,,,,,,,857.0,1183.5,100.0,,100.0,0.0,0.0,0.0,nm_inferred,9.0,100.0,,Bardufoss Airport,69.055801,18.5404
ENEV,40.0,34.0,85.0,0.0,0.0,600.0,600.0,586.7,626.0,722.5,889.25,1070.8999999999999,-2.008833333333333,-1.6791666666666667,-1.2333333333333334,-1.0433333333333334,-0.9778333333333333,0.0,0.0,0.0,0.0,0.0,0.0,0.0,0.0,0.0,0.0,722.5,1070.8999999999999,100.0,0.0,80.0,2.5,2.5,41.0,36.0,87.8048780487805,0.0,0.0,,,-945.0,-802.25,-648.0,-581.75,-525.0,,,,,,,,,,,,,,,,648.0,945.0,100.0,,85.36585365853658,0.0,2.4390243902439024,0.0,nm_inferred,41.0,86.40243902439025,,Harstad/Narvik Airport,68.491302,16.678101
ENFB,2.0,0.0,0.0,0.0,0.0,60.0,,,,,,,,,,,,,,,,,,,,,,,,,,0.0,0.0,0.0,3.0,0.0,0.0,0.0,0.0,,,,,,,,,,,,,,,,,,,,,,,,,,,0.0,0.0,0.0,0.0,nm_inferred,3.0,0.0,,Statfjord B,61.20639,1.82889
ENFL,44.0,30.0,68.18181818181819,0.0,0.0,300.0,300.0,383.5,422.5,600.0,672.5,1028.5,-3.4283333333333332,-2.2416666666666667,-2.0,-1.4083333333333332,-1.2783333333333333,0.0,0.0,0.0,0.0,0.0,0.0,0.0,0.0,0.0,0.0,600.0,1028.5,100.0,0.0,63.63636363636363,0.0,4.545454545454546,43.0,29.0,67.44186046511628,0.0,0.0,,,-1561.1999999999998,-573.0,-275.0,-161.0,-112.80000000000001,,,,,,,,,,,,,,,,323.0,1561.1999999999994,96.55172413793103,,60.46511627906977,0.0,6.976744186046512,0.0,nm_inferred,44.0,67.81183932346724,,Florø Airport,61.583599090576,5.0247201919556
ENGA,4.0,0.0,0.0,0.0,0.0,60.0,,,,,,,,,,,,,,,,,,,,,,,,,,0.0,0.0,0.0,4.0,0.0,0.0,0.0,0.0,,,,,,,,,,,,,,,,,,,,,,,,,,,0.0,0.0,0.0,0.0,nm_inferred,4.0,0.0,,Gullfaks A,61.17556,2.1875
ENGC,4.0,0.0,0.0,0.0,0.0,60.0,,,,,,,,,,,,,,,,,,,,,,,,,,0.0,0.0,0.0,3.0,0.0,0.0,0.0,0.0,,,,,,,,,,,,,,,,,,,,,,,,,,,0.0,0.0,0.0,0.0,nm_inferred,4.0,0.0,,Gullfaks C Helipad,61.214063,2.270984
ENGM,1090.0,1086.0,99.63302752293578,21.0,99.63302752293578,660.0,540.0,-337.5,-165.0,-60.0,-10.0,35.0,-0.05555555555555555,0.018518518518518517,0.09375,0.2803030303030303,0.46341991341991345,0.0,0.041666666666666664,0.1111111111111111,0.3,0.46153846153846156,0.0,0.018518518518518517,0.09523809523809523,0.27564102564102566,0.44478021978021987,70.0,345.0,20.994475138121548,0.5633802816901409,95.3211009174312,3.3944954128440368,0.9174311926605505,1092.0,1088.0,99.63369963369964,0.0,99.9084249084249,240.0,5.0,250.0,295.0,320.0,481.25,616.5000000000003,0.6666666666666666,0.9833333333333333,1.3958333333333333,1.7222222222222223,2.0733333333333333,0.6903846153846154,1.0,1.0,1.0,1.0,0.6770833333333334,0.9583333333333334,1.0,1.0,1.0,320.0,620.0,1.286764705882353,75.89696412143515,96.52014652014653,2.4725274725274726,0.6410256410256411,99.9084249084249,apdf,1092.0,99.6333635783177,0.5456112767384065,Oslo-Gardermoen International Airport,60.193901,11.1004
ENHD,37.0,36.0,97.29729729729729,0.0,0.0,300.0,300.0,99.0,113.0,125.0,165.0,188.0,-0.6266666666666667,-0.55,-0.4166666666666667,-0.37666666666666665,-0.32999999999999996,0.0,0.0,0.0,0.0,0.0,0.0,0.0,0.0,0.0,0.0,125.0,188.0,100.0,0.0,67.56756756756756,8.108108108108109,21.62162162162162,35.0,34.0,97.14285714285714,0.0,0.0,,,-304.9,-179.75,-29.5,89.75,1378.7,,,,,,,,,,,,,,,,164.0,1378.7,52.94117647058823,,80.0,0.0,17.142857142857142,0.0,nm_inferred,37.0,97.22007722007721,,"Haugesund Airport, Karmøy",59.345299,5.20836
ENHE,6.0,0.0,0.0,0.0,0.0,60.0,,,,,,,,,,,,,,,,,,,,,,,,,,0.0,0.0,0.0,6.0,0.0,0.0,0.0,0.0,,,,,,,,,,,,,,,,,,,,,,,,,,,0.0,0.0,0.0,0.0,nm_inferred,6.0,0.0,,Heidrun A Helipad,65.32556,7.31583
ENJS,8.0,0.0,0.0,0.0,0.0,60.0,,,,,,,,,,,,,,,,,,,,,,,,,,0.0,0.0,0.0,8.0,0.0,0.0,0.0,0.0,,,,,,,,,,,,,,,,,,,,,,,,,,,0.0,0.0,0.0,0.0,nm_inferred,8.0,0.0,,Johan Sverdrup Helipad,58.83528,2.54556
ENKB,48.0,23.0,47.916666666666664,0.0,0.0,300.0,300.0,552.4,625.0,955.0,1241.0,1570.0,-5.233333333333333,-4.136666666666667,-3.183333333333333,-2.083333333333333,-1.8413333333333333,0.0,0.0,0.0,0.0,0.0,0.0,0.0,0.0,0.0,0.0,955.0,1570.0,100.0,0.0,47.916666666666664,0.0,0.0,45.0,21.0,46.666666666666664,0.0,0.0,,,-1320.0,-908.0,-797.0,-701.0,-646.0,,,,,,,,,,,,,,,,797.0,1320.0,100.0,,46.666666666666664,0.0,0.0,0.0,nm_inferred,48.0,47.291666666666664,,"Kristiansund Airport, Kvernberget",63.111801,7.82452
ENKR,18.0,12.0,66.66666666666667,0.0,0.0,300.0,300.0,1036.0,1281.25,2331.5,2662.0,2850.4,-9.501333333333333,-8.873333333333333,-7.7716666666666665,-4.270833333333333,-3.453333333333333,0.0,0.0,0.0,0.0,0.0,0.0,0.0,0.0,0.0,0.0,2331.5,2850.4,100.0,0.0,66.66666666666667,0.0,0.0,18.0,12.0,66.66666666666667,0.0,0.0,,,-2321.1,-2109.75,-1991.0,-988.0,-856.5999999999999,,,,,,,,,,,,,,,,1991.0,2321.1,100.0,,66.66666666666667,0.0,0.0,0.0,nm_inferred,18.0,66.66666666666667,,"Kirkenes Airport, Høybuktmoen",69.7258,29.8913
ENLA,2.0,0.0,0.0,0.0,0.0,60.0,,,,,,,,,,,,,,,,,,,,,,,,,,0.0,0.0,0.0,2.0,0.0,0.0,0.0,0.0,,,,,,,,,,,,,,,,,,,,,,,,,,,0.0,0.0,0.0,0.0,nm_inferred,2.0,0.0,,Ula Platform,57.111667,2.846667
ENLE,11.0,0.0,0.0,0.0,0.0,60.0,,,,,,,,,,,,,,,,,,,,,,,,,,0.0,0.0,0.0,10.0,0.0,0.0,0.0,0.0,,,,,,,,,,,,,,,,,,,,,,,,,,,0.0,0.0,0.0,0.0,nm_inferred,11.0,0.0,,Ekofisk Oil Pltf Helipad,56.5333,3.21667
ENLK,26.0,23.0,88.46153846153847,0.0,0.0,300.0,300.0,869.0,902.5,955.0,1027.5,1074.0,-3.58,-3.425,-3.183333333333333,-3.0083333333333333,-2.8966666666666665,0.0,0.0,0.0,0.0,0.0,0.0,0.0,0.0,0.0,0.0,955.0,1074.0,100.0,0.0,84.61538461538461,0.0,3.8461538461538463,25.0,22.0,88.0,0.0,0.0,,,-700.5,-632.25,-589.0,-473.75,-437.59999999999997,,,,,,,,,,,,,,,,589.0,700.5000000000001,100.0,,88.0,0.0,0.0,0.0,nm_inferred,26.0,88.23076923076923,,Leknes Airport,68.152496337891,13.609399795532
ENML,19.0,19.0,100.0,0.0,0.0,300.0,300.0,574.8,629.0,709.0,848.5,1311.1999999999998,-4.370666666666667,-2.828333333333333,-2.3633333333333333,-2.0966666666666667,-1.916,0.0,0.0,0.0,0.0,0.0,0.0,0.0,0.0,0.0,0.0,709.0,1311.1999999999998,100.0,0.0,100.0,0.0,0.0,21.0,21.0,100.0,0.0,0.0,,,-929.0,-901.0,-783.0,-705.0,-623.0,,,,,,,,,,,,,,,,783.0,929.0,100.0,,100.0,0.0,0.0,0.0,nm_inferred,21.0,100.0,,"Molde Airport, Årø",62.744701,7.2625
ENMS,16.0,16.0,100.0,0.0,0.0,300.0,300.0,540.0,595.0,645.0,720.0,855.0,-2.8499999999999996,-2.4,-2.15,-1.9833333333333334,-1.8,0.0,0.0,0.0,0.0,0.0,0.0,0.0,0.0,0.0,0.0,645.0,855.0,100.0,0.0,93.75,0.0,6.25,15.0,14.0,93.33333333333333,0.0,0.0,,,-1068.7,-448.75,-302.0,-284.5,-216.6,,,,,,,,,,,,,,,,302.0,1068.7000000000003,100.0,,80.0,6.666666666666667,6.666666666666667,0.0,nm_inferred,16.0,96.66666666666666,,"Mosjøen Airport, Kjærstad",65.783997,13.2149
ENNA,10.0,7.0,70.0,0.0,0.0,300.0,300.0,1178.0,1212.5,1390.0,1470.0,1575.0,-5.25,-4.9,-4.633333333333334,-4.041666666666667,-3.9266666666666663,0.0,0.0,0.0,0.0,0.0,0.0,0.0,0.0,0.0,0.0,1390.0,1575.0,100.0,0.0,70.0,0.0,0.0,8.0,6.0,75.0,0.0,0.0,,,-1097.5,-902.0,-822.5,-729.5,-171.5,,,,,,,,,,,,,,,,822.5,1097.5,83.33333333333333,,75.0,0.0,0.0,0.0,nm_inferred,10.0,72.5,,"Lakselv Airport, Banak",70.068802,24.973499
ENNE,1.0,0.0,0.0,0.0,0.0,60.0,,,,,,,,,,,,,,,,,,,,,,,,,,0.0,0.0,0.0,1.0,0.0,0.0,0.0,0.0,,,,,,,,,,,,,,,,,,,,,,,,,,,0.0,0.0,0.0,0.0,nm_inferred,1.0,0.0,,Norne A Helipad,66.03333,8.08333
ENNM,8.0,8.0,100.0,0.0,0.0,300.0,300.0,-2193.0,-2141.25,-2037.5,332.5,380.5,-1.2683333333333333,-1.1083333333333334,6.791666666666666,7.137499999999999,7.31,0.0,0.0,0.0,0.0,0.0,0.0,0.0,0.0,0.0,0.0,2037.5,2193.0,37.5,0.0,37.5,0.0,62.5,8.0,8.0,100.0,0.0,0.0,,,-158.9,-110.0,2118.0,2442.25,2883.7,,,,,,,,,,,,,,,,2118.0,2883.7,37.5,,37.5,0.0,62.5,0.0,nm_inferred,8.0,100.0,,Namsos Airport,64.472198,11.5786
ENOA,4.0,0.0,0.0,0.0,0.0,60.0,,,,,,,,,,,,,,,,,,,,,,,,,,0.0,0.0,0.0,4.0,0.0,0.0,0.0,0.0,,,,,,,,,,,,,,,,,,,,,,,,,,,0.0,0.0,0.0,0.0,nm_inferred,4.0,0.0,,Oseberg A Platform,60.491402,2.82556
ENOC,3.0,0.0,0.0,0.0,0.0,60.0,,,,,,,,,,,,,,,,,,,,,,,,,,0.0,0.0,0.0,2.0,0.0,0.0,0.0,0.0,,,,,,,,,,,,,,,,,,,,,,,,,,,0.0,0.0,0.0,0.0,nm_inferred,3.0,0.0,,Oseberg C Platform,60.6078,2.77444
ENOV,29.0,23.0,79.3103448275862,0.0,0.0,300.0,300.0,625.0,677.5,1360.0,1865.0,2293.0,-7.6433333333333335,-6.216666666666667,-4.533333333333333,-2.2583333333333333,-2.0833333333333335,0.0,0.0,0.0,0.0,0.0,0.0,0.0,0.0,0.0,0.0,1360.0,2293.0,100.0,0.0,79.3103448275862,0.0,0.0,28.0,22.0,78.57142857142857,0.0,0.0,,,-1097.8,-986.5,-876.5,-728.75,-666.8999999999999,,,,,,,,,,,,,,,,876.5,1097.8000000000002,100.0,,78.57142857142857,0.0,0.0,0.0,nm_inferred,29.0,78.94088669950739,,"Ørsta-Volda Airport, Hovden",62.180000305176,6.0741000175476
ENQA,3.0,3.0,100.0,0.0,0.0,60.0,60.0,-2173.0,-2150.5,-2113.0,-570.5,355.0000000000001,-5.916666666666664,9.508333333333333,35.21666666666667,35.84166666666667,36.21666666666667,0.0,0.0,0.0,0.0,0.0,0.0,0.0,0.0,0.0,0.0,2113.0,2173.0,33.333333333333336,0.0,33.333333333333336,0.0,66.66666666666667,4.0,4.0,100.0,0.0,0.0,,,-545.0999999999999,-282.75,812.0,1815.75,1914.3,,,,,,,,,,,,,,,,1240.5,1914.3,50.0,,50.0,0.0,50.0,0.0,nm_inferred,4.0,100.0,,Troll A Platform,60.645,3.72472
ENQB,2.0,2.0,100.0,0.0,0.0,60.0,60.0,-2104.3,-1540.75,-601.5,337.75,901.3000000000001,-15.021666666666668,-5.629166666666666,10.024999999999999,25.679166666666667,35.07166666666667,0.0,0.0,0.0,0.0,0.0,0.0,0.0,0.0,0.0,0.0,1878.5,2359.7,50.0,0.0,50.0,0.0,50.0,1.0,1.0,100.0,0.0,0.0,,,2207.0,2207.0,2207.0,2207.0,2207.0,,,,,,,,,,,,,,,,2207.0,2207.0,0.0,,0.0,0.0,100.0,0.0,nm_inferred,2.0,100.0,,Troll B FPU,60.773899,3.50139
ENQC,3.0,3.0,100.0,0.0,0.0,60.0,60.0,-2576.0,-2550.5,-2508.0,-874.0,106.40000000000009,-1.7733333333333334,14.566666666666666,41.8,42.50833333333333,42.93333333333334,0.0,0.0,0.0,0.0,0.0,0.0,0.0,0.0,0.0,0.0,2508.0,2576.0,33.333333333333336,0.0,33.333333333333336,0.0,66.66666666666667,3.0,3.0,100.0,0.0,0.0,,,161.4000000000001,1090.5,2639.0,2648.5,2654.2,,,,,,,,,,,,,,,,2639.0,2654.2,33.333333333333336,,33.333333333333336,0.0,66.66666666666667,0.0,nm_inferred,3.0,100.0,,Troll C FPU,60.885799,3.60972
ENQD,3.0,0.0,0.0,0.0,0.0,60.0,,,,,,,,,,,,,,,,,,,,,,,,,,0.0,0.0,0.0,3.0,0.0,0.0,0.0,0.0,,,,,,,,,,,,,,,,,,,,,,,,,,,0.0,0.0,0.0,0.0,nm_inferred,3.0,0.0,,Brage A Platform,60.541901,3.04583
ENQE,2.0,0.0,0.0,0.0,0.0,60.0,,,,,,,,,,,,,,,,,,,,,,,,,,0.0,0.0,0.0,2.0,0.0,0.0,0.0,0.0,,,,,,,,,,,,,,,,,,,,,,,,,,,0.0,0.0,0.0,0.0,nm_inferred,2.0,0.0,,Oseberg East Helideck,60.700001,2.933611
ENQG,2.0,0.0,0.0,0.0,0.0,60.0,,,,,,,,,,,,,,,,,,,,,,,,,,0.0,0.0,0.0,5.0,0.0,0.0,0.0,0.0,,,,,,,,,,,,,,,,,,,,,,,,,,,0.0,0.0,0.0,0.0,nm_inferred,5.0,0.0,,Gullfaks B Helipad,61.202108,2.198832
ENQJ,2.0,0.0,0.0,0.0,0.0,60.0,,,,,,,,,,,,,,,,,,,,,,,,,,0.0,0.0,0.0,2.0,0.0,0.0,0.0,0.0,,,,,,,,,,,,,,,,,,,,,,,,,,,0.0,0.0,0.0,0.0,nm_inferred,2.0,0.0,,Gjoa Helipad,61.33167,3.895
ENQK,2.0,0.0,0.0,0.0,0.0,60.0,,,,,,,,,,,,,,,,,,,,,,,,,,0.0,0.0,0.0,1.0,0.0,0.0,0.0,0.0,,,,,,,,,,,,,,,,,,,,,,,,,,,0.0,0.0,0.0,0.0,nm_inferred,2.0,0.0,,Kvitebjorn Helipad,61.08333,2.5
ENQL,1.0,0.0,0.0,0.0,0.0,60.0,,,,,,,,,,,,,,,,,,,,,,,,,,0.0,0.0,0.0,1.0,0.0,0.0,0.0,0.0,,,,,,,,,,,,,,,,,,,,,,,,,,,0.0,0.0,0.0,0.0,nm_inferred,1.0,0.0,,Martin Linge B Helipad,60.49833,2.07333
ENQM,1.0,0.0,0.0,0.0,0.0,60.0,,,,,,,,,,,,,,,,,,,,,,,,,,0.0,0.0,0.0,1.0,0.0,0.0,0.0,0.0,,,,,,,,,,,,,,,,,,,,,,,,,,,0.0,0.0,0.0,0.0,nm_inferred,1.0,0.0,,Martin Linge A Helipad,60.5075,2.01472
ENQO,1.0,0.0,0.0,0.0,0.0,60.0,,,,,,,,,,,,,,,,,,,,,,,,,,0.0,0.0,0.0,2.0,0.0,0.0,0.0,0.0,,,,,,,,,,,,,,,,,,,,,,,,,,,0.0,0.0,0.0,0.0,nm_inferred,2.0,0.0,,Oseberg South Helideck,60.389702,2.795556
ENQR,2.0,0.0,0.0,0.0,0.0,60.0,,,,,,,,,,,,,,,,,,,,,,,,,,0.0,0.0,0.0,3.0,0.0,0.0,0.0,0.0,,,,,,,,,,,,,,,,,,,,,,,,,,,0.0,0.0,0.0,0.0,nm_inferred,3.0,0.0,,Snorre B Helipad,61.51667,2.21667
ENQS,2.0,0.0,0.0,0.0,0.0,60.0,,,,,,,,,,,,,,,,,,,,,,,,,,0.0,0.0,0.0,3.0,0.0,0.0,0.0,0.0,,,,,,,,,,,,,,,,,,,,,,,,,,,0.0,0.0,0.0,0.0,nm_inferred,3.0,0.0,,Statfjord C Helipad,61.2961,1.90083
ENQV,2.0,0.0,0.0,0.0,0.0,60.0,,,,,,,,,,,,,,,,,,,,,,,,,,0.0,0.0,0.0,1.0,0.0,0.0,0.0,0.0,,,,,,,,,,,,,,,,,,,,,,,,,,,0.0,0.0,0.0,0.0,nm_inferred,2.0,0.0,,Visund A Helipad,61.36972,2.45722
ENRA,21.0,20.0,95.23809523809524,0.0,0.0,300.0,300.0,313.5,368.75,612.5,871.25,895.5,-2.985,-2.904166666666667,-2.041666666666667,-1.2291666666666667,-1.045,0.0,0.0,0.0,0.0,0.0,0.0,0.0,0.0,0.0,0.0,750.0,901.0,95.0,0.0,90.47619047619048,0.0,4.761904761904762,23.0,23.0,100.0,0.0,0.0,,,-682.8,-554.0,-379.0,-180.5,-94.79999999999998,,,,,,,,,,,,,,,,424.0,867.4000000000001,95.65217391304348,,95.65217391304348,0.0,4.3478260869565215,0.0,nm_inferred,23.0,97.61904761904762,,"Mo i Rana Airport, Røssvoll",66.363899230957,14.301400184631
ENRM,11.0,11.0,100.0,0.0,0.0,300.0,300.0,-1860.0,390.0,465.0,472.5,520.0,-1.7333333333333334,-1.575,-1.55,-1.2999999999999998,6.2,0.0,0.0,0.0,0.0,0.0,0.0,0.0,0.0,0.0,0.0,470.0,1860.0,81.81818181818181,0.0,81.81818181818181,0.0,18.181818181818183,11.0,11.0,100.0,0.0,0.0,,,-303.0,-262.5,-214.0,-155.0,2219.0,,,,,,,,,,,,,,,,251.0,2219.0,81.81818181818181,,81.81818181818181,0.0,18.181818181818183,0.0,nm_inferred,11.0,100.0,,"Rørvik Airport, Ryum",64.838302612305,11.14610004425
ENRO,6.0,6.0,100.0,0.0,0.0,300.0,300.0,315.0,338.75,365.0,398.75,432.5,-1.4416666666666669,-1.3291666666666666,-1.2166666666666668,-1.1291666666666667,-1.05,0.0,0.0,0.0,0.0,0.0,0.0,0.0,0.0,0.0,0.0,365.0,432.5,100.0,0.0,100.0,0.0,0.0,6.0,6.0,100.0,0.0,0.0,,,-632.5,-567.0,-490.0,-433.25,-324.5,,,,,,,,,,,,,,,,490.0,632.5,100.0,,100.0,0.0,0.0,0.0,nm_inferred,6.0,100.0,,Røros Airport,62.578399658203,11.342300415039
ENRS,5.0,1.0,20.0,0.0,0.0,300.0,300.0,1065.0,1065.0,1065.0,1065.0,1065.0,-3.55,-3.55,-3.55,-3.55,-3.55,0.0,0.0,0.0,0.0,0.0,0.0,0.0,0.0,0.0,0.0,1065.0,1065.0,100.0,0.0,20.0,0.0,0.0,6.0,3.0,50.0,0.0,0.0,,,-503.6,-486.5,-458.0,-407.5,-377.2,,,,,,,,,,,,,,,,458.0,503.6,100.0,,50.0,0.0,0.0,0.0,nm_inferred,6.0,35.0,,Røst Airport,67.526482,12.101575
ENSD,11.0,6.0,54.54545454545455,0.0,0.0,300.0,300.0,752.5,1116.25,1585.0,1798.75,1843.5,-6.145,-5.995833333333334,-5.283333333333333,-3.720833333333333,-2.5083333333333333,0.0,0.0,0.0,0.0,0.0,0.0,0.0,0.0,0.0,0.0,1585.0,1843.5,100.0,0.0,54.54545454545455,0.0,0.0,12.0,6.0,50.0,0.0,0.0,,,-1005.5,-892.25,-791.0,-716.0,-696.0,,,,,,,,,,,,,,,,791.0,1005.5,100.0,,50.0,0.0,0.0,0.0,nm_inferred,12.0,52.27272727272727,,"Sandane Airport, Anda",61.830002,6.10583
ENSE,2.0,0.0,0.0,0.0,0.0,60.0,,,,,,,,,,,,,,,,,,,,,,,,,,0.0,0.0,0.0,2.0,0.0,0.0,0.0,0.0,,,,,,,,,,,,,,,,,,,,,,,,,,,0.0,0.0,0.0,0.0,nm_inferred,2.0,0.0,,Snorre A Helipad,61.4489,2.1425
ENSF,2.0,0.0,0.0,0.0,0.0,60.0,,,,,,,,,,,,,,,,,,,,,,,,,,0.0,0.0,0.0,,,,,,,,,,,,,,,,,,,,,,,,,,,,,,,,,,,0.0,nm_inferred,2.0,0.0,,Statfjord A Helipad,61.25518,1.85211
ENSG,27.0,15.0,55.55555555555556,0.0,0.0,300.0,300.0,467.0,557.5,625.0,717.5,809.0,-2.6966666666666668,-2.3916666666666666,-2.0833333333333335,-1.8583333333333334,-1.5566666666666666,0.0,0.0,0.0,0.0,0.0,0.0,0.0,0.0,0.0,0.0,625.0,809.0,100.0,0.0,55.55555555555556,0.0,0.0,26.0,15.0,57.69230769230769,0.0,0.0,,,-559.8,-512.5,-457.0,-267.5,-188.4,,,,,,,,,,,,,,,,457.0,559.8,100.0,,57.69230769230769,0.0,0.0,0.0,nm_inferred,27.0,56.623931623931625,,"Sogndal Airport, Haukåsen",61.156101,7.13778
ENSH,18.0,18.0,100.0,0.0,0.0,300.0,300.0,998.5,1103.75,1132.5,1168.75,1193.0,-3.9766666666666666,-3.895833333333333,-3.775,-3.6791666666666667,-3.328333333333333,0.0,0.0,0.0,0.0,0.0,0.0,0.0,0.0,0.0,0.0,1132.5,1193.0,100.0,0.0,100.0,0.0,0.0,17.0,17.0,100.0,0.0,0.0,,,-928.6,-710.0,-669.0,-625.0,-595.6,,,,,,,,,,,,,,,,669.0,928.6,100.0,,76.47058823529412,17.647058823529413,5.882352941176471,0.0,nm_inferred,18.0,100.0,,"Svolvær Airport, Helle",68.243301,14.6692
ENSK,24.0,19.0,79.16666666666667,0.0,0.0,300.0,300.0,1374.0,1425.0,1480.0,1542.5,1587.0,-5.29,-5.141666666666667,-4.933333333333334,-4.75,-4.58,0.0,0.0,0.0,0.0,0.0,0.0,0.0,0.0,0.0,0.0,1480.0,1587.0,100.0,0.0,79.16666666666667,0.0,0.0,24.0,18.0,75.0,0.0,0.0,,,-1263.5,-1201.0,-1055.5,-1013.75,-959.6999999999999,,,,,,,,,,,,,,,,1055.5,1263.5,100.0,,70.83333333333333,4.166666666666667,0.0,0.0,nm_inferred,24.0,77.08333333333334,,"Stokmarknes Airport, Skagen",68.578827,15.033417
ENSL,5.0,0.0,0.0,0.0,0.0,60.0,,,,,,,,,,,,,,,,,,,,,,,,,,0.0,0.0,0.0,5.0,0.0,0.0,0.0,0.0,,,,,,,,,,,,,,,,,,,,,,,,,,,0.0,0.0,0.0,0.0,nm_inferred,5.0,0.0,,Sleipner A Platform,58.366699,1.90694
ENSO,9.0,9.0,100.0,0.0,0.0,300.0,300.0,43.800000000000004,52.0,55.0,60.0,72.6,-0.242,-0.2,-0.18333333333333332,-0.17333333333333334,-0.146,0.0,0.0,0.0,0.0,0.0,0.0,0.0,0.0,0.0,0.0,55.0,72.6,100.0,0.0,100.0,0.0,0.0,9.0,9.0,100.0,0.0,0.0,,,-116.19999999999999,-37.0,189.0,231.0,243.4,,,,,,,,,,,,,,,,225.0,257.8,44.44444444444444,,100.0,0.0,0.0,0.0,nm_inferred,9.0,100.0,,"Stord Airport, Sørstokken",59.791901,5.34085
ENSR,6.0,0.0,0.0,0.0,0.0,300.0,,,,,,,,,,,,,,,,,,,,,,,,,,0.0,0.0,0.0,6.0,0.0,0.0,0.0,0.0,,,,,,,,,,,,,,,,,,,,,,,,,,,0.0,0.0,0.0,0.0,nm_inferred,6.0,0.0,,Sørkjosen Airport,69.786797,20.9594
ENST,11.0,11.0,100.0,0.0,0.0,300.0,300.0,532.0,562.5,620.0,705.0,735.0,-2.45,-2.3499999999999996,-2.066666666666667,-1.875,-1.7733333333333334,0.0,0.0,0.0,0.0,0.0,0.0,0.0,0.0,0.0,0.0,620.0,735.0,100.0,0.0,81.81818181818181,0.0,18.181818181818183,11.0,11.0,100.0,0.0,0.0,,,-594.0,-435.5,-393.0,-275.5,-255.0,,,,,,,,,,,,,,,,393.0,594.0,100.0,,81.81818181818181,0.0,18.181818181818183,0.0,nm_inferred,11.0,100.0,,"Sandnessjøen Airport, Stokka",65.956802,12.4689
ENTC,161.0,110.0,68.32298136645963,0.0,0.0,600.0,600.0,307.7,339.25,645.5,1183.75,1430.3,-2.446166666666666,-1.9729166666666667,-1.0758333333333332,-0.5654166666666667,-0.5128333333333333,0.0,0.0,0.0,0.0,0.0,0.0,0.0,0.0,0.0,0.0,645.5,1430.3,100.0,0.0,67.70186335403727,0.6211180124223602,0.0,165.0,118.0,71.51515151515152,0.0,0.0,,,-1207.8,-850.5,-442.0,-347.0,-258.20000000000005,,,,,,,,,,,,,,,,444.0,1207.8,98.30508474576271,,71.51515151515152,0.0,0.0,0.0,nm_inferred,165.0,69.91906644080558,,Tromsø Airport,69.683296,18.9189
ENTO,79.0,79.0,100.0,0.0,0.0,600.0,600.0,45.0,53.5,64.0,75.0,92.60000000000001,-0.14166666666666666,-0.10833333333333334,-0.09166666666666666,-0.07777777777777778,-0.060079365079365066,0.0,0.0,0.0,0.0,0.0,0.0,0.0,0.0,0.0,0.0,64.0,92.60000000000001,100.0,0.0,100.0,0.0,0.0,82.0,81.0,98.78048780487805,0.0,0.0,,,-9.0,48.0,103.0,131.0,144.0,,,,,,,,,,,,,,,,106.0,147.0,14.814814814814815,,95.1219512195122,3.658536585365854,0.0,0.0,nm_inferred,82.0,99.39024390243902,,"Sandefjord Airport, Torp",59.186699,10.2586
ENUA,3.0,0.0,0.0,0.0,0.0,60.0,,,,,,,,,,,,,,,,,,,,,,,,,,0.0,0.0,0.0,3.0,0.0,0.0,0.0,0.0,,,,,,,,,,,,,,,,,,,,,,,,,,,0.0,0.0,0.0,0.0,nm_inferred,3.0,0.0,,Kristin FPU Helieck,64.993956,6.551342
ENUB,2.0,0.0,0.0,0.0,0.0,60.0,,,,,,,,,,,,,,,,,,,,,,,,,,0.0,0.0,0.0,3.0,0.0,0.0,0.0,0.0,,,,,,,,,,,,,,,,,,,,,,,,,,,0.0,0.0,0.0,0.0,nm_inferred,3.0,0.0,,Aasgard B FPU Helideck,65.110102,6.78943
ENUD,2.0,0.0,0.0,0.0,0.0,300.0,,,,,,,,,,,,,,,,,,,,,,,,,,0.0,0.0,0.0,3.0,0.0,0.0,0.0,0.0,,,,,,,,,,,,,,,,,,,,,,,,,,,0.0,0.0,0.0,0.0,nm_inferred,3.0,0.0,,Njord A Helideck,64.27067,7.20011
ENUE,1.0,0.0,0.0,0.0,0.0,300.0,,,,,,,,,,,,,,,,,,,,,,,,,,0.0,0.0,0.0,,,,,,,,,,,,,,,,,,,,,,,,,,,,,,,,,,,0.0,nm_inferred,1.0,0.0,,Njord B Helideck,64.271111,7.201389
ENUK,2.0,0.0,0.0,0.0,0.0,60.0,,,,,,,,,,,,,,,,,,,,,,,,,,0.0,0.0,0.0,2.0,0.0,0.0,0.0,0.0,,,,,,,,,,,,,,,,,,,,,,,,,,,0.0,0.0,0.0,0.0,nm_inferred,2.0,0.0,,Aasgard A FPSO Helideck,65.064144,6.725689
ENUN,2.0,0.0,0.0,0.0,0.0,60.0,,,,,,,,,,,,,,,,,,,,,,,,,,0.0,0.0,0.0,2.0,0.0,0.0,0.0,0.0,,,,,,,,,,,,,,,,,,,,,,,,,,,0.0,0.0,0.0,0.0,nm_inferred,2.0,0.0,,Aasta Hansteen FPU,67.0408,7.055
ENUS,2.0,0.0,0.0,0.0,0.0,60.0,,,,,,,,,,,,,,,,,,,,,,,,,,0.0,0.0,0.0,,,,,,,,,,,,,,,,,,,,,,,,,,,,,,,,,,,0.0,nm_inferred,2.0,0.0,,Skarv Helipad,65.69972,7.65083
ENVA,266.0,263.0,98.87218045112782,2.0,100.0,480.0,480.0,146.0,210.0,250.0,310.0,370.0,-1.8611111111111112,-0.7833333333333333,-0.5185185185185185,-0.3888888888888889,-0.25,0.0,0.0,0.0,0.0,0.0,0.0,0.0,0.0,0.0,0.0,250.0,370.0,99.61977186311788,0.0,96.2406015037594,0.0,2.6315789473684212,266.0,263.0,98.87218045112782,0.0,99.62406015037594,180.0,180.0,-404.0,-225.0,-85.0,-12.5,64.00000000000006,-2.408333333333333,-1.3038194444444444,-0.5347222222222222,-0.08333333333333333,0.4541666666666669,0.0,0.0,0.0,0.0,0.5,0.0,0.0,0.0,0.0,0.5,115.0,405.0,79.46768060836501,3.816793893129771,94.73684210526316,1.1278195488721805,3.007518796992481,100.0,apdf,266.0,98.87218045112782,0.0,"Trondheim Airport, Værnes",63.457802,10.924
ENVD,20.0,0.0,0.0,0.0,0.0,300.0,,,,,,,,,,,,,,,,,,,,,,,,,,0.0,0.0,0.0,21.0,0.0,0.0,0.0,0.0,,,,,,,,,,,,,,,,,,,,,,,,,,,0.0,0.0,0.0,0.0,nm_inferred,21.0,0.0,,Vadsø Airport,70.0653,29.8447
ENWA,1.0,0.0,0.0,0.0,0.0,60.0,,,,,,,,,,,,,,,,,,,,,,,,,,0.0,0.0,0.0,2.0,0.0,0.0,0.0,0.0,,,,,,,,,,,,,,,,,,,,,,,,,,,0.0,0.0,0.0,0.0,nm_inferred,2.0,0.0,,Alvheim FPSO Helideck,59.566667,1.991667
ENWE,,,,,,,,,,,,,,,,,,,,,,,,,,,,,,,,,,,2.0,0.0,0.0,0.0,0.0,,,,,,,,,,,,,,,,,,,,,,,,,,,0.0,0.0,0.0,0.0,nm_inferred,2.0,0.0,,Edvard Grieg Helipad,58.8425,2.24722
ENWG,,,,,,,,,,,,,,,,,,,,,,,,,,,,,,,,,,,1.0,0.0,0.0,0.0,0.0,,,,,,,,,,,,,,,,,,,,,,,,,,,0.0,0.0,0.0,0.0,nm_inferred,1.0,0.0,,Gudrun Helipad,58.845,1.74333
ENWI,3.0,0.0,0.0,0.0,0.0,60.0,,,,,,,,,,,,,,,,,,,,,,,,,,0.0,0.0,0.0,1.0,0.0,0.0,0.0,0.0,,,,,,,,,,,,,,,,,,,,,,,,,,,0.0,0.0,0.0,0.0,nm_inferred,3.0,0.0,,Ivar Aasen Helipad,58.92222,2.19778
ENWK,1.0,0.0,0.0,0.0,0.0,60.0,,,,,,,,,,,,,,,,,,,,,,,,,,0.0,0.0,0.0,1.0,0.0,0.0,0.0,0.0,,,,,,,,,,,,,,,,,,,,,,,,,,,0.0,0.0,0.0,0.0,nm_inferred,1.0,0.0,,Gina Krog Helipad,58.57139,1.69528
ENWR,1.0,0.0,0.0,0.0,0.0,60.0,,,,,,,,,,,,,,,,,,,,,,,,,,0.0,0.0,0.0,,,,,,,,,,,,,,,,,,,,,,,,,,,,,,,,,,,0.0,nm_inferred,1.0,0.0,,Randgrid Helipad,58.58333,1.73278
ENWS,5.0,0.0,0.0,0.0,0.0,60.0,,,,,,,,,,,,,,,,,,,,,,,,,,0.0,0.0,0.0,5.0,0.0,0.0,0.0,0.0,,,,,,,,,,,,,,,,,,,,,,,,,,,0.0,0.0,0.0,0.0,nm_inferred,5.0,0.0,,Eldfisk S Helipad,56.37361,3.26278
ENWV,5.0,0.0,0.0,0.0,0.0,60.0,,,,,,,,,,,,,,,,,,,,,,,,,,0.0,0.0,0.0,5.0,0.0,0.0,0.0,0.0,,,,,,,,,,,,,,,,,,,,,,,,,,,0.0,0.0,0.0,0.0,nm_inferred,5.0,0.0,,Valhall PH Helipad,56.28333,3.4
ENWY,4.0,0.0,0.0,0.0,0.0,300.0,,,,,,,,,,,,,,,,,,,,,,,,,,0.0,0.0,0.0,4.0,0.0,0.0,0.0,0.0,,,,,,,,,,,,,,,,,,,,,,,,,,,0.0,0.0,0.0,0.0,nm_inferred,4.0,0.0,,Yme Inspirer Heliport Offshore,57.4888,4.3212
ENXB,,,,,,,,,,,,,,,,,,,,,,,,,,,,,,,,,,,1.0,0.0,0.0,0.0,0.0,,,,,,,,,,,,,,,,,,,,,,,,,,,0.0,0.0,0.0,0.0,nm_inferred,1.0,0.0,,Eldfisk B Platform,56.41859817504883,3.216939926147461
ENXK,1.0,0.0,0.0,0.0,0.0,60.0,,,,,,,,,,,,,,,,,,,,,,,,,,0.0,0.0,0.0,1.0,0.0,0.0,0.0,0.0,,,,,,,,,,,,,,,,,,,,,,,,,,,0.0,0.0,0.0,0.0,nm_inferred,1.0,0.0,,Ekofisk K Platform,56.56529998779297,3.204720020294189
ENXO,2.0,0.0,0.0,0.0,0.0,60.0,,,,,,,,,,,,,,,,,,,,,,,,,,0.0,0.0,0.0,1.0,0.0,0.0,0.0,0.0,,,,,,,,,,,,,,,,,,,,,,,,,,,0.0,0.0,0.0,0.0,nm_inferred,2.0,0.0,,Ringhorne Platform,59.266701,2.45
ENXW,3.0,0.0,0.0,0.0,0.0,60.0,,,,,,,,,,,,,,,,,,,,,,,,,,0.0,0.0,0.0,3.0,0.0,0.0,0.0,0.0,,,,,,,,,,,,,,,,,,,,,,,,,,,0.0,0.0,0.0,0.0,nm_inferred,3.0,0.0,,Grane Helipad,59.165,2.48667
ENXZ,,,,,,,,,,,,,,,,,,,,,,,,,,,,,,,,,,,1.0,0.0,0.0,0.0,0.0,,,,,,,,,,,,,,,,,,,,,,,,,,,0.0,0.0,0.0,0.0,nm_inferred,1.0,0.0,,Sleipner B Platform,58.416698,1.71667
ENZV,295.0,217.0,73.55932203389831,46.0,99.66101694915255,480.0,540.0,45.0,95.0,320.0,445.0,540.0,-1.0797619047619047,-0.875,-0.5916666666666667,-0.20123626373626374,-0.09141414141414139,0.0,0.0,0.0,0.0,0.0,0.0,0.0,0.0,0.0,0.0,320.0,540.0,99.07834101382488,0.0,70.16949152542372,2.0338983050847457,1.3559322033898304,296.0,218.0,73.64864864864865,0.0,100.0,240.0,180.0,-606.5,-440.0,-205.0,260.0,301.50000000000006,-3.0555555555555554,-1.96875,-0.8923611111111112,1.0875000000000001,1.5361111111111114,0.0,0.0,0.0,1.0,1.0,0.0,0.0,0.0,1.0,1.0,310.0,606.5,67.88990825688073,27.98165137614679,72.63513513513513,0.0,1.0135135135135136,100.0,apdf,296.0,73.60398534127347,0.0,"Stavanger Airport, Sola",58.876701,5.63778
EPBY,15.0,15.0,100.0,0.0,0.0,960.0,960.0,17.0,27.5,45.0,65.0,93.99999999999999,-0.09986111111111111,-0.07222222222222222,-0.046875,-0.029513888888888888,-0.018333333333333333,0.0,0.0,0.0,0.0,0.0,0.0,0.0,0.0,0.0,0.0,45.0,93.99999999999999,100.0,0.0,93.33333333333333,6.666666666666667,0.0,18.0,18.0,100.0,0.0,0.0,,,-835.9999999999997,-82.5,110.0,152.5,180.0,,,,,,,,,,,,,,,,142.5,836.0000000000014,27.77777777777778,,94.44444444444444,5.555555555555555,0.0,0.0,nm_inferred,18.0,100.0,,Ignacy Jan Paderewski Bydgoszcz Airport,53.096802,17.977699
EPGD,236.0,236.0,100.0,0.0,0.0,600.0,600.0,85.0,230.0,285.0,330.0,425.0,-0.5833333333333334,-0.4975,-0.4,-0.2994047619047619,-0.125,0.0,0.0,0.0,0.0,0.0,0.0,0.0,0.0,0.0,0.0,285.0,425.0,100.0,0.0,97.03389830508475,2.9661016949152543,0.0,238.0,238.0,100.0,0.0,0.0,,,-545.0,-407.5,-272.5,-205.0,-160.0,,,,,,,,,,,,,,,,275.0,545.0,98.31932773109244,,97.89915966386555,2.100840336134454,0.0,0.0,nm_inferred,238.0,100.0,,Gdańsk Lech Wałęsa Airport,54.377602,18.4662
EPKK,325.0,325.0,100.0,0.0,0.0,780.0,220.0,-773.0,-665.0,-570.0,-450.0,-325.99999999999966,0.37955555555555553,0.5888888888888889,0.7277777777777777,0.9358974358974359,1.1716666666666669,0.4,0.6,0.7333333333333333,0.9,1.0,0.3888888888888889,0.5777777777777777,0.7166666666666667,0.8888888888888888,1.0,575.0,780.0,4.615384615384615,20.307692307692307,95.38461538461539,3.3846153846153846,1.2307692307692308,322.0,321.0,99.68944099378882,0.0,0.0,,,505.0,625.0,700.0,765.0,1090.0,,,,,,,,,,,,,,,,705.0,1293.0,0.6230529595015576,,93.7888198757764,4.3478260869565215,1.5527950310559007,0.0,nm_inferred,325.0,99.84472049689441,,Kraków John Paul II International Airport,50.077702,19.7848
EPKT,224.0,222.0,99.10714285714286,0.0,0.0,600.0,600.0,-5.0,5.0,15.0,30.0,40.0,-0.058055555555555555,-0.041666666666666664,-0.023809523809523808,-0.005654761904761905,0.008333333333333333,0.0,0.0,0.0,0.0,0.05,0.0,0.0,0.0,0.0,0.008333333333333333,15.0,40.0,84.23423423423424,0.0,94.19642857142857,4.910714285714286,0.0,223.0,221.0,99.10313901345292,0.0,0.0,,,220.0,250.0,275.0,295.0,350.0,,,,,,,,,,,,,,,,275.0,355.0,2.262443438914027,,96.8609865470852,2.242152466367713,0.0,0.0,nm_inferred,224.0,99.1051409352979,,Katowice Wojciech Korfanty International Airport,50.476015,19.080705
EPLB,19.0,18.0,94.73684210526316,0.0,0.0,720.0,802.5,10.0,30.0,46.0,62.25,78.0,-0.2,-0.13854166666666667,-0.08055555555555555,-0.04583333333333334,-0.011111111111111112,0.0,0.0,0.0,0.0,0.0,0.0,0.0,0.0,0.0,0.0,46.0,78.0,94.44444444444444,0.0,89.47368421052632,5.2631578947368425,0.0,19.0,18.0,94.73684210526316,0.0,0.0,,,118.5,145.0,160.0,185.0,201.5,,,,,,,,,,,,,,,,160.0,201.5,5.555555555555555,,94.73684210526316,0.0,0.0,0.0,nm_inferred,19.0,94.73684210526316,,Lublin Airport,51.240157,22.713461
EPLL,16.0,16.0,100.0,0.0,0.0,300.0,300.0,87.5,117.5,140.0,152.5,172.5,-0.575,-0.4875,-0.2833333333333333,-0.15555555555555556,-0.1388888888888889,0.0,0.0,0.0,0.0,0.0,0.0,0.0,0.0,0.0,0.0,140.0,172.5,100.0,0.0,100.0,0.0,0.0,15.0,15.0,100.0,0.0,0.0,,,3.0000000000000036,62.5,90.0,115.0,129.0,,,,,,,,,,,,,,,,90.0,129.0,13.333333333333334,,100.0,0.0,0.0,0.0,nm_inferred,16.0,100.0,,Łódź Władysław Reymont Airport,51.721901,19.3981
EPMO,78.0,78.0,100.0,0.0,0.0,900.0,900.0,-10.0,0.0,10.0,25.0,35.0,-0.03972222222222222,-0.027777777777777776,-0.011111111111111112,-0.0,0.011111111111111112,0.0,0.0,0.0,0.0,0.03333333333333333,0.0,0.0,0.0,0.0,0.011111111111111112,10.0,35.0,76.92307692307692,0.0,96.15384615384616,3.8461538461538463,0.0,76.0,76.0,100.0,0.0,0.0,,,255.5,271.0,278.5,286.25,294.0,,,,,,,,,,,,,,,,278.5,294.0,0.0,,96.05263157894737,3.9473684210526314,0.0,0.0,nm_inferred,78.0,100.0,,Warsaw Modlin Airport,52.451099,20.6518
EPPO,143.0,142.0,99.3006993006993,0.0,0.0,540.0,77.5,-748.5,-618.75,-525.0,-426.25,-327.99999999999983,0.5116666666666666,0.6269444444444445,0.8511111111111112,1.6791666666666667,2.066666666666667,0.5333333333333333,0.6333333333333333,0.8777777777777778,1.0,1.0,0.5172222222222222,0.6291666666666667,0.8444444444444444,1.0,1.0,535.0,781.1000000000001,3.5211267605633805,45.774647887323944,94.4055944055944,2.797202797202797,2.097902097902098,145.0,144.0,99.3103448275862,0.0,0.0,,,451.5,530.0,570.0,631.25,708.5000000000001,,,,,,,,,,,,,,,,570.0,708.5000000000001,0.0,,95.17241379310344,2.0689655172413794,2.0689655172413794,0.0,nm_inferred,145.0,99.30552206414276,,Poznań-Ławica Airport,52.421598,16.823359
EPRA,4.0,4.0,100.0,0.0,0.0,300.0,300.0,103.0,107.5,115.0,128.75,144.5,-0.4816666666666667,-0.4291666666666667,-0.3833333333333333,-0.30277777777777776,-0.1877777777777777,0.0,0.0,0.0,0.0,0.0,0.0,0.0,0.0,0.0,0.0,115.0,144.5,100.0,0.0,100.0,0.0,0.0,4.0,4.0,100.0,0.0,0.0,,,45.5,61.25,75.0,81.25,83.5,,,,,,,,,,,,,,,,75.0,83.5,0.0,,100.0,0.0,0.0,0.0,nm_inferred,4.0,100.0,,Warsaw Radom Airport,51.38937,21.214742
EPRZ,62.0,61.0,98.38709677419355,0.0,0.0,540.0,300.0,-490.0,-240.0,11.0,45.0,55.0,-0.15,-0.07777777777777778,-0.016666666666666666,0.4444444444444444,1.0166666666666666,0.0,0.0,0.0,0.4,1.0,0.0,0.0,0.0,0.39166666666666666,1.0,50.0,530.0,59.01639344262295,11.475409836065573,96.7741935483871,1.6129032258064515,0.0,55.0,55.0,100.0,0.0,0.0,,,221.0,270.0,305.0,407.5,471.0,,,,,,,,,,,,,,,,305.0,471.0,1.8181818181818181,,98.18181818181819,1.8181818181818181,0.0,0.0,nm_inferred,62.0,99.19354838709677,,Rzeszów-Jasionka Airport,50.109791,22.024155
EPSC,25.0,25.0,100.0,0.0,0.0,300.0,300.0,123.0,150.0,180.0,205.0,246.0,-0.8066666666666666,-0.65,-0.5166666666666667,-0.2222222222222222,-0.1733333333333333,0.0,0.0,0.0,0.0,0.0,0.0,0.0,0.0,0.0,0.0,180.0,246.0,100.0,0.0,96.0,4.0,0.0,25.0,25.0,100.0,0.0,0.0,,,-245.0,-115.0,-65.0,-10.0,24.00000000000002,,,,,,,,,,,,,,,,80.0,245.0,76.0,,100.0,0.0,0.0,0.0,nm_inferred,25.0,100.0,,Solidarity Szczecin–Goleniów Airport,53.584702,14.9022
EPSK,,,,,,,,,,,,,,,,,,,,,,,,,,,,,,,,,,,1.0,1.0,100.0,0.0,0.0,,,-201.0,-201.0,-201.0,-201.0,-201.0,,,,,,,,,,,,,,,,201.0,201.0,100.0,,100.0,0.0,0.0,0.0,nm_inferred,1.0,100.0,,Słupsk-Krȩpa Airfield,54.410036,17.090572
EPSY,3.0,3.0,100.0,0.0,0.0,300.0,300.0,30.0,37.5,50.0,52.5,54.0,-0.18,-0.175,-0.16666666666666666,-0.125,-0.09999999999999999,0.0,0.0,0.0,0.0,0.0,0.0,0.0,0.0,0.0,0.0,50.0,54.0,100.0,0.0,100.0,0.0,0.0,3.0,3.0,100.0,0.0,0.0,,,41.0,50.0,65.0,85.0,97.0,,,,,,,,,,,,,,,,65.0,97.0,0.0,,100.0,0.0,0.0,0.0,nm_inferred,3.0,100.0,,Olsztyn-Mazury Airport,53.481899,20.9377
EPWA,807.0,803.0,99.50433705080545,0.0,100.0,646.0,625.0,-54.0,-28.0,-8.0,4.0,12.0,-0.021862573224440927,-0.005675140469788933,0.0136986301369863,0.043617334307398836,0.0935481507531798,0.0,0.0,0.05263157894736842,0.09600614439324116,0.15384615384615385,0.0,0.0,0.018083182640144666,0.047430859679644846,0.09634113219260469,13.0,62.400000000000205,33.37484433374844,0.24906600249066002,92.81288723667906,6.567534076827757,0.12391573729863693,802.0,796.0,99.25187032418953,0.0,99.87531172069825,225.0,5.0,192.0,246.75,269.0,281.0,293.0,0.6250738328541533,0.897435129740519,1.1706161137440758,1.445079803946211,1.7169630369630373,0.6923076923076923,0.8888888888888888,1.0,1.0,1.0,0.6703800662356095,0.9168324504383631,0.9944751381215469,1.0046728971962617,1.0119047619047619,270.0,299.0,3.2663316582914574,71.69811320754717,92.76807980049875,6.483790523690773,0.0,100.0,apdf,807.0,99.37810368749749,0.5031306289514685,Warsaw Chopin Airport,52.165699,20.9671
EPWR,169.0,168.0,99.40828402366864,0.0,0.0,540.0,540.0,45.0,70.0,95.0,120.0,135.0,-0.43333333333333335,-0.31666666666666665,-0.1893939393939394,-0.12803030303030302,-0.08333333333333333,0.0,0.0,0.0,0.0,0.0,0.0,0.0,0.0,0.0,0.0,96.5,135.0,98.80952380952381,0.0,98.22485207100591,0.591715976331361,0.591715976331361,165.0,165.0,100.0,0.0,0.0,,,46.60000000000001,95.0,120.0,145.0,192.99999999999997,,,,,,,,,,,,,,,,125.0,197.99999999999997,6.666666666666667,,97.57575757575758,1.8181818181818181,0.6060606060606061,0.0,nm_inferred,169.0,99.70414201183432,,Copernicus Wrocław Airport,51.103719,16.882096
EPZG,5.0,5.0,100.0,0.0,0.0,300.0,300.0,51.0,60.0,60.0,70.0,103.0,-0.3433333333333333,-0.23333333333333334,-0.2,-0.2,-0.16999999999999998,0.0,0.0,0.0,0.0,0.0,0.0,0.0,0.0,0.0,0.0,60.0,103.0,100.0,0.0,100.0,0.0,0.0,4.0,4.0,100.0,0.0,0.0,,,168.0,172.5,177.5,190.0,208.0,,,,,,,,,,,,,,,,177.5,208.0,0.0,,100.0,0.0,0.0,0.0,nm_inferred,5.0,100.0,,Zielona Góra-Babimost Airport,52.1385,15.7986
ESDF,9.0,9.0,100.0,0.0,0.0,300.0,300.0,23.0,25.0,55.0,70.0,107.0,-0.35666666666666663,-0.23333333333333334,-0.18333333333333332,-0.08333333333333333,-0.07666666666666666,0.0,0.0,0.0,0.0,0.0,0.0,0.0,0.0,0.0,0.0,55.0,107.0,100.0,0.0,100.0,0.0,0.0,8.0,8.0,100.0,0.0,0.0,,,-116.69999999999999,-56.25,75.0,117.0,179.39999999999998,,,,,,,,,,,,,,,,89.0,219.6,37.5,,100.0,0.0,0.0,0.0,nm_inferred,9.0,100.0,,Ronneby Airport,56.266701,15.265
ESGG,231.0,229.0,99.13419913419914,0.0,100.0,540.0,540.0,25.0,35.0,55.0,70.0,90.0,-0.20833333333333334,-0.15,-0.09722222222222222,-0.06481481481481481,-0.04325396825396822,0.0,0.0,0.0,0.0,0.0,0.0,0.0,0.0,0.0,0.0,55.0,90.0,99.56331877729258,0.0,96.53679653679653,2.1645021645021645,0.4329004329004329,229.0,227.0,99.12663755458516,0.0,100.0,240.0,5.0,175.0,250.0,270.0,290.0,300.0,0.5976190476190476,0.8666666666666667,1.0166666666666666,1.1875,1.3333333333333333,0.6571428571428571,0.9,1.0,1.0,1.0,0.6476190476190476,0.8833333333333333,1.0,1.0,1.0,270.0,300.0,3.9647577092511015,68.72246696035242,97.37991266375546,1.3100436681222707,0.4366812227074236,100.0,apdf,231.0,99.13041834439215,0.4956520917219608,Göteborg Landvetter Airport,57.6628,12.2798
ESGJ,18.0,17.0,94.44444444444444,0.0,0.0,300.0,300.0,-3251.0,-2313.0,165.0,185.0,291.00000000000006,-0.97,-0.6166666666666667,-0.55,7.71,10.836666666666668,0.0,0.0,0.0,0.0,0.0,0.0,0.0,0.0,0.0,0.0,225.0,3251.0,70.58823529411765,0.0,66.66666666666667,0.0,27.77777777777778,18.0,18.0,100.0,0.0,0.0,,,-266.09999999999997,-153.0,-36.0,1942.25,3428.0,,,,,,,,,,,,,,,,193.5,3428.0,66.66666666666667,,72.22222222222223,0.0,27.77777777777778,0.0,nm_inferred,18.0,97.22222222222223,,Jönköping Airport,57.757598876953125,14.068699836730955
ESGT,1.0,0.0,0.0,0.0,0.0,600.0,,,,,,,,,,,,,,,,,,,,,,,,,,0.0,0.0,0.0,1.0,0.0,0.0,0.0,0.0,,,,,,,,,,,,,,,,,,,,,,,,,,,0.0,0.0,0.0,0.0,nm_inferred,1.0,0.0,,Trollhättan-Vänersborg Airport,58.31809997558594,12.345000267028809
ESKM,9.0,0.0,0.0,0.0,0.0,300.0,,,,,,,,,,,,,,,,,,,,,,,,,,0.0,0.0,0.0,9.0,0.0,0.0,0.0,0.0,,,,,,,,,,,,,,,,,,,,,,,,,,,0.0,0.0,0.0,0.0,nm_inferred,9.0,0.0,,Mora Airport,60.957901,14.5114
ESKN,11.0,11.0,100.0,0.0,0.0,600.0,600.0,60.0,70.0,80.0,115.0,135.0,-0.28125,-0.20046296296296295,-0.14814814814814814,-0.11666666666666667,-0.1,0.0,0.0,0.0,0.0,0.0,0.0,0.0,0.0,0.0,0.0,80.0,135.0,100.0,0.0,90.9090909090909,9.090909090909092,0.0,11.0,11.0,100.0,0.0,0.0,,,57.0,128.0,147.0,164.0,175.0,,,,,,,,,,,,,,,,147.0,175.0,9.090909090909092,,100.0,0.0,0.0,0.0,nm_inferred,11.0,100.0,,Stockholm Skavsta Airport,58.789656,16.911479
ESMK,7.0,7.0,100.0,0.0,0.0,300.0,75.0,-396.0,-310.0,-225.0,-170.0,-86.99999999999993,0.2900000000000001,0.5666666666666667,0.75,1.0333333333333332,1.3200000000000003,0.36000000000000004,0.6499999999999999,0.8,1.0,1.0,0.33000000000000007,0.6083333333333334,0.75,0.9666666666666667,1.0,225.0,396.00000000000006,14.285714285714286,28.571428571428573,71.42857142857143,0.0,28.571428571428573,5.0,5.0,100.0,0.0,0.0,,,-1048.1999999999998,156.0,485.0,855.0,1351.2,,,,,,,,,,,,,,,,855.0,1783.4,20.0,,60.0,20.0,20.0,0.0,nm_inferred,7.0,100.0,,Kristianstad Airport,55.9217,14.0855
ESMQ,7.0,7.0,100.0,0.0,0.0,300.0,300.0,-10.999999999999998,0.0,16.0,32.5,225.00000000000017,-0.41999999999999993,-0.10833333333333334,-0.05333333333333334,-0.004861111111111111,0.03083333333333335,0.0,0.0,0.0,0.020833333333333332,0.06500000000000003,0.0,0.0,0.0,0.003472222222222222,0.03083333333333335,20.0,225.00000000000017,71.42857142857143,0.0,71.42857142857143,28.571428571428573,0.0,7.0,7.0,100.0,0.0,0.0,,,126.60000000000002,227.5,229.0,238.5,248.0,,,,,,,,,,,,,,,,229.0,248.0,14.285714285714286,,100.0,0.0,0.0,0.0,nm_inferred,7.0,100.0,,Kalmar Airport,56.685501,16.2876
ESMS,53.0,51.0,96.22641509433963,0.0,0.0,600.0,600.0,20.0,25.0,45.0,72.5,110.0,-0.18333333333333332,-0.12083333333333333,-0.075,-0.041666666666666664,-0.03333333333333333,0.0,0.0,0.0,0.0,0.0,0.0,0.0,0.0,0.0,0.0,45.0,120.0,98.03921568627452,0.0,88.67924528301887,1.8867924528301887,5.660377358490566,52.0,50.0,96.15384615384616,0.0,0.0,,,172.90000000000003,244.0,266.0,282.75,291.3,,,,,,,,,,,,,,,,267.0,294.1,6.0,,84.61538461538461,5.769230769230769,5.769230769230769,0.0,nm_inferred,53.0,96.19013062409289,,Malmö Sturup Airport,55.535564,13.376327
ESMT,12.0,12.0,100.0,0.0,0.0,300.0,300.0,26.4,33.75,55.5,70.0,89.5,-0.29833333333333334,-0.23333333333333334,-0.185,-0.1125,-0.088,0.0,0.0,0.0,0.0,0.0,0.0,0.0,0.0,0.0,0.0,55.5,89.5,100.0,0.0,100.0,0.0,0.0,10.0,10.0,100.0,0.0,0.0,,,-60.199999999999996,146.75,208.0,215.0,221.2,,,,,,,,,,,,,,,,208.0,221.2,20.0,,100.0,0.0,0.0,0.0,nm_inferred,12.0,100.0,,Halmstad Airport,56.69110107421875,12.820199966430664
ESMX,11.0,11.0,100.0,0.0,0.0,300.0,300.0,-2875.0,-1333.5,110.0,157.5,535.0,-0.5944444444444444,-0.41666666666666663,-0.26,4.502083333333333,9.583333333333334,0.0,0.0,0.0,0.0,0.0,0.0,0.0,0.0,0.0,0.0,175.0,2875.0,72.72727272727273,0.0,63.63636363636363,9.090909090909092,27.272727272727273,11.0,11.0,100.0,0.0,0.0,,,-248.0,-60.5,79.0,1481.5,4747.0,,,,,,,,,,,,,,,,154.0,4747.0,27.272727272727273,,72.72727272727273,0.0,27.272727272727273,0.0,nm_inferred,11.0,100.0,,Växjö Kronoberg Airport,56.92910003662109,14.727999687194824
ESND,6.0,0.0,0.0,0.0,0.0,300.0,,,,,,,,,,,,,,,,,,,,,,,,,,0.0,0.0,0.0,6.0,0.0,0.0,0.0,0.0,,,,,,,,,,,,,,,,,,,,,,,,,,,0.0,0.0,0.0,0.0,nm_inferred,6.0,0.0,,Sveg Airport,62.047798,14.4229
ESNG,9.0,3.0,33.333333333333336,0.0,0.0,300.0,300.0,545.0,912.5,1525.0,1670.0,1757.0,-5.8566666666666665,-5.566666666666666,-5.083333333333333,-3.0416666666666665,-1.8166666666666664,0.0,0.0,0.0,0.0,0.0,0.0,0.0,0.0,0.0,0.0,1525.0,1757.0,100.0,0.0,33.333333333333336,0.0,0.0,9.0,3.0,33.333333333333336,0.0,0.0,,,-758.2,-727.0,-675.0,-469.0,-345.4,,,,,,,,,,,,,,,,675.0,758.2,100.0,,33.333333333333336,0.0,0.0,0.0,nm_inferred,9.0,33.333333333333336,,Gällivare Airport,67.13240051269531,20.814599990844727
ESNK,6.0,0.0,0.0,0.0,0.0,300.0,,,,,,,,,,,,,,,,,,,,,,,,,,0.0,0.0,0.0,7.0,0.0,0.0,0.0,0.0,,,,,,,,,,,,,,,,,,,,,,,,,,,0.0,0.0,0.0,0.0,nm_inferred,7.0,0.0,,Kramfors-Sollefteå Höga Kusten Airport,63.048599,17.7689
ESNL,10.0,0.0,0.0,0.0,0.0,300.0,,,,,,,,,,,,,,,,,,,,,,,,,,0.0,0.0,0.0,10.0,0.0,0.0,0.0,0.0,,,,,,,,,,,,,,,,,,,,,,,,,,,0.0,0.0,0.0,0.0,nm_inferred,10.0,0.0,,Lycksele Airport,64.548302,18.7162
ESNN,11.0,6.0,54.54545454545455,0.0,0.0,300.0,300.0,180.0,213.75,257.5,293.75,310.0,-1.0333333333333332,-0.9791666666666666,-0.8583333333333334,-0.7125,-0.6000000000000001,0.0,0.0,0.0,0.0,0.0,0.0,0.0,0.0,0.0,0.0,257.5,310.0,100.0,0.0,45.45454545454545,9.090909090909092,0.0,10.0,5.0,50.0,0.0,0.0,,,-1013.6,-176.0,-94.0,-34.0,3.2000000000000064,,,,,,,,,,,,,,,,94.0,1013.6000000000001,80.0,,50.0,0.0,0.0,0.0,nm_inferred,11.0,52.27272727272727,,Sundsvall-Härnösand Airport,62.528099060058594,17.443899154663086
ESNO,4.0,0.0,0.0,0.0,0.0,300.0,,,,,,,,,,,,,,,,,,,,,,,,,,0.0,0.0,0.0,4.0,0.0,0.0,0.0,0.0,,,,,,,,,,,,,,,,,,,,,,,,,,,0.0,0.0,0.0,0.0,nm_inferred,4.0,0.0,,Örnsköldsvik Airport,63.40829849243164,18.989999771118164
ESNQ,8.0,7.0,87.5,0.0,0.0,600.0,600.0,145.0,167.5,215.0,420.0,539.0,-0.8983333333333333,-0.7,-0.35833333333333334,-0.2791666666666667,-0.24166666666666664,0.0,0.0,0.0,0.0,0.0,0.0,0.0,0.0,0.0,0.0,215.0,539.0,100.0,0.0,87.5,0.0,0.0,8.0,7.0,87.5,0.0,0.0,,,-615.6,-530.0,-64.0,-32.0,12.400000000000027,,,,,,,,,,,,,,,,64.0,615.6,85.71428571428571,,87.5,0.0,0.0,0.0,nm_inferred,8.0,87.5,,Kiruna Airport,67.821999,20.3368
ESNS,10.0,9.0,90.0,0.0,0.0,300.0,300.0,108.8,120.0,155.0,160.0,174.0,-0.5800000000000001,-0.5333333333333333,-0.5166666666666667,-0.4,-0.36266666666666664,0.0,0.0,0.0,0.0,0.0,0.0,0.0,0.0,0.0,0.0,155.0,174.0,100.0,0.0,90.0,0.0,0.0,9.0,8.0,88.88888888888889,0.0,0.0,,,-190.2,-81.0,-53.0,31.0,51.39999999999999,,,,,,,,,,,,,,,,68.0,190.19999999999993,62.5,,88.88888888888889,0.0,0.0,0.0,nm_inferred,10.0,89.44444444444444,,Skellefteå Airport,64.62480163574219,21.07690048217773
ESNU,39.0,29.0,74.35897435897436,0.0,0.0,600.0,600.0,219.0,255.0,290.0,355.0,574.9999999999999,-1.1066666666666667,-0.5916666666666667,-0.48333333333333334,-0.425,-0.365,0.0,0.0,0.0,0.0,0.0,0.0,0.0,0.0,0.0,0.0,290.0,574.9999999999999,100.0,0.0,71.7948717948718,0.0,2.5641025641025643,39.0,30.0,76.92307692307692,0.0,0.0,,,-346.4,-270.5,-204.0,-181.75,-91.99999999999999,,,,,,,,,,,,,,,,204.0,346.4,100.0,,76.92307692307692,0.0,0.0,0.0,nm_inferred,39.0,75.64102564102564,,Umeå Airport,63.791801,20.282801
ESNV,7.0,0.0,0.0,0.0,0.0,300.0,,,,,,,,,,,,,,,,,,,,,,,,,,0.0,0.0,0.0,7.0,0.0,0.0,0.0,0.0,,,,,,,,,,,,,,,,,,,,,,,,,,,0.0,0.0,0.0,0.0,nm_inferred,7.0,0.0,,Vilhelmina South Lapland Airport,64.579102,16.833599
ESNX,9.0,1.0,11.11111111111111,0.0,0.0,300.0,300.0,160.0,160.0,160.0,160.0,160.0,-0.5333333333333333,-0.5333333333333333,-0.5333333333333333,-0.5333333333333333,-0.5333333333333333,0.0,0.0,0.0,0.0,0.0,0.0,0.0,0.0,0.0,0.0,160.0,160.0,100.0,0.0,0.0,11.11111111111111,0.0,8.0,1.0,12.5,0.0,0.0,,,-106.0,-106.0,-106.0,-106.0,-106.0,,,,,,,,,,,,,,,,106.0,106.0,100.0,,12.5,0.0,0.0,0.0,nm_inferred,9.0,11.805555555555555,,Arvidsjaur Airport,65.59030151367188,19.28190040588379
ESNZ,14.0,10.0,71.42857142857143,0.0,0.0,900.0,900.0,-107.2,-6.0,22.0,40.0,76.49999999999994,-0.09999999999999999,-0.0625,-0.024444444444444442,0.006666666666666667,0.1191111111111111,0.0,0.0,0.0,0.025,0.13666666666666666,0.0,0.0,0.0,0.008333333333333333,0.1211111111111111,35.0,152.99999999999997,70.0,0.0,64.28571428571429,7.142857142857143,0.0,13.0,9.0,69.23076923076923,0.0,0.0,,,249.4,295.0,313.0,381.0,419.8,,,,,,,,,,,,,,,,313.0,419.8,0.0,,69.23076923076923,0.0,0.0,0.0,nm_inferred,14.0,70.32967032967034,,Åre Östersund Airport,63.193546,14.504168
ESOE,7.0,7.0,100.0,0.0,0.0,300.0,300.0,90.0,102.5,120.0,177.5,230.00000000000003,-0.7666666666666666,-0.5916666666666667,-0.4,-0.3416666666666667,-0.29999999999999993,0.0,0.0,0.0,0.0,0.0,0.0,0.0,0.0,0.0,0.0,120.0,230.00000000000003,100.0,0.0,71.42857142857143,0.0,28.571428571428573,7.0,7.0,100.0,0.0,0.0,,,136.6,154.0,226.0,256.5,262.0,,,,,,,,,,,,,,,,226.0,262.0,0.0,,85.71428571428571,0.0,14.285714285714286,0.0,nm_inferred,7.0,100.0,,Örebro Airport,59.22370147705078,15.038000106811523
ESOH,6.0,3.0,50.0,0.0,0.0,300.0,300.0,325.0,340.0,365.0,367.5,369.0,-1.23,-1.225,-1.2166666666666666,-1.1333333333333333,-1.0833333333333333,0.0,0.0,0.0,0.0,0.0,0.0,0.0,0.0,0.0,0.0,365.0,369.0,100.0,0.0,50.0,0.0,0.0,6.0,3.0,50.0,0.0,0.0,,,-453.2,-411.5,-342.0,-291.5,-261.2,,,,,,,,,,,,,,,,342.0,453.2,100.0,,50.0,0.0,0.0,0.0,nm_inferred,6.0,50.0,,Hagfors Airport,60.0201,13.5789
ESOK,2.0,2.0,100.0,0.0,0.0,300.0,300.0,12.0,15.0,20.0,25.0,28.0,-0.09333333333333334,-0.08333333333333334,-0.06666666666666668,-0.05,-0.04,0.0,0.0,0.0,0.0,0.0,0.0,0.0,0.0,0.0,0.0,20.0,28.0,100.0,0.0,100.0,0.0,0.0,2.0,2.0,100.0,0.0,0.0,,,223.2,229.5,240.0,250.5,256.8,,,,,,,,,,,,,,,,240.0,256.8,0.0,,100.0,0.0,0.0,0.0,nm_inferred,2.0,100.0,,Karlstad Airport,59.444698,13.3374
ESOW,4.0,4.0,100.0,0.0,0.0,300.0,300.0,53.0,57.5,60.0,65.0,74.0,-0.24666666666666667,-0.21666666666666667,-0.18333333333333335,-0.14166666666666666,-0.09666666666666665,0.0,0.0,0.0,0.0,0.0,0.0,0.0,0.0,0.0,0.0,60.0,74.0,100.0,0.0,100.0,0.0,0.0,2.0,2.0,100.0,0.0,0.0,,,199.6,203.5,210.0,216.5,220.4,,,,,,,,,,,,,,,,210.0,220.4,0.0,,100.0,0.0,0.0,0.0,nm_inferred,4.0,100.0,,Stockholm Västerås Airport,59.589401,16.6336
ESPA,40.0,31.0,77.5,0.0,0.0,300.0,300.0,245.0,282.5,345.0,387.5,405.0,-1.35,-1.2916666666666667,-1.15,-0.9416666666666667,-0.8166666666666667,0.0,0.0,0.0,0.0,0.0,0.0,0.0,0.0,0.0,0.0,345.0,405.0,100.0,0.0,75.0,2.5,0.0,39.0,30.0,76.92307692307692,0.0,0.0,,,-420.9,-304.5,-227.0,-164.25,-122.99999999999999,,,,,,,,,,,,,,,,227.0,420.90000000000003,100.0,,76.92307692307692,0.0,0.0,0.0,nm_inferred,40.0,77.21153846153845,,Luleå Airport,65.5438,22.122
ESSA,826.0,787.0,95.27845036319613,0.0,100.0,600.0,5.0,-1170.0,-777.5,-625.0,-535.0,-455.0,0.9205128205128206,0.9629629629629629,1.011111111111111,1.0925925925925926,1.5363095238095223,0.9375,1.0,1.0,1.0,1.0,0.9166666666666666,0.9583333333333334,0.9924242424242424,1.0,1.0,625.0,1172.0,0.6353240152477764,78.90724269377382,90.4358353510896,3.6319612590799033,1.2106537530266344,837.0,798.0,95.3405017921147,0.0,99.8805256869773,360.0,5.0,555.0,610.0,700.0,860.0,1110.0,1.5466666666666669,1.7333333333333334,2.05,2.4791666666666665,3.2633333333333323,1.0,1.0,1.0,1.0,1.0,1.0,1.0,1.0,1.0,1.0,700.0,1131.5000000000005,0.6265664160401002,99.49811794228356,90.3225806451613,3.4647550776583036,1.5531660692951015,100.0,apdf,837.0,95.3094760776554,0.9494845533493702,Stockholm-Arlanda Airport,59.64849,17.928829
ESSB,123.0,122.0,99.1869918699187,0.0,0.0,300.0,65.0,-1467.4999999999989,-358.75,-240.0,-161.25,-105.49999999999997,0.3516666666666667,0.5375,0.8,1.1958333333333333,4.891666666666682,0.4,0.6,0.8,1.0,1.0,0.3516666666666667,0.5208333333333334,0.775,1.0,1.0,245.0,1467.5000000000043,2.459016393442623,34.42622950819672,92.6829268292683,1.6260162601626016,4.878048780487805,120.0,119.0,99.16666666666667,0.0,0.0,,,351.6,423.0,477.0,583.0,1923.4,,,,,,,,,,,,,,,,477.0,1923.4,0.0,,89.16666666666667,3.3333333333333335,6.666666666666667,0.0,nm_inferred,123.0,99.17682926829269,,Stockholm-Bromma Airport,59.354401,17.9417
ESSL,11.0,11.0,100.0,0.0,0.0,300.0,300.0,15.0,25.0,40.0,57.5,75.0,-0.25,-0.19166666666666665,-0.13333333333333333,-0.08333333333333333,-0.05,0.0,0.0,0.0,0.0,0.0,0.0,0.0,0.0,0.0,0.0,40.0,75.0,100.0,0.0,100.0,0.0,0.0,10.0,10.0,100.0,0.0,0.0,,,80.7,147.5,198.5,231.5,242.0,,,,,,,,,,,,,,,,198.5,242.0,0.0,,100.0,0.0,0.0,0.0,nm_inferred,11.0,100.0,,Linköping City Airport,58.404909,15.684499
ESSP,2.0,2.0,100.0,0.0,0.0,300.0,300.0,144.0,150.0,160.0,170.0,176.0,-0.5866666666666667,-0.5666666666666667,-0.5333333333333333,-0.5,-0.48,0.0,0.0,0.0,0.0,0.0,0.0,0.0,0.0,0.0,0.0,160.0,176.0,100.0,0.0,100.0,0.0,0.0,2.0,2.0,100.0,0.0,0.0,,,-87.5,-61.25,-17.5,26.25,52.5,,,,,,,,,,,,,,,,87.5,101.5,50.0,,50.0,50.0,0.0,0.0,nm_inferred,2.0,100.0,,Norrköping Airport,58.58629989624024,16.250600814819336
ESST,4.0,1.0,25.0,0.0,0.0,300.0,300.0,420.0,420.0,420.0,420.0,420.0,-1.4,-1.4,-1.4,-1.4,-1.4,0.0,0.0,0.0,0.0,0.0,0.0,0.0,0.0,0.0,0.0,420.0,420.0,100.0,0.0,25.0,0.0,0.0,4.0,1.0,25.0,0.0,0.0,,,-470.0,-470.0,-470.0,-470.0,-470.0,,,,,,,,,,,,,,,,470.0,470.0,100.0,,25.0,0.0,0.0,0.0,nm_inferred,4.0,25.0,,Torsby Airport,60.1576,12.9913
ESSV,32.0,30.0,93.75,0.0,0.0,300.0,300.0,59.0,71.25,105.0,122.5,145.5,-0.485,-0.4083333333333333,-0.35,-0.2375,-0.19666666666666663,0.0,0.0,0.0,0.0,0.0,0.0,0.0,0.0,0.0,0.0,105.0,145.5,100.0,0.0,90.625,0.0,3.125,33.0,31.0,93.93939393939394,0.0,0.0,,,-97.0,-67.0,-5.0,55.5,123.0,,,,,,,,,,,,,,,,65.0,183.0,54.83870967741935,,90.9090909090909,0.0,3.0303030303030303,0.0,nm_inferred,33.0,93.84469696969697,,Visby Airport,57.6628,18.346201
ESTA,17.0,17.0,100.0,0.0,0.0,300.0,300.0,84.0,110.0,135.0,155.0,165.0,-0.55,-0.5166666666666667,-0.45,-0.36666666666666664,-0.27999999999999997,0.0,0.0,0.0,0.0,0.0,0.0,0.0,0.0,0.0,0.0,135.0,165.0,100.0,0.0,94.11764705882354,0.0,5.882352941176471,16.0,16.0,100.0,0.0,0.0,,,70.0,86.5,96.0,106.75,143.5,,,,,,,,,,,,,,,,96.0,143.5,6.25,,100.0,0.0,0.0,0.0,nm_inferred,17.0,100.0,,Ängelholm-Helsingborg Airport,56.29610061645508,12.847100257873535
ESUP,6.0,0.0,0.0,0.0,0.0,600.0,,,,,,,,,,,,,,,,,,,,,,,,,,0.0,0.0,0.0,6.0,0.0,0.0,0.0,0.0,,,,,,,,,,,,,,,,,,,,,,,,,,,0.0,0.0,0.0,0.0,nm_inferred,6.0,0.0,,Pajala Airport,67.244569,23.074894
ESUT,4.0,0.0,0.0,0.0,0.0,300.0,,,,,,,,,,,,,,,,,,,,,,,,,,0.0,0.0,0.0,5.0,0.0,0.0,0.0,0.0,,,,,,,,,,,,,,,,,,,,,,,,,,,0.0,0.0,0.0,0.0,nm_inferred,5.0,0.0,,Hemavan Airport,65.806099,15.0828
ETAR,1.0,1.0,100.0,0.0,0.0,900.0,900.0,95.0,95.0,95.0,95.0,95.0,-0.10555555555555556,-0.10555555555555556,-0.10555555555555556,-0.10555555555555556,-0.10555555555555556,0.0,0.0,0.0,0.0,0.0,0.0,0.0,0.0,0.0,0.0,95.0,95.0,100.0,0.0,100.0,0.0,0.0,1.0,1.0,100.0,0.0,0.0,,,283.0,283.0,283.0,283.0,283.0,,,,,,,,,,,,,,,,283.0,283.0,0.0,,100.0,0.0,0.0,0.0,nm_inferred,1.0,100.0,,Ramstein Air Base,49.436901,7.60028
ETMN,2.0,2.0,100.0,0.0,0.0,600.0,402.5,-1850.5,-1543.75,-1032.5,-521.25,-214.49999999999994,0.3575,0.86875,1.7208333333333332,2.5729166666666665,3.0841666666666665,0.11,0.2,0.35000000000000003,0.5,0.5900000000000001,0.07916666666666666,0.17291666666666666,0.3291666666666667,0.4854166666666667,0.5791666666666667,1032.5,1850.5,0.0,0.0,100.0,0.0,0.0,2.0,2.0,100.0,0.0,0.0,,,479.20000000000005,695.5,1056.0,1416.5,1632.8,,,,,,,,,,,,,,,,1056.0,1632.8,0.0,,100.0,0.0,0.0,0.0,nm_inferred,2.0,100.0,,Sea-Airport Cuxhaven/Nordholz / Nordholz Naval Airbase,53.767689,8.659201
ETND,3.0,3.0,100.0,0.0,0.0,600.0,320.0,-1464.8,-930.5,-40.0,-10.0,8.000000000000004,-0.013333333333333329,0.016666666666666663,0.06666666666666667,1.5508333333333335,2.4413333333333336,0.19000000000000003,0.325,0.55,0.775,0.91,0.14833333333333332,0.2708333333333333,0.475,0.7375,0.895,40.0,1464.8000000000002,33.333333333333336,33.333333333333336,33.333333333333336,33.333333333333336,33.333333333333336,4.0,4.0,100.0,0.0,0.0,,,185.4,225.0,1064.5,3639.75,6803.700000000001,,,,,,,,,,,,,,,,1064.5,6803.700000000001,0.0,,75.0,0.0,25.0,0.0,nm_inferred,4.0,100.0,,Diepholz Air Base,52.585556,8.342222
ETNL,4.0,4.0,100.0,0.0,0.0,600.0,600.0,-3707.0,-1317.5,27.5,50.0,59.0,-0.09833333333333333,-0.08333333333333333,-0.04583333333333334,2.1958333333333337,6.178333333333335,0.0,0.0,0.0,0.0,0.0,0.0,0.0,0.0,0.0,0.0,55.0,3729.500000000001,75.0,0.0,75.0,0.0,25.0,4.0,4.0,100.0,0.0,0.0,,,238.1,254.75,271.5,1303.25,3146.9000000000005,,,,,,,,,,,,,,,,271.5,3146.9000000000005,0.0,,75.0,0.0,25.0,0.0,nm_inferred,4.0,100.0,,Rostock-Laage Airport,53.918201,12.2783
EVGA,2.0,2.0,100.0,0.0,0.0,600.0,600.0,12.7,19.75,31.5,43.25,50.3,-0.08383333333333333,-0.07208333333333333,-0.0525,-0.032916666666666664,-0.021166666666666667,0.0,0.0,0.0,0.0,0.0,0.0,0.0,0.0,0.0,0.0,31.5,50.3,100.0,0.0,100.0,0.0,0.0,2.0,2.0,100.0,0.0,0.0,,,246.5,248.75,252.5,256.25,258.5,,,,,,,,,,,,,,,,252.5,258.5,0.0,,100.0,0.0,0.0,0.0,nm_inferred,2.0,100.0,,Lielvarde Air Base,56.778301,24.853901
EVRA,280.0,280.0,100.0,0.0,97.5,600.0,600.0,30.0,40.0,55.0,70.0,80.0,-0.16666666666666666,-0.12037037037037036,-0.09090909090909091,-0.06481481481481481,-0.0453962703962704,0.0,0.0,0.0,0.0,0.0,0.0,0.0,0.0,0.0,0.0,55.0,80.0,100.0,0.0,96.78571428571429,2.857142857142857,0.35714285714285715,278.0,277.0,99.64028776978417,0.0,97.84172661870504,240.0,5.0,240.0,255.0,275.0,295.0,300.0,0.7083333333333334,0.9458333333333333,1.1458333333333333,1.4444444444444444,1.6388888888888888,0.75,1.0,1.0,1.0,1.0,0.7375,0.9625,1.0,1.0,1.0,275.0,305.0,2.1660649819494586,76.47058823529412,93.88489208633094,5.39568345323741,0.3597122302158273,97.84172661870504,apdf,280.0,99.82014388489208,0.4991007194244604,Riga International Airport,56.920752,23.970711
EYKA,47.0,47.0,100.0,0.0,0.0,600.0,30.0,-745.0,-697.5,-575.0,-390.0,-281.0000000000001,0.46833333333333343,0.65,0.9583333333333334,1.1625,1.2416666666666667,0.55,0.7,1.0,1.0,1.0,0.525,0.6666666666666666,0.9583333333333334,1.0,1.0,580.0,791.9999999999999,2.127659574468085,51.06382978723404,97.87234042553192,2.127659574468085,0.0,46.0,46.0,100.0,0.0,0.0,,,437.5,480.0,532.5,665.0,937.5,,,,,,,,,,,,,,,,532.5,937.5,0.0,,100.0,0.0,0.0,0.0,nm_inferred,47.0,100.0,,Kaunas International Airport,54.963965,24.08582
EYPA,18.0,18.0,100.0,0.0,0.0,360.0,360.0,-199.2,-124.0,77.5,266.25,361.80000000000007,-1.005,-0.7395833333333334,-0.2152777777777778,0.34444444444444444,0.5533333333333337,0.0,0.0,0.0,0.4166666666666667,0.6000000000000002,0.0,0.0,0.0,0.40625,0.5611111111111113,185.5,424.8,61.111111111111114,5.555555555555555,94.44444444444444,5.555555555555555,0.0,18.0,18.0,100.0,0.0,0.0,,,-719.0,-330.0,267.5,467.5,619.5,,,,,,,,,,,,,,,,465.0,771.5000000000001,38.888888888888886,,94.44444444444444,5.555555555555555,0.0,0.0,nm_inferred,18.0,100.0,,Palanga International Airport,55.973202,21.093901
EYVI,196.0,196.0,100.0,0.0,0.0,600.0,35.0,-952.5,-725.0,-552.5,-375.0,0.0,-0.0,0.6229166666666667,0.9208333333333334,1.2083333333333333,1.5875,0.05,0.65,0.95,1.0,1.0,0.008333333333333333,0.63125,0.9416666666666667,1.0,1.0,560.0,975.0,10.714285714285714,49.48979591836735,95.91836734693878,2.0408163265306123,2.0408163265306123,196.0,195.0,99.48979591836735,0.0,0.0,,,470.0,515.0,600.0,653.0,830.0,,,,,,,,,,,,,,,,600.0,833.0,0.5128205128205128,,96.93877551020408,1.0204081632653061,1.530612244897959,0.0,nm_inferred,196.0,99.74489795918367,,Vilnius International Airport,54.634102,25.285801
GCFV,171.0,91.0,53.21637426900585,0.0,100.0,521.0,660.0,2424.0,3235.0,3591.0,3773.5,3909.0,-6.682926829268292,-5.98004700636453,-5.118233618233618,-4.304168089614587,-3.3950437317784257,0.0,0.0,0.0,0.0,0.0,0.0,0.0,0.0,0.0,0.0,3591.0,3909.0,100.0,0.0,49.12280701754386,4.093567251461988,0.0,172.0,91.0,52.906976744186046,0.0,99.4186046511628,219.0,240.0,-4677.0,-4438.5,-4249.0,-3880.0,-3686.0,-20.975609756097562,-18.8343949663061,-17.4,-15.436150948862814,-12.400537634408602,0.0,0.0,0.0,0.0,0.0,0.0,0.0,0.0,0.0,0.0,4249.0,4677.0,100.0,0.0,50.0,2.9069767441860463,0.0,100.0,apdf,172.0,53.06167550659595,0.0,Fuerteventura Airport,28.4527,-13.8638
GCGM,12.0,0.0,0.0,0.0,0.0,300.0,,,,,,,,,,,,,,,,,,,,,,,,,,0.0,0.0,0.0,12.0,0.0,0.0,0.0,0.0,,,,,,,,,,,,,,,,,,,,,,,,,,,0.0,0.0,0.0,0.0,nm_inferred,12.0,0.0,,La Gomera Airport,28.0296,-17.2146
GCHI,22.0,0.0,0.0,0.0,0.0,300.0,,,,,,,,,,,,,,,,,,,,,,,,,,0.0,0.0,0.0,22.0,0.0,0.0,0.0,0.0,,,,,,,,,,,,,,,,,,,,,,,,,,,0.0,0.0,0.0,0.0,nm_inferred,22.0,0.0,,El Hierro Airport,27.8148,-17.8871
GCLA,89.0,9.0,10.112359550561798,0.0,0.0,300.0,300.0,586.0,630.0,735.0,900.0,1648.0000000000007,-5.493333333333332,-2.7333333333333334,-2.3666666666666667,-2.0,-1.7466666666666666,0.0,0.0,0.0,0.0,0.0,0.0,0.0,0.0,0.0,0.0,735.0,1648.0000000000007,100.0,0.0,10.112359550561798,0.0,0.0,89.0,9.0,10.112359550561798,0.0,0.0,,,-5667.2,-5079.0,-775.0,-606.0,-508.79999999999995,,,,,,,,,,,,,,,,775.0,5667.2,100.0,,8.98876404494382,1.1235955056179776,0.0,0.0,nm_inferred,89.0,10.112359550561798,,La Palma Airport,28.626499,-17.7556
GCLP,498.0,223.0,44.77911646586345,0.0,100.0,520.0,690.0,2840.6,3789.5,4047.0,4183.0,4266.2,-8.527947838023335,-6.908907564978843,-5.7477203647416415,-4.70878395608022,-3.5836728130360203,0.0,0.0,0.0,0.0,0.0,0.0,0.0,0.0,0.0,0.0,4047.0,4266.2,100.0,0.0,40.76305220883534,3.4136546184738954,0.6024096385542169,511.0,234.0,45.79256360078278,0.0,96.86888454011742,133.0,180.0,-5437.4,-5044.0,-4626.5,-3047.75,-2012.3999999999996,-49.43994241053064,-37.51485148514851,-25.45,-16.767857142857142,-10.733202247191006,0.0,0.0,0.0,0.0,0.0,0.0,0.0,0.0,0.0,0.0,4626.5,5437.400000000001,100.0,0.0,33.85518590998043,11.741682974559687,0.19569471624266144,100.0,apdf,511.0,45.28584003332311,0.0,Gran Canaria Airport,27.9319,-15.3866
GCRR,251.0,136.0,54.18326693227092,0.0,100.0,481.0,630.0,1411.5,2319.25,3272.5,3511.0,3606.0,-7.562935034802784,-6.134978991596639,-5.112182577949213,-3.7525188367553897,-2.6570348641415125,0.0,0.0,0.0,0.0,0.0,0.0,0.0,0.0,0.0,0.0,3272.5,3606.0,100.0,0.0,51.79282868525896,2.3904382470119523,0.0,258.0,144.0,55.81395348837209,0.0,99.6124031007752,176.0,210.0,-4389.8,-4193.75,-4029.5,-3695.5,-3450.2,-31.212662337662337,-24.286675035868004,-19.126099706744867,-15.317767606795316,-13.462444246208742,0.0,0.0,0.0,0.0,0.0,0.0,0.0,0.0,0.0,0.0,4029.5,4389.8,100.0,0.0,51.55038759689923,4.263565891472868,0.0,100.0,apdf,258.0,54.9986102103215,0.0,César Manrique-Lanzarote Airport,28.945499,-13.6052
GCTS,279.0,241.0,86.37992831541219,0.0,100.0,618.0,660.0,1643.0,1934.0,4269.0,4584.0,5308.0,-11.43142144638404,-7.778359511343805,-5.552631578947368,-2.93387314439946,-2.139952153110048,0.0,0.0,0.0,0.0,0.0,0.0,0.0,0.0,0.0,0.0,4269.0,5308.0,100.0,0.0,64.87455197132617,21.14695340501792,0.35842293906810035,294.0,255.0,86.73469387755102,0.0,98.29931972789116,221.0,240.0,-9490.4,-5671.5,-5105.0,-1534.5,-751.0000000000001,-40.10496411483253,-28.103168202764977,-19.617961221409498,-6.1323019801980205,-3.2576213654412705,0.0,0.0,0.0,0.0,0.0,0.0,0.0,0.0,0.0,0.0,5105.0,9490.4,100.0,0.0,62.585034013605444,23.80952380952381,0.3401360544217687,100.0,apdf,294.0,86.55731109648161,0.0,Tenerife Sur Airport,28.0445,-16.5725
GCXO,327.0,102.0,31.192660550458715,0.0,100.0,447.0,600.0,1641.8,3932.5,4214.5,4308.0,4440.9,-9.267815892815893,-8.332493939730021,-6.772759958162643,-5.30765391827941,-2.566256930916668,0.0,0.0,0.0,0.0,0.0,0.0,0.0,0.0,0.0,0.0,4214.5,4440.9,100.0,0.0,29.051987767584098,2.140672782874618,0.0,327.0,100.0,30.581039755351682,0.0,98.1651376146789,134.0,210.0,-5185.3,-4783.5,-4213.0,-1875.0,-1449.7999999999993,-35.786298443698506,-27.507047076634706,-19.485059681166383,-11.15243399339934,-6.539879931389363,0.0,0.0,0.0,0.0,0.0,0.0,0.0,0.0,0.0,0.0,4213.0,5185.3,100.0,0.0,23.853211009174313,6.72782874617737,0.0,100.0,apdf,327.0,30.886850152905197,0.0,Tenerife Norte-Ciudad de La Laguna Airport,28.482752,-16.341707
GEML,45.0,45.0,100.0,0.0,0.0,300.0,300.0,54.0,185.0,290.0,355.0,406.0,-1.3533333333333333,-1.1833333333333333,-0.9666666666666667,-0.6166666666666667,-0.17999999999999994,0.0,0.0,0.0,0.0,0.0,0.0,0.0,0.0,0.0,0.0,290.0,406.0,100.0,0.0,95.55555555555556,4.444444444444445,0.0,45.0,45.0,100.0,0.0,0.0,,,-305.59999999999997,-159.0,-53.0,227.0,252.4,,,,,,,,,,,,,,,,210.0,305.6,57.77777777777778,,100.0,0.0,0.0,0.0,nm_inferred,45.0,100.0,,Melilla Airport,35.2798,-2.95626
GMAD,93.0,69.0,74.19354838709677,0.0,0.0,600.0,600.0,1811.0,1985.0,2130.0,2390.0,2523.0,-4.2,-3.675,-3.125,-2.4166666666666665,-2.2466666666666666,0.0,0.0,0.0,0.0,0.0,0.0,0.0,0.0,0.0,0.0,2130.0,2523.0,100.0,0.0,73.11827956989248,1.075268817204301,0.0,97.0,76.0,78.35051546391753,0.0,0.0,,,-2550.5,-2210.75,-1965.5,-1848.75,-1746.0,,,,,,,,,,,,,,,,1965.5,2550.5,100.0,,76.28865979381443,2.0618556701030926,0.0,0.0,nm_inferred,97.0,76.27203192550715,,Al Massira Airport,30.322478,-9.412003
GMAT,2.0,0.0,0.0,0.0,0.0,600.0,,,,,,,,,,,,,,,,,,,,,,,,,,0.0,0.0,0.0,2.0,0.0,0.0,0.0,0.0,,,,,,,,,,,,,,,,,,,,,,,,,,,0.0,0.0,0.0,0.0,nm_inferred,2.0,0.0,,Tan Tan Airport,28.447563,-11.161749
GMAZ,1.0,0.0,0.0,0.0,0.0,600.0,,,,,,,,,,,,,,,,,,,,,,,,,,0.0,0.0,0.0,1.0,0.0,0.0,0.0,0.0,,,,,,,,,,,,,,,,,,,,,,,,,,,0.0,0.0,0.0,0.0,nm_inferred,1.0,0.0,,Zagora Airport,30.265788,-5.860808
GMFF,58.0,55.0,94.82758620689656,0.0,0.0,900.0,900.0,302.0,317.5,340.0,362.5,411.00000000000006,-0.6333333333333333,-0.49583333333333335,-0.39444444444444443,-0.35833333333333334,-0.34444444444444444,0.0,0.0,0.0,0.0,0.0,0.0,0.0,0.0,0.0,0.0,340.0,411.00000000000006,100.0,0.0,94.82758620689656,0.0,0.0,56.0,52.0,92.85714285714286,0.0,0.0,,,-569.8,-277.25,-208.5,-178.0,-156.1,,,,,,,,,,,,,,,,208.5,569.7999999999998,100.0,,92.85714285714286,0.0,0.0,0.0,nm_inferred,58.0,93.8423645320197,,Fes Saïss International Airport,33.927299,-4.97796
GMFK,7.0,0.0,0.0,0.0,0.0,600.0,,,,,,,,,,,,,,,,,,,,,,,,,,0.0,0.0,0.0,8.0,3.0,37.5,0.0,0.0,,,-1182.0,-1108.5,-986.0,-824.5,-727.6,,,,,,,,,,,,,,,,986.0,1182.0,100.0,,37.5,0.0,0.0,0.0,nm_inferred,8.0,18.75,,Moulay Ali Cherif Airport,31.9475002289,-4.39833021164
GMFO,28.0,28.0,100.0,0.0,0.0,600.0,600.0,192.0,265.0,310.0,371.25,471.5,-0.8208333333333333,-0.625,-0.5125,-0.41145833333333337,-0.26666666666666666,0.0,0.0,0.0,0.0,0.0,0.0,0.0,0.0,0.0,0.0,310.0,471.5,100.0,0.0,96.42857142857143,3.5714285714285716,0.0,30.0,30.0,100.0,0.0,0.0,,,-250.2,-171.5,-108.0,-25.0,77.1,,,,,,,,,,,,,,,,119.0,250.20000000000005,83.33333333333333,,93.33333333333333,6.666666666666667,0.0,0.0,nm_inferred,30.0,100.0,,Oujda Angads Airport,34.789558,-1.926041
GMMB,2.0,0.0,0.0,0.0,0.0,600.0,,,,,,,,,,,,,,,,,,,,,,,,,,0.0,0.0,0.0,1.0,0.0,0.0,0.0,0.0,,,,,,,,,,,,,,,,,,,,,,,,,,,0.0,0.0,0.0,0.0,nm_inferred,2.0,0.0,,Ben Slimane Airport,33.655399,-7.22145
GMMD,1.0,1.0,100.0,0.0,0.0,300.0,300.0,695.0,695.0,695.0,695.0,695.0,-2.316666666666667,-2.316666666666667,-2.316666666666667,-2.316666666666667,-2.316666666666667,0.0,0.0,0.0,0.0,0.0,0.0,0.0,0.0,0.0,0.0,695.0,695.0,100.0,0.0,100.0,0.0,0.0,1.0,1.0,100.0,0.0,0.0,,,-681.0,-681.0,-681.0,-681.0,-681.0,,,,,,,,,,,,,,,,681.0,681.0,100.0,,100.0,0.0,0.0,0.0,nm_inferred,1.0,100.0,,Beni Mellal Airport,32.401895,-6.315905
GMME,55.0,53.0,96.36363636363636,0.0,0.0,600.0,720.0,285.0,295.0,325.0,390.0,552.0000000000005,-0.7922222222222223,-0.6083333333333333,-0.475,-0.3888888888888889,-0.32888888888888884,0.0,0.0,0.0,0.0,0.0,0.0,0.0,0.0,0.0,0.0,325.0,552.0000000000005,100.0,0.0,92.72727272727273,3.6363636363636362,0.0,55.0,45.0,81.81818181818181,0.0,0.0,,,-545.6,-377.0,-300.0,-255.0,-190.2,,,,,,,,,,,,,,,,300.0,545.6,100.0,,78.18181818181819,3.6363636363636362,0.0,0.0,nm_inferred,55.0,89.0909090909091,,Rabat-Salé Airport,34.051498,-6.75152
GMMI,7.0,7.0,100.0,0.0,0.0,900.0,900.0,1278.4,1395.0,1435.0,1570.0,1709.0,-2.283333333333333,-1.9119444444444444,-1.6055555555555556,-1.5861111111111112,-1.5555555555555556,0.0,0.0,0.0,0.0,0.0,0.0,0.0,0.0,0.0,0.0,1435.0,1709.0,100.0,0.0,100.0,0.0,0.0,7.0,7.0,100.0,0.0,0.0,,,-2623.4,-2298.0,-1949.0,-1594.0,-1524.3999999999999,,,,,,,,,,,,,,,,1949.0,2623.4,100.0,,100.0,0.0,0.0,0.0,nm_inferred,7.0,100.0,,Essaouira-Mogador Airport,31.397499,-9.68167
GMML,21.0,0.0,0.0,0.0,0.0,600.0,,,,,,,,,,,,,,,,,,,,,,,,,,0.0,0.0,0.0,18.0,0.0,0.0,0.0,0.0,,,,,,,,,,,,,,,,,,,,,,,,,,,0.0,0.0,0.0,0.0,nm_inferred,21.0,0.0,,Laayoune Hassan I International Airport,27.142467,-13.224947
GMMN,339.0,238.0,70.20648967551622,0.0,0.0,600.0,600.0,474.7,515.25,596.0,732.75,1759.8000000000002,-2.933,-1.20375,-0.96,-0.8358333333333333,-0.7054166666666666,0.0,0.0,0.0,0.0,0.0,0.0,0.0,0.0,0.0,0.0,596.0,1759.8000000000002,100.0,0.0,58.99705014749262,10.914454277286136,0.2949852507374631,340.0,237.0,69.70588235294117,0.0,0.0,,,-1404.2,-1025.0,-735.0,-579.0,-495.2,,,,,,,,,,,,,,,,735.0,1404.2,100.0,,57.35294117647059,12.352941176470589,0.0,0.0,nm_inferred,340.0,69.9561860142287,,Mohammed V International Airport,33.3675,-7.58997
GMMW,31.0,31.0,100.0,0.0,0.0,900.0,900.0,18.0,34.5,160.0,190.0,233.0,-0.36333333333333334,-0.24222222222222223,-0.17777777777777778,-0.05,-0.02,0.0,0.0,0.0,0.0,0.0,0.0,0.0,0.0,0.0,0.0,160.0,233.0,100.0,0.0,100.0,0.0,0.0,30.0,30.0,100.0,0.0,0.0,,,-186.1,-144.25,1.0,55.75,117.1,,,,,,,,,,,,,,,,80.0,239.10000000000002,46.666666666666664,,93.33333333333333,6.666666666666667,0.0,0.0,nm_inferred,31.0,100.0,,Nador Al Aaroui International Airport,34.9888,-3.02821
GMMX,259.0,236.0,91.11969111969113,0.0,0.0,600.0,600.0,1010.0,1075.0,1150.0,1281.25,1415.0,-2.455,-2.0083333333333333,-1.7416666666666667,-1.3277777777777777,-1.1911111111111112,0.0,0.0,0.0,0.0,0.0,0.0,0.0,0.0,0.0,0.0,1150.0,1415.0,100.0,0.0,88.8030888030888,2.3166023166023164,0.0,268.0,245.0,91.41791044776119,0.0,0.0,,,-1442.3999999999999,-1258.0,-1084.0,-921.0,-852.0,,,,,,,,,,,,,,,,1084.0,1442.3999999999999,100.0,,87.68656716417911,3.3582089552238807,0.373134328358209,0.0,nm_inferred,268.0,91.26880078372616,,Marrakesh Menara Airport,31.604807,-8.035788
GMMZ,5.0,2.0,40.0,0.0,0.0,600.0,600.0,1241.5,1243.75,1247.5,1251.25,1253.5,-2.089166666666667,-2.0854166666666667,-2.0791666666666666,-2.072916666666667,-2.069166666666667,0.0,0.0,0.0,0.0,0.0,0.0,0.0,0.0,0.0,0.0,1247.5,1253.5,100.0,0.0,40.0,0.0,0.0,4.0,2.0,50.0,0.0,0.0,,,-1998.6,-1879.5,-1681.0,-1482.5,-1363.4,,,,,,,,,,,,,,,,1681.0,1998.6,100.0,,50.0,0.0,0.0,0.0,nm_inferred,5.0,45.0,,Ouarzazate International Airport,30.9391,-6.90943
GMTA,5.0,5.0,100.0,0.0,0.0,600.0,578.0,-330.4,-271.0,-22.0,32.0,33.8,-0.05633333333333333,-0.05333333333333334,0.03666666666666667,0.45166666666666666,0.5506666666666666,0.0,0.0,0.05,0.5,0.5900000000000001,0.0,0.0,0.041666666666666664,0.4583333333333333,0.5533333333333333,35.0,330.4,40.0,0.0,100.0,0.0,0.0,5.0,5.0,100.0,0.0,0.0,,,242.2,337.0,541.0,569.0,623.0,,,,,,,,,,,,,,,,541.0,623.0,0.0,,100.0,0.0,0.0,0.0,nm_inferred,5.0,100.0,,Cherif Al Idrissi Airport,35.177101,-3.83952
GMTN,18.0,18.0,100.0,0.0,0.0,900.0,866.5,-51.5,-44.25,12.5,25.75,41.5,-0.06527777777777777,-0.03347222222222222,-0.013888888888888888,0.04916666666666667,0.06638888888888891,0.0,0.0,0.0,0.06666666666666667,0.07666666666666669,0.0,0.0,0.0,0.05,0.06638888888888891,36.0,55.0,55.55555555555556,0.0,100.0,0.0,0.0,19.0,19.0,100.0,0.0,0.0,,,219.8,255.0,281.0,308.5,329.59999999999997,,,,,,,,,,,,,,,,281.0,329.59999999999997,5.2631578947368425,,100.0,0.0,0.0,0.0,nm_inferred,19.0,100.0,,Sania Ramel Airport,35.594299,-5.32002
GMTT,81.0,80.0,98.76543209876543,0.0,0.0,900.0,900.0,40.0,53.75,70.0,90.0,110.0,-0.175,-0.12777777777777777,-0.09027777777777778,-0.06666666666666667,-0.05,0.0,0.0,0.0,0.0,0.0,0.0,0.0,0.0,0.0,0.0,70.0,110.50000000000004,98.75,0.0,96.29629629629629,1.2345679012345678,1.2345679012345678,80.0,79.0,98.75,0.0,0.0,,,196.4,213.5,241.0,258.0,268.8,,,,,,,,,,,,,,,,241.0,268.8,0.0,,96.25,1.25,1.25,0.0,nm_inferred,81.0,98.75771604938271,,Tangier Ibn Battuta Airport,35.731741,-5.921459
HEAL,1.0,1.0,100.0,0.0,0.0,300.0,300.0,2265.0,2265.0,2265.0,2265.0,2265.0,-7.55,-7.55,-7.55,-7.55,-7.55,0.0,0.0,0.0,0.0,0.0,0.0,0.0,0.0,0.0,0.0,2265.0,2265.0,100.0,0.0,100.0,0.0,0.0,1.0,1.0,100.0,0.0,0.0,,,-2614.0,-2614.0,-2614.0,-2614.0,-2614.0,,,,,,,,,,,,,,,,2614.0,2614.0,100.0,,100.0,0.0,0.0,0.0,nm_inferred,1.0,100.0,,El Alamein International Airport,30.924324,28.46161
HEAR,,,,,,,,,,,,,,,,,,,,,,,,,,,,,,,,,,,1.0,1.0,100.0,0.0,0.0,,,401.0,401.0,401.0,401.0,401.0,,,,,,,,,,,,,,,,401.0,401.0,0.0,,100.0,0.0,0.0,0.0,nm_inferred,1.0,100.0,,El Arish International Airport,31.055324,33.827964
HEBA,7.0,7.0,100.0,0.0,0.0,600.0,600.0,219.00000000000003,642.5,955.0,6291.0,11438.2,-19.063666666666666,-10.485,-1.5916666666666666,-1.0708333333333333,-0.36499999999999977,0.0,0.0,0.0,0.0,0.0,0.0,0.0,0.0,0.0,0.0,955.0,11438.2,100.0,0.0,71.42857142857143,28.571428571428573,0.0,5.0,5.0,100.0,0.0,0.0,,,-7383.6,-3141.0,-2553.0,-1085.0,-620.0,,,,,,,,,,,,,,,,2553.0,7383.6,100.0,,80.0,20.0,0.0,0.0,nm_inferred,7.0,100.0,,Alexandria International Airport,30.93249,29.696437
HECA,211.0,209.0,99.0521327014218,0.0,0.0,900.0,900.0,482.4,575.0,1412.0,3344.0,6704.8,-7.449777777777777,-3.7155555555555555,-1.568888888888889,-0.6388888888888888,-0.5359999999999999,0.0,0.0,0.0,0.0,0.0,0.0,0.0,0.0,0.0,0.0,1412.0,6704.8,100.0,0.0,67.77251184834124,31.27962085308057,0.0,210.0,204.0,97.14285714285714,0.0,0.0,,,-1270.4,-993.0,-731.5,-571.75,-444.0,,,,,,,,,,,,,,,,731.5,1270.4,99.01960784313725,,89.52380952380952,7.619047619047619,0.0,0.0,nm_inferred,211.0,98.09749492213948,,Cairo International Airport,30.111534,31.396694
HEGN,184.0,180.0,97.82608695652173,0.0,0.0,900.0,900.0,942.7,1030.75,1155.0,1466.75,5455.0,-6.112777777777778,-3.867777777777778,-1.2994444444444446,-1.1444444444444444,-1.043888888888889,0.0,0.0,0.0,0.0,0.0,0.0,0.0,0.0,0.0,0.0,1155.0,5455.0,100.0,0.0,82.6086956521739,15.217391304347826,0.0,183.0,178.0,97.26775956284153,0.0,0.0,,,-5031.5,-4786.5,-1267.5,-1005.5,-899.1999999999999,,,,,,,,,,,,,,,,1267.5,5031.5,100.0,,82.51366120218579,14.754098360655737,0.0,0.0,nm_inferred,184.0,97.54692325968163,,Hurghada International Airport,27.176776,33.796692
HEMM,5.0,5.0,100.0,0.0,0.0,600.0,600.0,1865.4,1866.0,1975.0,2030.0,2561.0,-4.2683333333333335,-3.3833333333333333,-3.2916666666666665,-3.11,-3.109,0.0,0.0,0.0,0.0,0.0,0.0,0.0,0.0,0.0,0.0,1975.0,2561.0,100.0,0.0,100.0,0.0,0.0,6.0,6.0,100.0,0.0,0.0,,,-2134.0,-2025.0,-1935.5,-1831.0,-1808.0,,,,,,,,,,,,,,,,1935.5,2134.0,100.0,,100.0,0.0,0.0,0.0,nm_inferred,6.0,100.0,,Mersa Matruh International Airport,31.324313,27.22227
HESH,88.0,83.0,94.31818181818181,0.0,0.0,1200.0,1200.0,945.0,1035.0,1170.0,1445.0,5174.0,-4.3125,-1.4833333333333334,-1.0041666666666667,-0.88125,-0.7883333333333333,0.0,0.0,0.0,0.0,0.0,0.0,0.0,0.0,0.0,0.0,1170.0,5174.0,100.0,0.0,63.63636363636363,30.681818181818183,0.0,89.0,81.0,91.01123595505618,0.0,0.0,,,-6495.0,-4748.0,-1050.0,-880.0,-767.0,,,,,,,,,,,,,,,,1050.0,6495.0,100.0,,62.92134831460674,28.089887640449437,0.0,0.0,nm_inferred,89.0,92.664708886619,,Sharm El Sheikh International Airport,27.977272,34.394717
HESX,9.0,8.0,88.88888888888889,0.0,0.0,600.0,600.0,447.8,469.25,555.0,3266.25,3780.0,-6.3,-5.44375,-0.925,-0.7820833333333334,-0.7463333333333333,0.0,0.0,0.0,0.0,0.0,0.0,0.0,0.0,0.0,0.0,555.0,3780.0,100.0,0.0,77.77777777777777,11.11111111111111,0.0,10.0,10.0,100.0,0.0,0.0,,,-4483.9,-3840.5,-3637.0,-3534.75,-1265.1000000000004,,,,,,,,,,,,,,,,3637.0,4483.899999999999,100.0,,80.0,20.0,0.0,0.0,nm_inferred,10.0,94.44444444444444,,Sphinx International Airport,30.108179,30.895728
HLLB,15.0,15.0,100.0,0.0,0.0,600.0,600.0,1995.4,2046.0,2201.0,2368.0,5630.999999999999,-9.385,-3.9466666666666663,-3.6683333333333334,-3.41,-3.3256666666666668,0.0,0.0,0.0,0.0,0.0,0.0,0.0,0.0,0.0,0.0,2201.0,5630.999999999999,100.0,0.0,80.0,20.0,0.0,18.0,18.0,100.0,0.0,0.0,,,-5589.5,-2408.75,-2121.5,-1636.5,-1522.8,,,,,,,,,,,,,,,,2121.5,5589.5,100.0,,83.33333333333333,16.666666666666668,0.0,0.0,nm_inferred,18.0,100.0,,Benina International Airport,32.096802,20.269501
HLLM,28.0,28.0,100.0,0.0,0.0,0.0,600.0,573.5,720.5,2957.5,4236.0,4379.8,-3.2435,-3.1637500000000003,-3.0308333333333337,-2.8979166666666667,-2.818166666666667,0.0,0.0,0.0,0.0,0.0,0.0,0.0,0.0,0.0,0.0,2957.5,4379.8,100.0,0.0,50.0,50.0,0.0,29.0,28.0,96.55172413793103,0.0,0.0,,,-4768.3,-4658.0,-4282.5,-624.75,-493.4999999999999,,,,,,,,,,,,,,,,4282.5,4768.3,96.42857142857143,,37.93103448275862,58.62068965517241,0.0,0.0,nm_inferred,29.0,98.27586206896552,,Mitiga International Airport,32.89177,13.287878
HLLQ,1.0,1.0,100.0,0.0,0.0,0.0,,2411.0,2411.0,2411.0,2411.0,2411.0,,,,,,,,,,,,,,,,2411.0,2411.0,100.0,,0.0,0.0,100.0,,,,,,,,,,,,,,,,,,,,,,,,,,,,,,,,,,,0.0,nm_inferred,1.0,100.0,,Al Abraq International Airport,32.789036,21.954864
HLMS,4.0,3.0,75.0,0.0,0.0,0.0,,1324.8,1935.0,2952.0,3327.0,3552.0,,,,,,,,,,,,,,,,2952.0,3552.0,100.0,,25.0,50.0,0.0,4.0,3.0,75.0,0.0,0.0,,,-4215.2,-4152.5,-4048.0,-2543.5,-1640.7999999999997,,,,,,,,,,,,,,,,4048.0,4215.2,100.0,,75.0,0.0,0.0,0.0,nm_inferred,4.0,75.0,,Misrata International Airport,32.325001,15.061
LATI,321.0,319.0,99.37694704049844,0.0,0.0,840.0,840.0,314.0,350.0,400.0,482.5,615.0,-1.32,-0.9479166666666667,-0.6547619047619048,-0.45972222222222225,-0.37777777777777777,0.0,0.0,0.0,0.0,0.0,0.0,0.0,0.0,0.0,0.0,400.0,615.0,100.0,0.0,98.4423676012461,0.9345794392523364,0.0,313.0,302.0,96.48562300319489,0.0,0.0,,,-1259.5,-933.0,-675.0,-483.0,-409.0,,,,,,,,,,,,,,,,675.0,1259.5000000000002,100.0,,93.9297124600639,2.5559105431309903,0.0,0.0,nm_inferred,321.0,97.93128502184666,,Tirana International Airport Mother Teresa,41.4147,19.7206
LBBG,69.0,67.0,97.10144927536231,0.0,0.0,300.0,300.0,56.00000000000001,107.5,145.0,185.0,215.0,-0.7066666666666667,-0.6,-0.4,-0.18888888888888888,-0.12888888888888891,0.0,0.0,0.0,0.0,0.0,0.0,0.0,0.0,0.0,0.0,145.0,215.0,97.01492537313433,0.0,94.20289855072464,2.898550724637681,0.0,76.0,74.0,97.36842105263158,0.0,0.0,,,-277.1,-138.25,45.0,83.75,140.4,,,,,,,,,,,,,,,,84.0,277.1,40.54054054054054,,90.78947368421052,6.578947368421052,0.0,0.0,nm_inferred,76.0,97.23493516399694,,Burgas Airport,42.569917,27.515173
LBPD,6.0,5.0,83.33333333333333,0.0,0.0,510.0,300.0,-1546.3999999999999,-5.0,-3.0,4.0,16.6,-0.05533333333333333,-0.013333333333333334,0.0033333333333333335,0.006944444444444444,1.718777777777778,0.0,0.0,0.03333333333333333,0.041666666666666664,0.6166666666666667,0.0,0.0,0.005555555555555556,0.006944444444444444,0.6027777777777779,5.0,1554.4,40.0,20.0,83.33333333333333,0.0,0.0,6.0,5.0,83.33333333333333,0.0,0.0,,,469.6,508.0,641.0,657.0,730.8,,,,,,,,,,,,,,,,641.0,730.8,0.0,,66.66666666666667,16.666666666666668,0.0,0.0,nm_inferred,6.0,83.33333333333333,,Plovdiv International Airport,42.067799,24.8508
LBSF,278.0,266.0,95.68345323741008,0.0,100.0,720.0,720.0,10.0,30.0,45.0,60.0,75.0,-0.12037037037037036,-0.09075126262626262,-0.06445868945868946,-0.037037037037037035,-0.014928698752228164,0.0,0.0,0.0,0.0,0.0,0.0,0.0,0.0,0.0,0.0,45.0,75.0,94.73684210526316,0.0,94.60431654676259,0.7194244604316546,0.3597122302158273,275.0,264.0,96.0,0.0,99.63636363636364,300.0,5.0,260.0,295.0,325.0,387.5,535.0,0.8500000000000001,1.0,1.2166666666666666,1.6111111111111112,1.9722222222222223,0.9,1.0,1.0,1.0,1.0,0.8500000000000001,1.0,1.0,1.0,1.0,325.0,543.5000000000001,1.1363636363636365,83.26996197718631,93.81818181818181,1.8181818181818181,0.36363636363636365,100.0,apdf,278.0,95.84172661870504,0.4792086330935252,Sofia Airport,42.696357,23.417671
LBWN,56.0,53.0,94.64285714285714,0.0,0.0,600.0,600.0,160.0,180.0,215.0,255.0,298.00000000000006,-0.8116666666666666,-0.5333333333333333,-0.35833333333333334,-0.2916666666666667,-0.23499999999999996,0.0,0.0,0.0,0.0,0.0,0.0,0.0,0.0,0.0,0.0,215.0,298.00000000000006,100.0,0.0,91.07142857142857,3.5714285714285716,0.0,57.0,54.0,94.73684210526316,0.0,0.0,,,-273.1,-125.75,-97.5,-55.0,8.700000000000031,,,,,,,,,,,,,,,,100.5,273.1,87.03703703703704,,92.98245614035088,1.7543859649122806,0.0,0.0,nm_inferred,57.0,94.68984962406014,,Varna Airport,43.232101,27.8251
LCLK,294.0,287.0,97.61904761904762,0.0,0.0,600.0,370.0,-1132.0,-747.5,-330.0,75.0,152.00000000000017,-0.3175,-0.115625,0.4861111111111111,1.2069444444444444,2.15,0.0,0.0,0.4,0.95,1.0,0.0,0.0,0.3854166666666667,0.9083333333333333,1.0,435.0,1541.0000000000014,36.23693379790941,21.951219512195124,91.49659863945578,5.782312925170068,0.3401360544217687,295.0,291.0,98.64406779661017,0.0,0.0,,,55.0,167.0,310.0,530.0,710.0,,,,,,,,,,,,,,,,360.0,800.0,8.24742268041237,,93.22033898305085,4.406779661016949,1.0169491525423728,0.0,nm_inferred,295.0,98.1315577078289,,Larnaca International Airport,34.875099,33.624901
LCPH,111.0,107.0,96.3963963963964,0.0,0.0,720.0,720.0,32.00000000000003,272.5,385.0,447.5,500.0000000000001,-0.741969696969697,-0.6268939393939394,-0.46078431372549017,-0.3194444444444444,-0.03555555555555543,0.0,0.0,0.0,0.0,0.0,0.0,0.0,0.0,0.0,0.0,385.0,500.0000000000001,90.65420560747664,0.0,95.49549549549549,0.9009009009009009,0.0,118.0,114.0,96.61016949152543,0.0,0.0,,,-185.0,-12.5,94.5,120.0,160.0,,,,,,,,,,,,,,,,115.0,290.0,28.07017543859649,,92.37288135593221,4.237288135593221,0.0,0.0,nm_inferred,118.0,96.50328294396091,,Paphos International Airport,34.717999,32.485699
LCRA,2.0,2.0,100.0,0.0,0.0,300.0,17.5,-522.0,-480.0,-410.0,-340.0,-298.0,0.9933333333333334,1.1333333333333333,1.3666666666666667,1.5999999999999999,1.74,0.91,0.925,0.95,0.975,0.99,0.91,0.925,0.95,0.975,0.99,410.0,522.0,0.0,50.0,100.0,0.0,0.0,2.0,2.0,100.0,0.0,0.0,,,374.2,397.0,435.0,473.0,495.8,,,,,,,,,,,,,,,,435.0,495.8,0.0,,50.0,50.0,0.0,0.0,nm_inferred,2.0,100.0,,RAF Akrotiri,34.590401,32.9879
LDDU,141.0,139.0,98.58156028368795,0.0,0.0,600.0,600.0,704.0,807.5,925.0,997.5,1110.0,-1.925,-1.75,-1.5277777777777777,-1.2166666666666668,-1.0066666666666666,0.0,0.0,0.0,0.0,0.0,0.0,0.0,0.0,0.0,0.0,925.0,1110.0,100.0,0.0,96.45390070921985,2.127659574468085,0.0,139.0,136.0,97.84172661870504,0.0,0.0,,,-1165.5,-1030.0,-892.5,-789.25,-685.0,,,,,,,,,,,,,,,,892.5,1165.5,100.0,,94.96402877697842,2.158273381294964,0.7194244604316546,0.0,nm_inferred,141.0,98.2116434511965,,Dubrovnik Ruđer Bošković Airport,42.562247,18.265543
LDLO,1.0,1.0,100.0,0.0,0.0,300.0,300.0,28.0,28.0,28.0,28.0,28.0,-0.09333333333333334,-0.09333333333333334,-0.09333333333333334,-0.09333333333333334,-0.09333333333333334,0.0,0.0,0.0,0.0,0.0,0.0,0.0,0.0,0.0,0.0,28.0,28.0,100.0,0.0,100.0,0.0,0.0,1.0,1.0,100.0,0.0,0.0,,,307.0,307.0,307.0,307.0,307.0,,,,,,,,,,,,,,,,307.0,307.0,0.0,,100.0,0.0,0.0,0.0,nm_inferred,1.0,100.0,,Lošinj Airport,44.566985,14.393883
LDOS,8.0,8.0,100.0,0.0,0.0,300.0,300.0,63.7,74.5,95.0,106.5,134.7,-0.36066666666666664,-0.32666666666666666,-0.2833333333333333,-0.21250000000000002,-0.194,0.0,0.0,0.0,0.0,0.0,0.0,0.0,0.0,0.0,0.0,95.0,134.7,100.0,0.0,100.0,0.0,0.0,9.0,9.0,100.0,0.0,0.0,,,160.8,183.0,186.0,251.0,276.8,,,,,,,,,,,,,,,,186.0,276.8,0.0,,100.0,0.0,0.0,0.0,nm_inferred,9.0,100.0,,Osijek Airport,45.462355,18.811278
LDPL,31.0,31.0,100.0,0.0,0.0,300.0,300.0,10.0,25.0,55.0,82.0,95.0,-0.3,-0.225,-0.11666666666666667,-0.05555555555555555,-0.027777777777777776,0.0,0.0,0.0,0.0,0.0,0.0,0.0,0.0,0.0,0.0,65.0,110.0,90.3225806451613,0.0,83.87096774193549,3.225806451612903,12.903225806451612,34.0,34.0,100.0,0.0,0.0,,,131.3,191.0,261.0,276.0,282.0,,,,,,,,,,,,,,,,261.0,282.0,0.0,,85.29411764705883,2.9411764705882355,11.764705882352942,0.0,nm_inferred,34.0,100.0,,Pula Airport,44.893501,13.9222
LDRI,15.0,15.0,100.0,0.0,0.0,300.0,300.0,63.0,72.0,92.0,127.0,154.0,-0.4433333333333333,-0.31,-0.26,-0.20666666666666667,-0.14044444444444443,0.0,0.0,0.0,0.0,0.0,0.0,0.0,0.0,0.0,0.0,92.0,154.0,100.0,0.0,93.33333333333333,0.0,6.666666666666667,14.0,14.0,100.0,0.0,0.0,,,-59.2,-41.75,13.0,56.75,100.90000000000003,,,,,,,,,,,,,,,,50.0,108.4,35.714285714285715,,100.0,0.0,0.0,0.0,nm_inferred,15.0,100.0,,Rijeka Airport,45.216376,14.57085
LDSB,2.0,2.0,100.0,0.0,0.0,300.0,300.0,386.4,457.5,576.0,694.5,765.6,-2.552,-2.315,-1.92,-1.525,-1.2879999999999998,0.0,0.0,0.0,0.0,0.0,0.0,0.0,0.0,0.0,0.0,576.0,765.6,100.0,0.0,100.0,0.0,0.0,3.0,3.0,100.0,0.0,0.0,,,-715.6,-715.0,-714.0,-655.0,-619.6,,,,,,,,,,,,,,,,714.0,715.6,100.0,,100.0,0.0,0.0,0.0,nm_inferred,3.0,100.0,,Brač Airport,43.284454,16.678362
LDSP,166.0,163.0,98.19277108433735,0.0,0.0,300.0,300.0,290.0,347.5,440.0,582.5,694.0,-2.28,-1.8833333333333333,-1.3833333333333333,-1.0416666666666667,-0.7527777777777777,0.0,0.0,0.0,0.0,0.0,0.0,0.0,0.0,0.0,0.0,440.0,694.0,100.0,0.0,93.97590361445783,3.6144578313253013,0.6024096385542169,170.0,166.0,97.6470588235294,0.0,0.0,,,-694.5,-503.5,-372.5,-260.0,-174.5,,,,,,,,,,,,,,,,372.5,694.5,99.39759036144578,,94.11764705882354,2.9411764705882355,0.5882352941176471,0.0,nm_inferred,170.0,97.91991495393339,,Split Saint Jerome Airport,43.538898,16.298
LDVA,5.0,5.0,100.0,0.0,0.0,600.0,600.0,12.8,50.0,70.0,398.0,492.20000000000005,-0.8203333333333334,-0.6633333333333333,-0.11666666666666667,-0.08333333333333333,-0.021333333333333326,0.0,0.0,0.0,0.0,0.030000000000000006,0.0,0.0,0.0,0.0,0.015000000000000003,70.0,492.20000000000005,80.0,0.0,100.0,0.0,0.0,4.0,4.0,100.0,0.0,0.0,,,-398.0,-177.5,-25.0,53.75,141.50000000000003,,,,,,,,,,,,,,,,127.5,441.50000000000006,50.0,,100.0,0.0,0.0,0.0,nm_inferred,5.0,100.0,,Varaždin Airfield,46.294668,16.383222
LDZA,210.0,210.0,100.0,0.0,99.04761904761905,720.0,720.0,95.0,130.0,157.5,185.0,220.0,-0.4414285714285714,-0.2945075757575758,-0.21182983682983683,-0.16666666666666666,-0.11325,0.0,0.0,0.0,0.0,0.0,0.0,0.0,0.0,0.0,0.0,160.0,220.49999999999997,98.57142857142857,0.47619047619047616,97.61904761904762,1.9047619047619047,0.47619047619047616,202.0,202.0,100.0,0.0,99.5049504950495,360.0,320.0,-165.0,-35.0,40.0,75.0,115.0,-0.4166666666666667,-0.1,0.09722222222222222,0.2261904761904762,0.3611111111111111,0.0,0.0,0.14285714285714285,0.2857142857142857,0.4,0.0,0.0,0.1111111111111111,0.23809523809523808,0.38095238095238093,65.0,184.50000000000003,34.65346534653465,0.4975124378109453,95.04950495049505,3.4653465346534653,1.4851485148514851,99.5049504950495,apdf,210.0,100.0,0.05555555555555555,Zagreb Franjo Tuđman International Airport,45.742901,16.0688
LDZD,94.0,94.0,100.0,0.0,0.0,900.0,900.0,120.0,140.0,165.0,185.0,223.5,-0.2538888888888889,-0.21666666666666667,-0.18611111111111112,-0.16111111111111112,-0.13333333333333333,0.0,0.0,0.0,0.0,0.0,0.0,0.0,0.0,0.0,0.0,165.0,228.5,96.80851063829788,0.0,95.74468085106383,0.0,4.25531914893617,95.0,95.0,100.0,0.0,0.0,,,-157.6,-17.5,61.0,78.0,152.60000000000065,,,,,,,,,,,,,,,,75.0,276.80000000000007,32.63157894736842,,96.84210526315789,0.0,3.1578947368421053,0.0,nm_inferred,95.0,100.0,,Zadar Airport,44.096986,15.353565
LEAL,517.0,517.0,100.0,0.0,100.0,677.0,675.0,-7.0,-4.0,-1.0,2.0,5.0,-0.00887056537380846,-0.0033444816053511705,0.0012406947890818859,0.005813953488372093,0.010115606936416185,0.0,0.0,0.027777777777777776,0.043478260869565216,0.06029411764705895,0.0,0.0,0.004816955684007708,0.007849293563579277,0.014231051046161373,3.0,7.0,48.74274661508704,0.0,97.678916827853,1.7408123791102514,0.5802707930367504,525.0,525.0,100.0,0.0,99.80952380952381,221.5,5.0,272.0,277.0,282.0,284.0,286.0,0.6936274509803921,0.9761478831246273,1.2391304347826086,1.5059947092957104,1.9165057915057913,0.7142857142857143,0.8888888888888888,1.0,1.0,1.0,0.7012453386124028,0.9663865546218487,0.9859154929577465,0.9945122675696547,1.0,282.0,286.0,0.7619047619047619,77.48091603053435,97.9047619047619,1.7142857142857142,0.38095238095238093,100.0,apdf,525.0,100.0,0.4953662243208771,Alicante-Elche Miguel Hernández Airport,38.2822,-0.558156
LEAM,38.0,38.0,100.0,0.0,0.0,300.0,300.0,-45.0,-15.0,17.5,43.75,60.0,-0.2,-0.14583333333333331,-0.058333333333333334,0.05,0.15,0.0,0.0,0.0,0.1,0.2,0.0,0.0,0.0,0.05,0.15,40.0,60.0,71.05263157894737,0.0,100.0,0.0,0.0,39.0,39.0,100.0,0.0,0.0,,,186.4,234.0,261.0,277.5,386.6,,,,,,,,,,,,,,,,261.0,386.6,2.5641025641025643,,97.43589743589743,2.5641025641025643,0.0,0.0,nm_inferred,39.0,100.0,,Almería Airport,36.843899,-2.3701
LEAS,65.0,65.0,100.0,0.0,0.0,300.0,300.0,250.0,270.0,330.0,380.0,454.0,-1.7833333333333332,-1.3833333333333333,-1.1,-0.9,-0.8333333333333334,0.0,0.0,0.0,0.0,0.0,0.0,0.0,0.0,0.0,0.0,330.0,454.0,100.0,0.0,92.3076923076923,6.153846153846154,1.5384615384615385,65.0,65.0,100.0,0.0,0.0,,,-713.8,-631.0,-486.0,-369.0,-320.59999999999997,,,,,,,,,,,,,,,,486.0,713.8,100.0,,98.46153846153847,0.0,1.5384615384615385,0.0,nm_inferred,65.0,100.0,,Asturias Airport,43.563599,-6.03462
LEBB,233.0,221.0,94.84978540772532,0.0,100.0,506.0,540.0,232.0,256.0,306.0,368.0,444.0,-0.9093078758949881,-0.7680608365019012,-0.6188870151770658,-0.5111940298507462,-0.4075993091537133,0.0,0.0,0.0,0.0,0.0,0.0,0.0,0.0,0.0,0.0,306.0,444.0,100.0,0.0,92.27467811158799,2.575107296137339,0.0,231.0,221.0,95.67099567099567,0.0,100.0,213.0,180.0,-488.0,-373.0,-275.0,175.0,193.0,-2.4586466165413534,-1.7796052631578947,-1.2197309417040358,0.5884146341463414,0.9494949494949495,0.0,0.0,0.0,0.6363636363636364,1.0,0.0,0.0,0.0,0.5963302752293578,0.9736842105263158,275.0,488.0,69.68325791855203,10.85972850678733,94.37229437229438,0.8658008658008658,0.4329004329004329,100.0,apdf,233.0,95.26039053936049,0.0,Bilbao Airport,43.301102,-2.91061
LEBL,1547.0,1531.0,98.96574014221073,0.0,99.28894634776988,923.0,740.0,-697.0,-347.0,-67.0,5.0,15.0,-0.01646090534979424,-0.004890004782400766,0.07623318385650224,0.3938039620742624,0.7141518275538894,0.0,0.0,0.10714285714285714,0.36,0.6304347826086957,0.0,0.0,0.07731958762886598,0.33566128727419053,0.6063829787234043,69.0,705.0,31.286740692357935,2.4820378837361203,95.02262443438914,3.6845507433742726,0.2585649644473174,1549.0,1536.0,99.16074887023886,0.0,99.28986442866365,196.0,5.0,261.0,283.0,294.0,418.0,536.0,0.7696571650112617,1.2040816326530612,1.7575757575757576,2.3157894736842106,2.9696969696969697,0.75,0.9090909090909091,1.0,1.0,1.0,0.7333966846161968,0.974025974025974,0.986842105263158,0.9944751381215469,1.0,294.0,537.5,1.1067708333333333,82.95081967213115,95.35183989670756,3.6797934151065204,0.1291155584247902,99.28986442866365,apdf,1549.0,99.0632445062248,0.5270965498856034,Josep Tarradellas Barcelona-El Prat Airport,41.2971,2.07846
LEBZ,11.0,11.0,100.0,0.0,0.0,300.0,300.0,45.0,59.0,80.0,127.5,145.0,-0.48333333333333334,-0.42500000000000004,-0.26666666666666666,-0.19666666666666666,-0.15,0.0,0.0,0.0,0.0,0.0,0.0,0.0,0.0,0.0,0.0,80.0,145.0,100.0,0.0,100.0,0.0,0.0,9.0,9.0,100.0,0.0,0.0,,,147.2,195.0,218.0,232.0,255.60000000000002,,,,,,,,,,,,,,,,218.0,255.60000000000002,0.0,,100.0,0.0,0.0,0.0,nm_inferred,11.0,100.0,,Badajoz Airport,38.8913,-6.82133
LECH,12.0,9.0,75.0,0.0,0.0,780.0,900.0,58.0,70.0,80.0,90.0,102.0,-0.13696969696969696,-0.12222222222222222,-0.08888888888888889,-0.07777777777777778,-0.06777777777777777,0.0,0.0,0.0,0.0,0.0,0.0,0.0,0.0,0.0,0.0,80.0,102.0,100.0,0.0,75.0,0.0,0.0,11.0,8.0,72.72727272727273,0.0,0.0,,,-211.59999999999997,-33.25,46.0,92.25,112.5,,,,,,,,,,,,,,,,98.5,214.39999999999995,37.5,,72.72727272727273,0.0,0.0,0.0,nm_inferred,12.0,73.86363636363637,,Castellón-Costa Azahar Airport,40.213889,0.073333
LECO,40.0,39.0,97.5,0.0,0.0,300.0,5.0,-1115.3999999999996,-552.5,-460.0,-365.0,-249.99999999999986,0.8233333333333335,1.0611111111111111,1.4166666666666667,1.8416666666666668,3.7180000000000177,0.8600000000000001,1.0,1.0,1.0,1.0,0.8233333333333335,1.0,1.0,1.0,1.0,460.0,1115.4000000000053,0.0,79.48717948717949,90.0,0.0,7.5,38.0,37.0,97.36842105263158,0.0,0.0,,,378.8,464.0,505.0,571.0,774.3999999999999,,,,,,,,,,,,,,,,505.0,774.3999999999999,0.0,,92.10526315789474,0.0,5.2631578947368425,0.0,nm_inferred,40.0,97.43421052631578,,A Coruña Airport,43.302101,-8.37726
LECU,3.0,2.0,66.66666666666667,0.0,0.0,300.0,120.0,-555.5,-473.75,-337.5,-201.25,-119.49999999999999,0.3983333333333333,0.6708333333333333,1.125,1.5791666666666666,1.8516666666666666,0.37,0.475,0.65,0.825,0.93,0.29500000000000004,0.4125,0.6083333333333334,0.8041666666666667,0.9216666666666666,337.5,555.5,0.0,50.0,66.66666666666667,0.0,0.0,,,,,,,,,,,,,,,,,,,,,,,,,,,,,,,,,,,0.0,nm_inferred,3.0,66.66666666666667,,Madrid-Cuatro Vientos Airport,40.370701,-3.78514
LEDA,1.0,1.0,100.0,0.0,0.0,480.0,480.0,200.0,200.0,200.0,200.0,200.0,-0.4166666666666667,-0.4166666666666667,-0.4166666666666667,-0.4166666666666667,-0.4166666666666667,0.0,0.0,0.0,0.0,0.0,0.0,0.0,0.0,0.0,0.0,200.0,200.0,100.0,0.0,100.0,0.0,0.0,1.0,1.0,100.0,0.0,0.0,,,-787.0,-787.0,-787.0,-787.0,-787.0,,,,,,,,,,,,,,,,787.0,787.0,100.0,,100.0,0.0,0.0,0.0,nm_inferred,1.0,100.0,,Lleida-Alguaire Airport,41.728185,0.535023
LEGE,83.0,80.0,96.3855421686747,0.0,0.0,540.0,540.0,40.0,55.0,70.0,90.0,100.0,-0.18518518518518517,-0.16666666666666666,-0.12962962962962962,-0.10185185185185185,-0.07407407407407407,0.0,0.0,0.0,0.0,0.0,0.0,0.0,0.0,0.0,0.0,70.0,100.0,100.0,0.0,93.97590361445783,2.4096385542168677,0.0,86.0,85.0,98.83720930232558,0.0,0.0,,,-72.19999999999999,43.0,200.0,223.0,233.20000000000002,,,,,,,,,,,,,,,,200.0,233.20000000000002,20.0,,96.51162790697674,1.1627906976744187,1.1627906976744187,0.0,nm_inferred,86.0,97.61137573550013,,Girona-Costa Brava Airport,41.904639,2.761774
LEGR,39.0,38.0,97.43589743589743,0.0,0.0,300.0,300.0,220.0,240.0,260.0,291.25,431.5,-1.4383333333333332,-0.9708333333333333,-0.8666666666666667,-0.8,-0.7333333333333333,0.0,0.0,0.0,0.0,0.0,0.0,0.0,0.0,0.0,0.0,260.0,431.5,100.0,0.0,94.87179487179488,2.5641025641025643,0.0,38.0,37.0,97.36842105263158,0.0,0.0,,,-602.2,-463.0,-321.0,-204.0,-149.4,,,,,,,,,,,,,,,,321.0,602.2,97.29729729729729,,97.36842105263158,0.0,0.0,0.0,nm_inferred,39.0,97.40215924426451,,F.G.L. Airport Granada-Jaén Airport,37.188702,-3.77736
LEGT,3.0,3.0,100.0,0.0,0.0,300.0,300.0,17.0,20.0,25.0,37.5,45.0,-0.15,-0.125,-0.08333333333333333,-0.06666666666666667,-0.056666666666666664,0.0,0.0,0.0,0.0,0.0,0.0,0.0,0.0,0.0,0.0,25.0,45.0,100.0,0.0,100.0,0.0,0.0,3.0,3.0,100.0,0.0,0.0,,,282.0,285.0,290.0,295.0,298.0,,,,,,,,,,,,,,,,290.0,298.0,0.0,,100.0,0.0,0.0,0.0,nm_inferred,3.0,100.0,,Getafe Air Base,40.294102,-3.72383
LEIB,434.0,430.0,99.07834101382488,0.0,99.76958525345621,486.0,510.0,18.0,22.0,27.0,35.0,48.0,-0.13170266112029175,-0.09001510905639423,-0.056258901724956484,-0.03801770368934548,-0.027386266188790427,0.0,0.0,0.0,0.0,0.0,0.0,0.0,0.0,0.0,0.0,27.0,48.0,99.30232558139535,0.0,97.6958525345622,0.9216589861751152,0.4608294930875576,452.0,447.0,98.89380530973452,0.0,99.11504424778761,191.0,5.0,103.0,177.0,194.0,220.0,248.0,0.4485532874190813,0.7425732480080307,1.0,1.3344519015659955,1.788100686498856,0.45696969696969697,0.7596153846153846,1.0,1.0,1.0,0.4587081963144506,0.7514339207703051,0.9701492537313433,0.9883720930232559,1.0,194.0,248.40000000000003,4.250559284116331,56.433408577878104,96.68141592920354,1.3274336283185841,0.8849557522123894,99.76958525345621,apdf,452.0,98.9860731617797,0.4801563250384836,Ibiza Airport,38.872898,1.37312
LEJR,40.0,40.0,100.0,0.0,0.0,420.0,420.0,119.5,143.75,167.5,211.25,250.5,-0.5964285714285714,-0.47916666666666663,-0.37797619047619047,-0.32142857142857145,-0.1886111111111111,0.0,0.0,0.0,0.0,0.0,0.0,0.0,0.0,0.0,0.0,167.5,250.5,100.0,0.0,100.0,0.0,0.0,42.0,41.0,97.61904761904762,0.0,0.0,,,-182.0,-52.0,-32.0,-13.0,-1.0,,,,,,,,,,,,,,,,32.0,182.0,92.6829268292683,,95.23809523809524,2.380952380952381,0.0,0.0,nm_inferred,42.0,98.80952380952381,,Jerez Airport,36.744598,-6.06011
LELN,4.0,4.0,100.0,0.0,0.0,300.0,300.0,152.0,170.0,217.5,270.0,297.0,-0.99,-0.9,-0.725,-0.5666666666666667,-0.5066666666666666,0.0,0.0,0.0,0.0,0.0,0.0,0.0,0.0,0.0,0.0,217.5,297.0,100.0,0.0,100.0,0.0,0.0,4.0,4.0,100.0,0.0,0.0,,,-65.0,-42.5,-12.5,30.0,75.00000000000001,,,,,,,,,,,,,,,,55.0,97.5,50.0,,100.0,0.0,0.0,0.0,nm_inferred,4.0,100.0,,León Airport,42.590709,-5.653406
LEMD,1745.0,1731.0,99.19770773638969,0.0,99.25501432664757,991.0,535.0,-1261.0,-904.0,-431.0,-16.0,11.0,-0.013033175355450236,0.022583202846407927,0.4411764705882353,0.8629617524805577,0.9633431085043989,0.0,0.07142857142857142,0.40625,0.7403703703703703,0.9074074074074074,0.0,0.043487753972265494,0.3802083333333333,0.7168965664389005,0.8840700583819849,456.0,1276.0,19.064124783362217,4.506065857885615,92.26361031518624,6.532951289398281,0.40114613180515757,1741.0,1721.0,98.85123492245836,0.0,98.6789201608271,526.5,15.0,274.0,361.0,582.0,935.0,1186.0,0.550897435897436,0.9921810861637741,1.373276024938598,1.6334260426371459,2.1489040894380698,0.4823754789272031,0.7692307692307693,0.9555335968379447,1.0,1.0,0.46346416078733627,0.7375482177803419,0.9740819525302284,0.9948979591836735,0.9987437185929648,589.0,1196.0,1.1040092969203952,54.29917550058893,90.29293509477311,8.271108558299828,0.2871912693854107,99.25501432664757,apdf,1745.0,99.02447132942402,0.6705393979210685,Adolfo Suárez Madrid–Barajas Airport,40.493407,-3.572249
LEMG,763.0,759.0,99.47575360419397,0.0,98.95150720838795,693.0,720.0,34.0,38.0,42.0,47.0,69.0,-0.1256001310160351,-0.0851780033988409,-0.06115107913669065,-0.04942397834554697,-0.041905445469652844,0.0,0.0,0.0,0.0,0.0,0.0,0.0,0.0,0.0,0.0,42.0,69.0,100.0,0.0,97.64089121887287,1.4416775884665793,0.3931847968545216,774.0,770.0,99.48320413436693,0.0,99.48320413436691,271.0,222.5,2.0,23.0,40.0,60.0,187.0,0.007920683696527566,0.07146852029402365,0.14268461007591443,0.27437071138496005,0.6672879776328052,0.05263157894736842,0.1111111111111111,0.2,0.3333333333333333,0.7,0.02553413236060448,0.08196721311475409,0.15527950310559005,0.2918947688564477,0.6857366771159875,44.0,199.0,9.480519480519481,6.005221932114883,97.41602067183463,1.937984496124031,0.12919896640826872,99.48320413436691,apdf,774.0,99.47947886928046,0.07723562024012458,Málaga-Costa del Sol Airport,36.6749,-4.49911
LEMH,211.0,208.0,98.5781990521327,0.0,0.0,600.0,600.0,-205.4999999999999,5.0,40.0,136.25,226.50000000000006,-0.4351851851851852,-0.25,-0.06881313131313131,-0.008333333333333333,0.38500000000000006,0.0,0.0,0.0,0.0,0.36500000000000055,0.0,0.0,0.0,0.0,0.3433333333333337,92.5,331.0000000000002,79.8076923076923,1.4423076923076923,95.73459715639811,2.3696682464454977,0.47393364928909953,211.0,208.0,98.5781990521327,0.0,0.0,,,-111.09999999999998,55.25,272.5,355.0,430.50000000000006,,,,,,,,,,,,,,,,276.5,484.50000000000006,21.153846153846153,,97.1563981042654,0.9478672985781991,0.47393364928909953,0.0,nm_inferred,211.0,98.5781990521327,,Menorca Airport,39.862598,4.21865
LEMI,36.0,35.0,97.22222222222223,0.0,0.0,540.0,540.0,10.0,27.5,40.0,47.5,68.0,-0.15333333333333332,-0.09166666666666667,-0.05555555555555555,-0.037222222222222226,-0.017777777777777753,0.0,0.0,0.0,0.0,0.0,0.0,0.0,0.0,0.0,0.0,40.0,68.0,100.0,0.0,97.22222222222223,0.0,0.0,36.0,35.0,97.22222222222223,0.0,0.0,,,129.6,157.5,174.0,192.0,201.6,,,,,,,,,,,,,,,,177.0,206.20000000000002,8.571428571428571,,94.44444444444444,0.0,2.7777777777777777,0.0,nm_inferred,36.0,97.22222222222223,,Region of Murcia International Airport,37.802852,-1.124884
LEPA,1289.0,1272.0,98.68114817688131,0.0,98.99146625290923,756.0,780.0,58.0,68.0,90.0,112.0,135.0,-0.2176340811027158,-0.15833944281524925,-0.11820521941916423,-0.09186960334592553,-0.06946202531645568,0.0,0.0,0.0,0.0,0.0,0.0,0.0,0.0,0.0,0.0,90.0,135.0,100.0,0.07861635220125786,96.74166020170675,1.2412723041117144,0.6982156710628394,1317.0,1301.0,98.78511769172361,0.0,99.46848899012907,228.0,160.0,-69.0,9.0,60.0,131.0,150.0,-0.27982456140350875,0.043979637007525454,0.28488947542065324,0.5297281199635625,0.7793221629855295,0.0,0.1,0.3333333333333333,0.5555555555555556,0.8,0.0,0.059477056145962465,0.3007518796992481,0.5431160330736738,0.8015267175572519,105.0,156.0,22.521137586471944,6.3369397217928904,95.74791192103265,2.5056947608200457,0.5315110098709187,99.46848899012907,apdf,1317.0,98.73313293430246,0.148470876592936,Palma de Mallorca Airport,39.551701,2.73881
LEPP,15.0,15.0,100.0,0.0,0.0,300.0,300.0,134.00000000000003,229.0,250.0,287.0,326.4,-1.088,-0.9566666666666667,-0.8333333333333334,-0.7633333333333333,-0.4466666666666668,0.0,0.0,0.0,0.0,0.0,0.0,0.0,0.0,0.0,0.0,250.0,326.4,100.0,0.0,100.0,0.0,0.0,14.0,14.0,100.0,0.0,0.0,,,-261.2,-229.25,-178.0,-69.75,-12.099999999999971,,,,,,,,,,,,,,,,186.5,261.2,92.85714285714286,,100.0,0.0,0.0,0.0,nm_inferred,15.0,100.0,,Pamplona Airport,42.77,-1.64633
LERS,47.0,47.0,100.0,0.0,0.0,600.0,600.0,123.0,167.5,225.0,250.0,272.0,-0.4533333333333333,-0.4166666666666667,-0.375,-0.2791666666666667,-0.20500000000000002,0.0,0.0,0.0,0.0,0.0,0.0,0.0,0.0,0.0,0.0,225.0,272.0,100.0,0.0,97.87234042553192,2.127659574468085,0.0,47.0,47.0,100.0,0.0,0.0,,,-49.79999999999997,21.0,41.0,53.0,66.0,,,,,,,,,,,,,,,,49.0,106.39999999999995,14.893617021276595,,95.74468085106383,4.25531914893617,0.0,0.0,nm_inferred,47.0,100.0,,Reus Airport,41.147509,1.168354
LESA,1.0,1.0,100.0,0.0,0.0,300.0,300.0,275.0,275.0,275.0,275.0,275.0,-0.9166666666666666,-0.9166666666666666,-0.9166666666666666,-0.9166666666666666,-0.9166666666666666,0.0,0.0,0.0,0.0,0.0,0.0,0.0,0.0,0.0,0.0,275.0,275.0,100.0,0.0,100.0,0.0,0.0,2.0,2.0,100.0,0.0,0.0,,,138.6,141.0,145.0,149.0,151.4,,,,,,,,,,,,,,,,145.0,151.4,0.0,,100.0,0.0,0.0,0.0,nm_inferred,2.0,100.0,,Salamanca Airport,40.952099,-5.50199
LESO,26.0,26.0,100.0,0.0,0.0,420.0,420.0,130.0,150.0,192.5,243.75,265.0,-0.7916666666666667,-0.5833333333333334,-0.5059523809523809,-0.35714285714285715,-0.30952380952380953,0.0,0.0,0.0,0.0,0.0,0.0,0.0,0.0,0.0,0.0,192.5,265.0,100.0,0.0,96.15384615384616,3.8461538461538463,0.0,27.0,27.0,100.0,0.0,0.0,,,-405.2,-247.5,-161.0,-37.5,191.4,,,,,,,,,,,,,,,,195.0,405.2000000000004,81.48148148148148,,100.0,0.0,0.0,0.0,nm_inferred,27.0,100.0,,San Sebastián Airport,43.356499,-1.79061
LEST,113.0,105.0,92.92035398230088,0.0,0.0,900.0,900.0,82.0,100.0,115.0,125.0,145.0,-0.16666666666666666,-0.14444444444444443,-0.12777777777777777,-0.1111111111111111,-0.09666666666666662,0.0,0.0,0.0,0.0,0.0,0.0,0.0,0.0,0.0,0.0,115.0,145.0,100.0,0.0,88.49557522123894,4.424778761061947,0.0,114.0,106.0,92.98245614035088,0.0,0.0,,,-5.0,56.75,107.0,129.5,152.5,,,,,,,,,,,,,,,,109.5,163.0,10.377358490566039,,90.35087719298245,2.6315789473684212,0.0,0.0,nm_inferred,114.0,92.95140506132589,,Santiago-Rosalía de Castro Airport,42.896301,-8.41514
LESU,2.0,2.0,100.0,0.0,0.0,300.0,300.0,318.5,361.25,432.5,503.75,546.5,-1.8216666666666668,-1.6791666666666667,-1.4416666666666667,-1.2041666666666666,-1.0616666666666668,0.0,0.0,0.0,0.0,0.0,0.0,0.0,0.0,0.0,0.0,432.5,546.5,100.0,0.0,100.0,0.0,0.0,1.0,1.0,100.0,0.0,0.0,,,-550.0,-550.0,-550.0,-550.0,-550.0,,,,,,,,,,,,,,,,550.0,550.0,100.0,,100.0,0.0,0.0,0.0,nm_inferred,2.0,100.0,,Pirineus - la Seu d'Urgel Airport,42.3386,1.40917
LEVC,357.0,354.0,99.15966386554622,0.0,99.71988795518207,659.0,690.0,302.6,321.0,389.0,484.75,530.7,-1.0903260164860609,-0.7668980144584072,-0.6062530413625304,-0.4940678650317671,-0.3774889905315299,0.0,0.0,0.0,0.0,0.0,0.0,0.0,0.0,0.0,0.0,389.0,530.7,100.0,0.0,96.9187675070028,1.9607843137254901,0.2801120448179272,365.0,360.0,98.63013698630137,0.0,98.08219178082192,206.0,210.0,-552.1,-464.0,-386.5,-308.0,-224.89999999999998,-3.3604700854700855,-2.44167025398192,-1.8435756188295893,-1.3449354317998385,-0.8444395668715248,0.0,0.0,0.0,0.0,0.0,0.0,0.0,0.0,0.0,0.0,386.5,552.1,100.0,0.0,96.71232876712328,1.36986301369863,0.547945205479452,99.71988795518207,apdf,365.0,98.8949004259238,0.0,Valencia Airport,39.489162,-0.480961
LEVD,9.0,9.0,100.0,0.0,0.0,300.0,300.0,-5994.0,130.0,160.0,305.0,339.0,-1.0633333333333332,-0.7833333333333333,-0.36666666666666664,-0.14444444444444443,19.98,0.0,0.0,0.0,0.0,0.0,0.0,0.0,0.0,0.0,0.0,305.0,5994.0,77.77777777777777,0.0,77.77777777777777,0.0,22.22222222222222,8.0,8.0,100.0,0.0,0.0,,,-54.4,28.25,108.0,1535.25,5823.0,,,,,,,,,,,,,,,,108.0,5823.0,25.0,,75.0,0.0,25.0,0.0,nm_inferred,9.0,100.0,,Valladolid Airport,41.7061,-4.85194
LEVT,53.0,47.0,88.67924528301887,0.0,0.0,600.0,600.0,153.0,167.5,195.0,242.5,271.0,-0.45166666666666666,-0.4041666666666667,-0.325,-0.2791666666666667,-0.255,0.0,0.0,0.0,0.0,0.0,0.0,0.0,0.0,0.0,0.0,200.0,291.99999999999994,97.87234042553192,0.0,86.79245283018868,0.0,1.8867924528301887,53.0,47.0,88.67924528301887,0.0,0.0,,,-236.4,-121.0,-33.0,1.0,34.199999999999996,,,,,,,,,,,,,,,,37.0,253.19999999999996,74.46808510638297,,86.79245283018868,0.0,1.8867924528301887,0.0,nm_inferred,53.0,88.67924528301887,,Vitoria Airport,42.882801,-2.72447
LEVX,33.0,32.0,96.96969696969697,0.0,0.0,300.0,72.5,-549.0,-398.75,-227.5,-30.0,4.000000000000021,-0.008333333333333331,0.09583333333333334,0.7583333333333333,1.3291666666666666,1.83,0.00833333333333334,0.1,0.8,0.925,1.0,0.001666666666666668,0.09583333333333334,0.7583333333333333,0.8708333333333333,1.0,227.5,549.0,12.5,15.625,93.93939393939394,3.0303030303030303,0.0,33.0,32.0,96.96969696969697,0.0,0.0,,,306.0,387.25,441.0,469.75,519.1,,,,,,,,,,,,,,,,441.0,519.1,3.125,,93.93939393939394,3.0303030303030303,0.0,0.0,nm_inferred,33.0,96.96969696969697,,Vigo Airport,42.2318,-8.62677
LEXJ,40.0,40.0,100.0,0.0,0.0,300.0,300.0,205.0,242.5,267.5,290.0,316.0000000000001,-1.0533333333333335,-0.9666666666666667,-0.8916666666666666,-0.8083333333333333,-0.6833333333333333,0.0,0.0,0.0,0.0,0.0,0.0,0.0,0.0,0.0,0.0,267.5,316.0000000000001,100.0,0.0,97.5,2.5,0.0,39.0,39.0,100.0,0.0,0.0,,,-582.4,-399.5,-252.0,-151.0,135.8000000000002,,,,,,,,,,,,,,,,252.0,582.4000000000001,84.61538461538461,,100.0,0.0,0.0,0.0,nm_inferred,40.0,100.0,,Seve Ballesteros-Santander Airport,43.427101,-3.82001
LEZG,34.0,34.0,100.0,0.0,0.0,780.0,402.5,-780.0,-682.75,-350.0,-8.75,34.49999999999997,-0.045,0.029166666666666667,0.5455128205128206,1.1319444444444444,2.1204761904761904,0.0,0.017857142857142856,0.21666666666666667,0.4653846153846154,0.9,0.0,0.004166666666666667,0.19444444444444445,0.4166666666666667,0.8583333333333333,360.0,804.5,23.529411764705884,8.823529411764707,82.3529411764706,17.647058823529413,0.0,31.0,31.0,100.0,0.0,0.0,,,412.0,536.5,621.0,749.0,835.0,,,,,,,,,,,,,,,,621.0,835.0,0.0,,80.64516129032258,19.35483870967742,0.0,0.0,nm_inferred,34.0,100.0,,Zaragoza Airport,41.666199,-1.04155
LEZL,270.0,267.0,98.88888888888889,0.0,100.0,583.0,600.0,9.0,14.0,19.0,24.0,28.0,-0.059027777777777776,-0.04201658582208288,-0.031096563011456628,-0.020895939817866856,-0.013987218761608904,0.0,0.0,0.0,0.0,0.0,0.0,0.0,0.0,0.0,0.0,19.0,28.0,98.87640449438203,0.0,96.66666666666667,2.2222222222222223,0.0,273.0,270.0,98.9010989010989,0.0,98.9010989010989,172.0,5.0,224.20000000000002,255.25,263.0,267.0,272.0,0.9501708817498292,1.1576864535768645,1.4696132596685083,1.9006488240064883,2.3912225705329155,0.8,1.0,1.0,1.0,1.0,0.9523809523809524,0.9782608695652174,0.9862385321100917,0.9944751381215469,1.0,263.0,272.0,2.2222222222222223,90.2621722846442,97.43589743589743,1.465201465201465,0.0,100.0,apdf,273.0,98.89499389499389,0.48767026806017627,Seville Airport,37.417999,-5.89311
LFAQ,1.0,1.0,100.0,0.0,0.0,300.0,235.0,-65.0,-65.0,-65.0,-65.0,-65.0,0.21666666666666667,0.21666666666666667,0.21666666666666667,0.21666666666666667,0.21666666666666667,0.3,0.3,0.3,0.3,0.3,0.21666666666666667,0.21666666666666667,0.21666666666666667,0.21666666666666667,0.21666666666666667,65.0,65.0,0.0,0.0,100.0,0.0,0.0,1.0,1.0,100.0,0.0,0.0,,,362.0,362.0,362.0,362.0,362.0,,,,,,,,,,,,,,,,362.0,362.0,0.0,,100.0,0.0,0.0,0.0,nm_inferred,1.0,100.0,,Albert Bray airport,49.970049,2.693939
LFAT,2.0,2.0,100.0,0.0,0.0,300.0,264.5,-56.4,-34.5,2.0,38.5,60.400000000000006,-0.20133333333333334,-0.12833333333333333,-0.006666666666666682,0.11499999999999999,0.188,0.03,0.075,0.15,0.22499999999999998,0.27,0.025,0.0625,0.125,0.1875,0.225,73.0,74.6,50.0,0.0,100.0,0.0,0.0,3.0,3.0,100.0,0.0,0.0,,,-144.6,-103.5,-35.0,-3.0,16.200000000000003,,,,,,,,,,,,,,,,35.0,144.6,66.66666666666667,,100.0,0.0,0.0,0.0,nm_inferred,3.0,100.0,,Le Touquet-Côte d'Opale Airport,50.518284,1.621656
LFAV,,,,,,,,,,,,,,,,,,,,,,,,,,,,,,,,,,,1.0,0.0,0.0,0.0,0.0,,,,,,,,,,,,,,,,,,,,,,,,,,,0.0,0.0,0.0,0.0,nm_inferred,1.0,0.0,,Valenciennes-Denain Airfield,50.327823,3.461061
LFBA,1.0,1.0,100.0,0.0,0.0,300.0,300.0,270.0,270.0,270.0,270.0,270.0,-0.9,-0.9,-0.9,-0.9,-0.9,0.0,0.0,0.0,0.0,0.0,0.0,0.0,0.0,0.0,0.0,270.0,270.0,100.0,0.0,100.0,0.0,0.0,1.0,1.0,100.0,0.0,0.0,,,42.0,42.0,42.0,42.0,42.0,,,,,,,,,,,,,,,,42.0,42.0,0.0,,100.0,0.0,0.0,0.0,nm_inferred,1.0,100.0,,Agen La Garenne airport,44.174171,0.59309
LFBD,269.0,262.0,97.39776951672863,0.0,0.0,600.0,600.0,20.0,25.0,40.0,55.0,65.0,-0.125,-0.09375,-0.0625,-0.041666666666666664,-0.027777777777777776,0.0,0.0,0.0,0.0,0.0,0.0,0.0,0.0,0.0,0.0,40.0,65.0,99.61832061068702,0.0,94.79553903345725,2.2304832713754648,0.37174721189591076,274.0,267.0,97.44525547445255,0.0,0.0,,,248.0,262.0,276.0,288.5,300.0,,,,,,,,,,,,,,,,276.0,300.0,0.37453183520599254,,95.98540145985402,1.094890510948905,0.36496350364963503,0.0,nm_inferred,274.0,97.42151249559059,,Bordeaux–Mérignac Airport,44.82865,-0.715356
LFBE,11.0,11.0,100.0,0.0,0.0,900.0,900.0,110.0,115.0,135.0,157.5,180.0,-0.6,-0.44999999999999996,-0.3333333333333333,-0.15,-0.1388888888888889,0.0,0.0,0.0,0.0,0.0,0.0,0.0,0.0,0.0,0.0,135.0,180.0,100.0,0.0,90.9090909090909,9.090909090909092,0.0,11.0,11.0,100.0,0.0,0.0,,,-247.0,-193.5,-116.0,-93.0,-66.0,,,,,,,,,,,,,,,,116.0,247.0,100.0,,100.0,0.0,0.0,0.0,nm_inferred,11.0,100.0,,Bergerac Dordogne-Périgord airport,44.825298,0.518611
LFBH,14.0,14.0,100.0,0.0,0.0,720.0,720.0,58.0,67.5,145.0,233.75,264.50000000000006,-0.8766666666666666,-0.37083333333333335,-0.25,-0.10069444444444445,-0.08055555555555555,0.0,0.0,0.0,0.0,0.0,0.0,0.0,0.0,0.0,0.0,145.0,264.50000000000006,100.0,0.0,100.0,0.0,0.0,15.0,15.0,100.0,0.0,0.0,,,-252.2,-195.0,-122.0,-35.0,66.59999999999995,,,,,,,,,,,,,,,,132.0,252.2,86.66666666666667,,100.0,0.0,0.0,0.0,nm_inferred,15.0,100.0,,La Rochelle Île de Ré Airport,46.179199,-1.19528
LFBI,5.0,5.0,100.0,0.0,0.0,900.0,900.0,159.0,165.0,170.0,190.0,202.0,-0.43333333333333335,-0.23333333333333334,-0.2111111111111111,-0.18333333333333332,-0.17666666666666667,0.0,0.0,0.0,0.0,0.0,0.0,0.0,0.0,0.0,0.0,170.0,202.0,100.0,0.0,100.0,0.0,0.0,5.0,5.0,100.0,0.0,0.0,,,-273.4,-91.0,-12.0,-8.0,31.000000000000007,,,,,,,,,,,,,,,,57.0,273.40000000000003,80.0,,100.0,0.0,0.0,0.0,nm_inferred,5.0,100.0,,Poitiers-Biard Airport,46.5877,0.306666
LFBL,16.0,10.0,62.5,0.0,0.0,900.0,900.0,120.5,200.0,217.5,232.5,239.99999999999997,-0.26666666666666666,-0.25833333333333336,-0.24166666666666667,-0.22222222222222224,-0.13388888888888892,0.0,0.0,0.0,0.0,0.0,0.0,0.0,0.0,0.0,0.0,217.5,239.99999999999997,100.0,0.0,62.5,0.0,0.0,16.0,10.0,62.5,0.0,0.0,,,-206.9,-188.25,-162.0,10.5,63.39999999999996,,,,,,,,,,,,,,,,162.0,206.89999999999995,70.0,,62.5,0.0,0.0,0.0,nm_inferred,16.0,62.5,,Limoges Airport,45.862801,1.17944
LFBO,349.0,349.0,100.0,0.0,95.70200573065902,600.0,540.0,-10.999999999999979,10.0,30.0,45.0,55.0,-0.125,-0.08333333333333333,-0.046296296296296294,-0.018518518518518517,0.022943722943722933,0.0,0.0,0.0,0.0,0.05,0.0,0.0,0.0,0.0,0.024603174603174557,30.0,55.99999999999994,87.96561604584527,0.0,97.42120343839541,1.4326647564469914,1.146131805157593,353.0,353.0,100.0,0.0,95.18413597733712,240.0,5.0,295.0,315.0,350.0,415.0,517.0000000000002,0.9657738095238095,1.1864583333333334,1.6208333333333333,1.9680555555555554,2.6666666666666665,1.0,1.0,1.0,1.0,1.0,0.9444444444444444,1.0,1.0,1.0,1.0,350.0,517.0000000000002,0.28328611898017,89.28571428571429,96.88385269121812,1.13314447592068,1.9830028328611897,95.70200573065902,apdf,353.0,100.0,0.5,Toulouse-Blagnac Airport,43.629101,1.36382
LFBP,24.0,24.0,100.0,0.0,0.0,600.0,600.0,70.0,85.0,105.0,135.0,148.5,-0.26166666666666666,-0.22708333333333333,-0.175,-0.14166666666666666,-0.11666666666666667,0.0,0.0,0.0,0.0,0.0,0.0,0.0,0.0,0.0,0.0,105.0,148.5,100.0,0.0,95.83333333333333,4.166666666666667,0.0,24.0,24.0,100.0,0.0,0.0,,,132.0,178.0,198.5,207.0,214.0,,,,,,,,,,,,,,,,199.5,214.7,8.333333333333334,,100.0,0.0,0.0,0.0,nm_inferred,24.0,100.0,,Pau Pyrénées Airport,43.380001,-0.418611
LFBT,26.0,26.0,100.0,0.0,0.0,600.0,600.0,-149.5,22.5,47.5,58.75,180.0,-0.25277777777777777,-0.08333333333333333,-0.06944444444444445,-0.034722222222222224,0.1713888888888889,0.0,0.0,0.0,0.0,0.05,0.0,0.0,0.0,0.0,0.016666666666666666,50.0,320.0,88.46153846153847,0.0,100.0,0.0,0.0,23.0,23.0,100.0,0.0,0.0,,,289.4,301.0,318.0,544.0,584.8,,,,,,,,,,,,,,,,318.0,584.8,8.695652173913043,,100.0,0.0,0.0,0.0,nm_inferred,26.0,100.0,,Tarbes-Lourdes-Pyrénées Airport,43.178699,-0.006439
LFBU,2.0,1.0,50.0,0.0,0.0,600.0,600.0,125.0,125.0,125.0,125.0,125.0,-0.20833333333333334,-0.20833333333333334,-0.20833333333333334,-0.20833333333333334,-0.20833333333333334,0.0,0.0,0.0,0.0,0.0,0.0,0.0,0.0,0.0,0.0,125.0,125.0,100.0,0.0,50.0,0.0,0.0,1.0,0.0,0.0,0.0,0.0,,,,,,,,,,,,,,,,,,,,,,,,,,,0.0,0.0,0.0,0.0,nm_inferred,2.0,25.0,,Angoulême Brie-Champniers airport,45.729198,0.221456
LFBZ,50.0,50.0,100.0,0.0,0.0,480.0,480.0,120.0,148.75,182.5,216.25,250.5,-0.533125,-0.42447916666666663,-0.375,-0.2708333333333333,-0.18833333333333332,0.0,0.0,0.0,0.0,0.0,0.0,0.0,0.0,0.0,0.0,185.0,255.0,98.0,0.0,96.0,0.0,4.0,51.0,50.0,98.03921568627452,0.0,0.0,,,-8.399999999999995,57.5,76.5,90.75,254.2,,,,,,,,,,,,,,,,80.0,257.6,12.0,,92.15686274509804,1.9607843137254901,3.9215686274509802,0.0,nm_inferred,51.0,99.01960784313727,,Biarritz Pays Basque airport,43.468372,-1.523223
LFCK,6.0,0.0,0.0,0.0,0.0,300.0,,,,,,,,,,,,,,,,,,,,,,,,,,0.0,0.0,0.0,6.0,0.0,0.0,0.0,0.0,,,,,,,,,,,,,,,,,,,,,,,,,,,0.0,0.0,0.0,0.0,nm_inferred,6.0,0.0,,Castres Mazamet Airport,43.556301,2.28918
LFCR,9.0,9.0,100.0,0.0,0.0,300.0,300.0,58.0,65.0,80.0,80.0,104.00000000000001,-0.27,-0.26666666666666666,-0.25,-0.2,-0.19333333333333333,0.0,0.0,0.0,0.0,0.0,0.0,0.0,0.0,0.0,0.0,80.0,104.00000000000001,100.0,0.0,100.0,0.0,0.0,9.0,9.0,100.0,0.0,0.0,,,5.2,209.0,247.0,255.0,256.0,,,,,,,,,,,,,,,,247.0,256.0,11.11111111111111,,100.0,0.0,0.0,0.0,nm_inferred,9.0,100.0,,Rodez–Aveyron Airport,44.407902,2.48267
LFDI,1.0,1.0,100.0,0.0,0.0,300.0,300.0,40.0,40.0,40.0,40.0,40.0,-0.13333333333333333,-0.13333333333333333,-0.13333333333333333,-0.13333333333333333,-0.13333333333333333,0.0,0.0,0.0,0.0,0.0,0.0,0.0,0.0,0.0,0.0,40.0,40.0,100.0,0.0,100.0,0.0,0.0,,,,,,,,,,,,,,,,,,,,,,,,,,,,,,,,,,,0.0,nm_inferred,1.0,100.0,,Libourne-Artigues-de-Lussac Airfield,44.98347,-0.138359
LFEC,6.0,0.0,0.0,0.0,0.0,300.0,,,,,,,,,,,,,,,,,,,,,,,,,,0.0,0.0,0.0,6.0,0.0,0.0,0.0,0.0,,,,,,,,,,,,,,,,,,,,,,,,,,,0.0,0.0,0.0,0.0,nm_inferred,6.0,0.0,,Ouessant Airport,48.4632,-5.06358
LFEV,1.0,1.0,100.0,0.0,0.0,300.0,230.0,-70.0,-70.0,-70.0,-70.0,-70.0,0.23333333333333334,0.23333333333333334,0.23333333333333334,0.23333333333333334,0.23333333333333334,0.3,0.3,0.3,0.3,0.3,0.23333333333333334,0.23333333333333334,0.23333333333333334,0.23333333333333334,0.23333333333333334,70.0,70.0,0.0,0.0,100.0,0.0,0.0,,,,,,,,,,,,,,,,,,,,,,,,,,,,,,,,,,,0.0,nm_inferred,1.0,100.0,,Gray Saint-Adrien Airfield,47.431659,5.61775
LFGA,1.0,1.0,100.0,0.0,0.0,600.0,600.0,20.0,20.0,20.0,20.0,20.0,-0.03333333333333333,-0.03333333333333333,-0.03333333333333333,-0.03333333333333333,-0.03333333333333333,0.0,0.0,0.0,0.0,0.0,0.0,0.0,0.0,0.0,0.0,20.0,20.0,100.0,0.0,100.0,0.0,0.0,1.0,1.0,100.0,0.0,0.0,,,274.0,274.0,274.0,274.0,274.0,,,,,,,,,,,,,,,,274.0,274.0,0.0,,100.0,0.0,0.0,0.0,nm_inferred,1.0,100.0,,Colmar Houssen airport,48.109901,7.35901
LFGF,1.0,1.0,100.0,0.0,0.0,600.0,5.0,-642.0,-642.0,-642.0,-642.0,-642.0,1.07,1.07,1.07,1.07,1.07,1.0,1.0,1.0,1.0,1.0,1.0,1.0,1.0,1.0,1.0,642.0,642.0,0.0,100.0,100.0,0.0,0.0,1.0,1.0,100.0,0.0,0.0,,,80.0,80.0,80.0,80.0,80.0,,,,,,,,,,,,,,,,80.0,80.0,0.0,,100.0,0.0,0.0,0.0,nm_inferred,1.0,100.0,,Beaune-Challanges Airfield,47.005901,4.89342
LFGJ,3.0,3.0,100.0,0.0,0.0,900.0,900.0,17.0,20.0,25.0,50.0,65.0,-0.10555555555555556,-0.0763888888888889,-0.027777777777777776,-0.02222222222222222,-0.01888888888888889,0.0,0.0,0.0,0.0,0.0,0.0,0.0,0.0,0.0,0.0,25.0,65.0,100.0,0.0,100.0,0.0,0.0,3.0,3.0,100.0,0.0,0.0,,,264.0,265.5,268.0,300.0,319.2,,,,,,,,,,,,,,,,268.0,319.2,0.0,,100.0,0.0,0.0,0.0,nm_inferred,3.0,100.0,,Dole Tavaux Airport,47.038955,5.427589
LFHQ,,,,,,,,,,,,,,,,,,,,,,,,,,,,,,,,,,,1.0,0.0,0.0,0.0,0.0,,,,,,,,,,,,,,,,,,,,,,,,,,,0.0,0.0,0.0,0.0,nm_inferred,1.0,0.0,,Saint-Flour-Coltines Airfield,45.076401,2.99361
LFJL,12.0,12.0,100.0,0.0,0.0,300.0,300.0,25.0,28.75,42.5,65.0,65.0,-0.21666666666666667,-0.21666666666666667,-0.14166666666666666,-0.09583333333333334,-0.08333333333333333,0.0,0.0,0.0,0.0,0.0,0.0,0.0,0.0,0.0,0.0,42.5,65.0,100.0,0.0,83.33333333333333,16.666666666666668,0.0,13.0,13.0,100.0,0.0,0.0,,,240.6,249.0,280.0,288.0,307.0,,,,,,,,,,,,,,,,280.0,307.0,0.0,,100.0,0.0,0.0,0.0,nm_inferred,13.0,100.0,,Metz-Nancy-Lorraine Airport,48.982101,6.25132
LFKB,59.0,59.0,100.0,0.0,0.0,360.0,360.0,115.0,150.0,165.0,207.5,231.0,-0.6416666666666666,-0.5763888888888888,-0.4583333333333333,-0.4166666666666667,-0.3194444444444444,0.0,0.0,0.0,0.0,0.0,0.0,0.0,0.0,0.0,0.0,165.0,231.0,100.0,0.0,100.0,0.0,0.0,60.0,60.0,100.0,0.0,0.0,,,-220.0,-148.5,-24.5,32.25,106.80000000000001,,,,,,,,,,,,,,,,74.5,220.0,61.666666666666664,,100.0,0.0,0.0,0.0,nm_inferred,60.0,100.0,,Bastia-Poretta International airport,42.5527,9.48373
LFKC,18.0,18.0,100.0,0.0,0.0,360.0,360.0,37.0,65.0,85.0,120.0,130.0,-0.3611111111111111,-0.3263888888888889,-0.2361111111111111,-0.1701388888888889,-0.10277777777777775,0.0,0.0,0.0,0.0,0.0,0.0,0.0,0.0,0.0,0.0,85.0,130.0,100.0,0.0,100.0,0.0,0.0,19.0,19.0,100.0,0.0,0.0,,,29.200000000000003,72.0,132.0,234.0,266.59999999999997,,,,,,,,,,,,,,,,132.0,266.59999999999997,10.526315789473685,,100.0,0.0,0.0,0.0,nm_inferred,19.0,100.0,,Calvi Sainte Catherine Airport,42.530422,8.792984
LFKF,41.0,34.0,82.92682926829268,0.0,0.0,600.0,600.0,118.0,140.0,160.0,183.75,215.5,-0.35916666666666663,-0.30625,-0.2625,-0.21041666666666667,-0.16845238095238094,0.0,0.0,0.0,0.0,0.0,0.0,0.0,0.0,0.0,0.0,160.0,215.5,100.0,0.0,82.92682926829268,0.0,0.0,42.0,34.0,80.95238095238095,0.0,0.0,,,-317.1,-253.5,-9.0,96.0,117.19999999999999,,,,,,,,,,,,,,,,124.5,317.09999999999997,52.94117647058823,,80.95238095238095,0.0,0.0,0.0,nm_inferred,42.0,81.93960511033681,,Figari Sud-Corse Airport,41.50185,9.097092
LFKJ,67.0,67.0,100.0,0.0,0.0,300.0,300.0,50.0,67.5,85.0,105.0,122.0,-0.4066666666666667,-0.35,-0.2833333333333333,-0.21666666666666667,-0.16666666666666666,0.0,0.0,0.0,0.0,0.0,0.0,0.0,0.0,0.0,0.0,90.0,125.0,98.50746268656717,0.0,95.5223880597015,2.985074626865672,1.492537313432836,65.0,65.0,100.0,0.0,0.0,,,90.4,157.0,171.0,191.0,208.60000000000002,,,,,,,,,,,,,,,,172.0,208.60000000000002,7.6923076923076925,,98.46153846153847,0.0,1.5384615384615385,0.0,nm_inferred,67.0,100.0,,Ajaccio Napoléon Bonaparte airport,41.923599,8.80292
LFLB,6.0,6.0,100.0,0.0,0.0,300.0,300.0,82.5,87.5,95.0,95.0,107.5,-0.35833333333333334,-0.31666666666666665,-0.31666666666666665,-0.29166666666666663,-0.275,0.0,0.0,0.0,0.0,0.0,0.0,0.0,0.0,0.0,0.0,95.0,107.5,100.0,0.0,66.66666666666667,0.0,33.333333333333336,4.0,4.0,100.0,0.0,0.0,,,-30.799999999999997,11.5,95.0,155.25,155.7,,,,,,,,,,,,,,,,107.0,155.7,25.0,,100.0,0.0,0.0,0.0,nm_inferred,6.0,100.0,,Chambéry Aix les Bains airport,45.6381,5.88023
LFLC,28.0,28.0,100.0,0.0,0.0,480.0,480.0,80.0,103.75,120.0,131.25,155.0,-0.3229166666666667,-0.26302083333333337,-0.234375,-0.203125,-0.15388888888888888,0.0,0.0,0.0,0.0,0.0,0.0,0.0,0.0,0.0,0.0,120.0,155.0,100.0,0.0,89.28571428571429,0.0,10.714285714285714,25.0,25.0,100.0,0.0,0.0,,,31.400000000000016,105.0,124.0,138.0,178.8,,,,,,,,,,,,,,,,124.0,178.8,8.0,,88.0,0.0,12.0,0.0,nm_inferred,28.0,100.0,,Clermont-Ferrand Auvergne airport,45.786701,3.16917
LFLH,1.0,1.0,100.0,0.0,0.0,600.0,375.0,-3120.0,-3120.0,-3120.0,-3120.0,-3120.0,5.2,5.2,5.2,5.2,5.2,0.45,0.45,0.45,0.45,0.45,0.35,0.35,0.35,0.35,0.35,3120.0,3120.0,0.0,0.0,0.0,0.0,100.0,1.0,1.0,100.0,0.0,0.0,,,3693.0,3693.0,3693.0,3693.0,3693.0,,,,,,,,,,,,,,,,3693.0,3693.0,0.0,,0.0,0.0,100.0,0.0,nm_inferred,1.0,100.0,,Chalon Champforgeuil Airfield,46.825813,4.817646
LFLI,2.0,2.0,100.0,0.0,0.0,600.0,250.0,-456.4,-416.5,-350.0,-283.5,-243.6,0.406,0.47250000000000003,0.5833333333333334,0.6941666666666667,0.7606666666666667,0.445,0.5125,0.625,0.7375,0.8049999999999999,0.41083333333333333,0.4770833333333333,0.5875,0.6979166666666666,0.7641666666666667,350.0,456.4,0.0,0.0,0.0,0.0,100.0,2.0,2.0,100.0,0.0,0.0,,,-387.2,-251.0,-24.0,203.0,339.20000000000005,,,,,,,,,,,,,,,,454.0,473.2,50.0,,100.0,0.0,0.0,0.0,nm_inferred,2.0,100.0,,Annemasse Airfield,46.192001,6.26839
LFLL,421.0,406.0,96.43705463182899,0.0,99.7624703087886,660.0,660.0,60.0,70.0,85.0,105.0,115.0,-0.21064814814814814,-0.16666666666666666,-0.13762626262626262,-0.10833333333333334,-0.07738095238095238,0.0,0.0,0.0,0.0,0.0,0.0,0.0,0.0,0.0,0.0,85.0,115.0,100.0,0.0,95.72446555819478,0.4750593824228028,0.2375296912114014,424.0,409.0,96.4622641509434,0.0,100.0,240.0,180.0,-125.0,-30.0,5.0,50.0,80.0,-0.561111111111111,-0.1388888888888889,0.027777777777777776,0.2222222222222222,0.375,0.0,0.0,0.125,0.3,0.5,0.0,0.0,0.05555555555555555,0.25,0.3958333333333333,45.0,185.0,45.72127139364303,1.9559902200488997,93.86792452830188,2.358490566037736,0.2358490566037736,100.0,apdf,424.0,96.44965939138619,0.026791572053162828,Lyon Saint-Exupéry Airport,45.725996,5.090139
LFLP,3.0,3.0,100.0,0.0,0.0,300.0,300.0,68.6,71.0,75.0,87.5,95.0,-0.31666666666666665,-0.29166666666666663,-0.25,-0.23666666666666666,-0.22866666666666666,0.0,0.0,0.0,0.0,0.0,0.0,0.0,0.0,0.0,0.0,75.0,95.0,100.0,0.0,100.0,0.0,0.0,4.0,4.0,100.0,0.0,0.0,,,156.8,164.0,192.5,520.5,1066.8000000000002,,,,,,,,,,,,,,,,192.5,1066.8000000000002,0.0,,100.0,0.0,0.0,0.0,nm_inferred,4.0,100.0,,Annecy Meythet airport,45.928947,6.0987
LFLS,3.0,3.0,100.0,0.0,0.0,600.0,600.0,81.0,82.5,85.0,92.5,97.0,-0.16166666666666665,-0.15416666666666667,-0.14166666666666666,-0.1375,-0.135,0.0,0.0,0.0,0.0,0.0,0.0,0.0,0.0,0.0,0.0,85.0,97.0,100.0,0.0,100.0,0.0,0.0,3.0,3.0,100.0,0.0,0.0,,,-78.6,16.5,175.0,188.5,196.6,,,,,,,,,,,,,,,,175.0,196.6,33.333333333333336,,100.0,0.0,0.0,0.0,nm_inferred,3.0,100.0,,Grenoble Alpes Isère Airport,45.3629,5.32937
LFLU,,,,,,,,,,,,,,,,,,,,,,,,,,,,,,,,,,,2.0,2.0,100.0,0.0,0.0,,,273.1,288.25,313.5,338.75,353.9,,,,,,,,,,,,,,,,313.5,353.9,0.0,,100.0,0.0,0.0,0.0,nm_inferred,2.0,100.0,,Valence-Chabeuil Airport,44.9216,4.9699
LFLW,10.0,2.0,20.0,0.0,0.0,600.0,600.0,170.5,171.25,172.5,173.75,174.5,-0.29083333333333333,-0.28958333333333336,-0.2875,-0.28541666666666665,-0.2841666666666667,0.0,0.0,0.0,0.0,0.0,0.0,0.0,0.0,0.0,0.0,172.5,174.5,100.0,0.0,20.0,0.0,0.0,10.0,3.0,30.0,0.0,0.0,,,-79.4,-48.5,3.0,9.0,12.600000000000001,,,,,,,,,,,,,,,,15.0,83.0,33.333333333333336,,30.0,0.0,0.0,0.0,nm_inferred,10.0,25.0,,Aurillac airport,44.891399,2.42194
LFLX,2.0,2.0,100.0,0.0,0.0,600.0,600.0,185.5,201.25,227.5,253.75,269.5,-0.44916666666666666,-0.42291666666666666,-0.37916666666666665,-0.3354166666666667,-0.3091666666666667,0.0,0.0,0.0,0.0,0.0,0.0,0.0,0.0,0.0,0.0,227.5,269.5,100.0,0.0,100.0,0.0,0.0,3.0,3.0,100.0,0.0,0.0,,,-453.4,-404.5,-323.0,-206.5,-136.6,,,,,,,,,,,,,,,,323.0,453.4,100.0,,66.66666666666667,33.333333333333336,0.0,0.0,nm_inferred,3.0,100.0,,Châteauroux Déols airport,46.860221,1.728326
LFLY,14.0,14.0,100.0,0.0,0.0,600.0,600.0,33.0,51.25,70.0,82.5,93.5,-0.15583333333333332,-0.1375,-0.11666666666666667,-0.08541666666666667,-0.054999999999999986,0.0,0.0,0.0,0.0,0.0,0.0,0.0,0.0,0.0,0.0,75.0,93.5,92.85714285714286,0.0,100.0,0.0,0.0,14.0,14.0,100.0,0.0,0.0,,,168.7,176.75,204.0,220.75,231.5,,,,,,,,,,,,,,,,204.0,231.5,0.0,,78.57142857142857,14.285714285714286,7.142857142857143,0.0,nm_inferred,14.0,100.0,,Lyon Bron Airport,45.727947,4.943991
LFMD,39.0,39.0,100.0,0.0,0.0,600.0,600.0,-122.99999999999997,2.5,15.0,40.0,55.0,-0.09166666666666666,-0.06666666666666667,-0.025,-0.004166666666666667,0.20500000000000054,0.0,0.0,0.0,0.0,0.12000000000000101,0.0,0.0,0.0,0.0,0.08833333333333435,30.0,127.00000000000031,79.48717948717949,0.0,89.74358974358974,0.0,10.256410256410257,52.0,51.0,98.07692307692308,0.0,0.0,,,323.0,426.5,506.0,596.0,1591.0,,,,,,,,,,,,,,,,506.0,1591.0,0.0,,92.3076923076923,0.0,5.769230769230769,0.0,nm_inferred,52.0,99.03846153846155,,Cannes Mandelieu Airport,43.547998,6.955176
LFMI,3.0,3.0,100.0,0.0,0.0,600.0,600.0,23.0,27.5,35.0,122.5,175.0,-0.29166666666666663,-0.20416666666666666,-0.058333333333333334,-0.04583333333333334,-0.03833333333333333,0.0,0.0,0.0,0.0,0.0,0.0,0.0,0.0,0.0,0.0,35.0,175.0,100.0,0.0,66.66666666666667,0.0,33.333333333333336,4.0,4.0,100.0,0.0,0.0,,,120.0,142.5,218.5,282.75,284.1,,,,,,,,,,,,,,,,218.5,284.1,0.0,,100.0,0.0,0.0,0.0,nm_inferred,4.0,100.0,,Istres-Le Tubé Air Base,43.522701,4.92384
LFMK,17.0,17.0,100.0,0.0,0.0,720.0,720.0,53.0,70.0,85.0,100.0,111.0,-0.21999999999999997,-0.14583333333333334,-0.11805555555555555,-0.09722222222222222,-0.08055555555555555,0.0,0.0,0.0,0.0,0.0,0.0,0.0,0.0,0.0,0.0,85.0,111.0,100.0,0.0,94.11764705882354,5.882352941176471,0.0,17.0,17.0,100.0,0.0,0.0,,,52.800000000000004,88.0,93.0,104.0,117.4,,,,,,,,,,,,,,,,95.0,133.20000000000002,5.882352941176471,,100.0,0.0,0.0,0.0,nm_inferred,17.0,100.0,,Carcassonne Salvaza Airport,43.216,2.30632
LFML,464.0,460.0,99.13793103448276,0.0,100.0,660.0,660.0,20.0,33.75,50.0,65.0,75.0,-0.11363636363636363,-0.09848484848484848,-0.07575757575757576,-0.05113636363636364,-0.03303030303030296,0.0,0.0,0.0,0.0,0.0,0.0,0.0,0.0,0.0,0.0,55.0,75.0,96.73913043478261,0.0,97.84482758620689,1.0775862068965518,0.21551724137931033,470.0,467.0,99.36170212765957,0.0,100.0,300.0,5.0,270.0,320.0,340.0,365.0,417.00000000000017,0.8933333333333333,1.0666666666666667,1.1333333333333333,1.2166666666666666,1.4,1.0,1.0,1.0,1.0,1.0,0.9166666666666666,1.0,1.0,1.0,1.0,340.0,420.0,1.0706638115631693,89.50749464668094,96.59574468085107,2.3404255319148937,0.425531914893617,100.0,apdf,470.0,99.24981658107117,0.49624908290535585,Marseille Provence Airport,43.438088,5.2125
LFMN,703.0,692.0,98.43527738264581,0.0,99.14651493598862,660.0,600.0,-5.0,5.0,20.0,40.0,45.0,-0.09259259259259259,-0.06060606060606061,-0.030303030303030304,-0.006295787545787546,0.009259259259259259,0.0,0.0,0.0,0.0,0.041666666666666664,0.0,0.0,0.0,0.0,0.008333333333333333,25.0,55.0,85.26011560693641,1.5895953757225434,95.44807965860598,1.7069701280227596,1.2802275960170697,730.0,719.0,98.4931506849315,0.0,99.86301369863013,240.0,5.0,415.0,525.0,585.0,650.0,755.0,1.4861111111111112,2.051388888888889,2.4583333333333335,3.0,3.9166666666666665,1.0,1.0,1.0,1.0,1.0,1.0,1.0,1.0,1.0,1.0,585.0,771.0000000000002,0.9735744089012517,95.82172701949861,93.56164383561644,3.4246575342465753,1.5068493150684932,99.86301369863013,apdf,730.0,98.46421403378866,0.49232107016894333,Nice-Côte d'Azur Airport,43.658401,7.21587
LFMP,23.0,23.0,100.0,0.0,0.0,300.0,300.0,-345.0,17.5,70.0,105.0,160.0,-0.45999999999999996,-0.23333333333333334,-0.13333333333333333,-0.030555555555555555,0.7950000000000004,0.0,0.0,0.0,0.0,0.8000000000000004,0.0,0.0,0.0,0.0,0.7950000000000004,95.0,345.0000000000001,82.6086956521739,8.695652173913043,91.30434782608695,4.3478260869565215,4.3478260869565215,22.0,22.0,100.0,0.0,0.0,,,69.1,79.75,200.5,286.5,466.6,,,,,,,,,,,,,,,,200.5,466.6,4.545454545454546,,100.0,0.0,0.0,0.0,nm_inferred,23.0,100.0,,Perpignan-Rivesaltes (Llabanère) Airport,42.740398,2.87067
LFMQ,1.0,1.0,100.0,0.0,0.0,600.0,600.0,30.0,30.0,30.0,30.0,30.0,-0.05,-0.05,-0.05,-0.05,-0.05,0.0,0.0,0.0,0.0,0.0,0.0,0.0,0.0,0.0,0.0,30.0,30.0,100.0,0.0,100.0,0.0,0.0,3.0,3.0,100.0,0.0,0.0,,,250.6,254.5,261.0,280.5,292.2,,,,,,,,,,,,,,,,261.0,292.2,0.0,,100.0,0.0,0.0,0.0,nm_inferred,3.0,100.0,,Le Castellet Airport,43.252499,5.78519
LFMT,67.0,66.0,98.50746268656717,0.0,0.0,600.0,600.0,57.5,91.25,117.5,138.75,160.0,-0.24666666666666667,-0.22435897435897437,-0.18333333333333332,-0.15,-0.08666666666666666,0.0,0.0,0.0,0.0,0.0,0.0,0.0,0.0,0.0,0.0,120.0,165.0,96.96969696969697,0.0,95.5223880597015,1.492537313432836,1.492537313432836,68.0,67.0,98.52941176470588,0.0,0.0,,,32.00000000000001,88.0,155.0,227.5,261.0,,,,,,,,,,,,,,,,161.0,264.0,8.955223880597014,,97.05882352941177,1.4705882352941178,0.0,0.0,nm_inferred,68.0,98.51843722563652,,Montpellier-Méditerranée Airport,43.576199,3.96301
LFMU,12.0,12.0,100.0,0.0,0.0,900.0,900.0,69.0,116.25,140.0,197.5,214.0,-0.3238888888888889,-0.23055555555555557,-0.18333333333333335,-0.13333333333333333,-0.07666666666666665,0.0,0.0,0.0,0.0,0.0,0.0,0.0,0.0,0.0,0.0,140.0,214.0,100.0,0.0,100.0,0.0,0.0,12.0,12.0,100.0,0.0,0.0,,,-60.599999999999994,-29.25,22.0,180.0,251.4,,,,,,,,,,,,,,,,58.5,251.4,33.333333333333336,,100.0,0.0,0.0,0.0,nm_inferred,12.0,100.0,,Béziers Vias airport,43.323502,3.3539
LFMV,8.0,8.0,100.0,0.0,0.0,300.0,300.0,-54.0,-3.75,20.0,33.75,48.0,-0.15999999999999998,-0.1125,-0.06666666666666667,0.012499999999999997,0.18,0.0,0.0,0.0,0.05,0.22999999999999998,0.0,0.0,0.0,0.0375,0.18,37.5,61.0,75.0,0.0,87.5,0.0,12.5,7.0,7.0,100.0,0.0,0.0,,,230.20000000000002,269.0,327.0,386.0,428.2,,,,,,,,,,,,,,,,327.0,428.2,0.0,,100.0,0.0,0.0,0.0,nm_inferred,8.0,100.0,,Avignon Caumont airport,43.907299,4.90183
LFOB,124.0,124.0,100.0,0.0,0.0,900.0,900.0,40.0,50.0,70.0,85.0,107.00000000000003,-0.16666666666666666,-0.1111111111111111,-0.08333333333333333,-0.05555555555555555,-0.044444444444444446,0.0,0.0,0.0,0.0,0.0,0.0,0.0,0.0,0.0,0.0,70.0,107.00000000000003,100.0,0.0,97.58064516129032,1.6129032258064515,0.8064516129032258,124.0,124.0,100.0,0.0,0.0,,,-20.79999999999999,123.5,145.0,166.25,215.4,,,,,,,,,,,,,,,,147.0,224.7,12.096774193548388,,94.35483870967742,5.645161290322581,0.0,0.0,nm_inferred,124.0,100.0,,Beauvais-Tillé airport,49.454399,2.11278
LFOH,2.0,2.0,100.0,0.0,0.0,300.0,300.0,56.0,57.5,60.0,62.5,64.0,-0.21333333333333335,-0.20833333333333334,-0.2,-0.19166666666666665,-0.18666666666666665,0.0,0.0,0.0,0.0,0.0,0.0,0.0,0.0,0.0,0.0,60.0,64.0,100.0,0.0,100.0,0.0,0.0,2.0,2.0,100.0,0.0,0.0,,,265.9,267.25,269.5,271.75,273.1,,,,,,,,,,,,,,,,269.5,273.1,0.0,,50.0,50.0,0.0,0.0,nm_inferred,2.0,100.0,,Le Havre-Octeville Airport,49.534038,0.088406
LFOK,10.0,10.0,100.0,0.0,0.0,300.0,300.0,165.0,437.5,487.5,605.0,716.0,-2.3866666666666667,-1.7583333333333333,-1.1291666666666667,-0.5375,-0.24444444444444446,0.0,0.0,0.0,0.0,0.0,0.0,0.0,0.0,0.0,0.0,487.5,716.0,100.0,0.0,100.0,0.0,0.0,9.0,9.0,100.0,0.0,0.0,,,-623.4,-377.0,-126.0,-58.0,37.80000000000001,,,,,,,,,,,,,,,,126.0,623.4,77.77777777777777,,100.0,0.0,0.0,0.0,nm_inferred,10.0,100.0,,Chalons Vatry airport,48.77333,4.20611
LFOP,2.0,1.0,50.0,0.0,0.0,360.0,120.0,299.0,299.0,299.0,299.0,299.0,-2.4916666666666667,-2.4916666666666667,-2.4916666666666667,-2.4916666666666667,-2.4916666666666667,0.0,0.0,0.0,0.0,0.0,0.0,0.0,0.0,0.0,0.0,299.0,299.0,100.0,0.0,50.0,0.0,0.0,2.0,1.0,50.0,0.0,0.0,,,-167.0,-167.0,-167.0,-167.0,-167.0,,,,,,,,,,,,,,,,167.0,167.0,100.0,,50.0,0.0,0.0,0.0,nm_inferred,2.0,50.0,,Rouen Vallée de Seine Airport,49.384887,1.179142
LFOT,6.0,6.0,100.0,0.0,0.0,900.0,900.0,145.0,223.75,300.0,395.0,450.0,-0.5,-0.4388888888888889,-0.33333333333333337,-0.24861111111111112,-0.1611111111111111,0.0,0.0,0.0,0.0,0.0,0.0,0.0,0.0,0.0,0.0,300.0,450.0,100.0,0.0,100.0,0.0,0.0,6.0,6.0,100.0,0.0,0.0,,,-40.5,86.75,110.5,137.25,153.0,,,,,,,,,,,,,,,,128.5,160.0,16.666666666666668,,100.0,0.0,0.0,0.0,nm_inferred,6.0,100.0,,Tours Val de Loire Airport,47.432201,0.727606
LFOV,1.0,1.0,100.0,0.0,0.0,300.0,300.0,60.0,60.0,60.0,60.0,60.0,-0.2,-0.2,-0.2,-0.2,-0.2,0.0,0.0,0.0,0.0,0.0,0.0,0.0,0.0,0.0,0.0,60.0,60.0,100.0,0.0,100.0,0.0,0.0,1.0,1.0,100.0,0.0,0.0,,,227.0,227.0,227.0,227.0,227.0,,,,,,,,,,,,,,,,227.0,227.0,0.0,,100.0,0.0,0.0,0.0,nm_inferred,1.0,100.0,,Laval-Entrammes Airport,48.032208,-0.743999
LFOZ,4.0,4.0,100.0,0.0,0.0,300.0,300.0,56.0,65.0,72.5,76.25,78.5,-0.26166666666666666,-0.25416666666666665,-0.24166666666666667,-0.19583333333333333,-0.1283333333333333,0.0,0.0,0.0,0.0,0.0,0.0,0.0,0.0,0.0,0.0,72.5,78.5,100.0,0.0,100.0,0.0,0.0,3.0,3.0,100.0,0.0,0.0,,,-115.39999999999999,-12.5,159.0,189.5,207.8,,,,,,,,,,,,,,,,184.0,212.8,33.333333333333336,,100.0,0.0,0.0,0.0,nm_inferred,4.0,100.0,,Orléans–Saint-Denis-de-l'Hôtel Airport,47.897758,2.164478
LFPB,239.0,234.0,97.90794979079497,0.0,0.0,600.0,600.0,5.0,10.0,30.0,45.0,55.0,-0.09166666666666666,-0.075,-0.05,-0.016666666666666666,-0.008333333333333333,0.0,0.0,0.0,0.0,0.0,0.0,0.0,0.0,0.0,0.0,30.0,55.0,96.15384615384616,0.0,94.97907949790795,2.510460251046025,0.41841004184100417,245.0,243.0,99.18367346938776,0.0,0.0,,,246.0,269.0,283.0,297.5,310.0,,,,,,,,,,,,,,,,284.0,312.8,2.05761316872428,,93.46938775510205,2.4489795918367347,3.2653061224489797,0.0,nm_inferred,245.0,98.54581163009136,,Paris-Le Bourget International Airport,48.962276,2.436539
LFPG,2073.0,2060.0,99.37288953207911,1.0,99.0352146647371,840.0,840.0,5.0,15.0,30.0,50.0,60.0,-0.07692307692307693,-0.057692307692307696,-0.037037037037037035,-0.017857142857142856,-0.005555555555555556,0.0,0.0,0.0,0.0,0.0,0.0,0.0,0.0,0.0,0.0,35.0,65.0,93.15533980582525,0.7285089849441476,93.24650265315967,6.02990834539315,0.0964785335262904,2028.0,2015.0,99.35897435897436,0.0,99.65483234714004,540.0,260.0,265.0,280.0,300.0,320.0,365.0,0.31547619047619047,0.42424242424242425,0.5333333333333333,0.6785714285714286,0.9166666666666666,0.3333333333333333,0.45454545454545453,0.5555555555555556,0.7142857142857143,1.0,0.3333333333333333,0.4375,0.5462962962962963,0.6904761904761905,0.9202380952380946,300.0,380.0,2.332506203473945,8.96414342629482,91.71597633136095,7.445759368836292,0.19723865877712032,99.65483234714004,apdf,2073.0,99.36593194552674,0.2714162029993554,Charles de Gaulle International Airport,49.00896,2.554117
LFPM,,,,,,,,,,,,,,,,,,,,,,,,,,,,,,,,,,,1.0,1.0,100.0,0.0,0.0,,,505.0,505.0,505.0,505.0,505.0,,,,,,,,,,,,,,,,505.0,505.0,0.0,,100.0,0.0,0.0,0.0,nm_inferred,1.0,100.0,,Melun-Villaroche Airfield,48.604698,2.67112
LFPN,,,,,,,,,,,,,,,,,,,,,,,,,,,,,,,,,,,1.0,1.0,100.0,0.0,0.0,,,760.0,760.0,760.0,760.0,760.0,,,,,,,,,,,,,,,,760.0,760.0,0.0,,100.0,0.0,0.0,0.0,nm_inferred,1.0,100.0,,Toussus-le-Noble Airport,48.7519,2.10619
LFPO,944.0,931.0,98.62288135593221,0.0,97.5635593220339,660.0,15.0,-1395.0,-905.0,-670.0,-545.0,-455.0,0.8461538461538461,0.9309640522875817,0.9956140350877193,1.1203703703703705,1.880952380952381,0.8571428571428571,0.9444444444444444,1.0,1.0,1.0,0.8461538461538461,0.9246212121212121,0.9833333333333333,1.0,1.0,675.0,1435.0,0.966702470461869,65.84317937701397,96.61016949152543,1.8008474576271187,0.211864406779661,933.0,920.0,98.60664523043944,0.0,100.0,300.0,5.0,520.0,585.0,665.0,800.0,1110.0,1.3833333333333333,1.6960565476190477,2.05,2.4375,2.9597222222222226,1.0,1.0,1.0,1.0,1.0,0.9907407407407407,1.0,1.0,1.0,1.0,665.0,1135.5,0.6521739130434783,97.17391304347827,97.10610932475885,1.2861736334405145,0.21436227224008575,100.0,apdf,944.0,98.61476329318583,0.9779297359907596,Paris-Orly Airport,48.729499,2.358963
LFPT,1.0,1.0,100.0,0.0,0.0,300.0,300.0,75.0,75.0,75.0,75.0,75.0,-0.25,-0.25,-0.25,-0.25,-0.25,0.0,0.0,0.0,0.0,0.0,0.0,0.0,0.0,0.0,0.0,75.0,75.0,100.0,0.0,100.0,0.0,0.0,,,,,,,,,,,,,,,,,,,,,,,,,,,,,,,,,,,0.0,nm_inferred,1.0,100.0,,Pontoise-Cormeilles Aerodrome,49.096064,2.035543
LFPV,1.0,1.0,100.0,0.0,0.0,720.0,465.0,-255.0,-255.0,-255.0,-255.0,-255.0,0.3541666666666667,0.3541666666666667,0.3541666666666667,0.3541666666666667,0.3541666666666667,0.375,0.375,0.375,0.375,0.375,0.3541666666666667,0.3541666666666667,0.3541666666666667,0.3541666666666667,0.3541666666666667,255.0,255.0,0.0,0.0,100.0,0.0,0.0,1.0,1.0,100.0,0.0,0.0,,,601.0,601.0,601.0,601.0,601.0,,,,,,,,,,,,,,,,601.0,601.0,0.0,,100.0,0.0,0.0,0.0,nm_inferred,1.0,100.0,,Vélizy-Villacoublay Air Base,48.774406,2.203102
LFQA,1.0,1.0,100.0,0.0,0.0,300.0,300.0,55.0,55.0,55.0,55.0,55.0,-0.18333333333333332,-0.18333333333333332,-0.18333333333333332,-0.18333333333333332,-0.18333333333333332,0.0,0.0,0.0,0.0,0.0,0.0,0.0,0.0,0.0,0.0,55.0,55.0,100.0,0.0,100.0,0.0,0.0,1.0,1.0,100.0,0.0,0.0,,,327.0,327.0,327.0,327.0,327.0,,,,,,,,,,,,,,,,327.0,327.0,0.0,,0.0,0.0,100.0,0.0,nm_inferred,1.0,100.0,,Reims-Prunay Airfield,49.208698,4.15658
LFQG,2.0,2.0,100.0,0.0,0.0,300.0,300.0,569.2,754.0,1062.0,1370.0,1554.8,-5.182666666666667,-4.566666666666666,-3.54,-2.5133333333333336,-1.897333333333333,0.0,0.0,0.0,0.0,0.0,0.0,0.0,0.0,0.0,0.0,1062.0,1554.8,100.0,0.0,100.0,0.0,0.0,2.0,2.0,100.0,0.0,0.0,,,-385.4,-380.0,-371.0,-362.0,-356.6,,,,,,,,,,,,,,,,371.0,385.4,100.0,,100.0,0.0,0.0,0.0,nm_inferred,2.0,100.0,,Nevers-Fourchambault Airport,47.002913,3.113114
LFQQ,66.0,66.0,100.0,0.0,0.0,300.0,300.0,30.0,35.0,50.0,65.0,82.5,-0.2583333333333333,-0.19444444444444445,-0.13333333333333333,-0.1,-0.07217261904761904,0.0,0.0,0.0,0.0,0.0,0.0,0.0,0.0,0.0,0.0,50.0,82.5,100.0,0.0,100.0,0.0,0.0,66.0,66.0,100.0,0.0,0.0,,,64.5,104.0,129.0,154.75,168.5,,,,,,,,,,,,,,,,131.5,170.0,3.0303030303030303,,100.0,0.0,0.0,0.0,nm_inferred,66.0,100.0,,Lille Airport,50.566564,3.102429
LFRB,53.0,42.0,79.24528301886792,0.0,0.0,600.0,600.0,15.0,30.0,47.5,60.0,69.5,-0.11583333333333333,-0.1,-0.07916666666666666,-0.05,-0.025,0.0,0.0,0.0,0.0,0.0,0.0,0.0,0.0,0.0,0.0,50.0,70.0,95.23809523809524,0.0,77.35849056603773,1.8867924528301887,0.0,52.0,41.0,78.84615384615384,0.0,0.0,,,256.0,263.0,274.0,285.0,297.0,,,,,,,,,,,,,,,,274.0,297.0,0.0,,78.84615384615384,0.0,0.0,0.0,nm_inferred,53.0,79.04571843251088,,Brest Bretagne airport,48.447899,-4.41854
LFRC,,,,,,,,,,,,,,,,,,,,,,,,,,,,,,,,,,,1.0,1.0,100.0,0.0,0.0,,,-163.0,-163.0,-163.0,-163.0,-163.0,,,,,,,,,,,,,,,,163.0,163.0,100.0,,100.0,0.0,0.0,0.0,nm_inferred,1.0,100.0,,Cherbourg Manche airport,49.650101,-1.47028
LFRD,2.0,2.0,100.0,0.0,0.0,300.0,300.0,101.0,110.0,125.0,140.0,149.0,-0.4966666666666667,-0.4666666666666667,-0.4166666666666667,-0.3666666666666667,-0.33666666666666667,0.0,0.0,0.0,0.0,0.0,0.0,0.0,0.0,0.0,0.0,125.0,149.0,100.0,0.0,100.0,0.0,0.0,1.0,1.0,100.0,0.0,0.0,,,101.0,101.0,101.0,101.0,101.0,,,,,,,,,,,,,,,,101.0,101.0,0.0,,100.0,0.0,0.0,0.0,nm_inferred,2.0,100.0,,Dinard Pleurtuit Saint-Malo airport,48.5877,-2.07996
LFRE,1.0,1.0,100.0,0.0,0.0,300.0,300.0,30.0,30.0,30.0,30.0,30.0,-0.1,-0.1,-0.1,-0.1,-0.1,0.0,0.0,0.0,0.0,0.0,0.0,0.0,0.0,0.0,0.0,30.0,30.0,100.0,0.0,100.0,0.0,0.0,1.0,1.0,100.0,0.0,0.0,,,280.0,280.0,280.0,280.0,280.0,,,,,,,,,,,,,,,,280.0,280.0,0.0,,100.0,0.0,0.0,0.0,nm_inferred,1.0,100.0,,La Baule-Escoublac Airport,47.289398,-2.34639
LFRG,14.0,14.0,100.0,0.0,0.0,300.0,300.0,31.5,51.25,70.0,86.25,102.00000000000001,-0.33999999999999997,-0.2875,-0.23333333333333334,-0.17083333333333334,-0.10499999999999998,0.0,0.0,0.0,0.0,0.0,0.0,0.0,0.0,0.0,0.0,72.5,570.5000000000007,92.85714285714286,0.0,92.85714285714286,0.0,7.142857142857143,15.0,15.0,100.0,0.0,0.0,,,-227.0,35.5,181.0,220.0,243.0,,,,,,,,,,,,,,,,213.0,283.0,26.666666666666668,,93.33333333333333,0.0,6.666666666666667,0.0,nm_inferred,15.0,100.0,,Deauville Normandie airport,49.365237,0.154481
LFRH,5.0,5.0,100.0,0.0,0.0,480.0,480.0,77.0,95.0,95.0,105.0,108.0,-0.225,-0.21875,-0.19791666666666666,-0.19791666666666666,-0.16041666666666665,0.0,0.0,0.0,0.0,0.0,0.0,0.0,0.0,0.0,0.0,95.0,108.0,100.0,0.0,100.0,0.0,0.0,5.0,5.0,100.0,0.0,0.0,,,57.0,66.0,72.0,126.0,157.2,,,,,,,,,,,,,,,,72.0,157.2,0.0,,100.0,0.0,0.0,0.0,nm_inferred,5.0,100.0,,Lorient South Brittany (Bretagne Sud) Airport,47.760601,-3.44
LFRI,1.0,0.0,0.0,0.0,0.0,300.0,,,,,,,,,,,,,,,,,,,,,,,,,,0.0,0.0,0.0,,,,,,,,,,,,,,,,,,,,,,,,,,,,,,,,,,,0.0,nm_inferred,1.0,0.0,,La Roche-sur-Yon Les Ajoncs Airport,46.7019,-1.37863
LFRK,22.0,22.0,100.0,0.0,0.0,300.0,300.0,90.5,128.75,175.0,213.75,242.50000000000006,-0.8083333333333333,-0.7125,-0.575,-0.37916666666666665,-0.3,0.0,0.0,0.0,0.0,0.0,0.0,0.0,0.0,0.0,0.0,175.0,242.50000000000006,100.0,0.0,95.45454545454545,0.0,4.545454545454546,21.0,20.0,95.23809523809524,0.0,0.0,,,21.6,50.25,58.0,86.0,97.4,,,,,,,,,,,,,,,,64.0,103.20000000000003,5.0,,95.23809523809524,0.0,0.0,0.0,nm_inferred,22.0,97.61904761904762,,Caen Carpiquet airport,49.17678,-0.454883
LFRM,7.0,7.0,100.0,0.0,0.0,300.0,300.0,0.0,2.5,10.0,42.5,53.00000000000001,-0.17666666666666667,-0.14166666666666666,-0.03333333333333333,-0.008333333333333333,0.0,0.0,0.0,0.0,0.0,0.0,0.0,0.0,0.0,0.0,0.0,10.0,53.00000000000001,100.0,0.0,100.0,0.0,0.0,10.0,10.0,100.0,0.0,0.0,,,193.3,262.25,277.5,291.0,303.2,,,,,,,,,,,,,,,,277.5,303.2,10.0,,100.0,0.0,0.0,0.0,nm_inferred,10.0,100.0,,Le Mans-Arnage Airport,47.948604,0.201702
LFRN,40.0,40.0,100.0,0.0,0.0,300.0,102.5,-492.0,-351.25,-245.0,-170.0,-142.49999999999997,0.3333333333333333,0.5083333333333334,0.7416666666666667,1.1666666666666667,1.6400000000000003,0.3333333333333333,0.5,0.7,1.0,1.0,0.3333333333333333,0.4625,0.674074074074074,0.95,1.0,252.5,555.5,2.5,25.0,97.5,0.0,2.5,39.0,39.0,100.0,0.0,0.0,,,387.6,442.5,470.0,569.5,633.6,,,,,,,,,,,,,,,,470.0,633.6,0.0,,94.87179487179488,2.5641025641025643,2.5641025641025643,0.0,nm_inferred,40.0,100.0,,Rennes-Saint-Jacques Airport,48.0695,-1.73479
LFRS,264.0,264.0,100.0,0.0,0.0,600.0,600.0,70.0,85.0,105.0,125.0,140.0,-0.23333333333333334,-0.20833333333333334,-0.16987179487179488,-0.14166666666666666,-0.10555555555555556,0.0,0.0,0.0,0.0,0.0,0.0,0.0,0.0,0.0,0.0,105.0,140.0,99.62121212121212,0.0,96.21212121212122,2.272727272727273,1.5151515151515151,263.0,263.0,100.0,0.0,0.0,,,37.80000000000001,62.0,78.0,89.5,99.0,,,,,,,,,,,,,,,,81.0,103.60000000000002,7.604562737642586,,98.09885931558935,1.520912547528517,0.38022813688212925,0.0,nm_inferred,264.0,100.0,,Nantes Atlantique Airport,47.153198,-1.61073
LFRZ,16.0,16.0,100.0,0.0,0.0,420.0,100.0,-4292.5,-2593.75,-1882.5,-560.0,-197.5,0.47023809523809523,1.3333333333333335,4.482142857142858,7.141666666666667,10.220238095238095,0.25,0.5,0.8214285714285714,1.0,1.0,0.23214285714285715,0.45833333333333337,0.7619047619047619,1.0,1.0,1882.5,4292.5,0.0,37.5,68.75,6.25,25.0,17.0,17.0,100.0,0.0,0.0,,,358.2,393.0,599.0,771.0,5922.2,,,,,,,,,,,,,,,,599.0,5922.2,0.0,,76.47058823529412,0.0,23.529411764705884,0.0,nm_inferred,17.0,100.0,,Saint-Nazaire-Montoir Airport,47.31142,-2.152634
LFSB,330.0,328.0,99.39393939393939,1.0,99.0909090909091,720.0,50.0,-1191.5,-851.25,-652.5,-505.0,-338.49999999999994,0.5073809523809524,0.8492424242424242,0.9444444444444444,0.9938186813186813,1.160227272727274,0.5357142857142857,0.7958333333333334,0.9545454545454546,1.0,1.0,0.5073809523809524,0.7728174603174603,0.9351851851851852,0.9814814814814815,1.0,655.0,1196.5,2.1341463414634148,41.59021406727829,97.87878787878788,0.9090909090909091,0.6060606060606061,335.0,332.0,99.1044776119403,1.0,99.40298507462687,180.0,5.0,455.0,490.0,540.0,620.0,760.0,1.7158333333333333,2.2083333333333335,2.638888888888889,3.0,3.7958333333333343,1.0,1.0,1.0,1.0,1.0,1.0,1.0,1.0,1.0,1.0,540.0,760.0,0.0,97.57575757575758,96.71641791044776,1.1940298507462686,1.1940298507462686,99.40298507462687,apdf,335.0,99.24920850293984,0.9603279896812233,EuroAirport Basel–Mulhouse–Freiburg,47.60068,7.521117
LFSD,8.0,8.0,100.0,0.0,0.0,420.0,420.0,-23.0,-1.25,15.0,21.25,29.499999999999996,-0.07023809523809524,-0.05238095238095238,-0.041666666666666664,0.002976190476190476,0.054761904761904755,0.0,0.0,0.0,0.017857142857142856,0.07142857142857142,0.0,0.0,0.0,0.011904761904761904,0.054761904761904755,20.0,33.0,75.0,0.0,100.0,0.0,0.0,9.0,9.0,100.0,0.0,0.0,,,255.6,265.0,298.0,320.0,344.2,,,,,,,,,,,,,,,,298.0,344.2,0.0,,100.0,0.0,0.0,0.0,nm_inferred,9.0,100.0,,Dijon Longvic airport,47.268902,5.09
LFSG,1.0,1.0,100.0,0.0,0.0,300.0,300.0,135.0,135.0,135.0,135.0,135.0,-0.45,-0.45,-0.45,-0.45,-0.45,0.0,0.0,0.0,0.0,0.0,0.0,0.0,0.0,0.0,0.0,135.0,135.0,100.0,0.0,100.0,0.0,0.0,1.0,1.0,100.0,0.0,0.0,,,-45.0,-45.0,-45.0,-45.0,-45.0,,,,,,,,,,,,,,,,45.0,45.0,100.0,,100.0,0.0,0.0,0.0,nm_inferred,1.0,100.0,,Épinal Mirecourt Airport,48.325001,6.06998
LFSL,9.0,9.0,100.0,0.0,0.0,300.0,300.0,194.0,200.0,235.0,270.0,278.0,-0.9844444444444445,-0.9166666666666666,-0.85,-0.6666666666666666,-0.5666666666666667,0.0,0.0,0.0,0.0,0.0,0.0,0.0,0.0,0.0,0.0,235.0,278.0,100.0,0.0,100.0,0.0,0.0,10.0,10.0,100.0,0.0,0.0,,,-246.0,-203.75,-132.0,-87.25,10.49999999999998,,,,,,,,,,,,,,,,132.0,245.99999999999991,80.0,,100.0,0.0,0.0,0.0,nm_inferred,10.0,100.0,,Brive Souillac airport,45.039722,1.485556
LFSN,2.0,2.0,100.0,0.0,0.0,300.0,300.0,62.2,68.5,79.0,89.5,95.8,-0.3193333333333333,-0.29833333333333334,-0.2633333333333333,-0.22833333333333333,-0.20733333333333331,0.0,0.0,0.0,0.0,0.0,0.0,0.0,0.0,0.0,0.0,79.0,95.8,100.0,0.0,100.0,0.0,0.0,3.0,3.0,100.0,0.0,0.0,,,-169.6,-32.5,196.0,234.5,257.6,,,,,,,,,,,,,,,,261.0,270.6,33.333333333333336,,100.0,0.0,0.0,0.0,nm_inferred,3.0,100.0,,Nancy-Essey Airport,48.692101,6.23046
LFST,59.0,56.0,94.91525423728814,0.0,0.0,420.0,420.0,35.0,45.0,55.0,65.0,70.0,-0.17857142857142855,-0.15476190476190477,-0.13095238095238096,-0.10714285714285714,-0.07142857142857142,0.0,0.0,0.0,0.0,0.0,0.0,0.0,0.0,0.0,0.0,55.0,70.0,100.0,0.0,91.52542372881356,3.389830508474576,0.0,57.0,54.0,94.73684210526316,0.0,0.0,,,232.3,252.0,264.5,279.5,291.4,,,,,,,,,,,,,,,,264.5,291.4,0.0,,94.73684210526316,0.0,0.0,0.0,nm_inferred,59.0,94.82604817127566,,Strasbourg Airport,48.5383,7.62823
LFTH,39.0,39.0,100.0,0.0,0.0,360.0,360.0,50.0,80.0,110.0,142.5,185.0,-0.5138888888888888,-0.3819444444444444,-0.3055555555555556,-0.2222222222222222,-0.125,0.0,0.0,0.0,0.0,0.0,0.0,0.0,0.0,0.0,0.0,110.0,185.0,100.0,0.0,97.43589743589743,2.5641025641025643,0.0,37.0,37.0,100.0,0.0,0.0,,,-181.4,-11.0,76.0,142.0,262.59999999999997,,,,,,,,,,,,,,,,120.0,303.79999999999995,32.432432432432435,,97.29729729729729,0.0,2.7027027027027026,0.0,nm_inferred,39.0,100.0,,Toulon-Hyères Airport,43.097301,6.14603
LFTW,10.0,10.0,100.0,0.0,0.0,900.0,900.0,64.5,67.5,95.0,131.25,260.9999999999999,-0.52125,-0.25833333333333336,-0.14166666666666666,-0.08055555555555555,-0.07166666666666666,0.0,0.0,0.0,0.0,0.0,0.0,0.0,0.0,0.0,0.0,95.0,260.9999999999999,100.0,0.0,100.0,0.0,0.0,8.0,8.0,100.0,0.0,0.0,,,140.0,173.75,220.0,258.5,261.2,,,,,,,,,,,,,,,,220.0,261.2,0.0,,100.0,0.0,0.0,0.0,nm_inferred,10.0,100.0,,Nîmes-Arles-Camargue Airport,43.757401,4.41635
LFTZ,15.0,15.0,100.0,0.0,0.0,300.0,300.0,10.0,22.5,40.0,52.5,63.0,-0.21000000000000002,-0.175,-0.13333333333333333,-0.075,-0.03333333333333333,0.0,0.0,0.0,0.0,0.0,0.0,0.0,0.0,0.0,0.0,40.0,63.0,93.33333333333333,0.0,93.33333333333333,0.0,6.666666666666667,18.0,18.0,100.0,0.0,0.0,,,91.60000000000002,255.25,273.5,300.5,557.9000000000005,,,,,,,,,,,,,,,,276.0,634.9000000000004,11.11111111111111,,83.33333333333333,5.555555555555555,11.11111111111111,0.0,nm_inferred,18.0,100.0,,La Môle Airport,43.205399,6.482
LGAL,14.0,14.0,100.0,0.0,0.0,300.0,300.0,155.2,190.0,300.0,421.0,467.5,-1.5583333333333333,-1.4033333333333333,-1.0,-0.6333333333333333,-0.5173333333333332,0.0,0.0,0.0,0.0,0.0,0.0,0.0,0.0,0.0,0.0,300.0,467.5,100.0,0.0,92.85714285714286,0.0,7.142857142857143,14.0,14.0,100.0,0.0,0.0,,,-227.4,-158.5,-102.5,-53.75,22.500000000000092,,,,,,,,,,,,,,,,102.5,227.40000000000003,85.71428571428571,,100.0,0.0,0.0,0.0,nm_inferred,14.0,100.0,,Alexandroupoli Democritus Airport,40.8559,25.956301
LGAV,1269.0,1240.0,97.71473601260836,0.0,99.92119779353821,780.0,780.0,100.0,115.0,140.0,165.0,240.0,-0.429047619047619,-0.25856481481481486,-0.17392676767676768,-0.12962962962962962,-0.1,0.0,0.0,0.0,0.0,0.0,0.0,0.0,0.0,0.0,0.0,140.0,240.0,99.83870967741936,0.0,93.85342789598108,3.38849487785658,0.4728132387706856,1258.0,1198.0,95.23052464228935,0.0,99.92050874403816,300.0,240.0,-405.0,-220.0,-5.0,115.0,150.0,-1.6966666666666665,-0.7333333333333333,-0.005952380952380952,0.375,0.5277777777777778,0.0,0.0,0.05555555555555555,0.42857142857142855,0.625,0.0,0.0,0.011904761904761904,0.3958333333333333,0.5555555555555556,130.0,405.0,50.751252086811355,1.3366750208855471,91.25596184419715,3.577106518282989,0.397456279809221,99.92119779353821,apdf,1269.0,96.47263032744885,0.005742418471871955,Athens Eleftherios Venizelos International Airport,37.936401,23.9445
LGHI,26.0,26.0,100.0,0.0,0.0,300.0,300.0,172.5,212.5,299.5,345.75,440.5,-1.4683333333333333,-1.1524999999999999,-0.9983333333333333,-0.7083333333333333,-0.575,0.0,0.0,0.0,0.0,0.0,0.0,0.0,0.0,0.0,0.0,299.5,440.5,100.0,0.0,100.0,0.0,0.0,25.0,25.0,100.0,0.0,0.0,,,-323.4,-252.0,-195.0,-132.0,-77.39999999999995,,,,,,,,,,,,,,,,195.0,323.4000000000001,100.0,,100.0,0.0,0.0,0.0,nm_inferred,26.0,100.0,,Chios Island National Airport,38.34320068359375,26.140600204467773
LGIK,9.0,9.0,100.0,0.0,0.0,600.0,600.0,-37.199999999999996,-8.0,140.0,450.0,502.0,-0.8366666666666667,-0.75,-0.23333333333333334,0.013333333333333334,0.06200000000000001,0.0,0.0,0.0,0.05,0.11000000000000001,0.0,0.0,0.0,0.05,0.07,140.0,502.0,66.66666666666667,0.0,100.0,0.0,0.0,9.0,9.0,100.0,0.0,0.0,,,-230.6,-19.0,150.0,467.0,510.6,,,,,,,,,,,,,,,,405.0,510.6,33.333333333333336,,100.0,0.0,0.0,0.0,nm_inferred,9.0,100.0,,Ikaria Airport,37.6827011108,26.3470993042
LGIO,8.0,8.0,100.0,0.0,0.0,300.0,300.0,-25.5,-11.25,37.5,59.5,70.3,-0.23433333333333334,-0.19833333333333333,-0.125,0.0375,0.08499999999999998,0.0,0.0,0.0,0.1,0.13,0.0,0.0,0.0,0.0375,0.08499999999999998,47.5,70.3,62.5,0.0,100.0,0.0,0.0,8.0,8.0,100.0,0.0,0.0,,,-65.8,107.75,228.0,261.5,314.9,,,,,,,,,,,,,,,,228.0,314.9,25.0,,100.0,0.0,0.0,0.0,nm_inferred,8.0,100.0,,Ioannina King Pyrrhus National Airport,39.6964,20.8225
LGIR,364.0,361.0,99.17582417582418,0.0,0.0,600.0,600.0,545.0,615.0,670.0,720.0,765.0,-1.3,-1.2083333333333333,-1.125,-1.025,-0.8916666666666667,0.0,0.0,0.0,0.0,0.0,0.0,0.0,0.0,0.0,0.0,670.0,765.0,100.0,0.0,96.15384615384616,2.7472527472527473,0.27472527472527475,372.0,370.0,99.46236559139786,0.0,0.0,,,-895.1,-775.5,-609.5,-530.0,-471.69999999999993,,,,,,,,,,,,,,,,609.5,895.1000000000003,100.0,,97.84946236559139,1.3440860215053763,0.26881720430107525,0.0,nm_inferred,372.0,99.31909488361102,,Heraklion International Nikos Kazantzakis Airport,35.339699,25.1803
LGKA,1.0,1.0,100.0,0.0,0.0,300.0,300.0,170.0,170.0,170.0,170.0,170.0,-0.5666666666666667,-0.5666666666666667,-0.5666666666666667,-0.5666666666666667,-0.5666666666666667,0.0,0.0,0.0,0.0,0.0,0.0,0.0,0.0,0.0,0.0,170.0,170.0,100.0,0.0,100.0,0.0,0.0,1.0,1.0,100.0,0.0,0.0,,,-185.0,-185.0,-185.0,-185.0,-185.0,,,,,,,,,,,,,,,,185.0,185.0,100.0,,100.0,0.0,0.0,0.0,nm_inferred,1.0,100.0,,Kastoria National Airport Aristotle,40.446301,21.2822
LGKC,4.0,4.0,100.0,0.0,0.0,300.0,300.0,317.5,328.75,337.5,342.5,347.0,-1.1566666666666667,-1.1416666666666666,-1.125,-1.0958333333333334,-1.0583333333333333,0.0,0.0,0.0,0.0,0.0,0.0,0.0,0.0,0.0,0.0,337.5,347.0,100.0,0.0,100.0,0.0,0.0,4.0,4.0,100.0,0.0,0.0,,,-380.0,-357.5,-310.0,-227.5,-141.99999999999997,,,,,,,,,,,,,,,,310.0,380.0,100.0,,100.0,0.0,0.0,0.0,nm_inferred,4.0,100.0,,Kithira Airport,36.273978,23.016719
LGKF,53.0,50.0,94.33962264150944,0.0,0.0,600.0,600.0,573.4,615.0,702.0,774.75,1040.0000000000002,-2.1866666666666665,-1.3195833333333333,-1.1958333333333333,-1.00125,-0.7206666666666667,0.0,0.0,0.0,0.0,0.0,0.0,0.0,0.0,0.0,0.0,702.0,1040.0000000000002,100.0,0.0,92.45283018867924,1.8867924528301887,0.0,52.0,48.0,92.3076923076923,0.0,0.0,,,-1324.9,-1101.25,-957.5,-868.25,-687.4999999999999,,,,,,,,,,,,,,,,957.5,1324.9,100.0,,88.46153846153847,3.8461538461538463,0.0,0.0,nm_inferred,53.0,93.32365747460088,,Kefallinia Airport,38.12009811401367,20.5004997253418
LGKJ,2.0,0.0,0.0,0.0,0.0,300.0,,,,,,,,,,,,,,,,,,,,,,,,,,0.0,0.0,0.0,,,,,,,,,,,,,,,,,,,,,,,,,,,,,,,,,,,0.0,nm_inferred,2.0,0.0,,Kastelorizo Airport,36.141701,29.576401
LGKL,22.0,22.0,100.0,0.0,0.0,480.0,480.0,149.0,193.75,229.5,345.0,591.0000000000002,-1.23125,-0.7715773809523809,-0.453125,-0.3875,-0.2601666666666666,0.0,0.0,0.0,0.0,0.0,0.0,0.0,0.0,0.0,0.0,229.5,591.0000000000002,100.0,0.0,95.45454545454545,4.545454545454546,0.0,23.0,23.0,100.0,0.0,0.0,,,-576.2,-458.5,-290.0,-223.0,-184.4,,,,,,,,,,,,,,,,290.0,576.2,100.0,,100.0,0.0,0.0,0.0,nm_inferred,23.0,100.0,,Kalamata Airport,37.06829833984375,22.02549934387207
LGKO,148.0,147.0,99.32432432432432,0.0,0.0,480.0,480.0,-155.99999999999997,5.0,40.0,68.5,92.00000000000003,-0.16666666666666666,-0.12898148148148147,-0.07407407407407407,-0.009015594541910331,0.28333333333333344,0.0,0.0,0.0,0.0,0.3125,0.0,0.0,0.0,0.0,0.2916666666666667,60.0,179.00000000000006,77.55102040816327,0.6802721088435374,96.62162162162163,1.3513513513513513,1.3513513513513513,158.0,157.0,99.36708860759494,0.0,0.0,,,254.20000000000002,280.0,295.0,319.0,353.0,,,,,,,,,,,,,,,,295.0,353.0,1.2738853503184713,,96.20253164556962,1.8987341772151898,1.2658227848101267,0.0,nm_inferred,158.0,99.34570646595964,,"Kos International Airport ""Ippokratis""",36.794523,27.09115
LGKP,23.0,19.0,82.6086956521739,0.0,0.0,300.0,300.0,477.0,566.0,780.0,1145.0,1550.1999999999998,-5.167333333333334,-3.8166666666666664,-2.6,-1.8866666666666667,-1.5050000000000003,0.0,0.0,0.0,0.0,0.0,0.0,0.0,0.0,0.0,0.0,780.0,1550.1999999999998,100.0,0.0,78.26086956521739,4.3478260869565215,0.0,23.0,19.0,82.6086956521739,0.0,0.0,,,-1141.4,-1029.5,-834.0,-562.0,-429.20000000000005,,,,,,,,,,,,,,,,834.0,1141.3999999999999,100.0,,82.6086956521739,0.0,0.0,0.0,nm_inferred,23.0,82.6086956521739,,Karpathos Airport,35.421398,27.146
LGKR,212.0,211.0,99.52830188679245,0.0,0.0,900.0,900.0,170.0,180.0,205.0,225.0,265.0,-0.5833333333333334,-0.3042929292929293,-0.2388888888888889,-0.2111111111111111,-0.18888888888888888,0.0,0.0,0.0,0.0,0.0,0.0,0.0,0.0,0.0,0.0,205.0,265.0,100.0,0.0,97.16981132075472,2.358490566037736,0.0,214.0,210.0,98.13084112149532,0.0,0.0,,,-514.6,-344.25,-216.0,-114.0,-26.700000000000017,,,,,,,,,,,,,,,,219.5,514.5999999999999,95.23809523809524,,94.39252336448598,3.7383177570093458,0.0,0.0,nm_inferred,214.0,98.82957150414389,,Corfu Ioannis Kapodistrias International Airport,39.60145,19.912179
LGKS,4.0,0.0,0.0,0.0,0.0,300.0,,,,,,,,,,,,,,,,,,,,,,,,,,0.0,0.0,0.0,4.0,0.0,0.0,0.0,0.0,,,,,,,,,,,,,,,,,,,,,,,,,,,0.0,0.0,0.0,0.0,nm_inferred,4.0,0.0,,Kasos Airport,35.4213981628,26.9099998474
LGKV,12.0,12.0,100.0,0.0,0.0,300.0,300.0,-27.599999999999998,-1.5,17.5,49.25,90.50000000000001,-0.15291666666666665,-0.08854166666666666,-0.058333333333333334,0.005000000000000001,0.09200000000000001,0.0,0.0,0.0,0.1,0.19000000000000006,0.0,0.0,0.0,0.0625,0.13,34.5,104.0,75.0,0.0,91.66666666666667,8.333333333333334,0.0,11.0,11.0,100.0,0.0,0.0,,,255.0,260.5,265.0,270.5,280.0,,,,,,,,,,,,,,,,265.0,280.0,0.0,,100.0,0.0,0.0,0.0,nm_inferred,12.0,100.0,,Kavala Alexander the Great International Airport,40.9133,24.6192
LGKY,5.0,4.0,80.0,0.0,0.0,300.0,300.0,90.3,90.75,100.5,118.75,134.5,-0.4483333333333333,-0.3958333333333333,-0.33499999999999996,-0.3025,-0.301,0.0,0.0,0.0,0.0,0.0,0.0,0.0,0.0,0.0,0.0,100.5,134.5,100.0,0.0,80.0,0.0,0.0,4.0,4.0,100.0,0.0,0.0,,,47.5,49.75,85.0,168.5,257.6,,,,,,,,,,,,,,,,85.0,257.6,0.0,,75.0,0.0,25.0,0.0,nm_inferred,5.0,90.0,,Kalymnos Airport,36.9632987976,26.9405994415
LGKZ,1.0,1.0,100.0,0.0,0.0,300.0,300.0,265.0,265.0,265.0,265.0,265.0,-0.8833333333333333,-0.8833333333333333,-0.8833333333333333,-0.8833333333333333,-0.8833333333333333,0.0,0.0,0.0,0.0,0.0,0.0,0.0,0.0,0.0,0.0,265.0,265.0,100.0,0.0,100.0,0.0,0.0,1.0,1.0,100.0,0.0,0.0,,,-35.0,-35.0,-35.0,-35.0,-35.0,,,,,,,,,,,,,,,,35.0,35.0,100.0,,100.0,0.0,0.0,0.0,nm_inferred,1.0,100.0,,Kozani National Airport Filippos,40.286098,21.840799
LGLE,6.0,5.0,83.33333333333333,0.0,0.0,300.0,300.0,-1144.0,170.0,260.0,307.0,362.8,-1.2093333333333334,-1.0233333333333334,-0.8666666666666667,-0.5666666666666667,3.813333333333334,0.0,0.0,0.0,0.0,0.0,0.0,0.0,0.0,0.0,0.0,307.0,1372.0,80.0,0.0,66.66666666666667,0.0,16.666666666666668,6.0,5.0,83.33333333333333,0.0,0.0,,,-331.0,-190.0,-80.0,-50.0,1097.2000000000003,,,,,,,,,,,,,,,,190.0,1287.2000000000003,80.0,,66.66666666666667,0.0,16.666666666666668,0.0,nm_inferred,6.0,83.33333333333333,,Leros Airport,37.184898,26.800301
LGLM,13.0,13.0,100.0,0.0,0.0,300.0,300.0,-24.999999999999982,75.0,140.0,175.0,711.4000000000003,-2.3713333333333333,-0.5833333333333334,-0.4666666666666667,-0.25,0.08333333333333356,0.0,0.0,0.0,0.0,0.0,0.0,0.0,0.0,0.0,0.0,143.0,845.4000000000001,84.61538461538461,0.0,92.3076923076923,0.0,7.6923076923076925,13.0,13.0,100.0,0.0,0.0,,,-245.2,-130.0,66.0,185.0,245.60000000000002,,,,,,,,,,,,,,,,170.0,264.8,38.46153846153846,,92.3076923076923,0.0,7.6923076923076925,0.0,nm_inferred,13.0,100.0,,Limnos Airport,39.917098999,25.236299514799995
LGMK,109.0,100.0,91.74311926605505,0.0,0.0,420.0,420.0,34.0,55.0,87.5,121.25,180.50000000000006,-0.44365079365079363,-0.28869047619047616,-0.19642857142857142,-0.12760416666666669,-0.06595238095238089,0.0,0.0,0.0,0.0,0.0,0.0,0.0,0.0,0.0,0.0,90.0,186.5000000000001,97.0,0.0,88.9908256880734,0.9174311926605505,1.834862385321101,109.0,102.0,93.57798165137615,0.0,0.0,,,-142.9,-69.0,29.0,88.75,152.70000000000007,,,,,,,,,,,,,,,,82.5,196.9,41.1764705882353,,89.90825688073394,1.834862385321101,1.834862385321101,0.0,nm_inferred,109.0,92.66055045871559,,Mykonos Island National Airport,37.435101,25.348101
LGML,21.0,19.0,90.47619047619048,0.0,0.0,300.0,300.0,432.0,455.0,505.0,522.5,586.0,-1.9533333333333334,-1.7416666666666667,-1.6833333333333333,-1.5166666666666666,-1.44,0.0,0.0,0.0,0.0,0.0,0.0,0.0,0.0,0.0,0.0,505.0,586.0,100.0,0.0,90.47619047619048,0.0,0.0,20.0,13.0,65.0,0.0,0.0,,,-706.2,-692.0,-557.0,-419.0,-313.0,,,,,,,,,,,,,,,,557.0,706.2,100.0,,65.0,0.0,0.0,0.0,nm_inferred,21.0,77.73809523809524,,Milos Airport,36.696899,24.4769
LGMT,38.0,38.0,100.0,0.0,0.0,300.0,300.0,98.4,105.0,125.5,169.75,196.50000000000003,-0.6243333333333333,-0.5364583333333333,-0.44375,-0.35,-0.2808333333333333,0.0,0.0,0.0,0.0,0.0,0.0,0.0,0.0,0.0,0.0,125.5,196.50000000000003,100.0,0.0,100.0,0.0,0.0,38.0,38.0,100.0,0.0,0.0,,,21.700000000000003,74.25,96.0,128.75,154.10000000000002,,,,,,,,,,,,,,,,96.0,154.10000000000002,7.894736842105263,,97.36842105263158,0.0,2.6315789473684212,0.0,nm_inferred,38.0,100.0,,Mytilene International Airport,39.057406,26.598629
LGNX,28.0,19.0,67.85714285714286,0.0,0.0,300.0,300.0,461.0,521.5,808.0,1052.0,1183.3999999999999,-3.9446666666666665,-3.506666666666667,-2.6933333333333334,-1.7383333333333333,-1.5366666666666666,0.0,0.0,0.0,0.0,0.0,0.0,0.0,0.0,0.0,0.0,808.0,1183.3999999999999,100.0,0.0,67.85714285714286,0.0,0.0,27.0,27.0,100.0,0.0,0.0,,,-486.0,-423.0,-320.0,-243.0,-197.39999999999998,,,,,,,,,,,,,,,,320.0,486.00000000000006,100.0,,100.0,0.0,0.0,0.0,nm_inferred,28.0,83.92857142857143,,Naxos Island National Airport,37.0811,25.368099
LGPA,48.0,24.0,50.0,0.0,0.0,300.0,300.0,410.2,608.75,932.5,1165.0,1263.1,-4.210333333333333,-3.8833333333333333,-3.1083333333333334,-2.029166666666667,-1.3673333333333333,0.0,0.0,0.0,0.0,0.0,0.0,0.0,0.0,0.0,0.0,932.5,1263.1,100.0,0.0,50.0,0.0,0.0,49.0,47.0,95.91836734693878,0.0,0.0,,,-781.6,-703.0,-538.0,-401.0,-224.40000000000006,,,,,,,,,,,,,,,,538.0,781.6,100.0,,95.91836734693878,0.0,0.0,0.0,nm_inferred,49.0,72.9591836734694,,Paros National Airport,37.020495,25.113195
LGPL,4.0,4.0,100.0,0.0,0.0,300.0,300.0,100.5,116.25,237.5,1206.25,2747.500000000001,-9.158333333333333,-4.020833333333334,-0.7916666666666667,-0.3875,-0.33499999999999996,0.0,0.0,0.0,0.25,0.7000000000000002,0.0,0.0,0.0,0.25,0.7000000000000002,237.5,2747.500000000001,100.0,25.0,25.0,25.0,50.0,4.0,4.0,100.0,0.0,0.0,,,-163.0,-122.5,-17.5,98.75,159.50000000000003,,,,,,,,,,,,,,,,145.0,197.0,50.0,,75.0,0.0,25.0,0.0,nm_inferred,4.0,100.0,,Astypalaia Airport,36.5798988342,26.3757991791
LGPZ,33.0,29.0,87.87878787878788,0.0,0.0,300.0,300.0,314.4,350.0,389.0,560.0,780.1999999999999,-2.1606666666666667,-1.5166666666666666,-1.1066666666666667,-0.5916666666666667,-0.3844444444444445,0.0,0.0,0.0,0.0,0.0,0.0,0.0,0.0,0.0,0.0,389.0,780.1999999999999,100.0,0.0,84.84848484848484,3.0303030303030303,0.0,33.0,30.0,90.9090909090909,0.0,0.0,,,-549.1999999999999,-435.5,-389.5,-322.25,-225.5,,,,,,,,,,,,,,,,389.5,549.2,100.0,,87.87878787878788,3.0303030303030303,0.0,0.0,nm_inferred,33.0,89.39393939393939,,Aktion National Airport,38.925499,20.765301
LGRP,270.0,265.0,98.14814814814815,0.0,0.0,480.0,5.0,-1439.9999999999998,-860.0,-640.0,-500.0,-291.8000000000001,0.55,1.0166666666666666,1.3229166666666667,1.7083333333333333,3.0736111111111106,0.6295454545454545,1.0,1.0,1.0,1.0,0.5952651515151516,0.96875,1.0,1.0,1.0,645.0,2136.999999999999,3.018867924528302,77.35849056603773,94.07407407407408,2.962962962962963,1.1111111111111112,290.0,284.0,97.93103448275862,0.0,0.0,,,452.8,523.75,595.5,702.75,979.3000000000003,,,,,,,,,,,,,,,,597.5,987.8000000000001,0.352112676056338,,95.51724137931035,1.3793103448275863,1.0344827586206897,0.0,nm_inferred,290.0,98.03959131545338,,"Rhodes International Airport ""Diagoras""",36.405399,28.086201
LGRX,9.0,8.0,88.88888888888889,0.0,0.0,300.0,300.0,344.5,392.5,540.0,930.0,1464.2999999999997,-4.881,-3.1,-1.8,-1.3083333333333333,-1.1483333333333334,0.0,0.0,0.0,0.0,0.0,0.0,0.0,0.0,0.0,0.0,540.0,1464.2999999999997,100.0,0.0,77.77777777777777,11.11111111111111,0.0,9.0,9.0,100.0,0.0,0.0,,,-1268.0,-913.0,-667.0,-561.0,-487.2,,,,,,,,,,,,,,,,667.0,1268.0,100.0,,100.0,0.0,0.0,0.0,nm_inferred,9.0,94.44444444444444,,Patras Araxos Agamemnon Airport,38.1511,21.4256
LGSA,161.0,158.0,98.13664596273291,0.0,0.0,900.0,900.0,-65.0,23.5,132.0,230.0,394.50000000000017,-0.46791666666666665,-0.24409722222222222,-0.12291666666666667,-0.026111111111111113,0.07083333333333333,0.0,0.0,0.0,0.0,0.075,0.0,0.0,0.0,0.0,0.07083333333333333,132.5,394.50000000000017,81.64556962025317,0.0,96.8944099378882,1.2422360248447204,0.0,170.0,166.0,97.6470588235294,0.0,0.0,,,-589.0,-378.5,53.5,211.75,279.0,,,,,,,,,,,,,,,,239.0,589.0,45.78313253012048,,95.29411764705883,2.3529411764705883,0.0,0.0,nm_inferred,170.0,97.89185239313116,,Chania International Airport,35.531207,24.150673
LGSK,31.0,31.0,100.0,0.0,0.0,720.0,720.0,105.0,185.0,230.0,267.5,320.0,-0.525,-0.3715277777777778,-0.3194444444444444,-0.23902777777777778,-0.14583333333333334,0.0,0.0,0.0,0.0,0.0,0.0,0.0,0.0,0.0,0.0,230.0,320.0,100.0,0.0,96.7741935483871,3.225806451612903,0.0,31.0,31.0,100.0,0.0,0.0,,,-212.0,-80.5,9.0,30.5,59.0,,,,,,,,,,,,,,,,41.0,212.0,48.38709677419355,,100.0,0.0,0.0,0.0,nm_inferred,31.0,100.0,,Skiathos Island National Airport,39.177101,23.5037
LGSM,30.0,30.0,100.0,0.0,0.0,360.0,360.0,109.7,160.0,207.0,353.25,743.7,-1.9608333333333332,-0.9812500000000001,-0.5888888888888889,-0.36666666666666664,-0.2771794871794872,0.0,0.0,0.0,0.0,0.0,0.0,0.0,0.0,0.0,0.0,207.0,743.7,100.0,0.0,90.0,3.3333333333333335,6.666666666666667,30.0,30.0,100.0,0.0,0.0,,,-153.89999999999998,-107.0,-24.0,66.25,142.10000000000002,,,,,,,,,,,,,,,,80.0,164.7000000000001,56.666666666666664,,100.0,0.0,0.0,0.0,nm_inferred,30.0,100.0,,Samos Airport,37.689999,26.911699
LGSO,3.0,2.0,66.66666666666667,0.0,0.0,300.0,293.0,20.900000000000002,58.25,120.5,182.75,220.1,-0.7336666666666667,-0.6091666666666666,-0.40166666666666667,-0.19416666666666665,-0.06966666666666664,0.010000000000000002,0.025,0.05,0.07500000000000001,0.09000000000000001,0.005000000000000001,0.0125,0.025,0.037500000000000006,0.045000000000000005,124.5,220.9,50.0,0.0,66.66666666666667,0.0,0.0,2.0,2.0,100.0,0.0,0.0,,,-260.2,-161.5,3.0,167.5,266.20000000000005,,,,,,,,,,,,,,,,329.0,331.4,50.0,,100.0,0.0,0.0,0.0,nm_inferred,3.0,83.33333333333334,,Syros Airport,37.4227981567,24.9508991241
LGSR,144.0,142.0,98.61111111111111,0.0,0.0,420.0,420.0,380.4,440.0,504.5,619.75,1069.0,-2.558333333333333,-1.65,-1.2642857142857142,-1.095734126984127,-0.9049107142857142,0.0,0.0,0.0,0.0,0.0,0.0,0.0,0.0,0.0,0.0,504.5,1069.0,100.0,0.0,95.83333333333333,2.0833333333333335,0.6944444444444444,147.0,144.0,97.95918367346938,0.0,0.0,,,-852.0,-652.75,-553.0,-376.0,-283.29999999999995,,,,,,,,,,,,,,,,553.0,852.0000000000003,100.0,,96.59863945578232,1.3605442176870748,0.0,0.0,nm_inferred,147.0,98.28514739229024,,Santorini International Airport,36.400045,25.478638
LGST,9.0,6.0,66.66666666666667,0.0,0.0,300.0,300.0,655.0,670.0,925.0,1210.0,1345.0,-4.483333333333333,-4.033333333333333,-3.083333333333333,-2.2333333333333334,-2.1833333333333336,0.0,0.0,0.0,0.0,0.0,0.0,0.0,0.0,0.0,0.0,925.0,1345.0,100.0,0.0,66.66666666666667,0.0,0.0,10.0,8.0,80.0,0.0,0.0,,,-1856.2,-1579.0,-920.0,-735.0,-620.4,,,,,,,,,,,,,,,,920.0,1856.2,100.0,,80.0,0.0,0.0,0.0,nm_inferred,10.0,73.33333333333334,,Sitia Airport,35.21609878540039,26.101299285888672
LGSY,4.0,3.0,75.0,0.0,0.0,300.0,294.0,-8.2,-5.5,-1.0,181.0,290.20000000000005,-0.9673333333333333,-0.6033333333333334,0.0033333333333333335,0.018333333333333333,0.027333333333333334,0.020000000000000004,0.05,0.1,0.1,0.1,0.006666666666666667,0.016666666666666666,0.03333333333333333,0.04166666666666667,0.04666666666666667,10.0,292.40000000000003,33.333333333333336,0.0,75.0,0.0,0.0,4.0,3.0,75.0,0.0,0.0,,,525.0,795.0,1245.0,1499.0,1651.4,,,,,,,,,,,,,,,,1245.0,1651.4,0.0,,50.0,0.0,25.0,0.0,nm_inferred,4.0,75.0,,Skiros Airport,38.9676017761,24.4871997833
LGTS,257.0,257.0,100.0,0.0,0.0,600.0,440.0,-573.0,-400.0,-160.0,-85.0,47.00000000000003,-0.07833333333333332,0.14102564102564102,0.26666666666666666,0.6666666666666666,0.9511111111111112,0.0,0.15,0.3,0.65,0.9,0.0,0.14102564102564102,0.25833333333333336,0.6333333333333333,0.8783333333333334,170.0,615.0000000000001,16.731517509727627,6.22568093385214,95.3307392996109,2.3346303501945527,2.3346303501945527,264.0,264.0,100.0,0.0,0.0,,,309.3,405.0,469.5,530.25,627.4000000000001,,,,,,,,,,,,,,,,477.5,655.1,1.5151515151515151,,95.07575757575758,2.6515151515151514,2.272727272727273,0.0,nm_inferred,264.0,100.0,,Thessaloniki Macedonia International Airport,40.51928,22.970009
LGZA,119.0,116.0,97.47899159663865,0.0,0.0,720.0,720.0,567.5,597.0,641.0,723.5,964.0,-1.9859722222222222,-1.2135416666666665,-0.8923611111111112,-0.8270833333333334,-0.7354166666666666,0.0,0.0,0.0,0.0,0.0,0.0,0.0,0.0,0.0,0.0,641.0,964.0,100.0,0.0,95.7983193277311,1.680672268907563,0.0,120.0,118.0,98.33333333333333,0.0,0.0,,,-1407.3,-1168.75,-1064.5,-933.75,-804.1000000000001,,,,,,,,,,,,,,,,1064.5,1407.3,100.0,,95.0,3.3333333333333335,0.0,0.0,nm_inferred,120.0,97.90616246498598,,Zakynthos International Airport Dionysios Solomos,37.7509,20.8843
LHBP,542.0,537.0,99.07749077490774,0.0,99.2619926199262,645.0,40.0,-982.0,-730.0,-600.0,-510.0,-350.99999999999966,0.7564226373980116,0.8722527472527473,0.9390862944162437,1.0218978102189782,1.3882957690786872,0.7757575757575758,0.8928571428571429,0.9523809523809523,1.0,1.0,0.7414888802483379,0.8624708624708625,0.9305555555555556,0.9877488514548239,0.9971296796035523,610.0,1012.0000000000002,0.5586592178770949,43.01675977653631,92.43542435424354,5.535055350553505,1.1070110701107012,542.0,535.0,98.70848708487085,0.0,99.44649446494465,236.0,5.0,415.0,475.0,535.0,630.0,800.0,1.4568481650275846,1.8974574769666903,2.2294169462301103,2.660614525139665,3.2918414918414935,1.0,1.0,1.0,1.0,1.0,1.0,1.0,1.0061934345758552,1.012396694214876,1.0179375761750835,540.0,930.0,2.2429906542056073,97.18045112781955,91.5129151291513,6.088560885608856,1.1070110701107012,99.44649446494465,apdf,542.0,98.8929889298893,0.9576544822051994,Budapest Liszt Ferenc International Airport,47.43018,19.262393
LHDC,12.0,11.0,91.66666666666667,0.0,0.0,300.0,300.0,270.0,299.5,437.0,607.0,750.0,-2.5,-2.0233333333333334,-1.4566666666666668,-0.9983333333333333,-0.9,0.0,0.0,0.0,0.0,0.0,0.0,0.0,0.0,0.0,0.0,437.0,750.0,100.0,0.0,83.33333333333333,8.333333333333334,0.0,11.0,11.0,100.0,0.0,0.0,,,-860.0,-732.0,-420.0,-233.0,-203.0,,,,,,,,,,,,,,,,420.0,860.0,100.0,,100.0,0.0,0.0,0.0,nm_inferred,12.0,95.83333333333334,,Debrecen International Airport,47.489469,21.616278
LHKK,,,,,,,,,,,,,,,,,,,,,,,,,,,,,,,,,,,2.0,2.0,100.0,0.0,0.0,,,291.7,301.75,318.5,335.25,345.3,,,,,,,,,,,,,,,,318.5,345.3,0.0,,100.0,0.0,0.0,0.0,nm_inferred,2.0,100.0,,Kiskunlacháza Airfield,47.174484,19.077501
LHPP,4.0,4.0,100.0,0.0,0.0,450.0,450.0,87.1,117.25,139.5,146.25,148.5,-0.38766666666666666,-0.2991666666666667,-0.24583333333333335,-0.23708333333333334,-0.22883333333333333,0.0,0.0,0.0,0.0,0.0,0.0,0.0,0.0,0.0,0.0,139.5,148.5,100.0,0.0,100.0,0.0,0.0,4.0,4.0,100.0,0.0,0.0,,,-93.5,-68.75,7.5,72.5,77.0,,,,,,,,,,,,,,,,75.0,101.0,50.0,,100.0,0.0,0.0,0.0,nm_inferred,4.0,100.0,,Pécs-Pogány International Airport,45.988891,18.242044
LHPR,2.0,1.0,50.0,0.0,0.0,300.0,300.0,65.0,65.0,65.0,65.0,65.0,-0.21666666666666667,-0.21666666666666667,-0.21666666666666667,-0.21666666666666667,-0.21666666666666667,0.0,0.0,0.0,0.0,0.0,0.0,0.0,0.0,0.0,0.0,65.0,65.0,100.0,0.0,50.0,0.0,0.0,2.0,1.0,50.0,0.0,0.0,,,305.0,305.0,305.0,305.0,305.0,,,,,,,,,,,,,,,,305.0,305.0,0.0,,50.0,0.0,0.0,0.0,nm_inferred,2.0,50.0,,Győr-Pér Airport,47.628436,17.804718
LHSM,1.0,1.0,100.0,0.0,0.0,300.0,290.0,-10.0,-10.0,-10.0,-10.0,-10.0,0.03333333333333333,0.03333333333333333,0.03333333333333333,0.03333333333333333,0.03333333333333333,0.1,0.1,0.1,0.1,0.1,0.03333333333333333,0.03333333333333333,0.03333333333333333,0.03333333333333333,0.03333333333333333,10.0,10.0,0.0,0.0,100.0,0.0,0.0,1.0,1.0,100.0,0.0,0.0,,,243.0,243.0,243.0,243.0,243.0,,,,,,,,,,,,,,,,243.0,243.0,0.0,,100.0,0.0,0.0,0.0,nm_inferred,1.0,100.0,,Hévíz–Balaton Airport,46.686391,17.159084
LIBC,11.0,11.0,100.0,0.0,0.0,300.0,300.0,900.0,1000.0,1050.0,1505.0,2055.0,-6.85,-5.016666666666667,-3.5,-3.3333333333333335,-3.0,0.0,0.0,0.0,0.0,0.0,0.0,0.0,0.0,0.0,0.0,1050.0,2055.0,100.0,0.0,100.0,0.0,0.0,11.0,11.0,100.0,0.0,0.0,,,-2090.0,-2032.5,-1373.0,-1248.5,-1133.0,,,,,,,,,,,,,,,,1373.0,2090.0,100.0,,100.0,0.0,0.0,0.0,nm_inferred,11.0,100.0,,Crotone Sant'Anna Pythagoras Airport,38.9972,17.0802
LIBD,242.0,229.0,94.62809917355372,0.0,0.0,600.0,600.0,644.2,730.0,845.0,1000.0,1110.0,-2.2104166666666667,-1.8020833333333333,-1.3269230769230769,-0.9388888888888889,-0.7644444444444443,0.0,0.0,0.0,0.0,0.0,0.0,0.0,0.0,0.0,0.0,845.0,1110.0,100.0,0.0,93.80165289256199,0.0,0.8264462809917356,244.0,237.0,97.1311475409836,0.0,0.0,,,-1208.6,-1005.0,-845.0,-650.0,-510.99999999999994,,,,,,,,,,,,,,,,845.0,1208.6000000000001,100.0,,96.72131147540983,0.0,0.4098360655737705,0.0,nm_inferred,244.0,95.87962335726866,,Bari Karol Wojtyła International Airport,41.138901,16.760599
LIBF,13.0,11.0,84.61538461538461,0.0,0.0,240.0,240.0,425.0,522.5,600.0,630.0,985.0,-4.104166666666667,-2.625,-2.5,-2.177083333333333,-1.7708333333333333,0.0,0.0,0.0,0.0,0.0,0.0,0.0,0.0,0.0,0.0,600.0,985.0,100.0,0.0,84.61538461538461,0.0,0.0,15.0,13.0,86.66666666666667,0.0,0.0,,,-1253.9999999999998,-456.0,-379.0,-325.0,-156.9999999999999,,,,,,,,,,,,,,,,379.0,1254.0000000000005,92.3076923076923,,80.0,0.0,6.666666666666667,0.0,nm_inferred,15.0,85.64102564102564,,Foggia Gino Lisa Airport,41.433596,15.534566
LIBG,5.0,2.0,40.0,0.0,0.0,420.0,420.0,894.0,945.0,1030.0,1115.0,1166.0,-2.776190476190476,-2.6547619047619047,-2.4523809523809526,-2.25,-2.1285714285714286,0.0,0.0,0.0,0.0,0.0,0.0,0.0,0.0,0.0,0.0,1030.0,1166.0,100.0,0.0,40.0,0.0,0.0,7.0,5.0,71.42857142857143,0.0,0.0,,,-1182.0,-1095.0,-975.0,-700.0,-682.0,,,,,,,,,,,,,,,,975.0,1182.0,100.0,,71.42857142857143,0.0,0.0,0.0,nm_inferred,7.0,55.714285714285715,,Taranto-Grottaglie Marcello Arlotta Airport,40.517502,17.4032
LIBP,28.0,28.0,100.0,0.0,0.0,900.0,900.0,20.0,33.75,50.0,71.25,85.0,-0.15,-0.09444444444444444,-0.075,-0.046825396825396826,-0.026111111111111106,0.0,0.0,0.0,0.0,0.0,0.0,0.0,0.0,0.0,0.0,50.0,85.0,92.85714285714286,0.0,100.0,0.0,0.0,26.0,26.0,100.0,0.0,0.0,,,246.5,260.75,310.0,328.75,342.5,,,,,,,,,,,,,,,,310.0,342.5,0.0,,100.0,0.0,0.0,0.0,nm_inferred,28.0,100.0,,Abruzzo Airport,42.431079,14.182981
LIBR,108.0,106.0,98.14814814814815,0.0,0.0,600.0,600.0,952.5,1025.0,1155.0,1338.75,1450.0,-2.431481481481481,-2.0928240740740742,-1.651388888888889,-1.3611111111111112,-1.0638888888888889,0.0,0.0,0.0,0.0,0.0,0.0,0.0,0.0,0.0,0.0,1155.0,1450.0,100.0,0.0,98.14814814814815,0.0,0.0,106.0,105.0,99.05660377358491,0.0,0.0,,,-1548.2,-1385.0,-1165.0,-985.0,-855.9999999999997,,,,,,,,,,,,,,,,1165.0,1548.2000000000003,100.0,,99.05660377358491,0.0,0.0,0.0,nm_inferred,108.0,98.60237596086654,,Brindisi Airport,40.6576,17.947001
LICA,89.0,87.0,97.75280898876404,0.0,0.0,480.0,480.0,806.0,885.0,980.0,1060.0,1154.0,-2.3333333333333335,-2.109375,-1.9375,-1.596875,-0.9897619047619047,0.0,0.0,0.0,0.0,0.0,0.0,0.0,0.0,0.0,0.0,980.0,1154.0,100.0,0.0,96.62921348314607,1.1235955056179776,0.0,89.0,89.0,100.0,0.0,0.0,,,-1448.0,-1250.0,-1100.0,-900.0,-790.0,,,,,,,,,,,,,,,,1100.0,1448.0,100.0,,98.87640449438203,1.1235955056179776,0.0,0.0,nm_inferred,89.0,98.87640449438203,,Lamezia Terme Sant'Eufemia International Airport,38.906214,16.246007
LICB,14.0,14.0,100.0,0.0,0.0,420.0,420.0,86.0,111.25,117.5,133.75,168.5,-0.4011904761904762,-0.318452380952381,-0.27976190476190477,-0.2648809523809524,-0.2047619047619047,0.0,0.0,0.0,0.0,0.0,0.0,0.0,0.0,0.0,0.0,117.5,168.5,100.0,0.0,92.85714285714286,7.142857142857143,0.0,14.0,14.0,100.0,0.0,0.0,,,31.000000000000014,185.0,219.5,271.25,310.0,,,,,,,,,,,,,,,,240.0,310.0,14.285714285714286,,92.85714285714286,7.142857142857143,0.0,0.0,nm_inferred,14.0,100.0,,Comiso Airport,36.99583,14.60889
LICC,386.0,385.0,99.74093264248705,0.0,99.74093264248705,660.0,660.0,205.0,265.0,345.0,430.0,620.0,-1.1444444444444444,-0.75,-0.5277777777777778,-0.38333333333333336,-0.2671428571428571,0.0,0.0,0.0,0.0,0.0,0.0,0.0,0.0,0.0,0.0,345.0,620.0,99.48051948051948,0.0,97.15025906735751,2.5906735751295336,0.0,384.0,384.0,100.0,0.0,100.0,300.0,300.0,-473.5,-280.0,-130.0,-50.0,-5.0,-1.5604166666666666,-0.8255208333333333,-0.4037037037037037,-0.12037037037037036,-0.016666666666666666,0.0,0.0,0.0,0.0,0.0,0.0,0.0,0.0,0.0,0.0,130.0,473.49999999999994,92.96875,0.0,97.91666666666667,2.0833333333333335,0.0,100.0,apdf,386.0,99.87046632124353,0.0,Catania-Fontanarossa Airport,37.466801,15.0664
LICD,16.0,16.0,100.0,0.0,0.0,300.0,300.0,700.0,773.75,982.0,1071.75,1166.0,-3.8866666666666667,-3.5725,-3.2733333333333334,-2.5791666666666666,-2.3333333333333335,0.0,0.0,0.0,0.0,0.0,0.0,0.0,0.0,0.0,0.0,982.0,1166.0,100.0,0.0,100.0,0.0,0.0,16.0,16.0,100.0,0.0,0.0,,,-768.5,-724.5,-693.0,-398.0,-256.0,,,,,,,,,,,,,,,,693.0,768.5,100.0,,100.0,0.0,0.0,0.0,nm_inferred,16.0,100.0,,Lampedusa Airport,35.497898,12.6181
LICG,17.0,8.0,47.05882352941177,0.0,0.0,240.0,240.0,1036.5,1121.25,1407.5,1526.25,1597.2,-6.655,-6.359375,-5.864583333333334,-4.671875,-4.3187500000000005,0.0,0.0,0.0,0.0,0.0,0.0,0.0,0.0,0.0,0.0,1407.5,1597.2,100.0,0.0,47.05882352941177,0.0,0.0,16.0,13.0,81.25,0.0,0.0,,,-1416.3999999999999,-1285.0,-1208.0,-1039.0,-1005.6,,,,,,,,,,,,,,,,1208.0,1416.4,100.0,,81.25,0.0,0.0,0.0,nm_inferred,17.0,64.15441176470588,,Pantelleria Airport,36.816502,11.9689
LICJ,309.0,309.0,100.0,0.0,0.0,720.0,720.0,80.0,90.0,105.0,130.0,160.0,-0.22499999999999998,-0.18055555555555555,-0.14583333333333334,-0.125,-0.1111111111111111,0.0,0.0,0.0,0.0,0.0,0.0,0.0,0.0,0.0,0.0,105.0,160.0,100.0,0.0,99.02912621359224,0.6472491909385113,0.32362459546925565,313.0,308.0,98.40255591054313,0.0,0.0,,,-485.0,-285.0,-230.0,-170.0,-105.0,,,,,,,,,,,,,,,,230.0,485.0,92.85714285714286,,98.08306709265176,0.3194888178913738,0.0,0.0,nm_inferred,313.0,99.20127795527156,,Falcone–Borsellino Airport,38.175999,13.091
LICR,20.0,20.0,100.0,0.0,0.0,300.0,300.0,731.0,1120.0,1182.5,1275.0,1506.5,-5.0216666666666665,-4.25,-3.9416666666666664,-3.7333333333333334,-2.436666666666666,0.0,0.0,0.0,0.0,0.0,0.0,0.0,0.0,0.0,0.0,1182.5,1506.5,100.0,0.0,100.0,0.0,0.0,20.0,20.0,100.0,0.0,0.0,,,-1442.5,-1340.75,-1097.0,-978.5,-734.5999999999999,,,,,,,,,,,,,,,,1097.0,1442.5,100.0,,100.0,0.0,0.0,0.0,nm_inferred,20.0,100.0,,Reggio Calabria Airport,38.071201,15.6516
LICT,39.0,36.0,92.3076923076923,0.0,0.0,900.0,900.0,357.5,540.0,845.0,922.5,1010.0,-1.1222222222222222,-1.025,-0.9388888888888889,-0.6347222222222222,-0.39722222222222225,0.0,0.0,0.0,0.0,0.0,0.0,0.0,0.0,0.0,0.0,845.0,1010.0,100.0,0.0,92.3076923076923,0.0,0.0,40.0,34.0,85.0,0.0,0.0,,,-1258.8,-1188.5,-901.5,-773.0,-507.50000000000017,,,,,,,,,,,,,,,,901.5,1258.8,94.11764705882354,,85.0,0.0,0.0,0.0,nm_inferred,40.0,88.65384615384616,,Vincenzo Florio Airport Trapani-Birgi,37.9114,12.488
LIEA,65.0,65.0,100.0,0.0,0.0,600.0,510.0,-190.0,-145.0,-90.0,0.0,23.000000000000007,-0.03833333333333333,0.0,0.15,0.24166666666666667,0.31666666666666665,0.0,0.0,0.15,0.25,0.35,0.0,0.0,0.14166666666666666,0.24166666666666667,0.31333333333333335,100.0,190.0,26.153846153846153,0.0,98.46153846153847,1.5384615384615385,0.0,66.0,66.0,100.0,0.0,0.0,,,285.0,344.25,376.0,420.0,452.5,,,,,,,,,,,,,,,,376.0,452.5,0.0,,98.48484848484848,1.5151515151515151,0.0,0.0,nm_inferred,66.0,100.0,,Alghero-Fertilia Airport,40.632099,8.29077
LIEE,163.0,161.0,98.77300613496932,0.0,0.0,600.0,600.0,420.0,445.0,485.0,540.0,815.0,-1.3583333333333334,-0.9083333333333333,-0.8083333333333333,-0.7416666666666667,-0.7,0.0,0.0,0.0,0.0,0.0,0.0,0.0,0.0,0.0,0.0,485.0,815.0,100.0,0.0,98.77300613496932,0.0,0.0,165.0,165.0,100.0,0.0,0.0,,,-969.0,-751.0,-461.0,-290.0,-220.20000000000005,,,,,,,,,,,,,,,,461.0,968.9999999999999,100.0,,98.78787878787878,0.6060606060606061,0.6060606060606061,0.0,nm_inferred,165.0,99.38650306748465,,Cagliari Elmas Airport,39.251499,9.05428
LIEO,204.0,204.0,100.0,0.0,0.0,600.0,600.0,295.0,335.0,380.0,470.0,560.5000000000002,-0.9416666666666667,-0.7833333333333333,-0.6333333333333333,-0.5583333333333333,-0.49166666666666664,0.0,0.0,0.0,0.0,0.0,0.0,0.0,0.0,0.0,0.0,380.0,560.5000000000002,100.0,0.0,99.50980392156863,0.49019607843137253,0.0,212.0,210.0,99.05660377358491,0.0,0.0,,,-837.8,-659.75,-420.0,-104.75,10.0,,,,,,,,,,,,,,,,420.0,837.8,88.57142857142857,,96.69811320754717,1.4150943396226414,0.9433962264150944,0.0,nm_inferred,212.0,99.52830188679246,,Olbia Costa Smeralda Airport,40.898953,9.518457
LILE,,,,,,,,,,,,,,,,,,,,,,,,,,,,,,,,,,,1.0,1.0,100.0,0.0,0.0,,,245.0,245.0,245.0,245.0,245.0,,,,,,,,,,,,,,,,245.0,245.0,0.0,,100.0,0.0,0.0,0.0,nm_inferred,1.0,100.0,,Biella-Cerrione Airfield,45.4953,8.10278
LIMC,929.0,926.0,99.67707212055974,0.0,99.2465016146394,900.0,130.0,-1377.5,-1025.0,-735.0,-536.25,-350.0,0.42604166666666665,0.6276395173453997,0.875,0.9859068627450981,1.3597222222222223,0.4198717948717949,0.6266447368421053,0.8591269841269842,0.9736842105263158,1.0,0.4082532051282051,0.6111111111111112,0.8402777777777778,0.9618686868686869,1.0,742.5,1407.5,4.427645788336933,27.75377969762419,92.14208826695372,6.7814854682454255,0.7534983853606028,950.0,948.0,99.78947368421052,0.0,99.78947368421053,360.0,5.0,450.0,535.0,630.0,765.0,975.0,1.261111111111111,1.5208333333333333,1.8392857142857144,2.1458333333333335,2.638888888888889,1.0,1.0,1.0,1.0,1.0,0.9861111111111112,1.0,1.0,1.0,1.0,630.0,991.5000000000003,0.31645569620253167,94.60887949260042,92.21052631578948,6.947368421052632,0.631578947368421,99.78947368421053,apdf,950.0,99.73327290238512,0.9176846291365298,Milan Malpensa International Airport,45.6306,8.72811
LIME,485.0,484.0,99.79381443298969,0.0,99.17525773195877,720.0,720.0,0.0,10.0,30.0,45.0,60.0,-0.08819444444444441,-0.06428062678062678,-0.03571428571428571,-0.015151515151515152,-0.0,0.0,0.0,0.0,0.0,0.0,0.0,0.0,0.0,0.0,0.0,30.0,60.0,94.62809917355372,0.2066115702479339,98.14432989690722,1.443298969072165,0.20618556701030927,492.0,491.0,99.79674796747967,0.0,100.0,300.0,5.0,235.0,255.0,275.0,295.0,305.0,0.5625,0.7638888888888888,0.9791666666666666,1.1666666666666667,1.4166666666666667,0.625,0.8333333333333334,1.0,1.0,1.0,0.59375,0.7817460317460317,1.0,1.0,1.0,275.0,305.0,2.240325865580448,58.24847250509165,95.52845528455285,3.658536585365854,0.6097560975609756,100.0,apdf,492.0,99.79528120023468,0.49897640600117343,Il Caravaggio International Airport,45.669362,9.708851
LIMF,147.0,147.0,100.0,0.0,100.0,480.0,75.0,-636.0,-510.0,-420.0,-350.0,-278.0,0.5965909090909091,0.7675925925925926,0.8636363636363636,0.9375,1.1590476190476193,0.625,0.75,0.875,0.9409722222222222,1.0,0.5895833333333333,0.720959595959596,0.8333333333333334,0.9166666666666666,1.0,420.0,647.0,2.0408163265306123,19.727891156462587,95.91836734693878,1.3605442176870748,2.7210884353741496,149.0,149.0,100.0,0.0,100.0,420.0,5.0,514.0,565.0,605.0,640.0,747.0000000000006,0.9880952380952381,1.1203703703703705,1.4285714285714286,2.0166666666666666,3.2861111111111168,0.9375,1.0,1.0,1.0,1.0,0.9166666666666666,1.0,1.0,1.0,1.0,605.0,747.0000000000006,0.0,87.24832214765101,97.31543624161074,0.0,2.684563758389262,100.0,apdf,149.0,100.0,0.9166666666666667,Turin Airport,45.200802,7.64963
LIMJ,53.0,53.0,100.0,0.0,0.0,600.0,600.0,45.0,60.0,75.0,90.0,115.0,-0.19,-0.15,-0.125,-0.1,-0.06696969696969696,0.0,0.0,0.0,0.0,0.0,0.0,0.0,0.0,0.0,0.0,75.0,115.0,100.0,0.0,100.0,0.0,0.0,52.0,52.0,100.0,0.0,0.0,,,123.80000000000003,209.5,260.0,276.25,295.0,,,,,,,,,,,,,,,,260.0,295.0,3.8461538461538463,,98.07692307692308,1.9230769230769231,0.0,0.0,nm_inferred,53.0,100.0,,Genoa Cristoforo Colombo Airport,44.412039,8.840732
LIML,514.0,506.0,98.44357976653697,0.0,99.80544747081711,780.0,502.5,-582.5,-415.0,-292.5,-160.0,37.5,-0.041666666666666664,0.19284188034188035,0.38263888888888886,0.6223958333333334,0.8038194444444444,0.0,0.2,0.3888888888888889,0.6,0.8125,0.0,0.18888888888888888,0.3678571428571429,0.5748737373737374,0.7829861111111112,292.5,582.5,18.379446640316207,2.964426877470356,96.88715953307393,0.19455252918287938,1.3618677042801557,497.0,492.0,98.99396378269617,0.0,100.0,300.0,5.0,290.0,310.0,340.0,415.0,495.0,0.8194444444444444,1.0515625,1.3333333333333333,1.801388888888889,2.611111111111111,0.8571428571428571,1.0,1.0,1.0,1.0,0.8226190476190476,1.0,1.0,1.0,1.0,340.0,499.50000000000017,0.8130081300813008,82.52032520325203,97.1830985915493,0.8048289738430584,1.0060362173038229,100.0,apdf,514.0,98.71877177461657,0.6751658855299669,Milano Linate Airport,45.445099,9.27674
LIMP,14.0,14.0,100.0,0.0,0.0,240.0,240.0,126.5,157.5,175.0,207.5,225.50000000000003,-0.9395833333333333,-0.8645833333333334,-0.7291666666666667,-0.65625,-0.5270833333333333,0.0,0.0,0.0,0.0,0.0,0.0,0.0,0.0,0.0,0.0,185.0,344.8000000000002,92.85714285714286,0.0,92.85714285714286,0.0,7.142857142857143,14.0,14.0,100.0,0.0,0.0,,,140.0,141.25,168.0,184.5,297.0000000000001,,,,,,,,,,,,,,,,168.0,297.0000000000001,0.0,,92.85714285714286,0.0,7.142857142857143,0.0,nm_inferred,14.0,100.0,,Parma Airport,44.826351,10.29705
LIMZ,5.0,5.0,100.0,0.0,0.0,480.0,480.0,9.0,15.0,45.0,55.0,58.0,-0.12083333333333333,-0.11458333333333333,-0.09375,-0.03125,-0.01583333333333333,0.0,0.0,0.0,0.0,0.0,0.0,0.0,0.0,0.0,0.0,45.0,58.0,100.0,0.0,100.0,0.0,0.0,6.0,5.0,83.33333333333333,0.0,0.0,,,229.0,235.0,235.0,242.0,291.8,,,,,,,,,,,,,,,,235.0,291.8,0.0,,83.33333333333333,0.0,0.0,0.0,nm_inferred,6.0,91.66666666666666,,Cuneo International Airport,44.547458,7.623045
LIPB,20.0,20.0,100.0,0.0,0.0,420.0,420.0,77.0,207.5,257.5,297.5,325.0,-0.7738095238095238,-0.7083333333333333,-0.6130952380952381,-0.49404761904761907,-0.1833333333333332,0.0,0.0,0.0,0.0,0.0,0.0,0.0,0.0,0.0,0.0,267.5,329.50000000000006,95.0,0.0,95.0,0.0,5.0,18.0,18.0,100.0,0.0,0.0,,,-403.99999999999994,-163.75,87.5,262.5,274.5,,,,,,,,,,,,,,,,252.5,435.5000000000002,38.888888888888886,,88.88888888888889,5.555555555555555,5.555555555555555,0.0,nm_inferred,20.0,100.0,,Bolzano Airport,46.459245,11.326125
LIPE,389.0,389.0,100.0,0.0,94.85861182519281,600.0,600.0,-1.0,34.0,74.0,204.0,424.99999999999994,-0.7316666666666667,-0.3566666666666667,-0.10331439393939393,-0.04,0.0009986504723346874,0.0,0.0,0.0,0.0,0.03125,0.0,0.0,0.0,0.0,0.006570512820512827,79.0,439.0,89.46015424164524,0.25773195876288657,99.74293059125964,0.2570694087403599,0.0,388.0,388.0,100.0,0.0,94.0721649484536,227.0,5.0,163.10000000000002,212.75,240.0,262.0,283.3,0.47211831230969986,0.6865671641791045,1.0445544554455446,1.355263157894737,1.7238619965892699,0.5,0.7,1.0,1.0,1.0,0.47684509983975226,0.6973293768545994,0.9859154929577465,1.0062893081761006,1.0196090955544201,240.0,283.3,2.3195876288659796,59.178082191780824,97.9381443298969,2.0618556701030926,0.0,94.85861182519281,apdf,389.0,100.0,0.49295774647887325,Bologna Guglielmo Marconi Airport,44.5354,11.2887
LIPH,85.0,85.0,100.0,0.0,0.0,600.0,600.0,-5.0,10.0,25.0,40.0,50.0,-0.08333333333333333,-0.06666666666666667,-0.03888888888888889,-0.011111111111111112,0.007222222222222246,0.0,0.0,0.0,0.0,0.043333333333333474,0.0,0.0,0.0,0.0,0.007222222222222246,25.0,50.0,87.05882352941177,0.0,92.94117647058823,5.882352941176471,1.1764705882352942,85.0,85.0,100.0,0.0,0.0,,,264.0,295.0,325.0,345.0,364.20000000000005,,,,,,,,,,,,,,,,325.0,364.20000000000005,1.1764705882352942,,100.0,0.0,0.0,0.0,nm_inferred,85.0,100.0,,Treviso Airport,45.648399,12.1944
LIPK,4.0,4.0,100.0,0.0,0.0,600.0,600.0,16.5,18.75,30.0,43.75,50.5,-0.08416666666666667,-0.07291666666666666,-0.05,-0.03125,-0.0275,0.0,0.0,0.0,0.0,0.0,0.0,0.0,0.0,0.0,0.0,30.0,50.5,100.0,0.0,100.0,0.0,0.0,4.0,4.0,100.0,0.0,0.0,,,177.4,181.0,216.5,277.5,327.0,,,,,,,,,,,,,,,,216.5,327.0,0.0,,100.0,0.0,0.0,0.0,nm_inferred,4.0,100.0,,Forlì-Luigi Ridolfi International Airport,44.194801,12.0701
LIPN,1.0,1.0,100.0,0.0,0.0,300.0,300.0,205.0,205.0,205.0,205.0,205.0,-0.6833333333333333,-0.6833333333333333,-0.6833333333333333,-0.6833333333333333,-0.6833333333333333,0.0,0.0,0.0,0.0,0.0,0.0,0.0,0.0,0.0,0.0,205.0,205.0,100.0,0.0,100.0,0.0,0.0,,,,,,,,,,,,,,,,,,,,,,,,,,,,,,,,,,,0.0,nm_inferred,1.0,100.0,,Verona-Boscomantico Airfield,45.472,10.9279
LIPO,21.0,21.0,100.0,0.0,0.0,480.0,470.0,-500.0,-185.0,-10.0,50.0,65.0,-0.13541666666666666,-0.10416666666666667,0.020833333333333332,0.3854166666666667,1.0416666666666667,0.0,0.0,0.0625,0.4375,0.75,0.0,0.0,0.020833333333333332,0.3854166666666667,0.75,75.0,500.0,47.61904761904762,4.761904761904762,100.0,0.0,0.0,22.0,21.0,95.45454545454545,0.0,0.0,,,340.0,415.0,590.0,640.0,665.0,,,,,,,,,,,,,,,,590.0,665.0,0.0,,95.45454545454545,0.0,0.0,0.0,nm_inferred,22.0,97.72727272727272,,Brescia Gabriele d'Annunzio Airport,45.428902,10.3306
LIPQ,44.0,44.0,100.0,0.0,0.0,600.0,290.0,-653.0,-506.25,-310.0,-32.5,-1.4999999999999858,0.0024999999999999983,0.05416666666666667,0.5166666666666667,0.84375,1.0883333333333336,0.014999999999999993,0.08750000000000001,0.55,0.85,1.0,0.0024999999999999983,0.05416666666666667,0.5083333333333333,0.8208333333333333,0.9841666666666667,310.0,653.0000000000001,11.363636363636363,13.636363636363637,97.72727272727273,0.0,2.272727272727273,46.0,46.0,100.0,0.0,0.0,,,414.0,444.25,514.0,580.0,625.0,,,,,,,,,,,,,,,,514.0,625.0,0.0,,97.82608695652173,0.0,2.1739130434782608,0.0,nm_inferred,46.0,100.0,,Trieste Airport,45.827862,13.466672
LIPR,18.0,15.0,83.33333333333333,0.0,0.0,600.0,600.0,0.0,12.5,40.0,55.0,72.0,-0.12,-0.09166666666666666,-0.06666666666666667,-0.020833333333333336,-0.0,0.0,0.0,0.0,0.0,0.0,0.0,0.0,0.0,0.0,0.0,45.0,72.0,93.33333333333333,0.0,83.33333333333333,0.0,0.0,17.0,16.0,94.11764705882354,0.0,0.0,,,165.0,233.75,315.0,365.0,370.0,,,,,,,,,,,,,,,,315.0,370.0,0.0,,94.11764705882354,0.0,0.0,0.0,nm_inferred,18.0,88.72549019607843,,Federico Fellini International Airport,44.020024,12.612198
LIPV,1.0,1.0,100.0,0.0,0.0,300.0,300.0,15.0,15.0,15.0,15.0,15.0,-0.05,-0.05,-0.05,-0.05,-0.05,0.0,0.0,0.0,0.0,0.0,0.0,0.0,0.0,0.0,0.0,15.0,15.0,100.0,0.0,100.0,0.0,0.0,1.0,1.0,100.0,0.0,0.0,,,270.0,270.0,270.0,270.0,270.0,,,,,,,,,,,,,,,,270.0,270.0,0.0,,100.0,0.0,0.0,0.0,nm_inferred,1.0,100.0,,Venice-Lido Giovanni Nicelli Airfield,45.428779,12.388733
LIPX,141.0,141.0,100.0,0.0,0.0,900.0,900.0,60.0,75.0,90.0,110.0,130.0,-0.15,-0.12777777777777777,-0.10555555555555556,-0.08333333333333333,-0.06666666666666667,0.0,0.0,0.0,0.0,0.0,0.0,0.0,0.0,0.0,0.0,90.0,130.0,100.0,0.0,97.16312056737588,2.8368794326241136,0.0,139.0,139.0,100.0,0.0,0.0,,,104.8,135.0,165.0,190.0,210.0,,,,,,,,,,,,,,,,165.0,211.0,3.597122302158273,,98.56115107913669,1.4388489208633093,0.0,0.0,nm_inferred,141.0,100.0,,Verona Villafranca Valerio Catullo Airport,45.394955,10.887303
LIPY,40.0,40.0,100.0,0.0,0.0,300.0,300.0,73.0,148.75,182.5,212.5,260.5,-0.8683333333333334,-0.7083333333333333,-0.6083333333333334,-0.49583333333333335,-0.24333333333333323,0.0,0.0,0.0,0.0,0.0,0.0,0.0,0.0,0.0,0.0,182.5,260.5,100.0,0.0,100.0,0.0,0.0,41.0,41.0,100.0,0.0,0.0,,,-162.0,-110.0,-40.0,125.0,370.0,,,,,,,,,,,,,,,,120.0,375.0,56.09756097560975,,100.0,0.0,0.0,0.0,nm_inferred,41.0,100.0,,Marche Airport,43.616299,13.3623
LIPZ,422.0,421.0,99.76303317535545,0.0,99.76303317535546,660.0,645.0,-80.0,-45.0,-5.0,20.0,40.0,-0.06481481481481481,-0.02976190476190476,0.005952380952380952,0.06666666666666667,0.11363636363636363,0.0,0.0,0.029411764705882353,0.09090909090909091,0.13636363636363635,0.0,0.0,0.008333333333333333,0.06666666666666667,0.11363636363636363,30.0,95.0,48.93111638954869,0.0,97.1563981042654,1.8957345971563981,0.7109004739336493,426.0,425.0,99.76525821596245,0.0,100.0,360.0,5.0,295.0,325.0,355.0,470.0,620.0,0.5634259259259259,0.8095238095238095,1.05,1.4027777777777777,1.8644444444444446,0.5945454545454546,0.85,1.0,1.0,1.0,0.5712962962962963,0.8194444444444444,1.0,1.0,1.0,355.0,620.0,0.23529411764705882,62.11764705882353,95.53990610328638,2.5821596244131455,1.6431924882629108,100.0,apdf,426.0,99.76414569565895,0.5029775678822805,Venice Marco Polo Airport,45.505299,12.3519
LIQS,2.0,2.0,100.0,0.0,0.0,60.0,60.0,175.6,185.5,202.0,218.5,228.4,-3.8066666666666666,-3.6416666666666666,-3.3666666666666667,-3.091666666666667,-2.9266666666666667,0.0,0.0,0.0,0.0,0.0,0.0,0.0,0.0,0.0,0.0,202.0,228.4,100.0,0.0,100.0,0.0,0.0,3.0,3.0,100.0,0.0,0.0,,,-71.4,-66.0,-57.0,-33.5,-19.4,,,,,,,,,,,,,,,,57.0,71.4,100.0,,100.0,0.0,0.0,0.0,nm_inferred,3.0,100.0,,Siena-Ampugnano Airport,43.254942,11.255084
LIRA,157.0,157.0,100.0,0.0,98.08917197452229,660.0,90.0,-1007.9999999999999,-745.0,-595.0,-295.0,-93.99999999999991,0.24523809523809526,0.5238095238095238,0.8863636363636364,0.9907407407407407,1.2337500000000001,0.25,0.53125,0.8636363636363636,1.0,1.0,0.23285714285714287,0.5052083333333334,0.8409090909090909,0.9722222222222222,1.0,595.0,1008.0000000000005,3.821656050955414,31.21019108280255,97.45222929936305,0.6369426751592356,1.910828025477707,149.0,149.0,100.0,0.0,100.0,360.0,5.0,429.0,525.0,610.0,665.0,803.0000000000007,0.9777777777777777,1.3125,1.7023809523809523,2.0208333333333335,2.4916666666666676,0.9916666666666667,1.0,1.0,1.0,1.0,0.9483333333333333,1.0,1.0,1.0,1.0,610.0,803.0000000000007,0.6711409395973155,89.93288590604027,97.31543624161074,1.342281879194631,1.342281879194631,100.0,apdf,157.0,100.0,0.9204545454545454,Ciampino–G. B. Pastine International Airport,41.798769,12.595331
LIRE,2.0,2.0,100.0,0.0,0.0,300.0,275.0,-29.0,-27.5,-25.0,-22.5,-21.0,0.07,0.075,0.08333333333333334,0.09166666666666667,0.09666666666666668,0.1,0.1,0.1,0.1,0.1,0.07,0.075,0.08333333333333334,0.09166666666666667,0.09666666666666668,25.0,29.0,0.0,0.0,100.0,0.0,0.0,1.0,1.0,100.0,0.0,0.0,,,417.0,417.0,417.0,417.0,417.0,,,,,,,,,,,,,,,,417.0,417.0,0.0,,100.0,0.0,0.0,0.0,nm_inferred,2.0,100.0,,Pratica di Mare Air Base,41.654499,12.4452
LIRF,1445.0,1443.0,99.86159169550173,0.0,98.33910034602076,1080.0,1080.0,-5.0,5.0,20.0,35.0,45.0,-0.047619047619047616,-0.03205128205128205,-0.015432098765432098,-0.004166666666666667,0.0043859649122807015,0.0,0.0,0.0,0.0,0.021739130434782608,0.0,0.0,0.0,0.0,0.0043859649122807015,20.0,45.0,86.62508662508662,0.0,95.91695501730104,3.875432525951557,0.06920415224913495,1424.0,1422.0,99.85955056179775,0.0,98.94662921348315,600.0,280.0,295.0,320.0,340.0,355.0,370.0,0.3238562091503268,0.43452380952380953,0.5454545454545454,0.65625,0.8460317460317462,0.34210526315789475,0.4583333333333333,0.5909090909090909,0.6875,0.875,0.3333333333333333,0.4423076923076923,0.553030303030303,0.6666666666666666,0.8621212121212124,340.0,370.0,1.1954992967651195,6.183368869936034,94.59269662921348,5.126404494382022,0.1404494382022472,98.94662921348315,apdf,1445.0,99.86057112864974,0.27612960956028143,Rome–Fiumicino Leonardo da Vinci International Airport,41.804532,12.251998
LIRJ,3.0,1.0,33.333333333333336,0.0,0.0,60.0,60.0,165.0,165.0,165.0,165.0,165.0,-2.75,-2.75,-2.75,-2.75,-2.75,0.0,0.0,0.0,0.0,0.0,0.0,0.0,0.0,0.0,0.0,165.0,165.0,100.0,0.0,33.333333333333336,0.0,0.0,3.0,1.0,33.333333333333336,0.0,0.0,,,-260.0,-260.0,-260.0,-260.0,-260.0,,,,,,,,,,,,,,,,260.0,260.0,100.0,,33.333333333333336,0.0,0.0,0.0,nm_inferred,3.0,33.333333333333336,,Marina di Campo Airport,42.760871,10.239811
LIRN,452.0,449.0,99.33628318584071,4.0,99.33628318584071,660.0,660.0,320.0,350.0,410.0,510.0,726.0,-1.3785714285714283,-0.8842592592592593,-0.6574074074074074,-0.49242424242424243,-0.37777777777777777,0.0,0.0,0.0,0.0,0.0,0.0,0.0,0.0,0.0,0.0,410.0,726.0,99.77728285077951,0.0,97.56637168141593,1.7699115044247788,0.0,450.0,447.0,99.33333333333333,0.0,100.0,240.0,240.0,-802.0,-485.0,-295.0,-202.5,-130.0,-3.361111111111111,-2.013888888888889,-1.1944444444444444,-0.7559523809523809,-0.44166666666666643,0.0,0.0,0.0,0.0,0.0,0.0,0.0,0.0,0.0,0.0,300.0,815.0000000000009,99.77628635346755,0.0,97.55555555555556,1.7777777777777777,0.0,100.0,apdf,452.0,99.33480825958702,0.0,Naples International Airport,40.886002,14.2908
LIRP,211.0,211.0,100.0,0.0,0.0,900.0,900.0,95.0,115.0,135.0,160.0,185.0,-0.26666666666666666,-0.21666666666666667,-0.17222222222222222,-0.1376736111111111,-0.10666666666666667,0.0,0.0,0.0,0.0,0.0,0.0,0.0,0.0,0.0,0.0,135.0,185.0,98.10426540284361,0.0,99.0521327014218,0.9478672985781991,0.0,213.0,213.0,100.0,0.0,0.0,,,-158.39999999999998,-60.0,-2.0,50.0,95.80000000000007,,,,,,,,,,,,,,,,53.0,169.60000000000002,51.17370892018779,,97.65258215962442,2.347417840375587,0.0,0.0,nm_inferred,213.0,100.0,,Pisa International Airport,43.683899,10.3927
LIRQ,185.0,185.0,100.0,0.0,0.0,1200.0,1200.0,150.0,170.0,195.0,225.0,250.0,-0.44166666666666665,-0.2361111111111111,-0.17916666666666667,-0.15,-0.12916666666666668,0.0,0.0,0.0,0.0,0.0,0.0,0.0,0.0,0.0,0.0,195.0,250.0,100.0,0.0,97.29729729729729,2.1621621621621623,0.5405405405405406,184.0,183.0,99.45652173913044,0.0,0.0,,,-244.0,-170.0,-105.0,-55.0,-6.999999999999886,,,,,,,,,,,,,,,,105.0,244.00000000000006,90.7103825136612,,98.91304347826087,0.5434782608695652,0.0,0.0,nm_inferred,185.0,99.72826086956522,,"Florence Airport, Peretola",43.808558,11.202822
LIRU,1.0,1.0,100.0,0.0,0.0,300.0,300.0,185.0,185.0,185.0,185.0,185.0,-0.6166666666666667,-0.6166666666666667,-0.6166666666666667,-0.6166666666666667,-0.6166666666666667,0.0,0.0,0.0,0.0,0.0,0.0,0.0,0.0,0.0,0.0,185.0,185.0,100.0,0.0,100.0,0.0,0.0,2.0,2.0,100.0,0.0,0.0,,,340.4,351.5,370.0,388.5,399.6,,,,,,,,,,,,,,,,370.0,399.6,0.0,,100.0,0.0,0.0,0.0,nm_inferred,2.0,100.0,,Rome Urbe Airport,41.952096,12.502231
LIRZ,37.0,37.0,100.0,0.0,0.0,240.0,240.0,236.0,250.0,285.0,320.0,417.0,-1.6291666666666667,-1.2916666666666667,-1.1666666666666667,-1.0,-0.43000000000000016,0.0,0.0,0.0,0.0,0.0,0.0,0.0,0.0,0.0,0.0,285.0,417.0,100.0,0.0,97.29729729729729,2.7027027027027026,0.0,37.0,37.0,100.0,0.0,0.0,,,-229.0,-195.0,-50.0,25.0,75.0,,,,,,,,,,,,,,,,80.0,229.0,67.56756756756756,,100.0,0.0,0.0,0.0,nm_inferred,37.0,100.0,,Perugia San Francesco d'Assisi – Umbria International Airport,43.095901,12.5132
LJLJ,95.0,92.0,96.84210526315789,0.0,98.94736842105263,611.0,615.0,10.0,17.0,25.5,33.0,42.0,-0.0815877046184623,-0.05942310219937494,-0.04027685725862941,-0.027578785893006077,-0.011875049484448168,0.0,0.0,0.0,0.0,0.0,0.0,0.0,0.0,0.0,0.0,26.0,42.900000000000006,95.65217391304348,0.0,96.84210526315789,0.0,0.0,97.0,94.0,96.90721649484536,0.0,100.0,202.0,5.0,219.6,239.25,261.5,277.0,290.0,0.8541781154032649,1.058890838890839,1.307952528837622,1.521590909090909,1.7426303562209602,0.7340909090909091,1.0,1.0,1.0,1.0,0.8640409614629754,0.9836065573770492,0.9953155169387397,1.0052910052910053,1.0144927536231885,261.5,290.0,2.127659574468085,86.17021276595744,93.81443298969072,3.0927835051546393,0.0,100.0,apdf,97.0,96.87466087900162,0.482104265855243,Ljubljana Jože Pučnik Airport,46.223701,14.4576
LJMB,1.0,1.0,100.0,0.0,0.0,300.0,300.0,925.0,925.0,925.0,925.0,925.0,-3.0833333333333335,-3.0833333333333335,-3.0833333333333335,-3.0833333333333335,-3.0833333333333335,0.0,0.0,0.0,0.0,0.0,0.0,0.0,0.0,0.0,0.0,925.0,925.0,100.0,0.0,100.0,0.0,0.0,,,,,,,,,,,,,,,,,,,,,,,,,,,,,,,,,,,0.0,nm_inferred,1.0,100.0,,Maribor Edvard Rusjan Airport,46.4799,15.6861
LJPZ,1.0,1.0,100.0,0.0,0.0,300.0,216.0,-84.0,-84.0,-84.0,-84.0,-84.0,0.28,0.28,0.28,0.28,0.28,0.3,0.3,0.3,0.3,0.3,0.2833333333333333,0.2833333333333333,0.2833333333333333,0.2833333333333333,0.2833333333333333,84.0,84.0,0.0,0.0,100.0,0.0,0.0,1.0,1.0,100.0,0.0,0.0,,,302.0,302.0,302.0,302.0,302.0,,,,,,,,,,,,,,,,302.0,302.0,0.0,,100.0,0.0,0.0,0.0,nm_inferred,1.0,100.0,,Portorož Airport,45.47201,13.615951
LKCS,5.0,5.0,100.0,0.0,0.0,300.0,110.0,-478.0,-235.0,-190.0,-170.0,-134.0,0.44666666666666666,0.5666666666666667,0.6333333333333333,0.7833333333333333,1.5933333333333333,0.48,0.6,0.7,0.8,0.92,0.44666666666666666,0.5666666666666667,0.6333333333333333,0.7833333333333333,0.9133333333333333,190.0,478.0,0.0,20.0,80.0,20.0,0.0,5.0,5.0,100.0,0.0,0.0,,,500.0,509.0,559.0,609.0,621.0,,,,,,,,,,,,,,,,559.0,621.0,0.0,,100.0,0.0,0.0,0.0,nm_inferred,5.0,100.0,,České Budějovice South Bohemian Airport,48.948171,14.42832
LKHK,1.0,1.0,100.0,0.0,0.0,600.0,597.0,-3.0,-3.0,-3.0,-3.0,-3.0,0.005,0.005,0.005,0.005,0.005,0.05,0.05,0.05,0.05,0.05,0.008333333333333333,0.008333333333333333,0.008333333333333333,0.008333333333333333,0.008333333333333333,3.0,3.0,0.0,0.0,100.0,0.0,0.0,4.0,4.0,100.0,0.0,0.0,,,270.2,285.5,308.0,349.5,399.0,,,,,,,,,,,,,,,,308.0,399.0,0.0,,100.0,0.0,0.0,0.0,nm_inferred,4.0,100.0,,Hradec Králové Airport,50.253201,15.8452
LKKB,1.0,0.0,0.0,0.0,0.0,600.0,,,,,,,,,,,,,,,,,,,,,,,,,,0.0,0.0,0.0,,,,,,,,,,,,,,,,,,,,,,,,,,,,,,,,,,,0.0,nm_inferred,1.0,0.0,,Prague–Kbely Air Base,50.121399,14.5436
LKKU,1.0,1.0,100.0,0.0,0.0,300.0,300.0,50.0,50.0,50.0,50.0,50.0,-0.16666666666666666,-0.16666666666666666,-0.16666666666666666,-0.16666666666666666,-0.16666666666666666,0.0,0.0,0.0,0.0,0.0,0.0,0.0,0.0,0.0,0.0,50.0,50.0,100.0,0.0,100.0,0.0,0.0,1.0,1.0,100.0,0.0,0.0,,,250.0,250.0,250.0,250.0,250.0,,,,,,,,,,,,,,,,250.0,250.0,0.0,,100.0,0.0,0.0,0.0,nm_inferred,1.0,100.0,,Kunovice Airport,49.0294,17.439699
LKKV,4.0,4.0,100.0,0.0,0.0,300.0,300.0,76.0,85.0,90.0,95.0,104.0,-0.3466666666666666,-0.31666666666666665,-0.3,-0.2833333333333333,-0.2533333333333333,0.0,0.0,0.0,0.0,0.0,0.0,0.0,0.0,0.0,0.0,90.0,104.0,100.0,0.0,100.0,0.0,0.0,4.0,4.0,100.0,0.0,0.0,,,153.0,157.5,166.5,181.0,195.4,,,,,,,,,,,,,,,,166.5,195.4,0.0,,75.0,25.0,0.0,0.0,nm_inferred,4.0,100.0,,Karlovy Vary Airport,50.202999,12.915
LKLN,1.0,1.0,100.0,0.0,0.0,300.0,300.0,135.0,135.0,135.0,135.0,135.0,-0.45,-0.45,-0.45,-0.45,-0.45,0.0,0.0,0.0,0.0,0.0,0.0,0.0,0.0,0.0,0.0,135.0,135.0,100.0,0.0,100.0,0.0,0.0,1.0,1.0,100.0,0.0,0.0,,,322.0,322.0,322.0,322.0,322.0,,,,,,,,,,,,,,,,322.0,322.0,0.0,,100.0,0.0,0.0,0.0,nm_inferred,1.0,100.0,,Plzeň-Líně Airport,49.675201,13.2746
LKMH,2.0,2.0,100.0,0.0,0.0,600.0,600.0,44.0,50.0,60.0,70.0,76.0,-0.12666666666666668,-0.11666666666666667,-0.1,-0.08333333333333333,-0.07333333333333333,0.0,0.0,0.0,0.0,0.0,0.0,0.0,0.0,0.0,0.0,60.0,76.0,100.0,0.0,100.0,0.0,0.0,,,,,,,,,,,,,,,,,,,,,,,,,,,,,,,,,,,0.0,nm_inferred,2.0,100.0,,Mnichovo Hradiště Airport,50.540199,15.0066
LKMT,51.0,49.0,96.07843137254902,0.0,0.0,300.0,300.0,59.0,70.0,90.0,110.0,130.0,-0.43333333333333335,-0.38333333333333336,-0.30833333333333335,-0.21666666666666667,-0.18333333333333332,0.0,0.0,0.0,0.0,0.0,0.0,0.0,0.0,0.0,0.0,90.0,130.0,100.0,0.0,88.23529411764706,5.882352941176471,1.9607843137254901,51.0,49.0,96.07843137254902,0.0,0.0,,,135.00000000000006,195.0,210.0,225.0,240.0,,,,,,,,,,,,,,,,210.0,240.0,8.16326530612245,,88.23529411764706,5.882352941176471,1.9607843137254901,0.0,nm_inferred,51.0,96.07843137254902,,Leoš Janáček Airport Ostrava,49.696301,18.111099
LKPD,12.0,12.0,100.0,0.0,0.0,600.0,600.0,40.0,43.75,52.5,70.0,74.5,-0.1325,-0.11875,-0.1,-0.075,-0.06749999999999999,0.0,0.0,0.0,0.0,0.0,0.0,0.0,0.0,0.0,0.0,52.5,74.5,100.0,0.0,100.0,0.0,0.0,11.0,11.0,100.0,0.0,0.0,,,224.0,235.0,255.0,264.0,275.0,,,,,,,,,,,,,,,,255.0,275.0,0.0,,100.0,0.0,0.0,0.0,nm_inferred,12.0,100.0,,Pardubice Airport,50.015049,15.73981
LKPR,618.0,615.0,99.51456310679612,0.0,99.35275080906149,600.0,85.0,-855.0,-675.0,-515.0,-267.5,-20.0,0.03939393939393941,0.5234375,0.9027777777777778,1.0,1.4833333333333336,0.07142857142857142,0.5,0.8666666666666667,1.0,1.0,0.04461538461538462,0.47996794871794873,0.8333333333333334,0.9583333333333334,1.0,520.0,893.0000000000001,6.341463414634147,27.479674796747968,92.71844660194175,5.339805825242719,1.4563106796116505,605.0,600.0,99.17355371900827,0.0,100.0,360.0,5.0,475.0,595.0,650.0,710.0,810.5000000000001,1.3741666666666668,1.6428571428571428,1.875,2.1843749999999997,2.5625,1.0,1.0,1.0,1.0,1.0,0.9895833333333334,1.0,1.0,1.0,1.0,655.0,890.5000000000001,1.8333333333333333,97.16666666666667,92.06611570247934,5.785123966942149,1.322314049586777,100.0,apdf,618.0,99.3440584129022,0.9106538687849369,Václav Havel Airport Prague,50.100874,14.259911
LKTB,49.0,49.0,100.0,0.0,0.0,300.0,145.0,-378.99999999999994,-215.0,-170.0,-125.0,-52.99999999999997,0.17666666666666667,0.4166666666666667,0.55,0.7,1.1766666666666667,0.2800000000000001,0.4,0.6,0.7,0.9200000000000003,0.25000000000000006,0.38333333333333336,0.5166666666666667,0.6666666666666666,0.8933333333333338,170.0,419.00000000000006,2.0408163265306123,10.204081632653061,89.79591836734694,6.122448979591836,4.081632653061225,49.0,49.0,100.0,0.0,0.0,,,404.0,430.0,480.0,565.0,607.0,,,,,,,,,,,,,,,,480.0,607.0,0.0,,97.95918367346938,0.0,2.0408163265306123,0.0,nm_inferred,49.0,100.0,,Brno-Tuřany Airport,49.151276,16.693972
LKVO,2.0,2.0,100.0,0.0,0.0,600.0,600.0,8.3,10.25,13.5,16.75,18.7,-0.031166666666666665,-0.027916666666666666,-0.0225,-0.017083333333333332,-0.013833333333333333,0.0,0.0,0.0,0.0,0.0,0.0,0.0,0.0,0.0,0.0,13.5,18.7,100.0,0.0,100.0,0.0,0.0,2.0,2.0,100.0,0.0,0.0,,,285.6,289.5,296.0,302.5,306.4,,,,,,,,,,,,,,,,296.0,306.4,0.0,,100.0,0.0,0.0,0.0,nm_inferred,2.0,100.0,,Vodochody Airport,50.216599,14.3958
LLBG,480.0,461.0,96.04166666666667,0.0,0.0,900.0,347.5,-1255.0,-845.0,-540.0,-242.0,2430.0,-2.7416666666666645,0.26666666666666666,0.5944852941176471,0.9291666666666667,1.5008333333333335,0.1,0.3333333333333333,0.6,0.8666666666666667,1.0,0.0933333333333334,0.3215277777777778,0.5694444444444444,0.8388888888888889,1.0,665.0,4155.0,16.485900216919738,15.434782608695652,80.0,15.833333333333334,0.20833333333333334,465.0,450.0,96.7741935483871,0.0,0.0,,,174.20000000000005,449.25,530.5,590.0,697.3000000000003,,,,,,,,,,,,,,,,549.0,1823.0000000000086,8.88888888888889,,86.66666666666667,9.89247311827957,0.21505376344086022,0.0,nm_inferred,480.0,96.40793010752688,,Ben Gurion International Airport,32.011398,34.8867
LLER,19.0,19.0,100.0,0.0,0.0,600.0,600.0,463.0,500.0,535.0,587.5,637.0,-1.0616666666666668,-0.9791666666666666,-0.8916666666666667,-0.8333333333333333,-0.7716666666666667,0.0,0.0,0.0,0.0,0.0,0.0,0.0,0.0,0.0,0.0,535.0,637.0,100.0,0.0,100.0,0.0,0.0,14.0,14.0,100.0,0.0,0.0,,,-586.0,-505.5,-377.5,-307.25,-267.5,,,,,,,,,,,,,,,,377.5,586.0,100.0,,100.0,0.0,0.0,0.0,nm_inferred,19.0,100.0,,Ramon International Airport,29.727009,35.014116
LLOV,1.0,0.0,0.0,0.0,0.0,600.0,,,,,,,,,,,,,,,,,,,,,,,,,,0.0,0.0,0.0,1.0,0.0,0.0,0.0,0.0,,,,,,,,,,,,,,,,,,,,,,,,,,,0.0,0.0,0.0,0.0,nm_inferred,1.0,0.0,,Ovda Airport,29.9403,34.935799
LMML,309.0,309.0,100.0,0.0,98.70550161812298,480.0,50.0,-931.0,-675.0,-480.0,-285.0,-170.0,0.3333333333333333,0.6,0.8974358974358975,1.2666666666666666,2.6888888888888887,0.4658602150537634,0.6666666666666666,0.9166666666666666,1.0,1.0,0.4496732026143791,0.6333333333333333,0.8974358974358975,1.0,1.0,545.0,1299.9999999999995,6.796116504854369,38.18770226537217,91.58576051779936,7.44336569579288,0.970873786407767,308.0,308.0,100.0,0.0,98.05194805194806,240.0,5.0,358.5,440.0,500.0,599.25,980.0,1.4812500000000002,1.8177083333333333,2.09375,2.5625,4.083333333333333,1.0,1.0,1.0,1.0,1.0,1.0,1.0,1.0,1.0,1.0,515.0,1819.5000000000014,4.87012987012987,99.00662251655629,91.88311688311688,6.818181818181818,1.2987012987012987,98.70550161812298,apdf,309.0,100.0,0.9487179487179487,Malta International Airport,35.845932,14.491546
LOAN,3.0,3.0,100.0,0.0,0.0,300.0,300.0,-7.0,5.0,25.0,72.5,101.0,-0.33666666666666667,-0.2416666666666667,-0.08333333333333333,-0.016666666666666663,0.02333333333333334,0.0,0.0,0.0,0.05,0.08000000000000002,0.0,0.0,0.0,0.025,0.04000000000000001,25.0,101.0,66.66666666666667,0.0,100.0,0.0,0.0,4.0,3.0,75.0,0.0,0.0,,,394.2,400.5,411.0,428.0,438.2,,,,,,,,,,,,,,,,411.0,438.2,0.0,,75.0,0.0,0.0,0.0,nm_inferred,4.0,87.5,,Wiener Neustadt East Airport,47.8433,16.260099
LOIJ,1.0,1.0,100.0,0.0,0.0,600.0,600.0,60.0,60.0,60.0,60.0,60.0,-0.1,-0.1,-0.1,-0.1,-0.1,0.0,0.0,0.0,0.0,0.0,0.0,0.0,0.0,0.0,0.0,60.0,60.0,100.0,0.0,100.0,0.0,0.0,1.0,1.0,100.0,0.0,0.0,,,-5.0,-5.0,-5.0,-5.0,-5.0,,,,,,,,,,,,,,,,5.0,5.0,100.0,,100.0,0.0,0.0,0.0,nm_inferred,1.0,100.0,,Sankt Johann Airfield,47.5201,12.4497
LOWG,53.0,53.0,100.0,0.0,0.0,180.0,5.0,-623.0,-520.0,-400.0,-235.0,3.000000000000149,-0.01666666666666663,0.7395833333333334,1.28125,2.7777777777777777,3.3888888888888893,0.03333333333333336,0.75,1.0,1.0,1.0,0.027777777777777804,0.71875,1.0,1.0,1.0,400.0,623.0,11.320754716981131,60.37735849056604,96.22641509433963,1.8867924528301887,1.8867924528301887,57.0,57.0,100.0,0.0,0.0,,,409.0,475.0,505.0,535.0,569.0,,,,,,,,,,,,,,,,505.0,579.0,1.7543859649122806,,100.0,0.0,0.0,0.0,nm_inferred,57.0,100.0,,Graz Airport,46.9911,15.4396
LOWI,22.0,22.0,100.0,0.0,0.0,360.0,5.0,-1296.0,-963.75,-447.5,-331.25,-202.99999999999994,0.23355555555555554,0.8541666666666667,1.2361111111111112,1.465277777777778,5.84,0.37666666666666665,0.8083333333333333,1.0,1.0,1.0,0.3366666666666667,0.7895833333333333,1.0,1.0,1.0,447.5,1296.0,0.0,63.63636363636363,95.45454545454545,0.0,4.545454545454546,29.0,28.0,96.55172413793103,0.0,0.0,,,393.0,427.5,507.5,541.25,580.0,,,,,,,,,,,,,,,,507.5,580.0,0.0,,93.10344827586206,0.0,3.4482758620689653,0.0,nm_inferred,29.0,98.27586206896552,,Innsbruck Airport,47.260201,11.344
LOWK,14.0,13.0,92.85714285714286,0.0,0.0,180.0,180.0,196.0,205.0,245.0,260.0,476.00000000000006,-2.644444444444445,-1.4444444444444444,-1.3611111111111112,-0.8888888888888888,-0.23555555555555552,0.0,0.0,0.0,0.0,0.0,0.0,0.0,0.0,0.0,0.0,245.0,476.00000000000006,100.0,0.0,92.85714285714286,0.0,0.0,15.0,14.0,93.33333333333333,0.0,0.0,,,-183.5,-90.0,-30.0,8.75,71.00000000000003,,,,,,,,,,,,,,,,72.5,183.5,64.28571428571429,,86.66666666666667,0.0,6.666666666666667,0.0,nm_inferred,15.0,93.0952380952381,,Klagenfurt Airport,46.642502,14.3377
LOWL,35.0,35.0,100.0,0.0,0.0,300.0,300.0,60.0,75.0,95.0,110.0,123.0,-0.41000000000000003,-0.36666666666666664,-0.31666666666666665,-0.24166666666666667,-0.18999999999999997,0.0,0.0,0.0,0.0,0.0,0.0,0.0,0.0,0.0,0.0,95.0,123.0,100.0,0.0,94.28571428571429,2.857142857142857,2.857142857142857,31.0,31.0,100.0,0.0,0.0,,,55.0,120.0,205.0,295.0,310.0,,,,,,,,,,,,,,,,205.0,310.0,9.67741935483871,,96.7741935483871,0.0,3.225806451612903,0.0,nm_inferred,35.0,100.0,,Linz-Hörsching Airport,48.235362,14.188128
LOWS,85.0,80.0,94.11764705882354,0.0,0.0,300.0,300.0,-55.2,10.0,40.0,55.0,75.50000000000004,-0.2677777777777778,-0.19583333333333333,-0.11805555555555555,-0.03333333333333333,0.18400000000000005,0.0,0.0,0.0,0.0,0.2,0.0,0.0,0.0,0.0,0.1533333333333336,45.0,90.0,82.5,1.25,85.88235294117646,2.3529411764705883,5.882352941176471,87.0,79.0,90.80459770114942,0.0,0.0,,,103.00000000000004,300.0,325.0,345.0,386.0,,,,,,,,,,,,,,,,325.0,396.0,5.063291139240507,,79.3103448275862,3.4482758620689653,8.045977011494253,0.0,nm_inferred,87.0,92.46112237998648,,Salzburg Airport,47.793301,13.0043
LOWW,1165.0,1165.0,100.0,0.0,98.19742489270386,600.0,170.0,-805.0,-565.0,-355.0,-200.0,-71.99999999999932,0.18528138528138532,0.425,0.6444444444444445,0.9083333333333333,1.025,0.25,0.45,0.6538461538461539,0.9,1.0,0.20324675324675326,0.425,0.6282051282051282,0.875,0.9735042735042738,360.0,825.0,5.407725321888412,13.991416309012875,92.87553648068669,5.75107296137339,1.3733905579399142,1148.0,1147.0,99.91289198606272,0.0,99.82578397212544,360.0,5.0,438.00000000000006,535.0,630.0,750.0,885.0,1.158888888888889,1.4791666666666667,1.7083333333333333,2.1458333333333335,2.9500000000000077,1.0,1.0,1.0,1.0,1.0,0.9722222222222222,1.0,1.0,1.0,1.0,635.0,944.0000000000009,2.005231037489102,92.40174672489083,92.94425087108014,5.662020905923345,1.3066202090592334,99.82578397212544,apdf,1165.0,99.95644599303137,0.813747989815063,Vienna International Airport,48.110298,16.5697
LPAZ,11.0,11.0,100.0,0.0,0.0,360.0,360.0,20.0,20.0,55.0,82.5,135.0,-0.375,-0.22916666666666666,-0.1527777777777778,-0.05555555555555555,-0.05555555555555555,0.0,0.0,0.0,0.0,0.0,0.0,0.0,0.0,0.0,0.0,55.0,135.0,100.0,0.0,63.63636363636363,9.090909090909092,27.272727272727273,11.0,11.0,100.0,0.0,0.0,,,118.0,218.0,255.0,907.5,1515.0,,,,,,,,,,,,,,,,275.0,1755.0,9.090909090909092,,63.63636363636363,9.090909090909092,27.272727272727273,0.0,nm_inferred,11.0,100.0,,Santa Maria Airport,36.97140121459961,-25.17060089111328
LPBG,1.0,1.0,100.0,0.0,0.0,600.0,600.0,910.0,910.0,910.0,910.0,910.0,-1.5166666666666666,-1.5166666666666666,-1.5166666666666666,-1.5166666666666666,-1.5166666666666666,0.0,0.0,0.0,0.0,0.0,0.0,0.0,0.0,0.0,0.0,910.0,910.0,100.0,0.0,100.0,0.0,0.0,2.0,2.0,100.0,0.0,0.0,,,-451.8,-444.0,-431.0,-418.0,-410.2,,,,,,,,,,,,,,,,431.0,451.8,100.0,,100.0,0.0,0.0,0.0,nm_inferred,2.0,100.0,,Bragança Airport,41.8578,-6.70713
LPBJ,1.0,1.0,100.0,0.0,0.0,300.0,50.0,-250.0,-250.0,-250.0,-250.0,-250.0,0.8333333333333334,0.8333333333333334,0.8333333333333334,0.8333333333333334,0.8333333333333334,0.9,0.9,0.9,0.9,0.9,0.8333333333333334,0.8333333333333334,0.8333333333333334,0.8333333333333334,0.8333333333333334,250.0,250.0,0.0,0.0,100.0,0.0,0.0,1.0,1.0,100.0,0.0,0.0,,,-4748.0,-4748.0,-4748.0,-4748.0,-4748.0,,,,,,,,,,,,,,,,4748.0,4748.0,100.0,,0.0,100.0,0.0,0.0,nm_inferred,1.0,100.0,,Beja Airport / Airbase,38.078899,-7.9324
LPCS,23.0,23.0,100.0,0.0,0.0,300.0,300.0,-580.0,-207.5,10.0,40.0,72.00000000000001,-0.24,-0.11666666666666667,-0.03333333333333333,0.6916666666666667,1.933333333333334,0.0,0.0,0.0,0.44999999999999996,0.8800000000000001,0.0,0.0,0.0,0.44999999999999996,0.8066666666666668,60.0,735.0000000000001,65.21739130434783,8.695652173913043,95.65217391304348,0.0,4.3478260869565215,20.0,20.0,100.0,0.0,0.0,,,291.5,315.5,375.0,456.25,509.4000000000001,,,,,,,,,,,,,,,,375.0,509.4000000000001,5.0,,90.0,5.0,5.0,0.0,nm_inferred,23.0,100.0,,Cascais Airport,38.724998,-9.35523
LPFR,346.0,344.0,99.42196531791907,0.0,100.0,593.5,30.0,-778.5,-651.25,-515.0,-285.0,-180.0,0.30888888888888894,0.4907738095238095,0.9581582633053222,1.0193457210862273,1.3087722042448346,0.3227272727272728,0.5,0.9534632034632035,1.0,1.0,0.3055555555555556,0.48728354978354976,0.9477495543672014,0.9901278366564876,1.0,515.0,778.5,0.0,49.127906976744185,96.53179190751445,1.7341040462427746,1.1560693641618498,353.0,352.0,99.71671388101983,0.0,99.71671388101983,286.0,5.0,380.5,475.0,540.0,595.0,665.0,1.3055555555555556,1.6291666666666667,1.9166666666666667,2.1970980126467934,2.553763440860215,1.0,1.0,1.0,1.0,1.0,0.986159169550173,1.0,1.0,1.0055481170260245,1.012396694214876,540.0,665.0,0.0,93.44729344729345,96.88385269121812,1.6997167138810199,1.13314447592068,100.0,apdf,353.0,99.56933959946946,0.9696806841675158,Faro - Gago Coutinho International Airport,37.015909,-7.970939
LPMA,125.0,123.0,98.4,0.0,0.0,480.0,5.0,-785.0,-617.5,-390.0,3105.0,3375.0,-7.027083333333334,-6.453125,0.6979166666666666,1.2708333333333335,1.7970833333333331,0.5681818181818182,0.9375,1.0,1.0,1.0,0.5479166666666666,0.9045138888888888,1.0,1.0,1.0,825.0,3389.0,41.46341463414634,68.29268292682927,56.0,42.4,0.0,124.0,120.0,96.7741935483871,0.0,0.0,,,-3449.0,-3146.25,-2665.0,-2408.75,470.0,,,,,,,,,,,,,,,,2665.0,3449.0000000000005,82.5,,16.93548387096774,79.83870967741936,0.0,0.0,nm_inferred,125.0,97.58709677419355,,Cristiano Ronaldo International Airport,32.697812,-16.774613
LPPD,132.0,131.0,99.24242424242425,0.0,0.0,300.0,300.0,-165.0,-17.5,20.0,4765.0,5160.0,-17.116666666666667,-15.658333333333333,-0.06666666666666667,0.058333333333333334,0.55,0.0,0.0,0.0,0.25,0.6,0.0,0.0,0.0,0.175,0.5666666666666667,165.0,5160.0,65.64885496183206,0.0,56.81818181818182,40.15151515151515,2.272727272727273,134.0,133.0,99.25373134328358,0.0,0.0,,,-5513.0,-4980.0,295.0,350.0,389.0,,,,,,,,,,,,,,,,385.0,5513.0,39.097744360902254,,58.208955223880594,38.80597014925373,2.2388059701492535,0.0,nm_inferred,134.0,99.2480777928539,,João Paulo II Airport,37.7411994934,-25.6979007721
LPPM,1.0,1.0,100.0,0.0,0.0,600.0,200.0,-8.0,-8.0,-8.0,-8.0,-8.0,0.013333333333333334,0.013333333333333334,0.013333333333333334,0.013333333333333334,0.013333333333333334,0.75,0.75,0.75,0.75,0.75,0.675,0.675,0.675,0.675,0.675,8.0,8.0,0.0,0.0,100.0,0.0,0.0,1.0,1.0,100.0,0.0,0.0,,,310.0,310.0,310.0,310.0,310.0,,,,,,,,,,,,,,,,310.0,310.0,0.0,,100.0,0.0,0.0,0.0,nm_inferred,1.0,100.0,,Portimão Airport,37.1493,-8.58396
LPPR,493.0,491.0,99.59432048681542,0.0,99.18864097363083,600.0,600.0,10.0,15.0,35.0,45.0,60.0,-0.11458333333333333,-0.08230592060696382,-0.052083333333333336,-0.025608236605679062,-0.012853470437017995,0.0,0.0,0.0,0.0,0.0,0.0,0.0,0.0,0.0,0.0,35.0,60.0,99.18533604887983,0.0,92.49492900608519,6.693711967545639,0.4056795131845842,501.0,499.0,99.60079840319361,0.0,100.0,360.0,75.0,240.0,260.0,275.0,290.0,305.0,0.48900737230121116,0.639669163545568,0.7836990595611285,0.9209671129598336,1.1152626811594202,0.5,0.6666666666666666,0.8333333333333334,0.9166666666666666,1.0,0.4995260663507109,0.6532236490101659,0.7993730407523512,0.9374322977598684,1.0,275.0,305.0,2.6052104208416833,24.448897795591183,93.01397205588822,6.187624750499002,0.3992015968063872,100.0,apdf,501.0,99.59755944500452,0.3980780197253316,Francisco de Sá Carneiro Airport,41.2481002808,-8.68138980865
LPPS,14.0,13.0,92.85714285714286,0.0,0.0,360.0,360.0,78.60000000000001,100.0,160.0,2507.0,2825.0,-7.847222222222222,-6.963888888888889,-0.4444444444444444,-0.2777777777777778,-0.21833333333333332,0.0,0.0,0.0,0.0,0.0,0.0,0.0,0.0,0.0,0.0,160.0,2825.0,100.0,0.0,78.57142857142857,14.285714285714286,0.0,14.0,14.0,100.0,0.0,0.0,,,-2441.8,-226.25,220.0,247.5,257.7,,,,,,,,,,,,,,,,253.0,2441.8000000000006,42.857142857142854,,92.85714285714286,7.142857142857143,0.0,0.0,nm_inferred,14.0,96.42857142857143,,Porto Santo Airport,33.0733985901,-16.3500003815
LPPT,948.0,940.0,99.15611814345992,0.0,98.94514767932489,867.5,120.0,-1180.0,-935.0,-750.0,-540.0,-350.0,0.46098540145985406,0.6322030372373622,0.9499986703542176,0.9897566718995291,1.020939329534638,0.46153846153846156,0.6071428571428571,0.870680044593088,1.0,1.0,0.4419181874717858,0.5900903203817314,0.848788375308245,0.9724826701458873,0.9945762686979864,750.0,1181.0000000000002,2.4468085106382977,33.51063829787234,90.40084388185655,8.649789029535865,0.10548523206751055,954.0,946.0,99.16142557651992,0.0,99.47589098532494,347.0,5.0,440.0,535.0,615.0,693.75,822.5,1.2637362637362637,1.5720081135902637,1.7777777777777777,1.9528619528619529,2.196652719665272,0.9166666666666666,1.0,1.0,1.0,1.0,0.8948863636363635,1.0,1.0032894736842106,1.0084033613445378,1.0119047619047619,615.0,827.5,0.6342494714587738,87.99149840595112,91.09014675052411,7.966457023060797,0.10482180293501048,99.47589098532494,apdf,954.0,99.15877185998991,0.9182488244759188,Lisbon Humberto Delgado Airport,38.7813,-9.13592
LPVZ,1.0,1.0,100.0,0.0,0.0,600.0,600.0,325.0,325.0,325.0,325.0,325.0,-0.5416666666666666,-0.5416666666666666,-0.5416666666666666,-0.5416666666666666,-0.5416666666666666,0.0,0.0,0.0,0.0,0.0,0.0,0.0,0.0,0.0,0.0,325.0,325.0,100.0,0.0,100.0,0.0,0.0,,,,,,,,,,,,,,,,,,,,,,,,,,,,,,,,,,,0.0,nm_inferred,1.0,100.0,,Aerodromo Goncalves Lobato (Viseu Airport),40.725498,-7.88899
LQBK,15.0,15.0,100.0,0.0,0.0,300.0,300.0,178.0,202.5,222.0,262.5,374.99999999999994,-1.9633333333333332,-1.0541666666666667,-0.7666666666666667,-0.6916666666666667,-0.6466666666666666,0.0,0.0,0.0,0.0,0.0,0.0,0.0,0.0,0.0,0.0,222.0,374.99999999999994,100.0,0.0,93.33333333333333,0.0,6.666666666666667,15.0,15.0,100.0,0.0,0.0,,,-389.0,-300.0,-160.0,-87.5,-60.8,,,,,,,,,,,,,,,,160.0,389.0,100.0,,93.33333333333333,0.0,6.666666666666667,0.0,nm_inferred,15.0,100.0,,Banja Luka International Airport,44.941399,17.297501
LQMO,10.0,8.0,80.0,0.0,0.0,300.0,300.0,744.0,795.0,945.0,1002.5,1113.5,-3.7116666666666664,-3.341666666666667,-3.1500000000000004,-2.65,-2.48,0.0,0.0,0.0,0.0,0.0,0.0,0.0,0.0,0.0,0.0,945.0,1113.5,100.0,0.0,70.0,10.0,0.0,10.0,9.0,90.0,0.0,0.0,,,-1157.0,-990.0,-845.0,-650.0,-638.0,,,,,,,,,,,,,,,,845.0,1157.0,100.0,,80.0,10.0,0.0,0.0,nm_inferred,10.0,85.0,,Mostar International Airport,43.282489,17.846101
LQSA,77.0,74.0,96.1038961038961,0.0,0.0,600.0,600.0,384.5,473.75,572.5,813.75,1033.5,-1.8558333333333332,-1.3979166666666667,-1.0041666666666667,-0.84375,-0.6683333333333332,0.0,0.0,0.0,0.0,0.0,0.0,0.0,0.0,0.0,0.0,572.5,1033.5,100.0,0.0,88.31168831168831,7.792207792207792,0.0,77.0,74.0,96.1038961038961,0.0,0.0,,,-923.5,-777.5,-617.5,-462.5,-385.99999999999994,,,,,,,,,,,,,,,,617.5,923.5,100.0,,76.62337662337663,19.48051948051948,0.0,0.0,nm_inferred,77.0,96.1038961038961,,Sarajevo International Airport,43.8246,18.331499
LQTZ,9.0,9.0,100.0,0.0,0.0,600.0,600.0,257.0,280.0,295.0,310.0,359.0,-1.0433333333333332,-0.5833333333333334,-0.49166666666666664,-0.4666666666666667,-0.42833333333333334,0.0,0.0,0.0,0.0,0.0,0.0,0.0,0.0,0.0,0.0,295.0,359.0,100.0,0.0,88.88888888888889,0.0,11.11111111111111,9.0,9.0,100.0,0.0,0.0,,,-622.0,-475.0,-375.0,-290.0,-232.0,,,,,,,,,,,,,,,,375.0,622.0,100.0,,100.0,0.0,0.0,0.0,nm_inferred,9.0,100.0,,Tuzla International Airport,44.459858,18.723627
LRAR,1.0,1.0,100.0,0.0,0.0,180.0,180.0,325.0,325.0,325.0,325.0,325.0,-1.8055555555555556,-1.8055555555555556,-1.8055555555555556,-1.8055555555555556,-1.8055555555555556,0.0,0.0,0.0,0.0,0.0,0.0,0.0,0.0,0.0,0.0,325.0,325.0,100.0,0.0,100.0,0.0,0.0,1.0,1.0,100.0,0.0,0.0,,,-515.0,-515.0,-515.0,-515.0,-515.0,,,,,,,,,,,,,,,,515.0,515.0,100.0,,100.0,0.0,0.0,0.0,nm_inferred,1.0,100.0,,Arad International Airport,46.176136,21.264322
LRBC,17.0,17.0,100.0,0.0,0.0,600.0,600.0,99.0,155.0,250.0,540.0,1175.0,-1.9583333333333333,-0.9,-0.4166666666666667,-0.225,-0.16499999999999998,0.0,0.0,0.0,0.0,0.0,0.0,0.0,0.0,0.0,0.0,250.0,1175.0,100.0,0.0,100.0,0.0,0.0,17.0,17.0,100.0,0.0,0.0,,,-926.6,-826.0,-528.0,-169.0,-68.6,,,,,,,,,,,,,,,,528.0,926.6,94.11764705882354,,94.11764705882354,5.882352941176471,0.0,0.0,nm_inferred,17.0,100.0,,Bacău George Enescu International  Airport,46.5219,26.910299
LRBM,7.0,5.0,71.42857142857143,0.0,0.0,360.0,360.0,578.0,650.0,790.0,1385.0,1442.0,-4.0055555555555555,-3.8472222222222223,-2.1944444444444446,-1.8055555555555556,-1.6055555555555556,0.0,0.0,0.0,0.0,0.0,0.0,0.0,0.0,0.0,0.0,790.0,1442.0,100.0,0.0,71.42857142857143,0.0,0.0,7.0,5.0,71.42857142857143,0.0,0.0,,,-1349.6,-1265.0,-800.0,-752.0,-556.4,,,,,,,,,,,,,,,,800.0,1349.6,100.0,,71.42857142857143,0.0,0.0,0.0,nm_inferred,7.0,71.42857142857143,,Maramureș International Airport,47.658444,23.464445
LRBS,13.0,13.0,100.0,0.0,0.0,420.0,420.0,6.000000000000001,20.0,40.0,55.0,71.00000000000001,-0.16904761904761906,-0.13095238095238096,-0.09523809523809523,-0.047619047619047616,-0.014285714285714277,0.0,0.0,0.0,0.0,0.0,0.0,0.0,0.0,0.0,0.0,40.0,71.00000000000001,100.0,0.0,92.3076923076923,0.0,7.6923076923076925,12.0,12.0,100.0,0.0,0.0,,,-2211.7,226.25,247.5,257.5,276.1,,,,,,,,,,,,,,,,257.0,2261.000000000001,16.666666666666668,,91.66666666666667,8.333333333333334,0.0,0.0,nm_inferred,13.0,100.0,,Bucharest Băneasa Aurel Vlaicu International Airport,44.503133,26.102944
LRBV,9.0,8.0,88.88888888888889,0.0,0.0,300.0,300.0,159.0,232.5,275.0,352.5,619.4999999999999,-2.065,-1.175,-0.9166666666666667,-0.775,-0.53,0.0,0.0,0.0,0.0,0.0,0.0,0.0,0.0,0.0,0.0,275.0,619.4999999999999,100.0,0.0,88.88888888888889,0.0,0.0,9.0,8.0,88.88888888888889,0.0,0.0,,,-510.3,-440.25,-292.5,-251.75,-201.8,,,,,,,,,,,,,,,,292.5,510.3,100.0,,77.77777777777777,11.11111111111111,0.0,0.0,nm_inferred,9.0,88.88888888888889,,Brașov-Ghimbav International Airport,45.70558,25.522871
LRCK,4.0,4.0,100.0,0.0,0.0,300.0,300.0,92.6,107.0,130.0,158.75,183.5,-0.5816666666666667,-0.45416666666666666,-0.33,-0.253974358974359,-0.21312820512820513,0.0,0.0,0.0,0.0,0.0,0.0,0.0,0.0,0.0,0.0,130.0,183.5,100.0,0.0,100.0,0.0,0.0,4.0,4.0,100.0,0.0,0.0,,,-738.4,-508.0,-209.5,-19.75,14.900000000000013,,,,,,,,,,,,,,,,209.5,738.4000000000001,75.0,,100.0,0.0,0.0,0.0,nm_inferred,4.0,100.0,,Mihail Kogălniceanu International Airport,44.362202,28.4883
LRCL,110.0,101.0,91.81818181818181,0.0,0.0,600.0,600.0,455.0,538.0,615.0,677.0,760.0,-1.475,-1.1583333333333334,-1.0166666666666666,-0.825,-0.6416666666666667,0.0,0.0,0.0,0.0,0.0,0.0,0.0,0.0,0.0,0.0,615.0,760.0,100.0,0.0,90.0,0.9090909090909091,0.9090909090909091,109.0,99.0,90.8256880733945,0.0,0.0,,,-847.4,-680.0,-584.0,-499.5,-450.6,,,,,,,,,,,,,,,,584.0,847.4,100.0,,89.90825688073394,0.9174311926605505,0.0,0.0,nm_inferred,110.0,91.32193494578816,,Avram Iancu Cluj International Airport,46.786042,23.685733
LRCV,12.0,12.0,100.0,0.0,0.0,420.0,420.0,35.5,40.0,45.0,53.75,74.0,-0.1761904761904762,-0.12797619047619047,-0.10714285714285714,-0.09523809523809523,-0.08452380952380951,0.0,0.0,0.0,0.0,0.0,0.0,0.0,0.0,0.0,0.0,45.0,74.0,100.0,0.0,100.0,0.0,0.0,11.0,11.0,100.0,0.0,0.0,,,80.0,141.5,178.0,216.0,232.0,,,,,,,,,,,,,,,,178.0,232.0,9.090909090909092,,100.0,0.0,0.0,0.0,nm_inferred,12.0,100.0,,Craiova International Airport,44.3181,23.888599
LRIA,67.0,66.0,98.50746268656717,0.0,0.0,600.0,600.0,497.5,602.5,1007.5,1297.25,1407.5,-2.345833333333333,-2.15625,-1.5467171717171717,-0.9904166666666666,-0.8291666666666666,0.0,0.0,0.0,0.0,0.0,0.0,0.0,0.0,0.0,0.0,1007.5,1407.5,100.0,0.0,92.53731343283582,5.970149253731344,0.0,66.0,65.0,98.48484848484848,0.0,0.0,,,-1307.4,-1190.0,-1058.0,-613.0,-455.3999999999999,,,,,,,,,,,,,,,,1058.0,1307.4,100.0,,96.96969696969697,1.5151515151515151,0.0,0.0,nm_inferred,67.0,98.49615558570783,,Iaşi International Airport,47.179633,27.621431
LROD,11.0,10.0,90.9090909090909,0.0,0.0,420.0,420.0,441.5,612.5,1322.5,1621.25,1797.9999999999998,-4.280952380952381,-3.8601190476190474,-3.1488095238095237,-1.4583333333333335,-1.0511904761904762,0.0,0.0,0.0,0.0,0.0,0.0,0.0,0.0,0.0,0.0,1322.5,1797.9999999999998,100.0,0.0,90.9090909090909,0.0,0.0,11.0,10.0,90.9090909090909,0.0,0.0,,,-1435.8,-1212.0,-1016.5,-816.75,-449.70000000000005,,,,,,,,,,,,,,,,1016.5,1435.8,100.0,,90.9090909090909,0.0,0.0,0.0,nm_inferred,11.0,90.9090909090909,,Oradea International Airport,47.025299,21.9025
LROP,527.0,511.0,96.96394686907021,12.0,99.43074003795066,540.0,540.0,25.0,40.0,60.0,80.0,95.0,-0.23809523809523808,-0.16666666666666666,-0.10119047619047619,-0.0625,-0.037037037037037035,0.0,0.0,0.0,0.0,0.0,0.0,0.0,0.0,0.0,0.0,60.0,95.0,98.63013698630137,0.0,92.22011385199241,4.743833017077799,0.0,518.0,502.0,96.91119691119691,7.0,99.61389961389962,360.0,55.0,196.0,266.25,290.0,313.75,330.0,0.5465608465608466,0.7380952380952381,0.8472222222222222,1.0166666666666666,1.3333333333333333,0.6666666666666666,0.7857142857142857,0.9166666666666666,1.0,1.0,0.6224867724867725,0.7619047619047619,0.8611111111111112,1.0,1.0,295.0,335.0,3.9840637450199203,36.105476673427994,93.24324324324324,3.667953667953668,0.0,99.61389961389962,apdf,527.0,96.93757189013357,0.41737010119363066,Bucharest Henri Coandă International Airport,44.571792,26.103285
LRSB,24.0,24.0,100.0,0.0,0.0,300.0,300.0,215.0,240.0,257.5,318.75,417.0,-1.39,-1.0625,-0.8583333333333334,-0.8,-0.67,0.0,0.0,0.0,0.0,0.0,0.0,0.0,0.0,0.0,0.0,257.5,417.0,100.0,0.0,95.83333333333333,4.166666666666667,0.0,24.0,24.0,100.0,0.0,0.0,,,-673.7,-438.5,7.5,41.75,79.19999999999999,,,,,,,,,,,,,,,,76.0,673.7,45.833333333333336,,100.0,0.0,0.0,0.0,nm_inferred,24.0,100.0,,Sibiu International Airport,45.785841,24.086666
LRSM,3.0,2.0,66.66666666666667,0.0,0.0,300.0,300.0,421.5,438.75,467.5,496.25,513.5,-1.7116666666666667,-1.6541666666666668,-1.5583333333333333,-1.4625,-1.405,0.0,0.0,0.0,0.0,0.0,0.0,0.0,0.0,0.0,0.0,467.5,513.5,100.0,0.0,66.66666666666667,0.0,0.0,3.0,2.0,66.66666666666667,0.0,0.0,,,-635.8,-595.0,-527.0,-459.0,-418.2,,,,,,,,,,,,,,,,527.0,635.8,100.0,,66.66666666666667,0.0,0.0,0.0,nm_inferred,3.0,66.66666666666667,,Satu Mare International Airport,47.7033,22.8857
LRSV,20.0,20.0,100.0,0.0,0.0,300.0,300.0,751.0,908.75,992.5,1107.5,1537.0,-5.123333333333333,-3.6916666666666664,-3.3083333333333336,-2.666666666666667,-1.7534848484848482,0.0,0.0,0.0,0.0,0.0,0.0,0.0,0.0,0.0,0.0,992.5,1537.0,100.0,0.0,95.0,5.0,0.0,20.0,19.0,95.0,0.0,0.0,,,-1033.4,-980.0,-918.0,-749.5,-577.0,,,,,,,,,,,,,,,,918.0,1033.4,100.0,,95.0,0.0,0.0,0.0,nm_inferred,20.0,97.5,,Suceava Ștefan cel Mare International Airport,47.6875,26.354099
LRTC,1.0,1.0,100.0,0.0,0.0,300.0,300.0,915.0,915.0,915.0,915.0,915.0,-3.05,-3.05,-3.05,-3.05,-3.05,0.0,0.0,0.0,0.0,0.0,0.0,0.0,0.0,0.0,0.0,915.0,915.0,100.0,0.0,100.0,0.0,0.0,,,,,,,,,,,,,,,,,,,,,,,,,,,,,,,,,,,0.0,nm_inferred,1.0,100.0,,Tulcea Danube Delta Airport,45.0625,28.7143
LRTM,7.0,7.0,100.0,0.0,0.0,480.0,480.0,381.0,485.0,585.0,685.0,801.0,-1.66875,-1.3535879629629628,-1.0833333333333333,-0.9450231481481481,-0.79375,0.0,0.0,0.0,0.0,0.0,0.0,0.0,0.0,0.0,0.0,585.0,801.0,100.0,0.0,100.0,0.0,0.0,7.0,7.0,100.0,0.0,0.0,,,-894.4,-821.0,-801.0,-776.5,-690.4,,,,,,,,,,,,,,,,801.0,894.4000000000001,100.0,,85.71428571428571,14.285714285714286,0.0,0.0,nm_inferred,7.0,100.0,,Târgu Mureş Transilvania International Airport,46.467701,24.4125
LRTR,65.0,58.0,89.23076923076923,0.0,0.0,600.0,600.0,232.0,261.0,297.5,335.0,391.5,-0.6525,-0.5583333333333333,-0.49583333333333335,-0.435,-0.3866666666666666,0.0,0.0,0.0,0.0,0.0,0.0,0.0,0.0,0.0,0.0,297.5,391.5,100.0,0.0,89.23076923076923,0.0,0.0,66.0,58.0,87.87878787878788,0.0,0.0,,,-459.0,-321.5,-203.0,-55.75,-20.799999999999983,,,,,,,,,,,,,,,,203.0,459.00000000000006,93.10344827586206,,87.87878787878788,0.0,0.0,0.0,nm_inferred,66.0,88.55477855477855,,Timișoara Traian Vuia International Airport,45.809898,21.3379
LSGC,3.0,3.0,100.0,0.0,0.0,300.0,300.0,155.20000000000002,352.0,680.0,1547.5,2068.0,-6.8933333333333335,-5.158333333333333,-2.2666666666666666,-1.1733333333333333,-0.5173333333333332,0.0,0.0,0.0,0.5,0.8,0.0,0.0,0.0,0.5,0.8,680.0,2068.0,100.0,33.333333333333336,66.66666666666667,33.333333333333336,0.0,4.0,4.0,100.0,0.0,0.0,,,-7733.199999999999,-2749.0,143.5,291.25,334.90000000000003,,,,,,,,,,,,,,,,315.5,7848.4000000000015,25.0,,100.0,0.0,0.0,0.0,nm_inferred,4.0,100.0,,Les Eplatures Airport,47.0839004517,6.792840003970001
LSGG,701.0,699.0,99.71469329529243,0.0,99.14407988587732,660.0,488.0,-495.0,-330.0,-55.0,35.0,56.00000000000023,-0.0919703468060329,-0.05326738372175506,0.14743589743589744,0.5331072327913713,0.9112522045855381,0.0,0.0,0.15384615384615385,0.5,0.875,0.0,0.0,0.13636363636363635,0.4639663386441737,0.8472770592239621,90.0,501.0000000000002,48.783977110157366,7.010014306151645,95.00713266761768,3.138373751783167,1.5691868758915835,704.0,701.0,99.57386363636364,0.0,100.0,240.0,5.0,305.0,370.0,415.0,470.0,525.0,0.994475138121547,1.4114832535885167,1.7540322580645162,2.037914691943128,2.375,1.0,1.0,1.0,1.0,1.0,0.9722222222222222,1.0,1.0039370078740157,1.0103626943005182,1.0159362549800797,415.0,525.0,0.7132667617689016,90.72753209700429,95.0284090909091,3.2670454545454546,1.2784090909090908,100.0,apdf,704.0,99.64427846582804,0.5681221746458985,Geneva International Airport,46.238098,6.10895
LSGK,4.0,4.0,100.0,0.0,0.0,300.0,300.0,136.0,167.5,212.5,327.5,485.00000000000006,-1.6166666666666665,-1.0916666666666668,-0.7083333333333334,-0.5583333333333333,-0.4533333333333333,0.0,0.0,0.0,0.0,0.0,0.0,0.0,0.0,0.0,0.0,212.5,485.00000000000006,100.0,0.0,100.0,0.0,0.0,5.0,5.0,100.0,0.0,0.0,,,-101.0,25.0,35.0,55.0,427.00000000000006,,,,,,,,,,,,,,,,55.0,479.00000000000006,20.0,,100.0,0.0,0.0,0.0,nm_inferred,5.0,100.0,,Saanen Airfield,46.486525,7.248359
LSGL,5.0,5.0,100.0,0.0,0.0,300.0,10.0,-390.4,-370.0,-320.0,-274.0,-49.599999999999966,0.16533333333333333,0.9133333333333333,1.0666666666666667,1.2333333333333334,1.3013333333333335,0.56,0.8,1.0,1.0,1.0,0.53,0.8,0.9666666666666667,1.0,1.0,320.0,390.4,20.0,60.0,80.0,20.0,0.0,4.0,4.0,100.0,0.0,0.0,,,507.0,547.5,692.5,955.0,1207.0,,,,,,,,,,,,,,,,692.5,1207.0,0.0,,75.0,0.0,25.0,0.0,nm_inferred,5.0,100.0,,Lausanne la Blécherette Airport,46.54509,6.616629
LSGS,18.0,18.0,100.0,0.0,0.0,300.0,300.0,178.5,185.0,220.0,243.75,288.0,-0.96,-0.8125,-0.7333333333333334,-0.6,-0.5033333333333332,0.0,0.0,0.0,0.0,0.0,0.0,0.0,0.0,0.0,0.0,220.0,288.0,100.0,0.0,100.0,0.0,0.0,18.0,18.0,100.0,0.0,0.0,,,-721.6999999999999,-171.25,24.5,83.5,132.10000000000005,,,,,,,,,,,,,,,,115.5,721.7000000000002,44.44444444444444,,88.88888888888889,0.0,11.11111111111111,0.0,nm_inferred,18.0,100.0,,Sion Airport,46.219166,7.326944
LSMP,2.0,2.0,100.0,0.0,0.0,300.0,300.0,30.0,37.5,50.0,62.5,70.0,-0.23333333333333334,-0.20833333333333331,-0.16666666666666669,-0.125,-0.09999999999999999,0.0,0.0,0.0,0.0,0.0,0.0,0.0,0.0,0.0,0.0,50.0,70.0,100.0,0.0,100.0,0.0,0.0,2.0,2.0,100.0,0.0,0.0,,,302.0,305.0,310.0,315.0,318.0,,,,,,,,,,,,,,,,310.0,318.0,0.0,,100.0,0.0,0.0,0.0,nm_inferred,2.0,100.0,,Payerne Air Base,46.8432,6.91506
LSZA,17.0,17.0,100.0,0.0,0.0,300.0,300.0,31.0,45.0,60.0,100.0,142.0,-0.47333333333333333,-0.3333333333333333,-0.2,-0.15,-0.10333333333333332,0.0,0.0,0.0,0.0,0.0,0.0,0.0,0.0,0.0,0.0,60.0,142.0,100.0,0.0,94.11764705882354,5.882352941176471,0.0,13.0,13.0,100.0,0.0,0.0,,,229.0,242.0,255.0,276.0,279.0,,,,,,,,,,,,,,,,255.0,279.0,0.0,,100.0,0.0,0.0,0.0,nm_inferred,17.0,100.0,,Lugano Airport,46.004299,8.91058
LSZB,14.0,13.0,92.85714285714286,0.0,0.0,300.0,95.0,-1437.9999999999998,-550.0,-320.0,-195.0,-137.99999999999997,0.46,0.6333333333333333,0.725,1.0666666666666667,4.793333333333336,0.52,0.65,0.75,1.0,1.0,0.46,0.6333333333333333,0.7166666666666667,1.0,1.0,320.0,1438.0000000000007,0.0,46.15384615384615,71.42857142857143,7.142857142857143,14.285714285714286,18.0,17.0,94.44444444444444,0.0,0.0,,,-381.39999999999986,423.0,562.0,588.0,2736.400000000002,,,,,,,,,,,,,,,,575.0,3695.800000000001,11.764705882352942,,72.22222222222223,5.555555555555555,16.666666666666668,0.0,nm_inferred,18.0,93.65079365079364,,Bern Airport,46.912736,7.498819
LSZC,6.0,6.0,100.0,0.0,0.0,300.0,300.0,-40.0,40.0,62.5,92.5,97.5,-0.32499999999999996,-0.30833333333333335,-0.20833333333333331,-0.13333333333333333,0.13333333333333336,0.0,0.0,0.0,0.0,0.2,0.0,0.0,0.0,0.0,0.2,90.0,110.0,83.33333333333333,0.0,100.0,0.0,0.0,6.0,6.0,100.0,0.0,0.0,,,252.5,330.0,373.5,408.0,420.0,,,,,,,,,,,,,,,,373.5,420.0,0.0,,100.0,0.0,0.0,0.0,nm_inferred,6.0,100.0,,Buochs Airport,46.974444,8.396944
LSZG,1.0,1.0,100.0,0.0,0.0,300.0,245.0,-55.0,-55.0,-55.0,-55.0,-55.0,0.18333333333333332,0.18333333333333332,0.18333333333333332,0.18333333333333332,0.18333333333333332,0.2,0.2,0.2,0.2,0.2,0.18333333333333332,0.18333333333333332,0.18333333333333332,0.18333333333333332,0.18333333333333332,55.0,55.0,0.0,0.0,100.0,0.0,0.0,,,,,,,,,,,,,,,,,,,,,,,,,,,,,,,,,,,0.0,nm_inferred,1.0,100.0,,Grenchen Airfield,47.181599,7.41719
LSZH,1129.0,1126.0,99.73427812223207,0.0,99.46855624446412,706.0,25.0,-2827.0,-1097.75,-761.0,-576.25,-414.0,0.7561623196996641,0.9204911728364245,0.978604088439341,1.389441688458186,4.0232343679712095,0.8,0.9285714285714286,1.0,1.0,1.0,0.7558659355858526,0.9105940513393507,0.9688673682850197,0.9980712238619844,1.0018554472350738,764.0,2827.0,0.7104795737122558,61.01243339253996,94.68556244464128,3.808680248007086,1.2400354295837024,1099.0,1098.0,99.90900818926296,0.0,100.0,320.0,5.0,501.0,556.0,638.0,774.0,1117.2000000000003,1.4771970897565192,1.7237101960921388,1.9717865566037736,2.380808615819209,3.332537164496074,1.0,1.0,1.0,1.0,1.0,0.9885768137100025,0.9941520467836257,1.0,1.0037174721189592,1.0079529516766543,639.5,1158.3000000000002,0.819672131147541,97.99635701275045,93.08462238398545,5.641492265696088,1.1828935395814377,100.0,apdf,1129.0,99.82164315574752,0.9826778792897148,Zürich Airport,47.458056,8.548056
LSZR,18.0,18.0,100.0,0.0,0.0,300.0,130.0,-405.0,-228.75,-170.0,-47.5,55.0,-0.18333333333333332,0.15833333333333333,0.5666666666666667,0.7625,1.35,0.0,0.225,0.6,0.775,1.0,0.0,0.15833333333333333,0.5666666666666667,0.7625,0.9766666666666667,170.0,405.0,22.22222222222222,16.666666666666668,94.44444444444444,0.0,5.555555555555555,20.0,20.0,100.0,0.0,0.0,,,382.6,424.25,490.0,522.0,537.3000000000001,,,,,,,,,,,,,,,,490.0,537.3000000000001,0.0,,90.0,0.0,10.0,0.0,nm_inferred,20.0,100.0,,Sankt Gallen Altenrhein Airport,47.485001,9.56077
LSZS,2.0,2.0,100.0,0.0,0.0,300.0,300.0,205.5,213.75,227.5,241.25,249.5,-0.8316666666666667,-0.8041666666666667,-0.7583333333333333,-0.7124999999999999,-0.6849999999999999,0.0,0.0,0.0,0.0,0.0,0.0,0.0,0.0,0.0,0.0,227.5,249.5,100.0,0.0,100.0,0.0,0.0,2.0,2.0,100.0,0.0,0.0,,,-68.5,-66.25,-62.5,-58.75,-56.5,,,,,,,,,,,,,,,,62.5,68.5,100.0,,100.0,0.0,0.0,0.0,nm_inferred,2.0,100.0,,Engadin Airport,46.5341,9.88411
LTAC,373.0,279.0,74.79892761394102,0.0,0.0,600.0,600.0,675.0,715.0,795.0,1130.0,1921.0,-3.2016666666666667,-1.9041666666666668,-1.325,-1.1916666666666667,-1.125,0.0,0.0,0.0,0.0,0.0,0.0,0.0,0.0,0.0,0.0,795.0,1921.0,100.0,0.0,73.45844504021447,1.3404825737265416,0.0,365.0,282.0,77.26027397260275,0.0,0.0,,,-2149.0,-1501.25,-1000.0,-795.0,-676.4999999999999,,,,,,,,,,,,,,,,1000.0,2149.0,100.0,,76.43835616438356,0.821917808219178,0.0,0.0,nm_inferred,373.0,76.02960079327188,,Esenboğa International Airport,40.128101,32.995098
LTAF,127.0,108.0,85.03937007874016,0.0,0.0,300.0,300.0,618.5,715.0,2080.0,2235.0,2378.0,-7.881666666666667,-7.4125000000000005,-6.883333333333334,-2.191666666666667,-1.5534848484848487,0.0,0.0,0.0,0.0,0.0,0.0,0.0,0.0,0.0,0.0,2080.0,2378.0,100.0,0.0,82.67716535433071,2.3622047244094486,0.0,129.0,115.0,89.14728682170542,0.0,0.0,,,-2645.0,-2227.5,-1915.0,-807.5,-722.0,,,,,,,,,,,,,,,,1915.0,2645.0,100.0,,89.14728682170542,0.0,0.0,0.0,nm_inferred,129.0,87.0933284502228,,Adana Şakirpaşa Airport,36.982201,35.280399
LTAI,1269.0,1248.0,98.3451536643026,0.0,0.0,1320.0,1320.0,60.0,100.0,190.0,275.0,459.4999999999993,-0.3938279857397504,-0.21212121212121213,-0.14772727272727273,-0.07910353535353536,-0.045454545454545456,0.0,0.0,0.0,0.0,0.0,0.0,0.0,0.0,0.0,0.0,190.0,459.4999999999993,99.59935897435898,0.0,91.25295508274232,7.092198581560283,0.0,1274.0,1250.0,98.11616954474097,0.0,0.0,,,-1355.5,-792.5,-367.5,-171.25,-55.0,,,,,,,,,,,,,,,,367.5,1355.5000000000007,93.68,,90.1883830455259,7.849293563579278,0.07849293563579278,0.0,nm_inferred,1274.0,98.23066160452179,,Antalya International Airport,36.898701,30.800501
LTAJ,70.0,61.0,87.14285714285714,0.0,0.0,300.0,300.0,1795.0,2595.0,2740.0,2830.0,3070.0,-9.933333333333334,-9.4,-9.1,-8.5,-3.698717948717949,0.0,0.0,0.0,0.0,0.0,0.0,0.0,0.0,0.0,0.0,2740.0,3070.0,100.0,0.0,87.14285714285714,0.0,0.0,69.0,59.0,85.5072463768116,0.0,0.0,,,-3080.0,-2762.5,-2635.0,-2507.5,-1082.0,,,,,,,,,,,,,,,,2635.0,3080.0,100.0,,85.5072463768116,0.0,0.0,0.0,nm_inferred,70.0,86.32505175983437,,Gaziantep Oğuzeli International Airport,36.947201,37.478699
LTAL,3.0,3.0,100.0,0.0,0.0,0.0,,1033.2,1122.0,1270.0,1337.5,1378.0,,,,,,,,,,,,,,,,1270.0,1378.0,100.0,,100.0,0.0,0.0,3.0,3.0,100.0,0.0,0.0,,,-1250.0,-1235.0,-1210.0,-1127.5,-1078.0,,,,,,,,,,,,,,,,1210.0,1250.0,100.0,,100.0,0.0,0.0,0.0,nm_inferred,3.0,100.0,,Kastamonu Airport,41.314201,33.795799
LTAN,28.0,28.0,100.0,0.0,0.0,300.0,300.0,616.5,735.0,807.5,1189.25,1277.3,-4.257666666666666,-3.964166666666667,-2.6916666666666664,-2.425,-1.2799999999999996,0.0,0.0,0.0,0.0,0.0,0.0,0.0,0.0,0.0,0.0,807.5,1277.3,100.0,0.0,100.0,0.0,0.0,29.0,29.0,100.0,0.0,0.0,,,-1125.0,-1010.0,-935.0,-845.0,-805.0,,,,,,,,,,,,,,,,935.0,1125.0,100.0,,100.0,0.0,0.0,0.0,nm_inferred,29.0,100.0,,Konya Airport,37.979,32.561901
LTAP,4.0,4.0,100.0,0.0,0.0,300.0,300.0,505.30000000000007,1009.75,1340.0,1475.0,1628.0,-5.426666666666667,-4.916666666666667,-4.466666666666667,-3.3658333333333332,-1.6843333333333326,0.0,0.0,0.0,0.0,0.0,0.0,0.0,0.0,0.0,0.0,1340.0,1628.0,100.0,0.0,100.0,0.0,0.0,4.0,4.0,100.0,0.0,0.0,,,-1574.0,-1452.5,-1375.0,-1340.0,-1295.0,,,,,,,,,,,,,,,,1375.0,1574.0,100.0,,100.0,0.0,0.0,0.0,nm_inferred,4.0,100.0,,Amasya Merzifon Airport,40.829399,35.521999
LTAR,12.0,12.0,100.0,0.0,0.0,300.0,300.0,694.3,778.75,2018.5,2186.25,2289.0,-7.63,-7.2875,-6.7283333333333335,-2.595833333333333,-2.3143333333333334,0.0,0.0,0.0,0.0,0.0,0.0,0.0,0.0,0.0,0.0,2018.5,2289.0,100.0,0.0,100.0,0.0,0.0,12.0,12.0,100.0,0.0,0.0,,,-1866.5,-1797.5,-1650.0,-1361.25,-907.5,,,,,,,,,,,,,,,,1650.0,1866.5,100.0,,100.0,0.0,0.0,0.0,nm_inferred,12.0,100.0,,Sivas Nuri Demirağ Airport,39.813801,36.9035
LTAS,5.0,5.0,100.0,0.0,0.0,300.0,300.0,342.0,375.0,410.0,425.0,587.0,-1.9566666666666668,-1.4166666666666667,-1.3666666666666667,-1.25,-1.14,0.0,0.0,0.0,0.0,0.0,0.0,0.0,0.0,0.0,0.0,410.0,587.0,100.0,0.0,100.0,0.0,0.0,5.0,5.0,100.0,0.0,0.0,,,-622.0,-577.0,-514.0,-498.0,-429.59999999999997,,,,,,,,,,,,,,,,514.0,622.0,100.0,,100.0,0.0,0.0,0.0,nm_inferred,5.0,100.0,,Zonguldak Çaycuma Airport,41.506401,32.0886
LTAT,19.0,15.0,78.94736842105263,0.0,0.0,300.0,300.0,2562.0,2593.0,2635.0,2696.0,2770.4,-9.182666666666666,-8.971666666666668,-8.713333333333333,-8.469999999999999,-3.701111111111111,0.0,0.0,0.0,0.0,0.0,0.0,0.0,0.0,0.0,0.0,2635.0,2770.4,100.0,0.0,78.94736842105263,0.0,0.0,19.0,15.0,78.94736842105263,0.0,0.0,,,-3107.0,-2730.0,-2605.0,-2417.5,-2365.0,,,,,,,,,,,,,,,,2605.0,3107.0,100.0,,78.94736842105263,0.0,0.0,0.0,nm_inferred,19.0,78.94736842105263,,Malatya Erhaç Airport,38.4352989197,38.0909996033
LTAU,66.0,65.0,98.48484848484848,0.0,0.0,600.0,600.0,1432.0,1530.0,1612.0,1680.0,1762.8,-2.9379999999999997,-2.8,-2.6866666666666665,-2.54,-2.2476666666666665,0.0,0.0,0.0,0.0,0.0,0.0,0.0,0.0,0.0,0.0,1612.0,1762.8,100.0,0.0,98.48484848484848,0.0,0.0,66.0,65.0,98.48484848484848,0.0,0.0,,,-2189.4,-1904.0,-1633.0,-1518.0,-1372.6,,,,,,,,,,,,,,,,1633.0,2189.4,100.0,,98.48484848484848,0.0,0.0,0.0,nm_inferred,66.0,98.48484848484848,,Kayseri Erkilet International Airport,38.770401,35.495399
LTAW,4.0,4.0,100.0,0.0,0.0,300.0,300.0,809.1,924.75,1419.5,1877.5,1927.0,-6.423333333333333,-6.258333333333334,-4.731666666666667,-3.0825,-2.697,0.0,0.0,0.0,0.0,0.0,0.0,0.0,0.0,0.0,0.0,1419.5,1927.0,100.0,0.0,100.0,0.0,0.0,4.0,4.0,100.0,0.0,0.0,,,-1963.5,-1826.25,-1717.5,-1633.75,-1541.5,,,,,,,,,,,,,,,,1717.5,1963.5,100.0,,100.0,0.0,0.0,0.0,nm_inferred,4.0,100.0,,Tokat Airport,40.32472,36.39056
LTAY,12.0,12.0,100.0,0.0,0.0,300.0,300.0,394.0,550.0,607.5,688.75,742.0,-2.473333333333333,-2.2958333333333334,-2.025,-1.8333333333333335,-1.3133333333333332,0.0,0.0,0.0,0.0,0.0,0.0,0.0,0.0,0.0,0.0,607.5,742.0,100.0,0.0,100.0,0.0,0.0,13.0,13.0,100.0,0.0,0.0,,,-1029.0,-825.0,-710.0,-600.0,-580.0,,,,,,,,,,,,,,,,710.0,1029.0000000000002,100.0,,100.0,0.0,0.0,0.0,nm_inferred,13.0,100.0,,Çardak Airport,37.7855987549,29.7012996674
LTAZ,24.0,23.0,95.83333333333333,0.0,0.0,300.0,300.0,1220.0,1275.0,1330.0,1440.0,1530.0,-5.1000000000000005,-4.8,-4.433333333333334,-4.25,-4.066666666666666,0.0,0.0,0.0,0.0,0.0,0.0,0.0,0.0,0.0,0.0,1330.0,1530.0,100.0,0.0,95.83333333333333,0.0,0.0,25.0,25.0,100.0,0.0,0.0,,,-1261.0,-1185.0,-1125.0,-1050.0,-1007.0,,,,,,,,,,,,,,,,1125.0,1261.0,100.0,,100.0,0.0,0.0,0.0,nm_inferred,25.0,97.91666666666666,,Nevşehir Kapadokya Airport,38.7719,34.5345
LTBA,47.0,46.0,97.87234042553192,0.0,0.0,1200.0,815.0,-752.5,-487.5,-150.0,-85.0,-45.0,0.0475,0.09166666666666666,0.14166666666666666,0.4125,0.6736111111111114,0.05666666666666667,0.1,0.16666666666666666,0.375,0.5800000000000001,0.0475,0.09166666666666666,0.14166666666666666,0.35,0.56,165.0,810.0,6.521739130434782,0.0,91.48936170212765,2.127659574468085,4.25531914893617,55.0,53.0,96.36363636363636,0.0,0.0,,,413.0,485.0,525.0,715.0,841.0000000000001,,,,,,,,,,,,,,,,535.0,876.0000000000001,3.7735849056603774,,83.63636363636364,9.090909090909092,3.6363636363636362,0.0,nm_inferred,55.0,97.11798839458413,,İstanbul Atatürk Airport,40.971913,28.823714
LTBH,6.0,6.0,100.0,0.0,0.0,300.0,300.0,130.0,174.0,200.5,230.0,246.0,-0.8200000000000001,-0.7666666666666666,-0.6683333333333333,-0.58,-0.43333333333333335,0.0,0.0,0.0,0.0,0.0,0.0,0.0,0.0,0.0,0.0,200.5,246.0,100.0,0.0,100.0,0.0,0.0,6.0,6.0,100.0,0.0,0.0,,,-570.0,-425.0,-390.0,-325.0,-302.5,,,,,,,,,,,,,,,,390.0,570.0,100.0,,100.0,0.0,0.0,0.0,nm_inferred,6.0,100.0,,Çanakkale Airport,40.1376991272,26.4267997742
LTBJ,316.0,315.0,99.68354430379746,0.0,0.0,600.0,600.0,200.0,235.0,295.0,355.0,405.0,-0.6466666666666667,-0.5666666666666667,-0.4358974358974359,-0.375,-0.307948717948718,0.0,0.0,0.0,0.0,0.0,0.0,0.0,0.0,0.0,0.0,295.0,405.0,100.0,0.0,97.46835443037975,2.2151898734177213,0.0,312.0,310.0,99.35897435897436,0.0,0.0,,,-606.0,-498.75,-405.0,-310.0,-240.0,,,,,,,,,,,,,,,,405.0,606.0000000000002,100.0,,98.07692307692308,1.2820512820512822,0.0,0.0,nm_inferred,316.0,99.52125933138592,,Adnan Menderes International Airport,38.2924,27.157
LTBR,5.0,5.0,100.0,0.0,0.0,300.0,300.0,-8.0,55.0,85.0,105.0,105.0,-0.35,-0.35,-0.2833333333333333,-0.18333333333333332,0.0266666666666667,0.0,0.0,0.0,0.0,0.12000000000000002,0.0,0.0,0.0,0.0,0.1,85.0,105.0,80.0,0.0,100.0,0.0,0.0,5.0,5.0,100.0,0.0,0.0,,,45.0,60.0,70.0,85.0,88.0,,,,,,,,,,,,,,,,70.0,88.0,0.0,,100.0,0.0,0.0,0.0,nm_inferred,5.0,100.0,,Bursa Yenişehir Airport,40.255199,29.562599
LTBS,219.0,219.0,100.0,0.0,0.0,600.0,600.0,230.0,250.0,285.0,525.0,782.0000000000002,-1.32,-0.875,-0.475,-0.4083333333333333,-0.36777777777777776,0.0,0.0,0.0,0.0,0.0,0.0,0.0,0.0,0.0,0.0,285.0,782.0000000000002,100.0,0.0,96.34703196347031,3.65296803652968,0.0,236.0,233.0,98.72881355932203,0.0,0.0,,,-755.0,-405.0,-250.0,-120.0,-80.0,,,,,,,,,,,,,,,,255.0,815.0000000000009,97.85407725321889,,97.03389830508475,1.694915254237288,0.0,0.0,nm_inferred,236.0,99.36440677966101,,Dalaman International Airport,36.7131,28.7925
LTBU,2.0,2.0,100.0,0.0,0.0,300.0,300.0,79.5,86.25,97.5,108.75,115.5,-0.385,-0.36250000000000004,-0.325,-0.2875,-0.265,0.0,0.0,0.0,0.0,0.0,0.0,0.0,0.0,0.0,0.0,97.5,115.5,100.0,0.0,50.0,0.0,50.0,1.0,1.0,100.0,0.0,0.0,,,-65.0,-65.0,-65.0,-65.0,-65.0,,,,,,,,,,,,,,,,65.0,65.0,100.0,,100.0,0.0,0.0,0.0,nm_inferred,2.0,100.0,,Tekirdağ Çorlu Airport,41.138199,27.9191
LTBY,4.0,4.0,100.0,0.0,0.0,300.0,300.0,129.5,158.75,187.5,203.75,210.5,-0.6416666666666666,-0.6041666666666667,-0.475,-0.34965277777777776,-0.31902777777777774,0.0,0.0,0.0,0.0,0.0,0.0,0.0,0.0,0.0,0.0,187.5,210.5,100.0,0.0,100.0,0.0,0.0,5.0,5.0,100.0,0.0,0.0,,,-437.0,-380.0,-15.0,5.0,8.0,,,,,,,,,,,,,,,,15.0,437.0,60.0,,100.0,0.0,0.0,0.0,nm_inferred,5.0,100.0,,Hasan Polatkan Airport,39.811644,30.519268
LTBZ,3.0,3.0,100.0,0.0,0.0,0.0,,303.0,390.0,535.0,592.0,626.2,,,,,,,,,,,,,,,,535.0,626.2,100.0,,100.0,0.0,0.0,3.0,3.0,100.0,0.0,0.0,,,-523.0,-475.0,-395.0,-295.0,-235.0,,,,,,,,,,,,,,,,395.0,523.0,100.0,,100.0,0.0,0.0,0.0,nm_inferred,3.0,100.0,,Zafer Airport,39.111107,30.130405
LTCA,22.0,16.0,72.72727272727273,0.0,0.0,300.0,300.0,2852.5,2912.5,3030.5,3132.0,3323.0,-11.076666666666668,-10.440000000000001,-10.101666666666667,-9.708333333333332,-9.508333333333333,0.0,0.0,0.0,0.0,0.0,0.0,0.0,0.0,0.0,0.0,3030.5,3323.0,100.0,0.0,72.72727272727273,0.0,0.0,22.0,16.0,72.72727272727273,0.0,0.0,,,-3302.5,-3095.0,-3000.0,-2905.0,-2740.0,,,,,,,,,,,,,,,,3000.0,3302.5,100.0,,72.72727272727273,0.0,0.0,0.0,nm_inferred,22.0,72.72727272727273,,Elazığ Airport,38.597974,39.28348
LTCB,26.0,25.0,96.15384615384616,0.0,0.0,300.0,300.0,22.4,111.0,564.0,2905.0,3689.000000000001,-12.296666666666667,-9.683333333333334,-1.88,-0.37,-0.07466666666666666,0.0,0.0,0.0,0.0,0.060000000000000143,0.0,0.0,0.0,0.0,0.04000000000000009,564.0,3689.000000000001,92.0,8.0,76.92307692307692,19.23076923076923,0.0,27.0,26.0,96.29629629629629,0.0,0.0,,,-1682.5,-698.75,-255.5,311.5,507.5,,,,,,,,,,,,,,,,484.5,1682.5,57.69230769230769,,96.29629629629629,0.0,0.0,0.0,nm_inferred,27.0,96.22507122507122,,Ordu–Giresun Airport,40.966872,38.085995
LTCC,40.0,34.0,85.0,0.0,0.0,300.0,300.0,3307.5,3376.25,3540.0,3687.5,4173.5,-13.911666666666667,-12.241666666666667,-11.483333333333334,-5.679166666666667,-3.356372549019608,0.0,0.0,0.0,0.0,0.0,0.0,0.0,0.0,0.0,0.0,3540.0,4173.5,100.0,0.0,85.0,0.0,0.0,46.0,37.0,80.43478260869566,0.0,0.0,,,-3897.0,-3500.0,-3191.0,-2940.0,-2095.0000000000005,,,,,,,,,,,,,,,,3191.0,3897.0,100.0,,80.43478260869566,0.0,0.0,0.0,nm_inferred,46.0,82.71739130434783,,Diyarbakır Airport,37.893902,40.201
LTCD,11.0,11.0,100.0,0.0,0.0,300.0,300.0,400.0,485.0,1040.0,1192.5,2960.0,-9.866666666666667,-3.9750000000000005,-3.466666666666667,-1.6166666666666667,-1.3333333333333333,0.0,0.0,0.0,0.0,0.0,0.0,0.0,0.0,0.0,0.0,1040.0,2960.0,100.0,0.0,90.9090909090909,9.090909090909092,0.0,10.0,9.0,90.0,0.0,0.0,,,-2005.0,-1505.0,-1305.0,-855.0,-818.0,,,,,,,,,,,,,,,,1305.0,2005.0000000000005,100.0,,80.0,10.0,0.0,0.0,nm_inferred,11.0,95.0,,Erzincan Airport,39.7102012634,39.5270004272
LTCE,22.0,22.0,100.0,0.0,0.0,300.0,300.0,610.0,635.0,1527.5,1701.25,2022.5000000000005,-6.175,-5.6469696969696965,-5.091666666666667,-2.1166666666666667,-2.033333333333333,0.0,0.0,0.0,0.0,0.0,0.0,0.0,0.0,0.0,0.0,1527.5,2022.5000000000005,100.0,0.0,100.0,0.0,0.0,23.0,23.0,100.0,0.0,0.0,,,-1748.0,-1442.5,-855.0,-612.5,-585.0,,,,,,,,,,,,,,,,855.0,1748.0000000000002,100.0,,100.0,0.0,0.0,0.0,nm_inferred,23.0,100.0,,Erzurum International Airport,39.956501,41.1702
LTCF,16.0,16.0,100.0,0.0,0.0,300.0,300.0,725.0,783.5,992.0,1107.5,2858.0,-9.526666666666666,-3.6916666666666664,-3.3066666666666666,-2.611666666666667,-2.416666666666667,0.0,0.0,0.0,0.0,0.0,0.0,0.0,0.0,0.0,0.0,992.0,2858.0,100.0,0.0,81.25,18.75,0.0,16.0,15.0,93.75,0.0,0.0,,,-4310.8,-4132.5,-1225.0,-892.5,-732.0000000000001,,,,,,,,,,,,,,,,1225.0,4310.8,100.0,,62.5,31.25,0.0,0.0,nm_inferred,16.0,96.875,,Kars Airport,40.562198638916016,43.1150016784668
LTCG,111.0,110.0,99.09909909909909,0.0,0.0,300.0,300.0,-216.9999999999999,80.0,133.5,3833.75,5687.5,-18.65266666666667,-8.294444444444444,-0.44,-0.19479166666666667,0.3422222222222248,0.0,0.0,0.0,0.0,0.3014814814814816,0.0,0.0,0.0,0.0,0.22617283950617365,224.0,5687.5,87.27272727272727,7.2727272727272725,61.26126126126126,36.93693693693694,0.9009009009009009,115.0,114.0,99.1304347826087,0.0,0.0,,,-6497.8,-2800.75,2.5,255.25,582.9,,,,,,,,,,,,,,,,500.0,6497.8,50.0,,66.08695652173913,32.17391304347826,0.8695652173913043,0.0,nm_inferred,115.0,99.1147669408539,,Trabzon International Airport,40.995098,39.7897
LTCI,42.0,31.0,73.80952380952381,0.0,0.0,300.0,300.0,2019.0,2596.0,2871.0,4490.5,4854.0,-14.976666666666667,-10.366666666666667,-9.17,-6.731666666666667,-6.295833333333333,0.0,0.0,0.0,0.0,0.0,0.0,0.0,0.0,0.0,0.0,2871.0,4854.0,100.0,0.0,66.66666666666667,7.142857142857143,0.0,41.0,31.0,75.60975609756098,0.0,0.0,,,-4360.0,-4200.0,-4070.0,-3870.5,-2305.0,,,,,,,,,,,,,,,,4070.0,4360.0,100.0,,75.60975609756098,0.0,0.0,0.0,nm_inferred,42.0,74.70963995354239,,Van Ferit Melen Airport,38.46820068359375,43.332298278808594
LTCJ,14.0,10.0,71.42857142857143,0.0,0.0,300.0,300.0,3740.7,3833.5,3907.5,3972.5,4026.5,-13.421666666666667,-13.241666666666667,-13.024999999999999,-12.778333333333332,-12.469,0.0,0.0,0.0,0.0,0.0,0.0,0.0,0.0,0.0,0.0,3907.5,4026.5,100.0,0.0,71.42857142857143,0.0,0.0,14.0,11.0,78.57142857142857,0.0,0.0,,,-3533.0,-3489.0,-3409.0,-3335.5,-3284.0,,,,,,,,,,,,,,,,3409.0,3533.0,100.0,,78.57142857142857,0.0,0.0,0.0,nm_inferred,14.0,75.0,,Batman Airport,37.929001,41.1166
LTCK,13.0,10.0,76.92307692307692,0.0,0.0,300.0,300.0,1335.1,1522.5,2202.5,2300.25,3859.1,-12.863666666666665,-7.6674999999999995,-7.341666666666667,-5.074999999999999,-4.450333333333334,0.0,0.0,0.0,0.0,0.0,0.0,0.0,0.0,0.0,0.0,2202.5,3859.1,100.0,0.0,76.92307692307692,0.0,0.0,13.0,10.0,76.92307692307692,0.0,0.0,,,-4053.5,-4012.5,-3865.0,-3593.75,-2141.5,,,,,,,,,,,,,,,,3865.0,4053.5,100.0,,76.92307692307692,0.0,0.0,0.0,nm_inferred,13.0,76.92307692307692,,Muş Airport,38.74779891967773,41.66120147705078
LTCL,4.0,3.0,75.0,0.0,0.0,300.0,300.0,3027.0,3300.0,3755.0,4190.0,4451.0,-14.836666666666666,-13.966666666666667,-12.516666666666667,-11.0,-10.09,0.0,0.0,0.0,0.0,0.0,0.0,0.0,0.0,0.0,0.0,3755.0,4451.0,100.0,0.0,75.0,0.0,0.0,5.0,4.0,80.0,0.0,0.0,,,-4213.0,-3970.0,-3695.0,-3436.25,-3222.5,,,,,,,,,,,,,,,,3695.0,4213.0,100.0,,80.0,0.0,0.0,0.0,nm_inferred,5.0,77.5,,Siirt Airport,37.97890090942383,41.84040069580078
LTCM,2.0,2.0,100.0,0.0,0.0,300.0,300.0,2318.5,2353.75,2412.5,2471.25,2506.5,-8.355,-8.2375,-8.041666666666668,-7.845833333333333,-7.7283333333333335,0.0,0.0,0.0,0.0,0.0,0.0,0.0,0.0,0.0,0.0,2412.5,2506.5,100.0,0.0,100.0,0.0,0.0,2.0,2.0,100.0,0.0,0.0,,,-1240.5,-1233.75,-1222.5,-1211.25,-1204.5,,,,,,,,,,,,,,,,1222.5,1240.5,100.0,,100.0,0.0,0.0,0.0,nm_inferred,2.0,100.0,,Sinop Airport,42.018313,35.071774
LTCN,8.0,5.0,62.5,0.0,0.0,300.0,300.0,2435.0,2480.0,2495.0,2685.0,2733.0,-9.11,-8.95,-8.316666666666666,-8.266666666666667,-8.116666666666667,0.0,0.0,0.0,0.0,0.0,0.0,0.0,0.0,0.0,0.0,2495.0,2733.0,100.0,0.0,62.5,0.0,0.0,8.0,5.0,62.5,0.0,0.0,,,-2803.0,-2770.0,-2645.0,-2555.0,-2528.0,,,,,,,,,,,,,,,,2645.0,2803.0,100.0,,62.5,0.0,0.0,0.0,nm_inferred,8.0,62.5,,Kahramanmaraş Airport,37.5388259888,36.9535217285
LTCO,8.0,8.0,100.0,0.0,0.0,300.0,300.0,957.5,1028.75,1162.0,1357.5,1816.4999999999998,-6.055,-4.525,-3.873333333333333,-3.4291666666666667,-3.191666666666667,0.0,0.0,0.0,0.0,0.0,0.0,0.0,0.0,0.0,0.0,1162.0,1816.4999999999998,100.0,0.0,100.0,0.0,0.0,8.0,7.0,87.5,0.0,0.0,,,-1220.0,-1155.0,-1050.0,-1017.5,-984.0,,,,,,,,,,,,,,,,1050.0,1220.0,100.0,,87.5,0.0,0.0,0.0,nm_inferred,8.0,93.75,,Ağrı Airport,39.655642,43.025742
LTCP,11.0,7.0,63.63636363636363,0.0,0.0,300.0,300.0,2874.0,2905.0,2970.0,3082.5,3135.0,-10.45,-10.274999999999999,-9.9,-9.683333333333334,-9.58,0.0,0.0,0.0,0.0,0.0,0.0,0.0,0.0,0.0,0.0,2970.0,3135.0,100.0,0.0,63.63636363636363,0.0,0.0,11.0,7.0,63.63636363636363,0.0,0.0,,,-3209.0,-2992.5,-2815.0,-2765.0,-2712.0,,,,,,,,,,,,,,,,2815.0,3209.0,100.0,,63.63636363636363,0.0,0.0,0.0,nm_inferred,11.0,63.63636363636363,,Adıyaman Airport,37.7314,38.468899
LTCR,18.0,15.0,83.33333333333333,0.0,0.0,300.0,300.0,3701.0,3790.5,3912.0,3967.5,4135.0,-13.783333333333333,-13.225,-13.04,-12.635,-11.86,0.0,0.0,0.0,0.0,0.0,0.0,0.0,0.0,0.0,0.0,3912.0,4135.0,100.0,0.0,83.33333333333333,0.0,0.0,19.0,16.0,84.21052631578948,0.0,0.0,,,-3935.0,-3863.75,-3707.5,-3586.25,-3490.0,,,,,,,,,,,,,,,,3707.5,3935.0,100.0,,84.21052631578948,0.0,0.0,0.0,nm_inferred,19.0,83.7719298245614,,Mardin Airport,37.2233009338,40.6316986084
LTCS,24.0,16.0,66.66666666666667,0.0,0.0,300.0,300.0,3002.5,3200.0,3317.5,3413.75,4082.5,-13.608333333333334,-11.379166666666666,-11.058333333333334,-10.666666666666668,-10.008333333333333,0.0,0.0,0.0,0.0,0.0,0.0,0.0,0.0,0.0,0.0,3317.5,4082.5,100.0,0.0,66.66666666666667,0.0,0.0,23.0,16.0,69.56521739130434,0.0,0.0,,,-3817.5,-3408.75,-3022.5,-2952.5,-2802.5,,,,,,,,,,,,,,,,3022.5,3817.5,100.0,,69.56521739130434,0.0,0.0,0.0,nm_inferred,24.0,68.1159420289855,,Şanlıurfa GAP Airport,37.445663,38.895592
LTCT,11.0,11.0,100.0,0.0,0.0,300.0,300.0,435.0,612.5,1180.0,1240.0,2105.0,-7.016666666666667,-4.133333333333333,-3.933333333333333,-2.0416666666666665,-1.45,0.0,0.0,0.0,0.0,0.0,0.0,0.0,0.0,0.0,0.0,1180.0,2105.0,100.0,0.0,100.0,0.0,0.0,11.0,11.0,100.0,0.0,0.0,,,-4745.0,-2857.5,-1500.0,-1320.0,-1205.0,,,,,,,,,,,,,,,,1500.0,4745.0,100.0,,72.72727272727273,27.272727272727273,0.0,0.0,nm_inferred,11.0,100.0,,Iğdır Airport,39.976627,43.876648
LTCU,6.0,4.0,66.66666666666667,0.0,0.0,300.0,300.0,3506.4,3510.0,3656.0,3863.0,3976.4,-13.254666666666665,-12.876666666666665,-12.186666666666667,-11.7,-11.688,0.0,0.0,0.0,0.0,0.0,0.0,0.0,0.0,0.0,0.0,3656.0,3976.4,100.0,0.0,66.66666666666667,0.0,0.0,6.0,4.0,66.66666666666667,0.0,0.0,,,-4397.5,-4228.75,-4010.0,-3810.0,-3675.0,,,,,,,,,,,,,,,,4010.0,4397.5,100.0,,66.66666666666667,0.0,0.0,0.0,nm_inferred,6.0,66.66666666666667,,Bingöl Airport,38.860131,40.594489
LTCV,11.0,8.0,72.72727272727273,0.0,0.0,300.0,300.0,3679.0,4277.5,4335.0,4413.75,4549.5,-15.165,-14.712499999999999,-14.45,-14.258333333333333,-12.263333333333335,0.0,0.0,0.0,0.0,0.0,0.0,0.0,0.0,0.0,0.0,4335.0,4549.5,100.0,0.0,63.63636363636363,9.090909090909092,0.0,11.0,7.0,63.63636363636363,0.0,0.0,,,-3851.4,-3807.0,-3698.0,-3645.5,-3596.2,,,,,,,,,,,,,,,,3698.0,3851.4,100.0,,63.63636363636363,0.0,0.0,0.0,nm_inferred,11.0,68.18181818181819,,Şırnak Şerafettin Elçi Airport,37.3647,42.0582
LTCW,6.0,6.0,100.0,0.0,0.0,300.0,300.0,2536.0,2748.75,3264.0,3386.25,4411.0,-14.703333333333333,-11.287500000000001,-10.879999999999999,-9.1625,-8.453333333333333,0.0,0.0,0.0,0.0,0.0,0.0,0.0,0.0,0.0,0.0,3264.0,4411.0,100.0,0.0,100.0,0.0,0.0,7.0,4.0,57.142857142857146,0.0,0.0,,,-4562.0,-4377.5,-3510.0,-2641.75,-2455.9,,,,,,,,,,,,,,,,3510.0,4562.0,100.0,,42.857142857142854,14.285714285714286,0.0,0.0,nm_inferred,7.0,78.57142857142857,,Hakkari Yüksekova Airport,37.5497,44.2381
LTDA,8.0,6.0,75.0,0.0,0.0,300.0,300.0,1777.5,1863.5,2151.0,2887.75,3220.5,-10.735,-9.625833333333334,-7.17,-6.211666666666666,-5.925,0.0,0.0,0.0,0.0,0.0,0.0,0.0,0.0,0.0,0.0,2151.0,3220.5,100.0,0.0,75.0,0.0,0.0,9.0,6.0,66.66666666666667,0.0,0.0,,,-2895.0,-2313.75,-985.0,-935.0,-727.5,,,,,,,,,,,,,,,,985.0,2895.0,100.0,,66.66666666666667,0.0,0.0,0.0,nm_inferred,9.0,70.83333333333334,,Hatay Airport,36.36079,36.285589
LTFC,2.0,2.0,100.0,0.0,0.0,300.0,300.0,648.5,698.75,782.5,866.25,916.5,-3.0549999999999997,-2.8874999999999997,-2.6083333333333334,-2.3291666666666666,-2.1616666666666666,0.0,0.0,0.0,0.0,0.0,0.0,0.0,0.0,0.0,0.0,782.5,916.5,100.0,0.0,100.0,0.0,0.0,3.0,3.0,100.0,0.0,0.0,,,-994.0,-977.5,-950.0,-922.5,-906.0,,,,,,,,,,,,,,,,950.0,994.0,100.0,,100.0,0.0,0.0,0.0,nm_inferred,3.0,100.0,,Süleyman Demirel International Airport,37.8554,30.368401
LTFD,10.0,10.0,100.0,0.0,0.0,300.0,300.0,-379.0,-175.0,5.0,42.5,126.5,-0.4216666666666667,-0.14166666666666666,-0.012121212121212121,0.5833333333333334,1.263333333333332,0.0,0.0,0.0,0.625,1.0,0.0,0.0,0.0,0.5833333333333334,0.9249999999999999,90.0,378.99999999999966,60.0,10.0,100.0,0.0,0.0,11.0,11.0,100.0,0.0,0.0,,,-80.0,-10.0,70.0,395.0,475.0,,,,,,,,,,,,,,,,115.0,475.0,27.272727272727273,,100.0,0.0,0.0,0.0,nm_inferred,11.0,100.0,,Balıkesir Koca Seyit Airport,39.552533,27.010192
LTFE,198.0,196.0,98.98989898989899,0.0,0.0,600.0,600.0,97.5,125.0,162.5,220.0,272.5,-0.47916666666666663,-0.375,-0.275,-0.20625000000000002,-0.15833333333333333,0.0,0.0,0.0,0.0,0.0,0.0,0.0,0.0,0.0,0.0,165.0,275.0,99.48979591836735,0.0,93.43434343434343,4.040404040404041,1.5151515151515151,211.0,209.0,99.0521327014218,0.0,0.0,,,-91.0,-45.0,100.0,135.0,156.00000000000009,,,,,,,,,,,,,,,,110.0,170.0,38.27751196172249,,94.7867298578199,3.3175355450236967,0.9478672985781991,0.0,nm_inferred,211.0,99.0210158456604,,Milas Bodrum International Airport,37.249314,27.66401
LTFG,30.0,29.0,96.66666666666667,0.0,0.0,0.0,540.0,-5.0,10.0,25.0,45.0,546.9999999999993,-0.12037037037037036,-0.12037037037037036,-0.12037037037037036,-0.12037037037037036,-0.12037037037037036,0.0,0.0,0.0,0.0,0.0,0.0,0.0,0.0,0.0,0.0,25.0,546.9999999999993,86.20689655172414,0.0,93.33333333333333,3.3333333333333335,0.0,31.0,31.0,100.0,0.0,0.0,,,55.0,191.5,245.0,255.0,275.0,,,,,,,,,,,,,,,,245.0,275.0,9.67741935483871,,100.0,0.0,0.0,0.0,nm_inferred,31.0,98.33333333333334,,Gazipaşa-Alanya Airport,36.298832,32.297017
LTFH,38.0,32.0,84.21052631578948,0.0,0.0,600.0,600.0,21.0,47.5,2092.5,2605.0,3551.0000000000014,-5.918333333333333,-4.341666666666667,-3.4694444444444446,-0.07916666666666666,-0.03416666666666665,0.0,0.0,0.0,0.0,0.0,0.0,0.0,0.0,0.0,0.0,2092.5,3551.0000000000014,96.875,0.0,81.57894736842105,2.6315789473684212,0.0,38.0,37.0,97.36842105263158,0.0,0.0,,,-2090.0,-1930.0,-1670.0,215.0,277.0,,,,,,,,,,,,,,,,1670.0,2090.0,70.27027027027027,,92.10526315789474,5.2631578947368425,0.0,0.0,nm_inferred,38.0,90.78947368421052,,Samsun-Çarşamba Airport,41.253988,36.567546
LTFJ,964.0,962.0,99.79253112033194,0.0,0.0,900.0,900.0,20.0,35.0,55.0,70.0,85.0,-0.08888888888888889,-0.07222222222222222,-0.04833333333333334,-0.03333333333333333,-0.020833333333333332,0.0,0.0,0.0,0.0,0.0,0.0,0.0,0.0,0.0,0.0,55.0,85.0,98.85654885654886,0.0,90.24896265560166,9.54356846473029,0.0,957.0,951.0,99.3730407523511,0.0,0.0,,,55.0,185.0,230.0,255.0,270.0,,,,,,,,,,,,,,,,235.0,280.0,8.727655099894848,,92.37199582027168,7.001044932079415,0.0,0.0,nm_inferred,964.0,99.58278593634152,,Istanbul Sabiha Gökçen International Airport,40.898602,29.3092
LTFM,2019.0,1998.0,98.95988112927192,0.0,99.6532937097573,960.0,960.0,75.0,90.0,110.0,140.0,200.0,-0.25,-0.16666666666666666,-0.11538461538461539,-0.08584361163820367,-0.06518342391304348,0.0,0.0,0.0,0.0,0.0,0.0,0.0,0.0,0.0,0.0,110.0,200.0,99.89989989989989,0.0,82.26844972758792,16.592372461614662,0.09905894006934125,1986.0,1968.0,99.09365558912387,0.0,99.8992950654582,840.0,630.0,-65.0,213.75,235.0,250.0,260.0,-0.08541666666666654,0.17028985507246377,0.24494485294117646,0.3402777777777778,0.45,0.15384615384615385,0.20454545454545456,0.2857142857142857,0.375,0.5,0.1486111111111111,0.19202898550724637,0.2708333333333333,0.35833333333333334,0.4722222222222222,240.0,280.0,12.195121951219512,0.6605691056910569,83.08157099697885,15.911379657603222,0.10070493454179255,99.8992950654582,apdf,2019.0,99.02676835919789,0.13409874881974715,İstanbul Airport,41.274874,28.732136
LTFO,26.0,26.0,100.0,0.0,0.0,300.0,300.0,-1180.0,-728.75,120.0,373.75,4212.5,-14.041666666666668,-1.2458333333333333,-0.4,2.4291666666666667,3.9333333333333336,0.0,0.0,0.0,0.675,1.0,0.0,0.0,0.0,0.6083333333333334,1.0,702.5,4212.5,61.53846153846154,19.23076923076923,69.23076923076923,30.76923076923077,0.0,28.0,28.0,100.0,0.0,0.0,,,-3503.5,-3006.25,118.5,255.0,581.5,,,,,,,,,,,,,,,,667.5,3503.5,46.42857142857143,,64.28571428571429,35.714285714285715,0.0,0.0,nm_inferred,28.0,100.0,,Rize–Artvin Airport,41.179766,40.848802
LUKK,157.0,140.0,89.171974522293,0.0,0.0,900.0,900.0,625.0,753.75,892.5,1150.0,3048.000000000001,-3.3866666666666667,-1.88125,-1.1333333333333333,-0.8625,-0.705,0.0,0.0,0.0,0.0,0.0,0.0,0.0,0.0,0.0,0.0,892.5,3048.000000000001,100.0,0.0,84.07643312101911,5.095541401273885,0.0,156.0,144.0,92.3076923076923,0.0,0.0,,,-1733.5,-962.75,-703.5,-513.75,-442.6999999999998,,,,,,,,,,,,,,,,703.5,1733.500000000001,100.0,,87.82051282051282,4.487179487179487,0.0,0.0,nm_inferred,157.0,90.73983341499266,,Chişinău International Airport,46.92774,28.931704
LWOH,6.0,6.0,100.0,0.0,0.0,420.0,420.0,106.5,128.25,137.5,199.25,233.0,-0.462037037037037,-0.44805555555555554,-0.4127777777777778,-0.3188888888888889,-0.27,0.0,0.0,0.0,0.0,0.0,0.0,0.0,0.0,0.0,0.0,137.5,233.0,100.0,0.0,100.0,0.0,0.0,6.0,6.0,100.0,0.0,0.0,,,-110.0,-88.0,-7.5,334.0,471.0,,,,,,,,,,,,,,,,110.0,471.0,50.0,,100.0,0.0,0.0,0.0,nm_inferred,6.0,100.0,,Ohrid St. Paul the Apostle Airport,41.18,20.7423
LWSK,106.0,104.0,98.11320754716981,0.0,0.0,420.0,540.0,101.5,125.0,145.0,161.25,193.5,-0.5341666666666667,-0.4666666666666667,-0.31666666666666665,-0.2152777777777778,-0.17569444444444443,0.0,0.0,0.0,0.0,0.0,0.0,0.0,0.0,0.0,0.0,145.0,193.5,99.03846153846153,0.0,98.11320754716981,0.0,0.0,101.0,100.0,99.00990099009901,0.0,0.0,,,51.000000000000014,128.75,155.0,175.0,185.0,,,,,,,,,,,,,,,,155.0,185.0,9.0,,98.01980198019803,0.0,0.9900990099009901,0.0,nm_inferred,106.0,98.56155426863441,,Skopje International Airport,41.958087,21.622581
LXGB,17.0,17.0,100.0,0.0,0.0,300.0,75.0,-1449.9999999999998,-630.0,-540.0,-35.0,-7.999999999999989,0.009259259259259262,0.11666666666666667,1.1296296296296295,1.8333333333333333,3.5429629629629638,0.025,0.2,0.8888888888888888,1.0,1.0,0.01666666666666667,0.11666666666666667,0.8611111111111112,1.0,1.0,540.0,1450.0000000000007,11.764705882352942,41.1764705882353,100.0,0.0,0.0,17.0,17.0,100.0,0.0,0.0,,,404.6,457.0,492.0,549.0,597.2,,,,,,,,,,,,,,,,492.0,597.2,0.0,,100.0,0.0,0.0,0.0,nm_inferred,17.0,100.0,,Gibraltar Airport,36.151679,-5.34978
LYBE,363.0,359.0,98.89807162534436,0.0,0.0,600.0,565.0,-511.0,-255.0,-65.0,25.0,45.0,-0.075,-0.041666666666666664,0.10833333333333334,0.425,0.8516666666666666,0.0,0.0,0.11538461538461539,0.4,0.75,0.0,0.0,0.1,0.3875,0.7241666666666666,80.0,521.0,40.66852367688022,3.3426183844011144,94.76584022038567,3.581267217630854,0.5509641873278237,360.0,354.0,98.33333333333333,0.0,0.0,,,273.0,337.25,460.5,574.5,674.8,,,,,,,,,,,,,,,,468.5,679.0,1.4124293785310735,,91.66666666666667,5.277777777777778,1.3888888888888888,0.0,nm_inferred,363.0,98.61570247933884,,Belgrade Nikola Tesla Airport,44.818401,20.309099
LYNI,11.0,11.0,100.0,0.0,0.0,600.0,600.0,75.0,127.5,150.0,170.0,190.0,-0.3129166666666667,-0.2881944444444445,-0.25833333333333336,-0.13472222222222222,-0.09833333333333334,0.0,0.0,0.0,0.0,0.0,0.0,0.0,0.0,0.0,0.0,150.0,190.0,100.0,0.0,100.0,0.0,0.0,10.0,10.0,100.0,0.0,0.0,,,58.0,71.25,109.5,133.75,146.2,,,,,,,,,,,,,,,,109.5,146.2,0.0,,100.0,0.0,0.0,0.0,nm_inferred,11.0,100.0,,Niš Constantine the Great Airport,43.336538,21.856242
LYPG,65.0,65.0,100.0,0.0,0.0,600.0,600.0,337.0,390.0,485.0,575.0,1021.0,-1.7983333333333333,-0.9583333333333334,-0.775,-0.6416666666666667,-0.5566666666666666,0.0,0.0,0.0,0.0,0.0,0.0,0.0,0.0,0.0,0.0,485.0,1021.0,100.0,0.0,98.46153846153847,1.5384615384615385,0.0,65.0,65.0,100.0,0.0,0.0,,,-1111.2,-902.0,-588.0,-464.0,-406.4,,,,,,,,,,,,,,,,588.0,1111.2,100.0,,96.92307692307692,3.076923076923077,0.0,0.0,nm_inferred,65.0,100.0,,Podgorica Airport / Podgorica Golubovci Airbase,42.359402,19.2519
LYTV,61.0,61.0,100.0,0.0,0.0,600.0,600.0,450.0,495.0,550.0,675.0,940.0,-2.25,-1.8333333333333333,-0.9333333333333333,-0.8583333333333333,-0.725,0.0,0.0,0.0,0.0,0.0,0.0,0.0,0.0,0.0,0.0,550.0,940.0,100.0,0.0,96.72131147540983,3.278688524590164,0.0,62.0,62.0,100.0,0.0,0.0,,,-1433.6,-863.25,-611.0,-508.25,-429.8,,,,,,,,,,,,,,,,611.0,1433.5999999999997,100.0,,93.54838709677419,6.451612903225806,0.0,0.0,nm_inferred,62.0,100.0,,Tivat Airport,42.404701,18.723301
LZIB,98.0,94.0,95.91836734693878,0.0,100.0,540.0,90.0,-770.0,-608.75,-460.0,-235.0,-66.49999999999999,0.18472222222222223,0.6193181818181819,0.8576388888888888,0.9375,1.1469444444444443,0.26071428571428573,0.6666666666666666,0.8571428571428571,0.9444444444444444,1.0,0.25,0.6180555555555556,0.8371212121212122,0.924810606060606,1.0,467.5,966.5000000000005,4.25531914893617,17.02127659574468,86.73469387755102,6.122448979591836,3.061224489795918,100.0,97.0,97.0,0.0,99.0,300.0,5.0,415.0,475.0,545.0,610.0,708.0000000000002,1.2986111111111112,1.6111111111111112,1.9666666666666666,2.390625,3.451388888888889,1.0,1.0,1.0,1.0,1.0,0.9930555555555556,1.0,1.0,1.0,1.0,545.0,708.0000000000002,0.0,94.79166666666667,90.0,4.0,3.0,100.0,apdf,100.0,96.4591836734694,0.8860360621521337,M. R. Štefánik Airport,48.1702,17.2127
LZKZ,33.0,33.0,100.0,0.0,0.0,600.0,600.0,41.0,50.0,65.0,200.0,262.0,-0.43666666666666665,-0.2777777777777778,-0.10833333333333334,-0.08333333333333333,-0.05777777777777777,0.0,0.0,0.0,0.0,0.0,0.0,0.0,0.0,0.0,0.0,65.0,262.0,100.0,0.0,96.96969696969697,0.0,3.0303030303030303,33.0,33.0,100.0,0.0,0.0,,,-319.4,-20.0,248.0,276.0,283.6,,,,,,,,,,,,,,,,261.0,319.40000000000003,27.272727272727273,,93.93939393939394,6.0606060606060606,0.0,0.0,nm_inferred,33.0,100.0,,Košice International Airport,48.663101,21.2411
LZPP,4.0,4.0,100.0,0.0,0.0,600.0,600.0,40.300000000000004,72.25,127.5,193.75,245.50000000000003,-0.4091666666666667,-0.3229166666666667,-0.21250000000000002,-0.12041666666666667,-0.06716666666666665,0.0,0.0,0.0,0.0,0.0,0.0,0.0,0.0,0.0,0.0,127.5,245.50000000000003,100.0,0.0,100.0,0.0,0.0,4.0,4.0,100.0,0.0,0.0,,,126.80000000000001,152.0,170.5,194.5,229.60000000000002,,,,,,,,,,,,,,,,170.5,229.60000000000002,0.0,,100.0,0.0,0.0,0.0,nm_inferred,4.0,100.0,,Piešťany Airport,48.62519836425781,17.828399658203125
LZTT,11.0,11.0,100.0,0.0,0.0,600.0,600.0,105.0,125.0,130.0,147.5,210.0,-0.35,-0.2340909090909091,-0.21666666666666667,-0.19583333333333333,-0.13333333333333333,0.0,0.0,0.0,0.0,0.0,0.0,0.0,0.0,0.0,0.0,140.0,350.0,90.9090909090909,0.0,90.9090909090909,0.0,9.090909090909092,10.0,10.0,100.0,0.0,0.0,,,-244.4,-199.75,-123.0,-17.0,301.4999999999989,,,,,,,,,,,,,,,,163.0,551.699999999999,90.0,,90.0,0.0,10.0,0.0,nm_inferred,11.0,100.0,,Poprad-Tatry Airport,49.070994,20.241394
LZZI,,,,,,,,,,,,,,,,,,,,,,,,,,,,,,,,,,,1.0,1.0,100.0,0.0,0.0,,,-345.0,-345.0,-345.0,-345.0,-345.0,,,,,,,,,,,,,,,,345.0,345.0,100.0,,0.0,0.0,100.0,0.0,nm_inferred,1.0,100.0,,Žilina-Dolný Hričov Airport,49.233292,18.613386
OENN,1.0,1.0,100.0,0.0,0.0,0.0,,2075.0,2075.0,2075.0,2075.0,2075.0,,,,,,,,,,,,,,,,2075.0,2075.0,100.0,,100.0,0.0,0.0,,,,,,,,,,,,,,,,,,,,,,,,,,,,,,,,,,,0.0,nm_inferred,1.0,100.0,,Neom Bay Airport,27.924261,35.29358
OETB,1.0,1.0,100.0,0.0,0.0,0.0,,1940.0,1940.0,1940.0,1940.0,1940.0,,,,,,,,,,,,,,,,1940.0,1940.0,100.0,,100.0,0.0,0.0,,,,,,,,,,,,,,,,,,,,,,,,,,,,,,,,,,,0.0,nm_inferred,1.0,100.0,,Prince Sultan bin Abdulaziz International Airport,28.3711,36.624865
OITT,7.0,6.0,85.71428571428571,0.0,0.0,600.0,600.0,1953.5,2837.75,2876.0,3008.75,3241.0,-5.401666666666666,-5.014583333333333,-4.793333333333333,-4.729583333333333,-3.2558333333333334,0.0,0.0,0.0,0.0,0.0,0.0,0.0,0.0,0.0,0.0,2876.0,3241.0,100.0,0.0,85.71428571428571,0.0,0.0,7.0,5.0,71.42857142857143,0.0,0.0,,,-5785.2,-5232.0,-3418.0,-3397.0,-3386.2,,,,,,,,,,,,,,,,3418.0,5785.2,100.0,,57.142857142857146,14.285714285714286,0.0,0.0,nm_inferred,7.0,78.57142857142857,,Tabriz International Airport,38.1339,46.235001
OJAI,91.0,89.0,97.8021978021978,0.0,0.0,600.0,600.0,270.0,325.0,425.0,800.0,2493.600000000002,-4.155999999999999,-1.3333333333333333,-0.7083333333333334,-0.5416666666666666,-0.45,0.0,0.0,0.0,0.0,0.0,0.0,0.0,0.0,0.0,0.0,425.0,2493.600000000002,100.0,0.0,86.81318681318682,10.989010989010989,0.0,95.0,86.0,90.52631578947368,0.0,0.0,,,-1033.0,-648.75,-475.0,-350.5,57.0,,,,,,,,,,,,,,,,475.0,1033.0,88.37209302325581,,83.15789473684211,7.368421052631579,0.0,0.0,nm_inferred,95.0,94.16425679583574,,Queen Alia International Airport,31.7226009369,35.9931983948
OJAM,,,,,,,,,,,,,,,,,,,,,,,,,,,,,,,,,,,1.0,1.0,100.0,0.0,0.0,,,-353.0,-353.0,-353.0,-353.0,-353.0,,,,,,,,,,,,,,,,353.0,353.0,100.0,,100.0,0.0,0.0,0.0,nm_inferred,1.0,100.0,,Marka International (Amman Civil) Airport,31.9727,35.9916
OJAQ,2.0,2.0,100.0,0.0,0.0,600.0,600.0,2675.8,2819.5,3059.0,3298.5,3442.2,-5.737,-5.4975,-5.098333333333333,-4.699166666666667,-4.459666666666666,0.0,0.0,0.0,0.0,0.0,0.0,0.0,0.0,0.0,0.0,3059.0,3442.2,100.0,0.0,100.0,0.0,0.0,2.0,2.0,100.0,0.0,0.0,,,-387.9,-357.75,-307.5,-257.25,-227.1,,,,,,,,,,,,,,,,307.5,387.9,100.0,,100.0,0.0,0.0,0.0,nm_inferred,2.0,100.0,,King Hussein International Airport,29.611601,35.018101
OKKK,97.0,97.0,100.0,0.0,0.0,600.0,600.0,14.200000000000003,38.0,7920.0,9339.0,10763.4,-17.939,-15.565,-13.2,-0.06333333333333334,-0.02366666666666665,0.0,0.0,0.0,0.0,0.020000000000000285,0.0,0.0,0.0,0.0,0.003333333333333381,7920.0,10763.4,96.90721649484536,0.0,13.402061855670103,85.56701030927834,1.0309278350515463,84.0,83.0,98.80952380952381,0.0,0.0,,,-8780.2,-8348.0,-6805.0,-5290.0,224.0,,,,,,,,,,,,,,,,6805.0,8780.2,84.33734939759036,,7.142857142857143,91.66666666666667,0.0,0.0,nm_inferred,97.0,99.4047619047619,,Kuwait International Airport,29.224487,47.969813
OLBA,164.0,154.0,93.90243902439025,0.0,0.0,600.0,600.0,95.9,161.25,244.5,444.75,660.0000000000002,-1.1,-0.74125,-0.4075,-0.26875,-0.15983333333333324,0.0,0.0,0.0,0.0,0.0,0.0,0.0,0.0,0.0,0.0,249.0,660.0000000000002,99.35064935064935,0.0,79.8780487804878,14.024390243902438,0.0,159.0,158.0,99.37106918238993,0.0,0.0,,,-816.8,-585.75,-377.5,-16.25,232.10000000000008,,,,,,,,,,,,,,,,403.0,917.6000000000005,75.9493670886076,,83.64779874213836,15.09433962264151,0.6289308176100629,0.0,nm_inferred,164.0,96.63675410339009,,Beirut Rafic Hariri International Airport,33.819833,35.487443
ORBI,29.0,23.0,79.3103448275862,0.0,0.0,0.0,,4806.2,6406.0,6594.0,6812.5,7084.8,,,,,,,,,,,,,,,,6594.0,7084.8,100.0,,79.3103448275862,0.0,0.0,28.0,23.0,82.14285714285714,0.0,0.0,,,-7163.2,-6921.5,-6670.0,-6281.0,-5467.8,,,,,,,,,,,,,,,,6670.0,7163.2,100.0,,78.57142857142857,3.5714285714285716,0.0,0.0,nm_inferred,29.0,80.72660098522167,,Baghdad International Airport / New Al Muthana Air Base,33.262501,44.2346
ORER,34.0,28.0,82.3529411764706,0.0,0.0,0.0,,3960.0,4485.0,6247.5,8017.75,9411.2,,,,,,,,,,,,,,,,6247.5,9411.2,100.0,,64.70588235294117,17.647058823529413,0.0,33.0,27.0,81.81818181818181,0.0,0.0,,,-5260.6,-4791.0,-3619.0,-2980.0,-2397.0,,,,,,,,,,,,,,,,3619.0,5260.600000000002,100.0,,81.81818181818181,0.0,0.0,0.0,nm_inferred,34.0,82.08556149732621,,Erbil International Airport,36.236047,43.946615
ORKK,5.0,3.0,60.0,0.0,0.0,0.0,,5361.8,5501.0,5733.0,5822.5,5876.2,,,,,,,,,,,,,,,,5733.0,5876.2,100.0,,60.0,0.0,0.0,5.0,3.0,60.0,0.0,0.0,,,-5332.2,-5320.5,-5301.0,-5153.5,-5065.0,,,,,,,,,,,,,,,,5301.0,5332.2,100.0,,60.0,0.0,0.0,0.0,nm_inferred,5.0,60.0,,Kirkuk International Airport,35.469501,44.3489
ORMM,7.0,6.0,85.71428571428571,0.0,0.0,0.0,,6797.0,7596.0,8791.5,8875.5,8905.0,,,,,,,,,,,,,,,,8791.5,8905.0,100.0,,85.71428571428571,0.0,0.0,7.0,6.0,85.71428571428571,0.0,0.0,,,-8279.0,-8130.25,-8001.0,-7800.5,-7720.5,,,,,,,,,,,,,,,,8001.0,8279.0,100.0,,42.857142857142854,42.857142857142854,0.0,0.0,nm_inferred,7.0,85.71428571428571,,Basra International Airport,30.549101,47.662102
ORNI,2.0,2.0,100.0,0.0,0.0,0.0,,7689.6,7881.0,8200.0,8519.0,8710.4,,,,,,,,,,,,,,,,8200.0,8710.4,100.0,,50.0,50.0,0.0,2.0,2.0,100.0,0.0,0.0,,,-7303.6,-7208.5,-7050.0,-6891.5,-6796.4,,,,,,,,,,,,,,,,7050.0,7303.6,100.0,,100.0,0.0,0.0,0.0,nm_inferred,2.0,100.0,,Al Najaf International Airport,31.991116,44.405019
OSDI,3.0,3.0,100.0,0.0,0.0,600.0,600.0,3765.8,4545.5,5845.0,6004.5,6100.2,-10.167,-10.0075,-9.741666666666667,-7.575833333333334,-6.2763333333333335,0.0,0.0,0.0,0.0,0.0,0.0,0.0,0.0,0.0,0.0,5845.0,6100.2,100.0,0.0,66.66666666666667,33.333333333333336,0.0,4.0,4.0,100.0,0.0,0.0,,,-7056.2,-6446.0,-3590.0,-1003.0,-877.0,,,,,,,,,,,,,,,,3590.0,7056.2,100.0,,75.0,25.0,0.0,0.0,nm_inferred,4.0,100.0,,Damascus International Airport,33.4114990234375,36.51559829711914
UBBG,6.0,6.0,100.0,0.0,0.0,600.0,600.0,2745.0,5608.75,6900.0,7471.25,7527.5,-12.545833333333334,-12.452083333333334,-11.5,-9.347916666666666,-4.574999999999999,0.0,0.0,0.0,0.0,0.0,0.0,0.0,0.0,0.0,0.0,6900.0,7527.5,100.0,0.0,16.666666666666668,83.33333333333333,0.0,6.0,6.0,100.0,0.0,0.0,,,-8085.0,-6178.75,-6022.5,-5881.25,-3400.0,,,,,,,,,,,,,,,,6022.5,8085.0,100.0,,33.333333333333336,66.66666666666667,0.0,0.0,nm_inferred,6.0,100.0,,Ganja International Airport,40.738692,46.320383
UBBL,1.0,1.0,100.0,0.0,0.0,600.0,600.0,1615.0,1615.0,1615.0,1615.0,1615.0,-2.691666666666667,-2.691666666666667,-2.691666666666667,-2.691666666666667,-2.691666666666667,0.0,0.0,0.0,0.0,0.0,0.0,0.0,0.0,0.0,0.0,1615.0,1615.0,100.0,0.0,100.0,0.0,0.0,1.0,0.0,0.0,0.0,0.0,,,,,,,,,,,,,,,,,,,,,,,,,,,0.0,0.0,0.0,0.0,nm_inferred,1.0,50.0,,Lankaran International Airport,38.757919,48.807042
UBBN,27.0,27.0,100.0,0.0,0.0,0.0,,608.0,660.0,1180.0,1375.0,1518.0,,,,,,,,,,,,,,,,1180.0,1518.0,100.0,,96.29629629629629,3.7037037037037037,0.0,29.0,29.0,100.0,0.0,0.0,,,-1599.0,-1395.0,-1240.0,-545.0,-471.00000000000006,,,,,,,,,,,,,,,,1240.0,1599.0,100.0,,96.55172413793103,3.4482758620689653,0.0,0.0,nm_inferred,29.0,100.0,,Nakhchivan International Airport,39.188801,45.458401
UDSG,2.0,2.0,100.0,0.0,0.0,600.0,600.0,271.5,273.75,277.5,281.25,283.5,-0.4725,-0.46875,-0.4625,-0.45625,-0.4525,0.0,0.0,0.0,0.0,0.0,0.0,0.0,0.0,0.0,0.0,277.5,283.5,100.0,0.0,100.0,0.0,0.0,2.0,2.0,100.0,0.0,0.0,,,-227.0,-185.0,-115.0,-45.0,-2.999999999999993,,,,,,,,,,,,,,,,140.0,232.0,50.0,,100.0,0.0,0.0,0.0,nm_inferred,2.0,100.0,,Shirak International Airport,40.750401,43.859299
UDYZ,161.0,154.0,95.65217391304348,0.0,0.0,600.0,600.0,315.0,356.25,447.5,571.25,7097.500000000006,-9.987222222222222,-0.9663194444444445,-0.7125,-0.5770833333333333,-0.5166666666666667,0.0,0.0,0.0,0.0,0.0,0.0,0.0,0.0,0.0,0.0,447.5,7097.500000000006,100.0,0.0,73.2919254658385,22.36024844720497,0.0,161.0,153.0,95.03105590062111,0.0,0.0,,,-5692.999999999999,-4125.0,-541.0,-379.0,-290.99999999999994,,,,,,,,,,,,,,,,541.0,5693.000000000007,100.0,,71.42857142857143,23.60248447204969,0.0,0.0,nm_inferred,161.0,95.34161490683229,,Zvartnots International Airport,40.148941,44.397887
UGKO,33.0,31.0,93.93939393939394,0.0,0.0,840.0,75.0,-900.0,-625.0,-310.0,6325.0,7200.0,-8.779761904761905,-7.529761904761905,0.34444444444444444,0.6944444444444444,1.0714285714285714,0.5,0.6833333333333333,0.9285714285714286,1.0,1.0,0.49444444444444446,0.6722222222222223,0.9107142857142857,0.9970238095238095,1.0,2439.0,7200.0,48.38709677419355,38.70967741935484,45.45454545454545,48.484848484848484,0.0,33.0,33.0,100.0,0.0,0.0,,,-3916.0,-3670.0,-3490.0,555.0,644.0,,,,,,,,,,,,,,,,3490.0,3916.0,63.63636363636363,,45.45454545454545,54.54545454545455,0.0,0.0,nm_inferred,33.0,96.96969696969697,,David the Builder Kutaisi International Airport,42.177448,42.485353
UGSA,1.0,0.0,0.0,0.0,0.0,600.0,,,,,,,,,,,,,,,,,,,,,,,,,,0.0,0.0,0.0,1.0,0.0,0.0,0.0,0.0,,,,,,,,,,,,,,,,,,,,,,,,,,,0.0,0.0,0.0,0.0,nm_inferred,1.0,0.0,,Natakhtari Airfield,41.921198,44.714186
UGSB,32.0,28.0,87.5,0.0,0.0,900.0,415.0,-2211.9999999999995,-612.5,-447.5,-348.75,-189.09999999999994,0.21011111111111114,0.4305555555555555,0.5138888888888888,0.70625,2.457777777777779,0.36000000000000004,0.4916666666666667,0.5333333333333333,0.6749999999999999,0.81,0.34666666666666673,0.46875,0.525,0.6597222222222222,0.7494444444444445,475.0,3968.0000000000005,7.142857142857143,7.142857142857143,59.375,28.125,0.0,32.0,28.0,87.5,0.0,0.0,,,-3941.0,-3194.25,290.0,452.5,510.0,,,,,,,,,,,,,,,,659.5,3941.0,42.857142857142854,,56.25,31.25,0.0,0.0,nm_inferred,32.0,87.5,,Alexander Kartveli Batumi International Airport,41.60939,41.600315
UGTB,198.0,188.0,94.94949494949495,0.0,0.0,900.0,182.5,-1802.0000000000002,-1006.25,-682.5,-488.75,5883.500000000002,-6.677222222222223,0.5430555555555555,0.7555555555555555,1.1458333333333333,2.40277777777778,0.4666666666666667,0.6333333333333333,0.8,1.0,1.0,0.44277777777777777,0.6055555555555555,0.7972222222222223,1.0,1.0,822.5,5883.500000000002,14.361702127659575,35.638297872340424,59.5959595959596,34.343434343434346,1.0101010101010102,201.0,187.0,93.03482587064677,0.0,0.0,,,-4805.0,-4307.5,600.0,745.0,898.0000000000005,,,,,,,,,,,,,,,,770.0,4973.000000000001,31.016042780748663,,58.70646766169154,33.333333333333336,0.9950248756218906,0.0,nm_inferred,201.0,93.99216041007085,,Tbilisi International Airport,41.669201,44.9547
UKLU,1.0,1.0,100.0,0.0,0.0,600.0,600.0,1112.0,1112.0,1112.0,1112.0,1112.0,-1.8533333333333333,-1.8533333333333333,-1.8533333333333333,-1.8533333333333333,-1.8533333333333333,0.0,0.0,0.0,0.0,0.0,0.0,0.0,0.0,0.0,0.0,1112.0,1112.0,100.0,0.0,100.0,0.0,0.0,,,,,,,,,,,,,,,,,,,,,,,,,,,,,,,,,,,0.0,nm_inferred,1.0,100.0,,Uzhhorod International Airport,48.6343,22.263399
ULAA,,,,,,,,,,,,,,,,,,,,,,,,,,,,,,,,,,,1.0,1.0,100.0,0.0,0.0,,,-11770.0,-11770.0,-11770.0,-11770.0,-11770.0,,,,,,,,,,,,,,,,11770.0,11770.0,100.0,,0.0,100.0,0.0,0.0,nm_inferred,1.0,100.0,,Talagi Airport,64.60030364990234,40.71670150756836
ULLI,118.0,99.0,83.89830508474576,0.0,0.0,600.0,600.0,1502.0,1950.0,2230.0,2488.5,8057.400000000011,-13.428999999999995,-4.1475,-3.716666666666667,-3.25,-2.503333333333333,0.0,0.0,0.0,0.0,0.0,0.0,0.0,0.0,0.0,0.0,2230.0,8057.400000000011,100.0,0.0,77.96610169491525,5.932203389830509,0.0,123.0,113.0,91.869918699187,0.0,0.0,,,-10630.4,-2489.0,139.0,326.0,554.0,,,,,,,,,,,,,,,,337.0,10630.4,32.743362831858406,,86.17886178861788,4.878048780487805,0.8130081300813008,0.0,nm_inferred,123.0,87.88411189196637,,Pulkovo Airport,59.800301,30.262501
ULOO,1.0,0.0,0.0,0.0,0.0,600.0,,,,,,,,,,,,,,,,,,,,,,,,,,0.0,0.0,0.0,1.0,0.0,0.0,0.0,0.0,,,,,,,,,,,,,,,,,,,,,,,,,,,0.0,0.0,0.0,0.0,nm_inferred,1.0,0.0,,Princess Olga Pskov International Airport,57.781316,28.39384
ULPB,1.0,1.0,100.0,0.0,0.0,0.0,,1098.0,1098.0,1098.0,1098.0,1098.0,,,,,,,,,,,,,,,,1098.0,1098.0,100.0,,100.0,0.0,0.0,1.0,1.0,100.0,0.0,0.0,,,-800.0,-800.0,-800.0,-800.0,-800.0,,,,,,,,,,,,,,,,800.0,800.0,100.0,,100.0,0.0,0.0,0.0,nm_inferred,1.0,100.0,,Petrozavodsk Airport,61.885201,34.154701
ULWC,2.0,2.0,100.0,0.0,0.0,0.0,,4032.8,4109.0,4236.0,4363.0,4439.2,,,,,,,,,,,,,,,,4236.0,4439.2,100.0,,100.0,0.0,0.0,2.0,2.0,100.0,0.0,0.0,,,-1214.5,-1213.75,-1212.5,-1211.25,-1210.5,,,,,,,,,,,,,,,,1212.5,1214.5,100.0,,100.0,0.0,0.0,0.0,nm_inferred,2.0,100.0,,Cherepovets Airport,59.273601532,38.0158004761
UMGG,1.0,1.0,100.0,0.0,0.0,600.0,600.0,13550.0,13550.0,13550.0,13550.0,13550.0,-22.583333333333332,-22.583333333333332,-22.583333333333332,-22.583333333333332,-22.583333333333332,0.0,0.0,0.0,0.0,0.0,0.0,0.0,0.0,0.0,0.0,13550.0,13550.0,100.0,0.0,100.0,0.0,0.0,1.0,0.0,0.0,0.0,0.0,,,,,,,,,,,,,,,,,,,,,,,,,,,0.0,0.0,0.0,0.0,nm_inferred,1.0,50.0,,Gomel Airport,52.527000427246094,31.016700744628903
UMKK,143.0,129.0,90.20979020979021,0.0,0.0,600.0,600.0,94.0,135.0,220.0,320.0,391.0,-0.6516666666666667,-0.5333333333333333,-0.36666666666666664,-0.225,-0.15666666666666665,0.0,0.0,0.0,0.0,0.0,0.0,0.0,0.0,0.0,0.0,220.0,391.0,100.0,0.0,87.41258741258741,2.797202797202797,0.0,144.0,126.0,87.5,0.0,0.0,,,-490.0,-305.0,-207.5,-80.0,-27.5,,,,,,,,,,,,,,,,210.0,490.0,93.65079365079364,,78.47222222222223,9.027777777777779,0.0,0.0,nm_inferred,144.0,88.8548951048951,,Khrabrovo Airport,54.89161,20.598559
UMMS,34.0,34.0,100.0,0.0,0.0,600.0,600.0,31.5,50.0,82.5,7580.0,10460.5,-17.434166666666666,-12.633333333333333,-0.1375,-0.08333333333333333,-0.052500000000000005,0.0,0.0,0.0,0.0,0.0,0.0,0.0,0.0,0.0,0.0,82.5,10460.5,100.0,0.0,61.76470588235294,38.23529411764706,0.0,35.0,26.0,74.28571428571429,0.0,0.0,,,-10962.5,-10160.0,-9707.5,-6515.0,-377.5,,,,,,,,,,,,,,,,9707.5,10962.5,96.15384615384616,,37.142857142857146,37.142857142857146,0.0,0.0,nm_inferred,35.0,87.14285714285714,,Minsk National Airport,53.888071,28.039964
URMG,10.0,8.0,80.0,0.0,0.0,600.0,600.0,5889.4,6583.0,7115.0,7479.0,7832.4,-13.054,-12.465,-11.858333333333334,-10.971666666666666,-9.815666666666667,0.0,0.0,0.0,0.0,0.0,0.0,0.0,0.0,0.0,0.0,7115.0,7832.4,100.0,0.0,70.0,10.0,0.0,12.0,11.0,91.66666666666667,0.0,0.0,,,-7561.0,-7430.5,-5814.0,-5259.0,-1133.0,,,,,,,,,,,,,,,,5814.0,7561.0,100.0,,33.333333333333336,58.333333333333336,0.0,0.0,nm_inferred,12.0,85.83333333333334,,Akhmat Kadyrov Grozny International Airport,43.388106,45.699772
URML,26.0,18.0,69.23076923076923,0.0,0.0,600.0,600.0,827.4,1184.25,6251.5,6378.75,6453.1,-10.755166666666668,-10.63125,-10.419166666666666,-1.97375,-1.379,0.0,0.0,0.0,0.0,0.0,0.0,0.0,0.0,0.0,0.0,6251.5,6453.1,100.0,0.0,57.69230769230769,11.538461538461538,0.0,25.0,19.0,76.0,0.0,0.0,,,-7045.0,-6610.0,-6287.0,-1076.5,-814.2,,,,,,,,,,,,,,,,6287.0,7045.0,100.0,,40.0,36.0,0.0,0.0,nm_inferred,26.0,72.61538461538461,,Makhachkala Uytash International Airport,42.816799,47.652302
URMM,36.0,32.0,88.88888888888889,0.0,0.0,600.0,600.0,5.300000000000001,20.0,55.0,1363.75,5492.5,-9.154166666666667,-2.2729166666666663,-0.09166666666666666,-0.03333333333333333,-0.008833333333333323,0.0,0.0,0.0,0.0,0.0,0.0,0.0,0.0,0.0,0.0,55.0,5492.5,96.875,0.0,55.55555555555556,33.333333333333336,0.0,34.0,31.0,91.17647058823529,0.0,0.0,,,-4115.0,-2105.0,235.0,285.0,320.0,,,,,,,,,,,,,,,,320.0,4115.0,41.935483870967744,,70.58823529411765,20.58823529411765,0.0,0.0,nm_inferred,36.0,90.03267973856208,,Mineralnye Vody Airport,44.225101,43.081902
URMO,8.0,5.0,62.5,0.0,0.0,0.0,,1177.0,1240.0,1385.0,6230.0,8204.0,,,,,,,,,,,,,,,,1385.0,8204.0,100.0,,50.0,12.5,0.0,5.0,4.0,80.0,0.0,0.0,,,-3980.0,-2157.5,-1062.5,-843.75,-598.4999999999999,,,,,,,,,,,,,,,,1062.5,3980.000000000001,100.0,,80.0,0.0,0.0,0.0,nm_inferred,8.0,71.25,,Vladikavkaz Beslan International Airport,43.205101,44.606602
URMS,4.0,4.0,100.0,0.0,0.0,600.0,600.0,7606.6,7607.5,7612.0,7645.5,7698.6,-12.831,-12.7425,-12.686666666666667,-12.679166666666667,-12.677666666666665,0.0,0.0,0.0,0.0,0.0,0.0,0.0,0.0,0.0,0.0,7612.0,7698.6,100.0,0.0,25.0,75.0,0.0,3.0,3.0,100.0,0.0,0.0,,,-8569.4,-8442.5,-8231.0,-7989.5,-7844.6,,,,,,,,,,,,,,,,8231.0,8569.4,100.0,,0.0,100.0,0.0,0.0,nm_inferred,4.0,100.0,,Magas Airport,43.323268,45.012568
URMT,1.0,1.0,100.0,0.0,0.0,600.0,255.0,-345.0,-345.0,-345.0,-345.0,-345.0,0.575,0.575,0.575,0.575,0.575,0.6,0.6,0.6,0.6,0.6,0.575,0.575,0.575,0.575,0.575,345.0,345.0,0.0,0.0,100.0,0.0,0.0,,,,,,,,,,,,,,,,,,,,,,,,,,,,,,,,,,,0.0,nm_inferred,1.0,100.0,,Stavropol Shpakovskoye Airport,45.10919952392578,42.11280059814453
URSS,67.0,66.0,98.50746268656717,0.0,0.0,600.0,600.0,372.5,1517.5,1877.5,4323.75,4620.0,-7.7,-7.20625,-3.1291666666666664,-2.529166666666667,-0.6208333333333333,0.0,0.0,0.0,0.0,0.0,0.0,0.0,0.0,0.0,0.0,1877.5,4620.0,100.0,0.0,85.07462686567165,13.432835820895523,0.0,73.0,72.0,98.63013698630137,0.0,0.0,,,-3306.6,-2791.0,-981.0,-232.5,207.49999999999997,,,,,,,,,,,,,,,,981.0,3306.6,81.94444444444444,,97.26027397260275,1.36986301369863,0.0,0.0,nm_inferred,73.0,98.56879983643427,,Sochi International Airport,43.449902,39.9566
URWA,2.0,0.0,0.0,0.0,0.0,0.0,,,,,,,,,,,,,,,,,,,,,,,,,,0.0,0.0,0.0,2.0,0.0,0.0,0.0,0.0,,,,,,,,,,,,,,,,,,,,,,,,,,,0.0,0.0,0.0,0.0,nm_inferred,2.0,0.0,,Astrakhan Narimanovo Boris M. Kustodiev International Airport,46.282843,48.010511
URWW,4.0,4.0,100.0,0.0,0.0,0.0,,5353.5,5396.25,5572.5,5963.75,6393.5,,,,,,,,,,,,,,,,5572.5,6393.5,100.0,,75.0,25.0,0.0,2.0,2.0,100.0,0.0,0.0,,,-6938.5,-6516.25,-5812.5,-5108.75,-4686.5,,,,,,,,,,,,,,,,5812.5,6938.5,100.0,,50.0,50.0,0.0,0.0,nm_inferred,4.0,100.0,,Volgograd International Airport,48.78134,44.339194
USKK,1.0,1.0,100.0,0.0,0.0,0.0,,7585.0,7585.0,7585.0,7585.0,7585.0,,,,,,,,,,,,,,,,7585.0,7585.0,100.0,,100.0,0.0,0.0,1.0,1.0,100.0,0.0,0.0,,,-6475.0,-6475.0,-6475.0,-6475.0,-6475.0,,,,,,,,,,,,,,,,6475.0,6475.0,100.0,,0.0,100.0,0.0,0.0,nm_inferred,1.0,100.0,,Pobedilovo Airport,58.503883,49.347831
UUBC,1.0,1.0,100.0,0.0,0.0,0.0,,8912.0,8912.0,8912.0,8912.0,8912.0,,,,,,,,,,,,,,,,8912.0,8912.0,100.0,,100.0,0.0,0.0,1.0,1.0,100.0,0.0,0.0,,,-7213.0,-7213.0,-7213.0,-7213.0,-7213.0,,,,,,,,,,,,,,,,7213.0,7213.0,100.0,,100.0,0.0,0.0,0.0,nm_inferred,1.0,100.0,,Grabtsevo Airport,54.5499992371,36.3666687012
UUBI,1.0,1.0,100.0,0.0,0.0,600.0,600.0,5759.0,5759.0,5759.0,5759.0,5759.0,-9.598333333333333,-9.598333333333333,-9.598333333333333,-9.598333333333333,-9.598333333333333,0.0,0.0,0.0,0.0,0.0,0.0,0.0,0.0,0.0,0.0,5759.0,5759.0,100.0,0.0,0.0,100.0,0.0,1.0,1.0,100.0,0.0,0.0,,,-1139.0,-1139.0,-1139.0,-1139.0,-1139.0,,,,,,,,,,,,,,,,1139.0,1139.0,100.0,,100.0,0.0,0.0,0.0,nm_inferred,1.0,100.0,,Ivanovo South Airport,56.93939971923828,40.940799713134766
UUBW,11.0,10.0,90.9090909090909,0.0,0.0,0.0,,69.1,2152.0,7766.5,7835.0,8043.8,,,,,,,,,,,,,,,,7766.5,8043.8,100.0,,27.272727272727273,63.63636363636363,0.0,11.0,11.0,100.0,0.0,0.0,,,-7972.0,-7721.0,-7440.0,-7038.5,-6919.0,,,,,,,,,,,,,,,,7440.0,7972.0,90.9090909090909,,27.272727272727273,72.72727272727273,0.0,0.0,nm_inferred,11.0,95.45454545454545,,Zhukovsky International Airport,55.553299,38.150002
UUDD,87.0,78.0,89.65517241379311,0.0,0.0,600.0,600.0,906.7000000000003,3783.75,7572.5,8242.5,9269.199999999999,-15.448666666666666,-13.7375,-12.620833333333334,-6.30625,-1.5111666666666723,0.0,0.0,0.0,0.0,0.0,0.0,0.0,0.0,0.0,0.0,7572.5,9269.199999999999,98.71794871794872,0.0,55.172413793103445,34.48275862068966,0.0,81.0,75.0,92.5925925925926,0.0,0.0,,,-9250.2,-7719.5,-3302.0,-2015.5,123.80000000000015,,,,,,,,,,,,,,,,3302.0,9250.2,88.0,,65.4320987654321,27.160493827160494,0.0,0.0,nm_inferred,87.0,91.12388250319285,,Domodedovo International Airport,55.408798,37.9063
UUEE,199.0,165.0,82.91457286432161,0.0,0.0,600.0,600.0,2102.000000000001,4564.0,5249.0,8520.0,9454.0,-15.756666666666666,-14.2,-8.748333333333333,-7.6066666666666665,-3.5033333333333365,0.0,0.0,0.0,0.0,0.0,0.0,0.0,0.0,0.0,0.0,5249.0,9454.0,100.0,0.0,64.82412060301507,18.09045226130653,0.0,196.0,188.0,95.91836734693878,0.0,0.0,,,-12435.8,-9025.0,-3258.0,-1795.0,-851.9999999999999,,,,,,,,,,,,,,,,3258.0,12435.800000000001,94.68085106382979,,81.12244897959184,14.795918367346939,0.0,0.0,nm_inferred,199.0,89.4164701056302,,Sheremetyevo International Airport,55.976858,37.41121
UUWW,171.0,143.0,83.62573099415205,0.0,0.0,0.0,,1000.4000000000003,3182.5,4335.0,8092.5,8590.6,,,,,,,,,,,,,,,,4335.0,8590.6,100.0,,68.42105263157895,15.2046783625731,0.0,185.0,170.0,91.89189189189189,0.0,0.0,,,-8146.7,-7540.5,-2327.5,-1910.5,-1696.2,,,,,,,,,,,,,,,,2327.5,8146.7,95.88235294117646,,78.37837837837837,13.513513513513514,0.0,0.0,nm_inferred,185.0,87.75881144302197,,Vnukovo International Airport,55.591499,37.261501
UWGG,11.0,10.0,90.9090909090909,0.0,0.0,600.0,600.0,56.1,444.5,6662.0,7890.5,8460.7,-14.101166666666666,-13.150833333333335,-11.103333333333333,-0.7408333333333333,-0.0935,0.0,0.0,0.0,0.0,0.0,0.0,0.0,0.0,0.0,0.0,6662.0,8460.7,100.0,0.0,36.36363636363637,54.54545454545455,0.0,10.0,9.0,90.0,0.0,0.0,,,-10358.8,-9504.0,-7140.0,-3714.0,-2653.1999999999994,,,,,,,,,,,,,,,,7140.0,10358.800000000001,88.88888888888889,,40.0,50.0,0.0,0.0,nm_inferred,11.0,90.45454545454545,,Nizhny Novgorod / Strigino International Airport,56.227351,43.785152
UWKD,40.0,31.0,77.5,0.0,0.0,0.0,,1514.0,7226.5,7427.0,7789.5,8304.0,,,,,,,,,,,,,,,,7427.0,8304.0,100.0,,30.0,47.5,0.0,37.0,32.0,86.48648648648648,0.0,0.0,,,-8846.1,-7887.0,-7260.5,-6844.5,-4777.7,,,,,,,,,,,,,,,,7260.5,8846.1,100.0,,43.24324324324324,43.24324324324324,0.0,0.0,nm_inferred,40.0,81.99324324324324,,Kazan International Airport,55.606201,49.278702
UWLL,1.0,1.0,100.0,0.0,0.0,0.0,,850.0,850.0,850.0,850.0,850.0,,,,,,,,,,,,,,,,850.0,850.0,100.0,,0.0,100.0,0.0,1.0,1.0,100.0,0.0,0.0,,,-1565.0,-1565.0,-1565.0,-1565.0,-1565.0,,,,,,,,,,,,,,,,1565.0,1565.0,100.0,,100.0,0.0,0.0,0.0,nm_inferred,1.0,100.0,,Ulyanovsk Baratayevka Airport,54.27016,48.225569
UWSG,2.0,2.0,100.0,0.0,0.0,0.0,,2604.0,3583.5,5216.0,6848.5,7828.0,,,,,,,,,,,,,,,,5216.0,7828.0,100.0,,0.0,100.0,0.0,2.0,2.0,100.0,0.0,0.0,,,-4205.8,-3401.5,-2061.0,-720.5,83.80000000000007,,,,,,,,,,,,,,,,2681.0,4329.8,50.0,,50.0,50.0,0.0,0.0,nm_inferred,2.0,100.0,,Gagarin International Airport,51.712778,46.171111
