icao,n_gt_dep,n_detected_dep,detection_pct_dep,n_capture_excluded_dep,measured_pct_dep,taxi_out_median_s,dep_max_gap_median_s,off_s_p10,off_s_p25,off_s_p50,off_s_p75,off_s_p90,dep_reach_p10,dep_reach_p25,dep_reach_p50,dep_reach_p75,dep_reach_p90,dep_continuity_p10,dep_continuity_p25,dep_continuity_p50,dep_continuity_p75,dep_continuity_p90,dep_signal_p10,dep_signal_p25,dep_signal_p50,dep_signal_p75,dep_signal_p90,off_abs_p50,off_abs_p90,dep_no_ground_pct,dep_full_capture_pct,clean_pct_dep,fragmented_pct_dep,merged_pct_dep,n_gt_arr,n_detected_arr,detection_pct_arr,n_capture_excluded_arr,measured_pct_arr,taxi_in_median_s,arr_max_gap_median_s,land_s_p10,land_s_p25,land_s_p50,land_s_p75,land_s_p90,arr_reach_p10,arr_reach_p25,arr_reach_p50,arr_reach_p75,arr_reach_p90,arr_continuity_p10,arr_continuity_p25,arr_continuity_p50,arr_continuity_p75,arr_continuity_p90,arr_signal_p10,arr_signal_p25,arr_signal_p50,arr_signal_p75,arr_signal_p90,land_abs_p50,land_abs_p90,arr_no_ground_pct,arr_full_capture_pct,clean_pct_arr,fragmented_pct_arr,merged_pct_arr,measured_pct,t_source,n_gt,detection_pct,coverage_index,name,lat,lon
BIAR,21.0,18.0,85.71428571428571,0.0,0.0,300.0,300.0,499.0,511.5,601.5,741.5,2055.5000000000027,-6.851666666666665,-2.4716666666666667,-2.005,-1.705,-1.6633333333333333,0.0,0.0,0.0,0.0,0.0,0.0,0.0,0.0,0.0,0.0,601.5,2055.5000000000027,100.0,0.0,85.71428571428571,0.0,0.0,21.0,18.0,85.71428571428571,0.0,0.0,,,-2243.6999999999994,-974.5,-919.0,-861.25,-824.6,,,,,,,,,,,,,,,,919.0,2243.7000000000025,100.0,,85.71428571428571,0.0,0.0,0.0,nm_inferred,21.0,85.71428571428571,,Akureyri International Airport,65.656573,-18.072018
BIBD,3.0,3.0,100.0,0.0,0.0,600.0,600.0,1560.0,1569.0,1584.0,1586.5,1588.0,-2.646666666666667,-2.644166666666667,-2.64,-2.615,-2.6,0.0,0.0,0.0,0.0,0.0,0.0,0.0,0.0,0.0,0.0,1584.0,1588.0,100.0,0.0,66.66666666666667,33.333333333333336,0.0,3.0,3.0,100.0,0.0,0.0,,,-1354.2,-1345.5,-1331.0,-1316.5,-1307.8,,,,,,,,,,,,,,,,1331.0,1354.2,100.0,,100.0,0.0,0.0,0.0,nm_inferred,3.0,100.0,,Bildudalur Airport,65.641296,-23.5462
BIEG,8.0,8.0,100.0,0.0,0.0,300.0,300.0,1407.5,1424.0,1526.5,1609.0,1757.5,-5.858333333333333,-5.363333333333333,-5.088333333333333,-4.746666666666667,-4.691666666666667,0.0,0.0,0.0,0.0,0.0,0.0,0.0,0.0,0.0,0.0,1526.5,1757.5,100.0,0.0,100.0,0.0,0.0,8.0,8.0,100.0,0.0,0.0,,,-1546.4,-1373.75,-1311.0,-1289.0,-1275.2,,,,,,,,,,,,,,,,1311.0,1546.4,100.0,,100.0,0.0,0.0,0.0,nm_inferred,8.0,100.0,,Egilsstaðir Airport,65.2833023071289,-14.401399612426758
BIGJ,1.0,1.0,100.0,0.0,0.0,600.0,600.0,1134.0,1134.0,1134.0,1134.0,1134.0,-1.89,-1.89,-1.89,-1.89,-1.89,0.0,0.0,0.0,0.0,0.0,0.0,0.0,0.0,0.0,0.0,1134.0,1134.0,100.0,0.0,100.0,0.0,0.0,1.0,1.0,100.0,0.0,0.0,,,-1117.0,-1117.0,-1117.0,-1117.0,-1117.0,,,,,,,,,,,,,,,,1117.0,1117.0,100.0,,100.0,0.0,0.0,0.0,nm_inferred,1.0,100.0,,Gjögur Airport,65.9953,-21.3269
BIHN,3.0,3.0,100.0,0.0,0.0,300.0,300.0,1790.0,1791.5,1794.0,1806.5,1814.0,-6.046666666666667,-6.0216666666666665,-5.98,-5.971666666666667,-5.966666666666667,0.0,0.0,0.0,0.0,0.0,0.0,0.0,0.0,0.0,0.0,1794.0,1814.0,100.0,0.0,100.0,0.0,0.0,3.0,3.0,100.0,0.0,0.0,,,-1404.2,-1365.5,-1301.0,-1298.0,-1296.2,,,,,,,,,,,,,,,,1301.0,1404.2,100.0,,100.0,0.0,0.0,0.0,nm_inferred,3.0,100.0,,Hornafjörður Airport,64.295601,-15.2272
BIIS,7.0,4.0,57.142857142857146,0.0,0.0,600.0,600.0,1780.5,1782.75,1809.0,1847.75,1872.5,-3.1208333333333336,-3.0795833333333333,-3.0149999999999997,-2.97125,-2.9675,0.0,0.0,0.0,0.0,0.0,0.0,0.0,0.0,0.0,0.0,1809.0,1872.5,100.0,0.0,57.142857142857146,0.0,0.0,7.0,7.0,100.0,0.0,0.0,,,-1988.6,-1929.5,-1898.0,-1657.0,-1537.8,,,,,,,,,,,,,,,,1898.0,1988.6000000000001,100.0,,100.0,0.0,0.0,0.0,nm_inferred,7.0,78.57142857142857,,Ísafjörður Airport,66.058098,-23.1353
BIKF,284.0,284.0,100.0,0.0,99.29577464788733,840.0,780.0,-159.5,29.0,4551.5,4821.5,5093.0,-7.749986348122867,-6.174358974358975,-4.584803921568627,-0.03011239035087719,0.22878292939936798,0.0,0.0,0.0,0.09090909090909091,0.1917582417582418,0.0,0.0,0.0,0.04569568362671811,0.11577034883720934,4551.5,5093.0,84.15492957746478,0.0,34.859154929577464,64.78873239436619,0.352112676056338,285.0,285.0,100.0,0.0,99.29824561403508,300.0,234.0,-5756.0,-5476.0,-5271.0,4.0,124.0,-23.991666666666667,-18.985790754257906,-13.264285714285714,0.013333333333333334,0.4659378349410504,0.0,0.0,0.15384615384615385,0.3,0.42857142857142855,0.0,0.0,0.05555555555555555,0.12355982575418312,0.16788990825688072,5271.0,5756.0,72.98245614035088,0.0,35.08771929824562,64.56140350877193,0.3508771929824561,99.29824561403508,apdf,285.0,100.0,0.027777777777777776,Keflavik International Airport,63.985001,-22.6056
BIRK,44.0,44.0,100.0,0.0,0.0,300.0,243.5,-340.0,-262.25,-11.0,31.5,59.0,-0.19666666666666666,-0.105,0.03666666666666667,0.8741666666666666,1.1333333333333335,0.0,0.0,0.1,0.4,0.6,0.0,0.0,0.03333333333333333,0.1375,0.24500000000000005,158.5,366.50000000000006,45.45454545454545,0.0,93.18181818181819,4.545454545454546,2.272727272727273,44.0,41.0,93.18181818181819,0.0,0.0,,,-101.0,-31.0,74.0,109.0,144.0,,,,,,,,,,,,,,,,94.0,154.0,36.58536585365854,,84.0909090909091,6.818181818181818,2.272727272727273,0.0,nm_inferred,44.0,96.5909090909091,,Reykjavík Domestic Airport,64.128732,-21.93759
BITN,2.0,0.0,0.0,0.0,0.0,300.0,,,,,,,,,,,,,,,,,,,,,,,,,,0.0,0.0,0.0,2.0,0.0,0.0,0.0,0.0,,,,,,,,,,,,,,,,,,,,,,,,,,,0.0,0.0,0.0,0.0,nm_inferred,2.0,0.0,,Þórshöfn Airport,66.218459,-15.334739
BIVO,2.0,0.0,0.0,0.0,0.0,600.0,,,,,,,,,,,,,,,,,,,,,,,,,,0.0,0.0,0.0,2.0,0.0,0.0,0.0,0.0,,,,,,,,,,,,,,,,,,,,,,,,,,,0.0,0.0,0.0,0.0,nm_inferred,2.0,0.0,,Vopnafjörður Airport,65.720596,-14.8506
BKPR,120.0,108.0,90.0,0.0,0.0,300.0,300.0,622.5,704.0,746.5,989.0,1608.0,-5.33,-2.7319444444444447,-2.3966666666666665,-1.58,-1.2655,0.0,0.0,0.0,0.0,0.0,0.0,0.0,0.0,0.0,0.0,746.5,1608.0,100.0,0.0,85.83333333333333,4.166666666666667,0.0,120.0,107.0,89.16666666666667,0.0,0.0,,,-2128.0,-1736.0,-1136.0,-908.5,-849.0,,,,,,,,,,,,,,,,1136.0,2128.0,100.0,,87.5,0.8333333333333334,0.8333333333333334,0.0,nm_inferred,120.0,89.58333333333334,,Priština Adem Jashari International Airport,42.5728,21.035801
DAAE,10.0,10.0,100.0,0.0,0.0,600.0,600.0,133.0,199.0,471.5,570.25,611.5,-1.1323333333333332,-0.9504166666666667,-0.9225,-0.5075,-0.2741666666666667,0.0,0.0,0.0,0.0,0.0,0.0,0.0,0.0,0.0,0.0,471.5,611.5,100.0,0.0,100.0,0.0,0.0,10.0,10.0,100.0,0.0,0.0,,,-1085.0,-881.25,-385.0,-128.0,-107.30000000000001,,,,,,,,,,,,,,,,385.0,1085.0,100.0,,100.0,0.0,0.0,0.0,nm_inferred,10.0,100.0,,Soummam–Abane Ramdane Airport,36.712547,5.069909
DAAG,185.0,185.0,100.0,0.0,0.0,600.0,600.0,30.200000000000006,67.0,201.0,457.0,686.1999999999997,-4.335666666666667,-0.865,-0.4216666666666667,-0.11666666666666667,-0.05033333333333336,0.0,0.0,0.0,0.0,0.0,0.0,0.0,0.0,0.0,0.0,201.0,686.1999999999997,100.0,0.0,90.27027027027027,9.72972972972973,0.0,183.0,182.0,99.4535519125683,0.0,0.0,,,-3165.0,-713.5,-101.5,-51.0,-30.0,,,,,,,,,,,,,,,,114.5,3165.0,94.50549450549451,,83.06010928961749,16.39344262295082,0.0,0.0,nm_inferred,185.0,99.72677595628414,,Houari Boumediene Airport,36.693886,3.214531
DAAS,5.0,5.0,100.0,0.0,0.0,600.0,600.0,273.0,369.0,764.0,764.0,767.0,-1.2783333333333333,-1.2733333333333334,-1.2733333333333334,-0.615,-0.45499999999999996,0.0,0.0,0.0,0.0,0.0,0.0,0.0,0.0,0.0,0.0,764.0,767.0,100.0,0.0,100.0,0.0,0.0,5.0,5.0,100.0,0.0,0.0,,,-954.8,-821.0,-694.0,-685.0,-401.79999999999995,,,,,,,,,,,,,,,,694.0,954.8000000000001,100.0,,100.0,0.0,0.0,0.0,nm_inferred,5.0,100.0,,Ain Arnat Airport,36.178488,5.329909
DAAV,1.0,1.0,100.0,0.0,0.0,600.0,600.0,554.0,554.0,554.0,554.0,554.0,-0.9233333333333333,-0.9233333333333333,-0.9233333333333333,-0.9233333333333333,-0.9233333333333333,0.0,0.0,0.0,0.0,0.0,0.0,0.0,0.0,0.0,0.0,554.0,554.0,100.0,0.0,100.0,0.0,0.0,1.0,1.0,100.0,0.0,0.0,,,-1186.0,-1186.0,-1186.0,-1186.0,-1186.0,,,,,,,,,,,,,,,,1186.0,1186.0,100.0,,100.0,0.0,0.0,0.0,nm_inferred,1.0,100.0,,Jijel Ferhat Abbas Airport,36.794125,5.873652
DABB,6.0,6.0,100.0,0.0,0.0,360.0,360.0,424.0,736.5,759.0,762.75,814.0,-2.261111111111111,-2.11875,-2.1083333333333334,-2.0458333333333334,-1.1777777777777778,0.0,0.0,0.0,0.0,0.0,0.0,0.0,0.0,0.0,0.0,759.0,814.0,100.0,0.0,100.0,0.0,0.0,7.0,7.0,100.0,0.0,0.0,,,-1123.2,-1105.5,-1054.0,-841.5,338.80000000000086,,,,,,,,,,,,,,,,1103.0,1441.6000000000004,85.71428571428571,,85.71428571428571,14.285714285714286,0.0,0.0,nm_inferred,7.0,100.0,,Annaba Rabah Bitat Airport,36.826781,7.81334
DABC,20.0,20.0,100.0,0.0,0.0,360.0,360.0,682.5,792.75,874.0,941.5,1010.5000000000002,-3.0339444444444443,-2.688194444444444,-2.427777777777778,-2.2020833333333334,-1.8958333333333333,0.0,0.0,0.0,0.0,0.0,0.0,0.0,0.0,0.0,0.0,874.0,1010.5000000000002,100.0,0.0,100.0,0.0,0.0,20.0,20.0,100.0,0.0,0.0,,,-1733.5,-1057.5,-989.5,-791.75,-510.5999999999999,,,,,,,,,,,,,,,,989.5,1733.5,100.0,,100.0,0.0,0.0,0.0,nm_inferred,20.0,100.0,,Mohamed Boudiaf International Airport,36.276001,6.62039
DABT,1.0,1.0,100.0,0.0,0.0,600.0,600.0,1134.0,1134.0,1134.0,1134.0,1134.0,-1.89,-1.89,-1.89,-1.89,-1.89,0.0,0.0,0.0,0.0,0.0,0.0,0.0,0.0,0.0,0.0,1134.0,1134.0,100.0,0.0,100.0,0.0,0.0,1.0,1.0,100.0,0.0,0.0,,,-606.0,-606.0,-606.0,-606.0,-606.0,,,,,,,,,,,,,,,,606.0,606.0,100.0,,100.0,0.0,0.0,0.0,nm_inferred,1.0,100.0,,Batna Mostefa Ben Boulaid Airport,35.752102,6.30859
DAOI,2.0,2.0,100.0,0.0,0.0,600.0,600.0,115.5,132.75,161.5,190.25,207.5,-0.3458333333333333,-0.31708333333333333,-0.26916666666666667,-0.22125,-0.1925,0.0,0.0,0.0,0.0,0.0,0.0,0.0,0.0,0.0,0.0,161.5,207.5,100.0,0.0,100.0,0.0,0.0,2.0,2.0,100.0,0.0,0.0,,,-752.1,-684.75,-572.5,-460.25,-392.9,,,,,,,,,,,,,,,,572.5,752.1,100.0,,100.0,0.0,0.0,0.0,nm_inferred,2.0,100.0,,Chlef Aboubakr Belkaid International Airport,36.216614,1.341114
DAON,8.0,8.0,100.0,0.0,0.0,480.0,480.0,56.300000000000004,111.5,357.5,396.5,409.4,-0.8529166666666667,-0.8260416666666667,-0.6754166666666667,-0.23229166666666667,-0.11729166666666667,0.0,0.0,0.0,0.0,0.0,0.0,0.0,0.0,0.0,0.0,357.5,409.4,100.0,0.0,100.0,0.0,0.0,9.0,9.0,100.0,0.0,0.0,,,-625.6,-550.0,-524.0,-474.0,-348.0,,,,,,,,,,,,,,,,524.0,625.6,100.0,,100.0,0.0,0.0,0.0,nm_inferred,9.0,100.0,,Zenata – Messali El Hadj Airport,35.012732,-1.457117
DAOO,48.0,48.0,100.0,0.0,0.0,480.0,480.0,60.0,88.75,136.5,228.0,368.1,-1.8749999999999998,-0.8364583333333333,-0.4291666666666667,-0.23489583333333333,-0.1445833333333333,0.0,0.0,0.0,0.0,0.0,0.0,0.0,0.0,0.0,0.0,136.5,368.1,100.0,0.0,100.0,0.0,0.0,49.0,49.0,100.0,0.0,0.0,,,-594.6,-404.0,-193.0,-159.0,-90.8,,,,,,,,,,,,,,,,193.0,594.6000000000001,100.0,,97.95918367346938,2.0408163265306123,0.0,0.0,nm_inferred,49.0,100.0,,Oran Es-Sénia (Ahmed Ben Bella) International Airport,35.620648,-0.622486
DAUB,2.0,2.0,100.0,0.0,0.0,0.0,,885.0,969.0,1109.0,1249.0,1333.0,,,,,,,,,,,,,,,,1109.0,1333.0,100.0,,100.0,0.0,0.0,2.0,2.0,100.0,0.0,0.0,,,-1621.0,-1568.5,-1481.0,-1393.5,-1341.0,,,,,,,,,,,,,,,,1481.0,1621.0,100.0,,100.0,0.0,0.0,0.0,nm_inferred,2.0,100.0,,Biskra - Mohamed Khider Airport,34.79318,5.738899
DAUG,1.0,1.0,100.0,0.0,0.0,600.0,600.0,5629.0,5629.0,5629.0,5629.0,5629.0,-9.381666666666666,-9.381666666666666,-9.381666666666666,-9.381666666666666,-9.381666666666666,0.0,0.0,0.0,0.0,0.0,0.0,0.0,0.0,0.0,0.0,5629.0,5629.0,100.0,0.0,100.0,0.0,0.0,,,,,,,,,,,,,,,,,,,,,,,,,,,,,,,,,,,0.0,nm_inferred,1.0,100.0,,Noumérat - Moufdi Zakaria Airport,32.384102,3.79411
DAUH,1.0,0.0,0.0,0.0,0.0,360.0,,,,,,,,,,,,,,,,,,,,,,,,,,0.0,0.0,0.0,1.0,0.0,0.0,0.0,0.0,,,,,,,,,,,,,,,,,,,,,,,,,,,0.0,0.0,0.0,0.0,nm_inferred,1.0,0.0,,Hassi Messaoud-Oued Irara Krim Belkacem Airport,31.673,6.14044
DTMB,79.0,78.0,98.73417721518987,0.0,0.0,900.0,900.0,574.7,656.0,1014.0,1329.0,1540.5,-1.8105555555555557,-1.5491666666666666,-1.1266666666666667,-0.7288888888888889,-0.6385555555555555,0.0,0.0,0.0,0.0,0.0,0.0,0.0,0.0,0.0,0.0,1014.0,1540.5,100.0,0.0,94.9367088607595,3.7974683544303796,0.0,80.0,79.0,98.75,0.0,0.0,,,-1786.8,-1508.0,-1150.0,-1031.0,-888.4,,,,,,,,,,,,,,,,1150.0,1786.8,100.0,,91.25,7.5,0.0,0.0,nm_inferred,80.0,98.74208860759494,,Monastir Habib Bourguiba International Airport,35.75809860229492,10.75469970703125
DTNH,58.0,58.0,100.0,0.0,0.0,480.0,480.0,690.1,786.75,1244.0,1409.0,1439.6,-2.9991666666666665,-2.935416666666667,-2.591666666666667,-1.6125,-1.3929166666666664,0.0,0.0,0.0,0.0,0.0,0.0,0.0,0.0,0.0,0.0,1244.0,1439.6,100.0,0.0,98.27586206896552,1.7241379310344827,0.0,58.0,57.0,98.27586206896552,0.0,0.0,,,-1741.2,-1447.0,-1188.0,-1035.0,-807.8000000000001,,,,,,,,,,,,,,,,1188.0,1741.2,100.0,,98.27586206896552,0.0,0.0,0.0,nm_inferred,58.0,99.13793103448276,,Enfidha - Hammamet International Airport,36.075833,10.438611
DTTA,181.0,181.0,100.0,0.0,0.0,600.0,600.0,634.0,729.0,984.0,1094.0,1219.0,-2.34,-1.865,-1.6483333333333334,-1.235,-1.0566666666666666,0.0,0.0,0.0,0.0,0.0,0.0,0.0,0.0,0.0,0.0,984.0,1219.0,100.0,0.0,96.68508287292818,2.7624309392265194,0.5524861878453039,179.0,179.0,100.0,0.0,0.0,,,-1619.6,-1368.0,-1197.0,-1025.0,-877.7999999999996,,,,,,,,,,,,,,,,1197.0,1619.6000000000017,100.0,,89.94413407821229,10.05586592178771,0.0,0.0,nm_inferred,181.0,100.0,,Tunis Carthage International Airport,36.851002,10.2272
DTTJ,89.0,77.0,86.51685393258427,0.0,0.0,600.0,600.0,682.0,769.0,1134.0,2262.0,2404.8,-4.008,-3.77,-1.965,-1.2816666666666667,-1.1366666666666665,0.0,0.0,0.0,0.0,0.0,0.0,0.0,0.0,0.0,0.0,1134.0,2404.8,97.40259740259741,0.0,86.51685393258427,0.0,0.0,91.0,79.0,86.81318681318682,0.0,0.0,,,-2721.4,-2519.5,-1317.0,-1113.0,-978.4,,,,,,,,,,,,,,,,1317.0,2721.4,97.46835443037975,,85.71428571428571,1.098901098901099,0.0,0.0,nm_inferred,91.0,86.66502037288555,,Djerba Zarzis International Airport,33.873719,10.7773
DTTX,3.0,3.0,100.0,0.0,0.0,600.0,600.0,1837.2,1864.5,1910.0,2004.5,2061.2,-3.4353333333333333,-3.3408333333333333,-3.183333333333333,-3.1075,-3.062,0.0,0.0,0.0,0.0,0.0,0.0,0.0,0.0,0.0,0.0,1910.0,2061.2,100.0,0.0,100.0,0.0,0.0,3.0,3.0,100.0,0.0,0.0,,,-2071.2,-2037.0,-1980.0,-1788.5,-1673.6,,,,,,,,,,,,,,,,1980.0,2071.2,100.0,,100.0,0.0,0.0,0.0,nm_inferred,3.0,100.0,,Sfax Thyna International Airport,34.717999,10.691
DTTZ,1.0,1.0,100.0,0.0,0.0,600.0,600.0,1584.0,1584.0,1584.0,1584.0,1584.0,-2.64,-2.64,-2.64,-2.64,-2.64,0.0,0.0,0.0,0.0,0.0,0.0,0.0,0.0,0.0,0.0,1584.0,1584.0,100.0,0.0,100.0,0.0,0.0,2.0,2.0,100.0,0.0,0.0,,,-2795.2,-2747.5,-2668.0,-2588.5,-2540.8,,,,,,,,,,,,,,,,2668.0,2795.2,100.0,,100.0,0.0,0.0,0.0,nm_inferred,2.0,100.0,,Tozeur Nefta International Airport,33.939701080322266,8.110560417175293
EBAW,29.0,29.0,100.0,0.0,0.0,300.0,164.0,-318.0,-161.0,-136.0,-76.0,18.999999999999982,-0.06333333333333331,0.25333333333333335,0.4533333333333333,0.5366666666666666,1.0233333333333334,0.0,0.3,0.5,0.6,0.7199999999999999,0.0,0.18333333333333332,0.3,0.4,0.45,136.0,318.0,13.793103448275861,0.0,89.65517241379311,3.4482758620689653,6.896551724137931,25.0,25.0,100.0,0.0,0.0,,,-25.6,-15.0,-2.0,29.0,157.00000000000009,,,,,,,,,,,,,,,,21.0,157.00000000000009,56.0,,92.0,0.0,8.0,0.0,nm_inferred,29.0,100.0,,Antwerp International Airport (Deurne),51.190667,4.463153
EBBR,867.0,866.0,99.88465974625144,0.0,99.76931949250289,660.0,45.0,-1173.5,-909.75,-731.0,-601.0,-511.0,0.9473389355742297,0.9952380952380953,1.0645833333333334,1.1984848484848485,1.5249198717948718,0.7083333333333334,0.8636363636363636,0.9583333333333334,1.0,1.0,0.5833333333333334,0.6759259259259259,0.75,0.8148148148148148,0.8641098484848485,731.0,1173.5,0.0,1.8475750577367205,92.73356401384083,6.920415224913495,0.2306805074971165,844.0,839.0,99.40758293838863,0.0,99.88151658767772,300.0,15.0,239.0,284.0,359.0,459.0,595.0000000000002,1.0214285714285714,1.0666666666666667,1.1333333333333333,1.2444444444444445,1.4707539682539688,1.0,1.0,1.0,1.0,1.0,0.7222222222222222,0.7916666666666666,0.8333333333333334,0.8833333333333333,0.9305555555555556,359.0,600.0000000000002,0.11918951132300358,8.83054892601432,91.82464454976304,7.109004739336493,0.47393364928909953,99.88151658767772,apdf,867.0,99.64612134232004,0.7888651272933671,Brussels Airport,50.901402,4.48444
EBCI,304.0,304.0,100.0,0.0,100.0,630.0,630.0,24.0,29.0,44.0,64.0,69.0,-0.12777777777777777,-0.10208333333333333,-0.06973443223443224,-0.04431818181818182,-0.03166666666666667,0.0,0.0,0.0,0.0,0.0,0.0,0.0,0.0,0.0,0.0,44.0,69.0,99.67105263157895,0.0,98.02631578947368,1.9736842105263157,0.0,303.0,303.0,100.0,0.0,99.66996699669967,300.0,293.5,-31.0,-21.0,-6.0,9.0,19.0,-0.12,-0.07,-0.02,0.03,0.06333333333333334,0.0,0.0,0.0,0.1,0.1,0.0,0.0,0.0,0.02306547619047619,0.05,16.0,35.60000000000002,62.37623762376238,0.0,97.02970297029702,2.9702970297029703,0.0,100.0,apdf,304.0,100.0,0.0,Brussels South Charleroi Airport,50.461963,4.459562
EBCV,1.0,1.0,100.0,0.0,0.0,900.0,900.0,24.0,24.0,24.0,24.0,24.0,-0.02666666666666667,-0.02666666666666667,-0.02666666666666667,-0.02666666666666667,-0.02666666666666667,0.0,0.0,0.0,0.0,0.0,0.0,0.0,0.0,0.0,0.0,24.0,24.0,100.0,0.0,100.0,0.0,0.0,1.0,1.0,100.0,0.0,0.0,,,3.0,3.0,3.0,3.0,3.0,,,,,,,,,,,,,,,,3.0,3.0,0.0,,100.0,0.0,0.0,0.0,nm_inferred,1.0,100.0,,Chièvres Air Base,50.575802,3.831
EBKT,17.0,17.0,100.0,0.0,0.0,900.0,900.0,14.0,24.0,59.0,74.0,108.0,-0.2726666666666666,-0.10666666666666667,-0.07111111111111111,-0.02666666666666667,-0.015555555555555555,0.0,0.0,0.0,0.0,0.0,0.0,0.0,0.0,0.0,0.0,59.0,108.0,100.0,0.0,82.3529411764706,11.764705882352942,5.882352941176471,8.0,8.0,100.0,0.0,0.0,,,-81.2,-72.5,-56.0,-34.25,-23.3,,,,,,,,,,,,,,,,56.0,81.2,100.0,,100.0,0.0,0.0,0.0,nm_inferred,17.0,100.0,,Kortrijk-Wevelgem International Airport,50.818878,3.209551
EBLG,128.0,128.0,100.0,0.0,0.0,900.0,900.0,34.0,44.0,59.0,79.0,89.0,-0.11497435897435897,-0.09083333333333334,-0.06555555555555556,-0.051515151515151514,-0.03717948717948718,0.0,0.0,0.0,0.0,0.0,0.0,0.0,0.0,0.0,0.0,59.0,89.0,100.0,0.0,68.75,31.25,0.0,117.0,116.0,99.14529914529915,0.0,0.0,,,-35.0,-23.5,-7.5,4.0,19.0,,,,,,,,,,,,,,,,16.0,35.5,67.24137931034483,,64.95726495726495,34.18803418803419,0.0,0.0,nm_inferred,128.0,99.57264957264957,,Liège Airport,50.638574,5.443897
EBMB,1.0,1.0,100.0,0.0,0.0,360.0,35.0,-7241.0,-7241.0,-7241.0,-7241.0,-7241.0,20.113888888888887,20.113888888888887,20.113888888888887,20.113888888888887,20.113888888888887,0.9166666666666666,0.9166666666666666,0.9166666666666666,0.9166666666666666,0.9166666666666666,0.8333333333333334,0.8333333333333334,0.8333333333333334,0.8333333333333334,0.8333333333333334,7241.0,7241.0,0.0,0.0,0.0,0.0,100.0,2.0,2.0,100.0,0.0,0.0,,,855.8000000000001,1848.5,3503.0,5157.5,6150.2,,,,,,,,,,,,,,,,3503.0,6150.2,0.0,,50.0,0.0,50.0,0.0,nm_inferred,2.0,100.0,,Melsbroek Air Base,50.913419,4.491005
EBOS,18.0,16.0,88.88888888888889,0.0,0.0,900.0,900.0,31.5,42.75,61.5,79.0,81.5,-0.1138888888888889,-0.08777777777777777,-0.07111111111111111,-0.04888888888888889,-0.035,0.0,0.0,0.0,0.0,0.0,0.0,0.0,0.0,0.0,0.0,61.5,81.5,100.0,0.0,83.33333333333333,5.555555555555555,0.0,18.0,17.0,94.44444444444444,0.0,0.0,,,-63.0,-46.0,-32.0,-16.0,-11.0,,,,,,,,,,,,,,,,32.0,63.0,100.0,,83.33333333333333,11.11111111111111,0.0,0.0,nm_inferred,18.0,91.66666666666666,,Ostend-Bruges International Airport,51.1998,2.874673
EBSP,1.0,1.0,100.0,0.0,0.0,900.0,900.0,10.0,10.0,10.0,10.0,10.0,-0.011111111111111112,-0.011111111111111112,-0.011111111111111112,-0.011111111111111112,-0.011111111111111112,0.0,0.0,0.0,0.0,0.0,0.0,0.0,0.0,0.0,0.0,10.0,10.0,100.0,0.0,100.0,0.0,0.0,,,,,,,,,,,,,,,,,,,,,,,,,,,,,,,,,,,0.0,nm_inferred,1.0,100.0,,Spa-La Sauvenière Airfield,50.482006,5.913434
EDAH,5.0,3.0,60.0,0.0,0.0,480.0,480.0,65.0,66.5,69.0,177.0,241.8,-0.50375,-0.36875,-0.14375,-0.13854166666666667,-0.13541666666666666,0.0,0.0,0.0,0.0,0.0,0.0,0.0,0.0,0.0,0.0,69.0,241.8,100.0,0.0,60.0,0.0,0.0,5.0,3.0,60.0,0.0,0.0,,,-631.8,-622.5,-607.0,-423.5,-313.4,,,,,,,,,,,,,,,,607.0,631.8,100.0,,60.0,0.0,0.0,0.0,nm_inferred,5.0,60.0,,Heringsdorf Airport,53.8787,14.1523
EDAQ,,,,,,,,,,,,,,,,,,,,,,,,,,,,,,,,,,,1.0,1.0,100.0,0.0,0.0,,,132.0,132.0,132.0,132.0,132.0,,,,,,,,,,,,,,,,132.0,132.0,0.0,,100.0,0.0,0.0,0.0,nm_inferred,1.0,100.0,,Halle-Oppin Airfield,51.552223,12.053889
EDAY,1.0,1.0,100.0,0.0,0.0,600.0,600.0,391.0,391.0,391.0,391.0,391.0,-0.6516666666666666,-0.6516666666666666,-0.6516666666666666,-0.6516666666666666,-0.6516666666666666,0.0,0.0,0.0,0.0,0.0,0.0,0.0,0.0,0.0,0.0,391.0,391.0,100.0,0.0,100.0,0.0,0.0,,,,,,,,,,,,,,,,,,,,,,,,,,,,,,,,,,,0.0,nm_inferred,1.0,100.0,,Strausberg Airfield,52.580555,13.916667
EDAZ,4.0,4.0,100.0,0.0,0.0,600.0,600.0,33.5,40.25,49.0,56.5,61.0,-0.10166666666666667,-0.09416666666666666,-0.08166666666666667,-0.06708333333333333,-0.05583333333333333,0.0,0.0,0.0,0.0,0.0,0.0,0.0,0.0,0.0,0.0,49.0,61.0,100.0,0.0,100.0,0.0,0.0,4.0,4.0,100.0,0.0,0.0,,,-74.5,-49.75,-35.5,-19.25,9.100000000000012,,,,,,,,,,,,,,,,35.5,74.50000000000001,75.0,,100.0,0.0,0.0,0.0,nm_inferred,4.0,100.0,,Schönhagen Airfield,52.204631,13.159526
EDBC,1.0,1.0,100.0,0.0,0.0,600.0,600.0,34.0,34.0,34.0,34.0,34.0,-0.056666666666666664,-0.056666666666666664,-0.056666666666666664,-0.056666666666666664,-0.056666666666666664,0.0,0.0,0.0,0.0,0.0,0.0,0.0,0.0,0.0,0.0,34.0,34.0,100.0,0.0,100.0,0.0,0.0,1.0,1.0,100.0,0.0,0.0,,,204.0,204.0,204.0,204.0,204.0,,,,,,,,,,,,,,,,204.0,204.0,0.0,,100.0,0.0,0.0,0.0,nm_inferred,1.0,100.0,,Cochstedt Airport,51.8564,11.4203
EDBM,1.0,1.0,100.0,0.0,0.0,300.0,199.0,-101.0,-101.0,-101.0,-101.0,-101.0,0.33666666666666667,0.33666666666666667,0.33666666666666667,0.33666666666666667,0.33666666666666667,0.4,0.4,0.4,0.4,0.4,0.3,0.3,0.3,0.3,0.3,101.0,101.0,0.0,0.0,100.0,0.0,0.0,1.0,1.0,100.0,0.0,0.0,,,225.0,225.0,225.0,225.0,225.0,,,,,,,,,,,,,,,,225.0,225.0,0.0,,100.0,0.0,0.0,0.0,nm_inferred,1.0,100.0,,Magdeburg City Airfield,52.073612,11.626389
EDBR,,,,,,,,,,,,,,,,,,,,,,,,,,,,,,,,,,,1.0,1.0,100.0,0.0,0.0,,,-96.0,-96.0,-96.0,-96.0,-96.0,,,,,,,,,,,,,,,,96.0,96.0,100.0,,100.0,0.0,0.0,0.0,nm_inferred,1.0,100.0,,Rothenburg/Görlitz Airfield,51.363335,14.95
EDDB,869.0,852.0,98.04372842347526,0.0,99.5397008055236,608.0,510.0,-501.0,-249.0,-19.0,8.0,13.0,-0.023212887418222233,-0.012324941589592579,0.031214047133048803,0.4205620506283734,0.8169408382902423,0.0,0.0,0.058823529411764705,0.2,0.3569124423963133,0.0,0.0,0.019947372888549357,0.08100753770114438,0.1380919343785165,21.0,502.9,37.67605633802817,0.0,92.17491369390103,5.178365937859609,0.6904487917146145,835.0,815.0,97.60479041916167,0.0,100.0,340.0,269.0,-1.0,3.5,59.0,192.5,278.6,-0.0030903479022977554,0.010398644752018453,0.1861198738170347,0.7172050323019381,1.0376648705827907,0.0,0.07692307692307693,0.15384615384615385,0.3333333333333333,0.5,0.0,0.015673981191222573,0.048701298701298704,0.11352923847400206,0.1777010609377631,66.0,285.0,16.441717791411044,0.0,91.97604790419162,5.029940119760479,0.5988023952095808,100.0,apdf,869.0,97.82425942131846,0.03357752729267095,Berlin Brandenburg Airport,52.361738,13.502341
EDDC,45.0,45.0,100.0,0.0,100.0,540.0,540.0,-1.0,14.0,24.0,39.0,52.00000000000001,-0.09380952380952381,-0.07083333333333333,-0.05,-0.019444444444444445,0.001762820512820514,0.0,0.0,0.0,0.0,0.05288461538461542,0.0,0.0,0.0,0.0,0.00881410256410257,24.0,52.00000000000001,86.66666666666667,0.0,95.55555555555556,4.444444444444445,0.0,45.0,45.0,100.0,0.0,100.0,240.0,151.0,-24.0,-11.0,14.0,84.0,138.00000000000003,-0.12333333333333332,-0.06111111111111111,0.058333333333333334,0.43333333333333335,0.6125,0.0,0.0,0.125,0.25,0.375,0.0,0.0,0.05555555555555555,0.1388888888888889,0.2027777777777778,26.0,138.00000000000003,37.77777777777778,0.0,97.77777777777777,2.2222222222222223,0.0,100.0,apdf,45.0,100.0,0.027777777777777776,Dresden Airport,51.134123,13.767831
EDDE,14.0,14.0,100.0,0.0,100.0,510.0,257.5,-366.5,-317.25,-171.0,-84.75,-34.49999999999995,0.11833333333333333,0.15180555555555555,0.3664102564102564,0.6448809523809523,0.7252777777777778,0.12777777777777777,0.175,0.23205128205128206,0.328125,0.5797619047619048,0.07314814814814814,0.11330128205128205,0.1750801282051282,0.2125,0.36666666666666675,201.0,542.5000000000002,7.142857142857143,0.0,92.85714285714286,7.142857142857143,0.0,15.0,15.0,100.0,0.0,100.0,300.0,191.0,34.0,56.5,84.0,276.5,303.0,0.12333333333333334,0.22541666666666665,0.28,0.7019444444444445,0.9233333333333333,0.15238095238095237,0.25,0.375,0.45,0.6066666666666667,0.10158730158730159,0.15625,0.23333333333333334,0.28541666666666665,0.36,84.0,303.0,0.0,0.0,93.33333333333333,6.666666666666667,0.0,100.0,apdf,15.0,100.0,0.20420673076923077,Erfurt-Weimar Airport,50.978281,10.960713
EDDF,2047.0,2039.0,99.60918417195896,0.0,99.26722032242306,865.0,840.0,-18.0,-1.0,8.0,13.0,21.0,-0.02762452107279693,-0.016542735515258734,-0.008396305625524769,0.0005986227390919221,0.022419304443963763,0.0,0.0,0.0,0.019230769230769232,0.05263157894736842,0.0,0.0,0.0,0.003639041030584895,0.016933848567165323,10.0,39.0,74.93869543894066,0.0,89.39912066438691,10.210063507572057,0.0,2010.0,1996.0,99.30348258706468,0.0,99.95024875621891,567.0,510.0,-4.0,-2.0,1.0,99.0,323.5,-0.007621977766812759,-0.0038622565423418673,0.002008032128514056,0.21980240549828178,0.5482250251562029,0.0,0.0,0.043478260869565216,0.09090909090909091,0.16666666666666666,0.0,0.0,0.008333333333333333,0.023622047244094488,0.04278994857153316,4.0,339.0,45.99198396793587,0.0,89.85074626865672,9.45273631840796,0.0,99.95024875621891,apdf,2047.0,99.45633337951182,0.004144013890812992,Frankfurt Main Airport,50.026706,8.55835
EDDG,58.0,58.0,100.0,0.0,89.65517241379311,300.0,300.0,5.4,13.25,24.0,49.0,60.50000000000002,-0.185,-0.14250000000000002,-0.0738378770476939,-0.03949275362318841,-0.01772727272727272,0.0,0.0,0.0,0.0,0.0,0.0,0.0,0.0,0.0,0.0,24.0,65.50000000000003,94.82758620689656,0.0,91.37931034482759,8.620689655172415,0.0,54.0,54.0,100.0,0.0,88.88888888888889,300.0,300.0,-43.0,-26.75,-17.0,-3.5,24.0,-0.49247648902821317,-0.15332357859531773,-0.05235836627140975,0.00029761904761904743,0.07358333333333338,0.0,0.0,0.0,0.015625,0.1,0.0,0.0,0.0,0.0026041666666666665,0.07604166666666672,23.0,43.7,75.92592592592592,0.0,98.14814814814815,1.8518518518518519,0.0,89.65517241379311,apdf,58.0,100.0,0.0,Münster Osnabrück Airport,52.133816,7.688482
EDDH,537.0,533.0,99.25512104283054,0.0,99.4413407821229,556.0,372.0,-631.8,-452.0,-216.0,-81.0,-15.0,0.027723144226516158,0.1552511415525114,0.38943248532289626,0.8653846153846154,1.0080970121995763,0.0625,0.13043478260869565,0.23809523809523808,0.35294117647058826,0.5129032258064518,0.030278741084865536,0.05134788189987163,0.09129213483146068,0.14799154334038056,0.2415867367641879,217.0,631.8,1.125703564727955,0.0,95.53072625698324,3.35195530726257,0.37243947858473,532.0,526.0,98.87218045112782,0.0,99.81203007518798,269.0,171.0,-10.5,86.0,152.5,237.0,321.5,-0.04791375715023627,0.29372385600202816,0.5470407967822256,0.9012006512006512,1.0129047178538388,0.0,0.2,0.36363636363636365,0.5437062937062936,0.6666666666666666,0.0,0.06504116798234445,0.14201203320896777,0.20906007751937986,0.2822327405296938,152.5,321.5,12.927756653992395,0.0,94.73684210526316,3.5714285714285716,0.5639097744360902,99.81203007518798,apdf,537.0,99.06365074697918,0.11555981310285773,Hamburg Helmut Schmidt Airport,53.630402,9.98823
EDDK,505.0,496.0,98.21782178217822,0.0,99.60396039603961,776.0,419.5,-1064.5,-726.5,-478.0,-179.5,2.5,-0.004290282843116432,0.26668680171462816,0.5960358429039343,0.9058450187303837,1.0314297076915373,0.0,0.14285714285714285,0.28125,0.4166666666666667,0.5714285714285714,0.0,0.0590591998384459,0.1346758919843597,0.22564270071465437,0.3173919906854855,481.0,1064.5,11.290322580645162,0.0,91.08910891089108,6.732673267326732,0.39603960396039606,498.0,489.0,98.19277108433735,0.0,99.79919678714859,380.0,210.0,9.0,73.0,203.0,339.0,481.2,0.03732893482126749,0.27699530516431925,0.5048076923076923,0.8461538461538461,0.9606761483581675,0.09090909090909091,0.1875,0.3333333333333333,0.4666666666666667,0.5714285714285714,0.030550401978973407,0.0663129973474801,0.13192612137203166,0.20689655172413793,0.26785714285714285,204.0,484.4,6.339468302658487,0.0,91.56626506024097,6.42570281124498,0.20080321285140562,99.79919678714859,apdf,505.0,98.20529643325779,0.1309086487568388,Cologne Bonn Airport,50.865898,7.14274
EDDL,757.0,753.0,99.47159841479524,0.0,99.47159841479525,705.0,235.0,-865.4,-698.0,-527.0,-369.0,-247.19999999999993,0.36688035891793047,0.5305263157894737,0.8438395415472779,0.9712230215827338,1.0263531483927786,0.3333333333333333,0.4722222222222222,0.5833333333333334,0.7058823529411765,0.814351851851852,0.19926068222864063,0.2800829875518672,0.36704730831973903,0.4612546125461255,0.5480984434814167,527.0,865.4000000000002,0.2656042496679947,0.0,93.26287978863937,5.9445178335535,0.26420079260237783,750.0,742.0,98.93333333333334,0.0,99.86666666666667,231.0,89.0,25.10000000000001,132.25,184.5,250.75,325.9,0.10096153846153846,0.6075471698113207,0.8505154639175257,1.0125,1.0970873786407767,0.14285714285714285,0.3333333333333333,0.625,0.8181818181818182,1.0,0.03759398496240601,0.11494252873563218,0.2480916030534351,0.39344262295081966,0.532319391634981,185.0,328.0,5.795148247978437,0.1349527665317139,92.26666666666667,6.533333333333333,0.13333333333333333,99.86666666666667,apdf,757.0,99.20246587406429,0.30511648431653177,Düsseldorf Airport,51.289501,6.76678
EDDM,1560.0,1557.0,99.8076923076923,0.0,99.87179487179488,780.0,600.0,-591.0,-301.0,14.0,39.0,59.0,-0.08205128205128205,-0.05333333333333334,-0.016666666666666666,0.4238095238095238,0.6578837719298247,0.0,0.0,0.0,0.13333333333333333,0.2647058823529412,0.0,0.0,0.0,0.05,0.12986111111111115,59.0,593.0000000000005,54.59216441875402,0.0,93.46153846153847,6.089743589743589,0.2564102564102564,1543.0,1541.0,99.8703823720026,0.0,100.0,360.0,276.0,-1.0,14.0,39.0,274.0,404.0,-0.0033333333333333335,0.03888888888888889,0.11333333333333333,0.7472222222222222,0.9555555555555556,0.0,0.08333333333333333,0.14285714285714285,0.2777777777777778,0.4375,0.0,0.03333333333333333,0.08333333333333333,0.1388888888888889,0.2037037037037037,39.0,409.0,12.070084360804673,0.0,93.71354504212573,6.09202851587816,0.06480881399870382,100.0,apdf,1560.0,99.83903733984745,0.0415995988916031,Munich Airport,48.353802,11.7861
EDDN,194.0,192.0,98.96907216494846,0.0,99.48453608247422,654.5,324.5,-798.9,-632.0,-365.0,-133.5,8.0,-0.010988783943329397,0.24599714593156702,0.7042371943799093,0.8949114039073149,1.6892940199335553,0.0,0.08444816053511706,0.29923273657289007,0.5875,0.8104166666666668,0.0,0.027323527884066,0.11886190826588178,0.31704158936301796,0.5622304848302709,367.0,809.0,17.708333333333332,0.0,91.75257731958763,6.701030927835052,0.5154639175257731,195.0,193.0,98.97435897435898,0.0,100.0,224.0,66.0,4.200000000000031,126.0,186.0,250.0,319.40000000000003,0.022022144522144637,0.6903225806451613,0.920863309352518,1.148471615720524,1.3944186046511629,0.0,0.375,0.625,0.8333333333333334,1.0,0.0,0.11811023622047245,0.19650655021834063,0.3401360544217687,0.4976331360946747,186.0,319.40000000000003,9.844559585492227,0.0,94.35897435897436,4.102564102564102,0.5128205128205128,100.0,apdf,195.0,98.97171556965372,0.15606278686370306,Nuremberg Airport,49.498699,11.078056
EDDP,253.0,253.0,100.0,0.0,96.83794466403161,780.0,144.0,-1158.0,-891.0,-691.0,-571.0,-421.0,0.5908,0.8175,0.9194444444444444,1.0009803921568627,1.1170512820512821,0.44000000000000006,0.6363636363636364,0.8181818181818182,0.9411764705882353,1.0,0.3401587301587302,0.5083333333333333,0.6435185185185185,0.7222222222222222,0.825925925925926,691.0,1158.0000000000002,0.7905138339920948,3.1620553359683794,82.21343873517786,16.99604743083004,0.7905138339920948,256.0,255.0,99.609375,0.0,99.609375,300.0,15.0,249.0,299.0,369.0,461.5,630.9999999999998,0.9549166666666667,1.031875,1.1466666666666667,1.74125,2.450000000000001,1.0,1.0,1.0,1.0,1.0,0.625,0.6875,0.7930555555555555,0.9166666666666666,0.9861111111111112,369.0,670.0,0.7843137254901961,18.89763779527559,89.84375,9.765625,0.0,99.609375,apdf,256.0,99.8046875,0.716884132667824,Leipzig/Halle Airport,51.420657,12.232705
EDDR,23.0,17.0,73.91304347826087,0.0,100.0,300.0,300.0,17.8,22.0,29.0,49.0,79.0,-0.3035555555555555,-0.16333333333333333,-0.09666666666666666,-0.06990881458966565,-0.05012000657570278,0.0,0.0,0.0,0.0,0.0,0.0,0.0,0.0,0.0,0.0,29.0,79.0,100.0,0.0,73.91304347826087,0.0,0.0,22.0,16.0,72.72727272727273,0.0,100.0,302.0,300.0,-143.5,-109.0,-83.5,-60.5,-40.0,-0.474650059311981,-0.4255854348944931,-0.2401742993848257,-0.20577083830905182,-0.15795682730923694,0.0,0.0,0.0,0.0,0.0,0.0,0.0,0.0,0.0,0.0,83.5,143.5,100.0,0.0,68.18181818181819,4.545454545454546,0.0,100.0,apdf,23.0,73.32015810276681,0.0,Saarbrücken Airport,49.214545,7.109735
EDDS,440.0,423.0,96.13636363636364,1.0,100.0,713.0,37.0,-1613.8,-993.0,-790.0,-662.0,-495.1999999999999,0.8802700118312508,0.9357594789890624,1.0890478856580552,1.4626220120734141,2.3615499466761487,0.8571428571428571,0.9230769230769231,0.9622507122507122,1.0,1.0,0.6943632362413226,0.763089602510735,0.8240571587812731,0.8839932902341071,0.9303010890454837,790.0,1613.8000000000002,0.2364066193853428,6.161137440758294,91.5909090909091,3.1818181818181817,1.3636363636363635,433.0,415.0,95.84295612009238,0.0,99.76905311778292,262.0,10.0,166.0,208.5,258.0,344.0,453.80000000000007,0.740923076923077,0.9630975985899979,1.0175438596491229,1.0850866613061736,1.4711136363636363,0.7692307692307693,0.9,1.0,1.0,1.0,0.6797412769997627,0.8669976035604245,0.9668442455970419,0.9908360964370013,1.0017543859649123,258.0,453.80000000000007,0.0,57.2463768115942,91.91685912240185,3.0023094688221708,0.9237875288683602,100.0,apdf,440.0,95.98965987822801,0.8595400834085766,Stuttgart Airport,48.689899,9.22196
EDDV,210.0,209.0,99.52380952380952,0.0,100.0,620.5,428.0,-708.8,-479.0,-272.0,-2.0,11.200000000000017,-0.019512727381432823,0.0044742729306487695,0.45225225225225224,0.8633217993079585,0.985177973836325,0.0,0.041666666666666664,0.11764705882352941,0.2631578947368421,0.4151260504201683,0.0,0.008445945945945945,0.04566210045662101,0.1053639846743295,0.19973377703826956,272.0,708.8000000000001,23.444976076555022,0.0,94.28571428571429,5.238095238095238,0.0,202.0,201.0,99.5049504950495,1.0,100.0,363.5,236.0,4.0,34.0,254.0,364.0,453.0,0.0071315372424722665,0.13963963963963963,0.7802547770700637,0.9607843137254902,1.0319148936170213,0.05263157894736842,0.1111111111111111,0.23076923076923078,0.36363636363636365,0.5,0.011820330969267141,0.04194630872483222,0.06666666666666667,0.11400651465798047,0.1724137931034483,254.0,453.0,9.950248756218905,0.0,98.01980198019803,0.9900990099009901,0.49504950495049505,100.0,apdf,210.0,99.51438000942952,0.055891638087487816,Hannover Airport,52.461102,9.68508
EDDW,88.0,88.0,100.0,0.0,97.72727272727273,540.0,464.5,-175.6,-111.25,-39.0,-22.5,9.0,-0.012883028521787503,0.04311310903395054,0.07592814371257485,0.2146056565364042,0.3125733449061209,0.0,0.05369843527738265,0.1111111111111111,0.2,0.2539473684210526,0.0,0.01917310264486344,0.04593524754815077,0.07828858113035908,0.11104765252028231,42.5,186.09999999999997,14.772727272727273,0.0,96.5909090909091,2.272727272727273,1.1363636363636365,87.0,87.0,100.0,0.0,98.85057471264368,209.5,210.0,-24.0,-17.5,-9.0,0.0,12.400000000000006,-0.12450006249218848,-0.08512514978032219,-0.04208066896212494,0.0,0.05706294873935548,0.0,0.0,0.0,0.09090909090909091,0.14285714285714285,0.0,0.0,0.0,0.016688619599578503,0.039230769230769236,12.0,32.80000000000001,75.86206896551724,0.0,97.70114942528735,1.1494252873563218,1.1494252873563218,98.85057471264368,apdf,88.0,100.0,0.022967623774075387,Bremen Airport,53.046786,8.78932
EDFE,1.0,1.0,100.0,0.0,0.0,180.0,15.0,-611.0,-611.0,-611.0,-611.0,-611.0,3.3944444444444444,3.3944444444444444,3.3944444444444444,3.3944444444444444,3.3944444444444444,1.0,1.0,1.0,1.0,1.0,0.8611111111111112,0.8611111111111112,0.8611111111111112,0.8611111111111112,0.8611111111111112,611.0,611.0,0.0,0.0,100.0,0.0,0.0,1.0,1.0,100.0,0.0,0.0,,,558.0,558.0,558.0,558.0,558.0,,,,,,,,,,,,,,,,558.0,558.0,0.0,,100.0,0.0,0.0,0.0,nm_inferred,1.0,100.0,,Frankfurt-Egelsbach Airport,49.96,8.643043
EDFH,74.0,72.0,97.29729729729729,0.0,0.0,690.0,720.0,34.0,47.75,56.5,74.0,84.0,-0.14,-0.10743055555555556,-0.08174242424242424,-0.059166666666666666,-0.043333333333333335,0.0,0.0,0.0,0.0,0.0,0.0,0.0,0.0,0.0,0.0,56.5,84.0,100.0,0.0,93.24324324324324,4.054054054054054,0.0,74.0,72.0,97.29729729729729,0.0,0.0,,,-95.9,-90.25,-72.5,-60.0,-54.1,,,,,,,,,,,,,,,,72.5,95.9,100.0,,93.24324324324324,4.054054054054054,0.0,0.0,nm_inferred,74.0,97.29729729729729,,Frankfurt-Hahn Airport,49.946353,7.261734
EDFM,12.0,11.0,91.66666666666667,0.0,0.0,300.0,174.0,-206.0,-146.0,-126.0,4.5,29.0,-0.09666666666666666,-0.015,0.42,0.48666666666666664,0.6866666666666666,0.0,0.0,0.4,0.45,0.6,0.0,0.0,0.15,0.2583333333333333,0.31666666666666665,126.0,206.0,36.36363636363637,0.0,91.66666666666667,0.0,0.0,11.0,10.0,90.9090909090909,0.0,0.0,,,0.40000000000000013,7.5,45.5,197.75,247.0999999999999,,,,,,,,,,,,,,,,45.5,247.0999999999999,10.0,,90.9090909090909,0.0,0.0,0.0,nm_inferred,12.0,91.28787878787878,,Mannheim-City Airport,49.473057,8.514167
EDFZ,1.0,1.0,100.0,0.0,0.0,600.0,185.0,-541.0,-541.0,-541.0,-541.0,-541.0,0.9016666666666666,0.9016666666666666,0.9016666666666666,0.9016666666666666,0.9016666666666666,0.55,0.55,0.55,0.55,0.55,0.25833333333333336,0.25833333333333336,0.25833333333333336,0.25833333333333336,0.25833333333333336,541.0,541.0,0.0,0.0,100.0,0.0,0.0,2.0,2.0,100.0,0.0,0.0,,,147.5,154.25,165.5,176.75,183.5,,,,,,,,,,,,,,,,165.5,183.5,0.0,,100.0,0.0,0.0,0.0,nm_inferred,2.0,100.0,,Mainz-Finthen Airfield,49.967499,8.147222
EDGE,,,,,,,,,,,,,,,,,,,,,,,,,,,,,,,,,,,1.0,1.0,100.0,0.0,0.0,,,-4919.0,-4919.0,-4919.0,-4919.0,-4919.0,,,,,,,,,,,,,,,,4919.0,4919.0,100.0,,0.0,0.0,100.0,0.0,nm_inferred,1.0,100.0,,Eisenach-Kindel Airport,50.991604,10.47973
EDGS,3.0,3.0,100.0,0.0,0.0,300.0,300.0,-80.4,-45.0,14.0,29.0,38.0,-0.12666666666666665,-0.09666666666666668,-0.04666666666666667,0.15,0.268,0.0,0.0,0.0,0.2,0.32000000000000006,0.0,0.0,0.0,0.15833333333333333,0.25333333333333335,44.0,92.0,66.66666666666667,0.0,100.0,0.0,0.0,3.0,3.0,100.0,0.0,0.0,,,85.2,96.0,114.0,119.0,122.0,,,,,,,,,,,,,,,,114.0,122.0,0.0,,100.0,0.0,0.0,0.0,nm_inferred,3.0,100.0,,Siegerland Airport,50.707699,8.08297
EDHI,8.0,8.0,100.0,0.0,0.0,300.0,22.0,-7970.5,-6488.5,-4468.5,-3188.5,-649.0000000000001,2.1633333333333336,10.628333333333334,14.895,21.628333333333334,26.56833333333333,0.8,0.8,1.0,1.0,1.0,0.4866666666666667,0.6166666666666667,0.7916666666666667,0.8166666666666667,0.8716666666666667,4468.5,7970.5,0.0,0.0,100.0,0.0,0.0,7.0,7.0,100.0,0.0,0.0,,,220.20000000000002,265.0,314.0,430.0,626.8000000000001,,,,,,,,,,,,,,,,314.0,626.8000000000001,0.0,,100.0,0.0,0.0,0.0,nm_inferred,8.0,100.0,,Hamburg-Finkenwerder Airport,53.535278,9.835556
EDHL,6.0,6.0,100.0,0.0,0.0,900.0,900.0,-1.0,6.0,15.5,34.0,41.5,-0.095,-0.03777777777777778,-0.017222222222222222,-0.006666666666666667,0.0077777777777777776,0.0,0.0,0.0,0.0,0.05,0.0,0.0,0.0,0.0,0.016666666666666666,15.5,41.5,83.33333333333333,0.0,100.0,0.0,0.0,6.0,6.0,100.0,0.0,0.0,,,-239.0,-207.5,-170.0,-157.25,-139.0,,,,,,,,,,,,,,,,170.0,239.0,100.0,,100.0,0.0,0.0,0.0,nm_inferred,6.0,100.0,,Lübeck Blankensee Airport,53.805401,10.7192
EDJA,102.0,101.0,99.01960784313725,0.0,0.0,600.0,229.0,-936.0,-645.0,-511.0,-331.0,-221.0,0.3537037037037037,0.5344444444444445,0.7066666666666667,1.1222222222222222,1.9533333333333334,0.3333333333333333,0.43333333333333335,0.5833333333333334,0.7666666666666667,0.8666666666666667,0.21296296296296297,0.28888888888888886,0.39814814814814814,0.5238095238095238,0.6428571428571429,511.0,956.0,1.9801980198019802,0.9900990099009901,99.01960784313725,0.0,0.0,104.0,103.0,99.03846153846153,0.0,0.0,,,35.400000000000006,54.5,210.0,285.5,336.2,,,,,,,,,,,,,,,,216.0,339.4,0.970873786407767,,97.11538461538461,1.9230769230769231,0.0,0.0,nm_inferred,104.0,99.02903469079939,,Memmingen Allgau Airport,47.988092,10.238248
EDLE,,,,,,,,,,,,,,,,,,,,,,,,,,,,,,,,,,,1.0,1.0,100.0,0.0,0.0,,,59.0,59.0,59.0,59.0,59.0,,,,,,,,,,,,,,,,59.0,59.0,0.0,,100.0,0.0,0.0,0.0,nm_inferred,1.0,100.0,,Essen-Mülheim Airport,51.402302,6.93733
EDLN,8.0,8.0,100.0,0.0,0.0,600.0,600.0,-1.7999999999999996,6.75,11.5,14.5,16.0,-0.02666666666666667,-0.02416666666666667,-0.019166666666666665,-0.01125,0.0029999999999999983,0.0,0.0,0.0,0.0,0.014999999999999993,0.0,0.0,0.0,0.0,0.004999999999999997,11.5,16.0,87.5,0.0,87.5,0.0,12.5,2.0,2.0,100.0,0.0,0.0,,,-37.9,-34.75,-29.5,-24.25,-21.1,,,,,,,,,,,,,,,,29.5,37.9,100.0,,100.0,0.0,0.0,0.0,nm_inferred,8.0,100.0,,Mönchengladbach Airport,51.230278,6.504444
EDLP,34.0,32.0,94.11764705882354,0.0,0.0,480.0,467.0,-251.6,-8.0,10.0,21.0,30.800000000000004,-0.08666666666666666,-0.0496875,-0.019444444444444445,0.017291666666666667,0.5241666666666676,0.0,0.0,0.0,0.04261363636363636,0.09833333333333337,0.0,0.0,0.0,0.010890151515151516,0.03458333333333334,17.5,251.60000000000042,68.75,0.0,82.3529411764706,11.764705882352942,0.0,37.0,35.0,94.5945945945946,0.0,0.0,,,-42.8,-19.5,61.0,156.5,264.00000000000006,,,,,,,,,,,,,,,,74.0,264.00000000000006,45.714285714285715,,89.1891891891892,0.0,5.405405405405405,0.0,nm_inferred,37.0,94.35612082670906,,Paderborn Lippstadt Airport,51.612527,8.617459
EDLV,68.0,68.0,100.0,0.0,0.0,600.0,600.0,-61.0,-41.0,-2.0,6.5,21.60000000000001,-0.036000000000000004,-0.01,0.0022222222222222222,0.0628125,0.09758333333333337,0.0,0.0,0.03333333333333333,0.1,0.125,0.0,0.0,0.006944444444444444,0.06805555555555555,0.10541666666666669,11.0,61.0,45.588235294117645,0.0,98.52941176470588,1.4705882352941178,0.0,69.0,69.0,100.0,0.0,0.0,,,-23.2,-19.0,-9.0,6.0,105.80000000000004,,,,,,,,,,,,,,,,15.0,105.80000000000004,68.1159420289855,,98.55072463768116,1.4492753623188406,0.0,0.0,nm_inferred,69.0,100.0,,Weeze (Niederrhein) Airport,51.601362,6.141228
EDLW,87.0,86.0,98.85057471264368,0.0,0.0,900.0,154.0,-1377.0,-797.75,-666.0,-573.5,-504.0,0.5905555555555555,0.6733333333333333,0.8238888888888889,1.3479166666666669,2.2683333333333335,0.6,0.6749999999999999,0.8333333333333334,1.0,1.0,0.4544871794871795,0.5111111111111111,0.6072649572649572,0.75,0.8592592592592593,666.0,1377.0,1.1627906976744187,3.488372093023256,94.25287356321839,4.597701149425287,0.0,87.0,86.0,98.85057471264368,0.0,0.0,,,227.0,245.25,317.5,427.0,586.0,,,,,,,,,,,,,,,,328.5,597.5,1.1627906976744187,,93.10344827586206,4.597701149425287,1.1494252873563218,0.0,nm_inferred,87.0,98.85057471264368,,Dortmund Airport,51.518299,7.61224
EDMA,13.0,13.0,100.0,0.0,0.0,120.0,64.0,-130.0,-101.0,-96.0,-56.0,-23.99999999999999,0.163,0.3,0.675,0.8416666666666667,1.0833333333333333,0.25,0.5,0.75,0.75,0.75,0.09166666666666667,0.125,0.3333333333333333,0.4583333333333333,0.5,96.0,130.0,0.0,0.0,100.0,0.0,0.0,11.0,11.0,100.0,0.0,0.0,,,-4.0,-3.0,7.0,10.5,18.0,,,,,,,,,,,,,,,,7.0,18.0,36.36363636363637,,100.0,0.0,0.0,0.0,nm_inferred,13.0,100.0,,Augsburg Airport,48.425278,10.931667
EDMO,31.0,31.0,100.0,0.0,0.0,300.0,189.0,-756.0,-193.5,-131.0,-86.0,34.0,-0.11333333333333333,0.2616666666666667,0.43666666666666665,0.645,2.52,0.0,0.2,0.4,0.5,0.6,0.0,0.125,0.18333333333333332,0.2833333333333333,0.36666666666666664,131.0,756.0,12.903225806451612,0.0,96.7741935483871,0.0,3.225806451612903,22.0,22.0,100.0,0.0,0.0,,,118.2,143.75,210.5,272.5,385.9000000000001,,,,,,,,,,,,,,,,210.5,385.9000000000001,0.0,,95.45454545454545,0.0,4.545454545454546,0.0,nm_inferred,31.0,100.0,,Oberpfaffenhofen Airport,48.081402,11.2831
EDMS,1.0,1.0,100.0,0.0,0.0,300.0,300.0,34.0,34.0,34.0,34.0,34.0,-0.11333333333333333,-0.11333333333333333,-0.11333333333333333,-0.11333333333333333,-0.11333333333333333,0.0,0.0,0.0,0.0,0.0,0.0,0.0,0.0,0.0,0.0,34.0,34.0,100.0,0.0,100.0,0.0,0.0,2.0,2.0,100.0,0.0,0.0,,,-13.1,-10.25,-5.5,-0.75,2.1000000000000005,,,,,,,,,,,,,,,,9.5,13.9,50.0,,100.0,0.0,0.0,0.0,nm_inferred,2.0,100.0,,Straubing Airport,48.900833,12.516667
EDMV,1.0,1.0,100.0,0.0,0.0,300.0,289.0,-11.0,-11.0,-11.0,-11.0,-11.0,0.03666666666666667,0.03666666666666667,0.03666666666666667,0.03666666666666667,0.03666666666666667,0.1,0.1,0.1,0.1,0.1,0.05,0.05,0.05,0.05,0.05,11.0,11.0,0.0,0.0,100.0,0.0,0.0,1.0,1.0,100.0,0.0,0.0,,,-126.0,-126.0,-126.0,-126.0,-126.0,,,,,,,,,,,,,,,,126.0,126.0,100.0,,100.0,0.0,0.0,0.0,nm_inferred,1.0,100.0,,Vilshofen Airfield,48.634998,13.195556
EDNY,15.0,13.0,86.66666666666667,0.0,0.0,480.0,480.0,-669.0,-456.0,49.0,344.0,423.00000000000006,-0.7078787878787879,-0.543939393939394,-0.10208333333333333,0.95,1.3937500000000003,0.0,0.0,0.0,0.375,0.5875000000000001,0.0,0.0,0.0,0.2708333333333333,0.4208333333333334,359.0,669.0000000000001,53.84615384615385,0.0,80.0,0.0,6.666666666666667,15.0,12.0,80.0,0.0,0.0,,,323.1,330.0,362.5,372.0,384.3,,,,,,,,,,,,,,,,362.5,384.3,0.0,,66.66666666666667,6.666666666666667,6.666666666666667,0.0,nm_inferred,15.0,83.33333333333334,,Bodensee Airport Friedrichshafen,47.671299,9.51149
EDQG,4.0,4.0,100.0,0.0,0.0,600.0,600.0,37.0,41.5,54.0,65.25,67.5,-0.1125,-0.10875000000000001,-0.09,-0.06916666666666667,-0.06166666666666666,0.0,0.0,0.0,0.0,0.0,0.0,0.0,0.0,0.0,0.0,54.0,67.5,100.0,0.0,100.0,0.0,0.0,4.0,4.0,100.0,0.0,0.0,,,-39.7,-30.25,-13.0,1.0,4.600000000000001,,,,,,,,,,,,,,,,16.0,39.7,75.0,,100.0,0.0,0.0,0.0,nm_inferred,4.0,100.0,,Giebelstadt Airport,49.6480560303,9.966388702390002
EDQM,1.0,1.0,100.0,0.0,0.0,780.0,780.0,89.0,89.0,89.0,89.0,89.0,-0.1141025641025641,-0.1141025641025641,-0.1141025641025641,-0.1141025641025641,-0.1141025641025641,0.0,0.0,0.0,0.0,0.0,0.0,0.0,0.0,0.0,0.0,89.0,89.0,100.0,0.0,100.0,0.0,0.0,1.0,1.0,100.0,0.0,0.0,,,-71.0,-71.0,-71.0,-71.0,-71.0,,,,,,,,,,,,,,,,71.0,71.0,100.0,,100.0,0.0,0.0,0.0,nm_inferred,1.0,100.0,,Hof-Plauen Airport,50.288544,11.852876
EDRY,7.0,7.0,100.0,0.0,0.0,300.0,249.0,-2475.9999999999995,-193.5,-91.0,-41.0,-31.0,0.10333333333333333,0.13666666666666666,0.21833333333333332,1.2183333333333333,9.021333333333338,0.16000000000000003,0.2,0.2,0.3,0.5800000000000003,0.060000000000000005,0.06666666666666667,0.1,0.175,0.3800000000000001,91.0,2476.000000000002,0.0,0.0,85.71428571428571,0.0,14.285714285714286,6.0,6.0,100.0,0.0,0.0,,,85.5,138.75,177.5,241.75,2360.0,,,,,,,,,,,,,,,,177.5,2360.0,0.0,,50.0,16.666666666666668,33.333333333333336,0.0,nm_inferred,7.0,100.0,,Speyer Airfield,49.304722,8.451389
EDRZ,1.0,1.0,100.0,0.0,0.0,600.0,600.0,84.0,84.0,84.0,84.0,84.0,-0.14,-0.14,-0.14,-0.14,-0.14,0.0,0.0,0.0,0.0,0.0,0.0,0.0,0.0,0.0,0.0,84.0,84.0,100.0,0.0,100.0,0.0,0.0,4.0,4.0,100.0,0.0,0.0,,,-201.7,-201.25,-187.0,-162.25,-142.89999999999998,,,,,,,,,,,,,,,,187.0,201.7,100.0,,100.0,0.0,0.0,0.0,nm_inferred,4.0,100.0,,Zweibrücken Airport,49.2094,7.40056
EDSB,81.0,76.0,93.82716049382717,0.0,0.0,780.0,780.0,-6.5,3.75,11.0,18.0,24.5,-0.06,-0.030448717948717948,-0.01547008547008547,-0.004166666666666667,0.009444444444444445,0.0,0.0,0.0,0.0,0.03333333333333333,0.0,0.0,0.0,0.0,0.011507936507936509,12.0,24.5,82.89473684210526,0.0,90.12345679012346,3.7037037037037037,0.0,85.0,78.0,91.76470588235294,0.0,0.0,,,-52.6,-41.75,-23.5,-8.0,-1.1000000000000085,,,,,,,,,,,,,,,,25.0,55.19999999999999,89.74358974358974,,89.41176470588235,2.3529411764705883,0.0,0.0,nm_inferred,85.0,92.79593318809006,,Karlsruhe Baden-Baden Airport,48.7794,8.0805
EDTD,1.0,1.0,100.0,0.0,0.0,300.0,300.0,129.0,129.0,129.0,129.0,129.0,-0.43,-0.43,-0.43,-0.43,-0.43,0.0,0.0,0.0,0.0,0.0,0.0,0.0,0.0,0.0,0.0,129.0,129.0,100.0,0.0,100.0,0.0,0.0,1.0,1.0,100.0,0.0,0.0,,,-81.0,-81.0,-81.0,-81.0,-81.0,,,,,,,,,,,,,,,,81.0,81.0,100.0,,100.0,0.0,0.0,0.0,nm_inferred,1.0,100.0,,Donaueschingen-Villingen Airfield,47.973331,8.522222
EDTF,1.0,1.0,100.0,0.0,0.0,300.0,300.0,59.0,59.0,59.0,59.0,59.0,-0.19666666666666666,-0.19666666666666666,-0.19666666666666666,-0.19666666666666666,-0.19666666666666666,0.0,0.0,0.0,0.0,0.0,0.0,0.0,0.0,0.0,0.0,59.0,59.0,100.0,0.0,100.0,0.0,0.0,1.0,1.0,100.0,0.0,0.0,,,-161.0,-161.0,-161.0,-161.0,-161.0,,,,,,,,,,,,,,,,161.0,161.0,100.0,,100.0,0.0,0.0,0.0,nm_inferred,1.0,100.0,,Freiburg im Breisgau Airfield,48.022778,7.8325
EDTL,7.0,7.0,100.0,0.0,0.0,360.0,356.0,-21.4,-16.0,-4.0,0.0,3.8000000000000007,-0.010555555555555554,0.0,0.011111111111111112,0.0475,0.059444444444444446,0.0,0.041666666666666664,0.08333333333333333,0.08333333333333333,0.09000000000000001,0.0,0.006944444444444444,0.013888888888888888,0.059722222222222225,0.06944444444444445,5.0,21.4,28.571428571428573,0.0,85.71428571428571,14.285714285714286,0.0,7.0,7.0,100.0,0.0,0.0,,,-51.8,-37.0,-25.0,-19.5,-2.7999999999999865,,,,,,,,,,,,,,,,25.0,51.800000000000004,85.71428571428571,,100.0,0.0,0.0,0.0,nm_inferred,7.0,100.0,,Lahr Airport,48.369301,7.82772
EDTM,3.0,3.0,100.0,0.0,0.0,300.0,300.0,21.0,31.5,49.0,189.0,273.0,-0.91,-0.63,-0.16333333333333333,-0.10500000000000001,-0.06999999999999999,0.0,0.0,0.0,0.0,0.0,0.0,0.0,0.0,0.0,0.0,49.0,273.0,100.0,0.0,100.0,0.0,0.0,3.0,3.0,100.0,0.0,0.0,,,-18.0,-6.0,14.0,94.5,142.8,,,,,,,,,,,,,,,,26.0,145.20000000000002,33.333333333333336,,100.0,0.0,0.0,0.0,nm_inferred,3.0,100.0,,Mengen-Hohentengen Airfield,48.05389,9.372778
EDTY,9.0,9.0,100.0,0.0,0.0,300.0,300.0,-2.9999999999999996,4.0,14.0,29.0,32.0,-0.10666666666666666,-0.09666666666666666,-0.04666666666666667,-0.013333333333333334,0.014000000000000005,0.0,0.0,0.0,0.0,0.13000000000000003,0.0,0.0,0.0,0.0,0.043333333333333335,14.0,32.0,77.77777777777777,0.0,100.0,0.0,0.0,7.0,7.0,100.0,0.0,0.0,,,-97.6,-93.5,-82.0,-67.0,-52.4,,,,,,,,,,,,,,,,82.0,97.60000000000001,100.0,,85.71428571428571,0.0,14.285714285714286,0.0,nm_inferred,9.0,100.0,,Adolf Würth Airport,49.118332,9.783889
EDVE,14.0,14.0,100.0,0.0,0.0,180.0,180.0,-1.4999999999999998,3.5,9.0,17.75,42.50000000000001,-0.18854166666666666,-0.09861111111111111,-0.04722222222222222,-0.011979166666666666,0.010416666666666689,0.0,0.0,0.0,0.0,0.11666666666666684,0.0,0.0,0.0,0.0,0.019444444444444473,10.0,42.50000000000001,85.71428571428571,0.0,100.0,0.0,0.0,16.0,16.0,100.0,0.0,0.0,,,-38.5,-37.25,-18.5,11.25,106.5,,,,,,,,,,,,,,,,37.0,106.5,68.75,,87.5,0.0,12.5,0.0,nm_inferred,16.0,100.0,,Braunschweig-Wolfsburg Airport,52.319199,10.5561
EDVK,6.0,4.0,66.66666666666667,0.0,0.0,300.0,447.0,-5.1,-3.75,15.5,41.5,55.00000000000001,-0.16633333333333333,-0.09583333333333333,-0.02333333333333333,0.01,0.01,0.0,0.0,0.025,0.0625,0.08500000000000002,0.0,0.0,0.008333333333333333,0.016666666666666666,0.016666666666666666,20.0,55.00000000000001,50.0,0.0,66.66666666666667,0.0,0.0,6.0,4.0,66.66666666666667,0.0,0.0,,,-57.4,-52.0,-46.0,-37.25,-26.899999999999995,,,,,,,,,,,,,,,,46.0,57.400000000000006,100.0,,66.66666666666667,0.0,0.0,0.0,nm_inferred,6.0,66.66666666666667,,Kassel Airport,51.418395,9.391638
EDWF,1.0,1.0,100.0,0.0,0.0,600.0,600.0,206.0,206.0,206.0,206.0,206.0,-0.3433333333333333,-0.3433333333333333,-0.3433333333333333,-0.3433333333333333,-0.3433333333333333,0.0,0.0,0.0,0.0,0.0,0.0,0.0,0.0,0.0,0.0,206.0,206.0,100.0,0.0,0.0,0.0,100.0,,,,,,,,,,,,,,,,,,,,,,,,,,,,,,,,,,,0.0,nm_inferred,1.0,100.0,,Flugplatz Leer-Papenburg,53.271942,7.441667
EDXQ,2.0,2.0,100.0,0.0,0.0,600.0,277.0,-435.5,-412.25,-373.5,-334.75,-311.5,0.5191666666666667,0.5579166666666667,0.6225,0.6870833333333334,0.7258333333333333,0.09000000000000001,0.15000000000000002,0.25,0.35,0.41000000000000003,0.04083333333333333,0.07708333333333334,0.1375,0.19791666666666669,0.2341666666666667,373.5,435.5,0.0,0.0,100.0,0.0,0.0,1.0,1.0,100.0,0.0,0.0,,,128.0,128.0,128.0,128.0,128.0,,,,,,,,,,,,,,,,128.0,128.0,0.0,,100.0,0.0,0.0,0.0,nm_inferred,2.0,100.0,,Rotenburg (Wümme) Airfield,53.128334,9.348611
EDXW,22.0,21.0,95.45454545454545,0.0,0.0,300.0,254.0,-591.0,-371.0,-291.0,-28.0,-1.0,0.0033333333333333335,0.09333333333333334,0.6033333333333334,1.2033333333333334,1.97,0.0,0.1,0.15,0.25,0.3,0.0,0.03333333333333333,0.05555555555555555,0.10416666666666667,0.2,291.0,591.0,9.523809523809524,0.0,86.36363636363636,0.0,9.090909090909092,22.0,21.0,95.45454545454545,0.0,0.0,,,37.0,85.0,147.0,315.0,359.0,,,,,,,,,,,,,,,,147.0,359.0,4.761904761904762,,86.36363636363636,0.0,9.090909090909092,0.0,nm_inferred,22.0,95.45454545454545,,Westerland Sylt Airport,54.9132,8.34047
EEKA,5.0,0.0,0.0,0.0,0.0,600.0,,,,,,,,,,,,,,,,,,,,,,,,,,0.0,0.0,0.0,5.0,0.0,0.0,0.0,0.0,,,,,,,,,,,,,,,,,,,,,,,,,,,0.0,0.0,0.0,0.0,nm_inferred,5.0,0.0,,Kärdla Airport,58.99079895019531,22.830699920654297
EEKE,5.0,5.0,100.0,0.0,0.0,600.0,600.0,171.0,189.0,219.0,224.0,233.0,-0.3883333333333333,-0.37333333333333335,-0.365,-0.315,-0.28500000000000003,0.0,0.0,0.0,0.0,0.0,0.0,0.0,0.0,0.0,0.0,219.0,233.0,100.0,0.0,100.0,0.0,0.0,5.0,5.0,100.0,0.0,0.0,,,-420.0,-411.0,-406.0,-289.0,-230.2,,,,,,,,,,,,,,,,406.0,420.0,100.0,,100.0,0.0,0.0,0.0,nm_inferred,5.0,100.0,,Kuressaare Airport,58.22990036010742,22.50950050354004
EETN,159.0,151.0,94.96855345911949,0.0,99.37106918238993,540.0,195.0,-666.0,-473.5,-261.0,-26.0,5104.0,-8.015,0.09255952380952381,0.6916666666666667,0.9111111111111111,1.0125,0.2916666666666667,0.4,0.5909090909090909,0.7596153846153846,0.9166666666666666,0.1875,0.26683501683501687,0.42424242424242425,0.5530024509803921,0.6488095238095238,446.0,5119.0,24.503311258278146,0.6622516556291391,68.55345911949685,23.89937106918239,2.5157232704402515,159.0,150.0,94.33962264150944,0.0,98.11320754716981,240.0,20.0,-3743.5,-3018.5,254.0,386.25,1486.0,-15.891666666666666,-9.213888888888889,1.0777777777777777,1.2875,4.993333333333334,0.8333333333333334,1.0,1.0,1.0,1.0,0.4779761904761905,0.5555555555555556,0.6666666666666666,0.8125,0.8916666666666667,406.5,3769.5,28.0,3.401360544217687,66.0377358490566,25.157232704402517,3.1446540880503147,99.37106918238993,apdf,159.0,94.65408805031447,0.516295025728988,Lennart Meri Tallinn Airport,59.413246,24.83264
EETU,5.0,5.0,100.0,0.0,0.0,360.0,360.0,163.0,214.0,254.0,289.0,1294.0,-3.5944444444444446,-0.8027777777777778,-0.7055555555555556,-0.5944444444444444,-0.4527777777777777,0.0,0.0,0.0,0.0,0.0,0.0,0.0,0.0,0.0,0.0,254.0,1294.0,100.0,0.0,100.0,0.0,0.0,4.0,4.0,100.0,0.0,0.0,,,-1239.0,-703.5,-358.0,-302.75,-289.7,,,,,,,,,,,,,,,,358.0,1239.0000000000002,100.0,,100.0,0.0,0.0,0.0,nm_inferred,5.0,100.0,,Tartu Airport,58.307438,26.686473
EFHK,653.0,650.0,99.5405819295559,0.0,99.8468606431853,469.0,60.0,-726.0,-559.75,-401.0,-217.25,5445.5,-10.004977642698618,0.6614456984143726,0.99746714655327,1.0764999790615382,1.254722222222222,0.6470588235294118,0.7647058823529411,0.9230769230769231,1.0,1.0,0.531410443243728,0.6205203407424495,0.7215111056671566,0.8210702341137124,0.9166666666666666,526.0,5565.5,21.53846153846154,4.769230769230769,71.51607963246555,26.952526799387442,1.0719754977029097,653.0,647.0,99.0811638591118,0.0,100.0,258.0,20.0,-4358.0,-2558.5,204.0,354.0,564.0,-16.80320787207872,-8.42672718585762,0.93125,1.0601556895960762,1.702894736842105,0.6666666666666666,0.8571428571428571,0.9444444444444444,1.0,1.0,0.5511466701217933,0.6411035488575596,0.7248520710059172,0.8009708737864077,0.8837414965986394,414.0,4386.0,29.366306027820713,4.7913446676970635,71.05666156202145,26.952526799387442,1.0719754977029097,100.0,apdf,653.0,99.31087289433384,0.7181979479881228,Helsinki Vantaa Airport,60.318363,24.963341
EFIV,6.0,4.0,66.66666666666667,0.0,0.0,300.0,330.0,1048.0,1871.5,3209.0,4231.5,4488.0,-14.959999999999999,-14.105,-10.049722222222222,-5.06,-2.522999999999999,0.0,0.0,0.0,0.0,0.0,0.0,0.0,0.0,0.0,0.0,3209.0,4488.0,100.0,0.0,66.66666666666667,0.0,0.0,6.0,4.0,66.66666666666667,0.0,0.0,,,-3287.0,-2990.0,-2059.5,-1238.75,-1139.3,,,,,,,,,,,,,,,,2059.5,3287.0,100.0,,66.66666666666667,0.0,0.0,0.0,nm_inferred,6.0,66.66666666666667,,Ivalo Airport,68.6073,27.4053
EFJO,6.0,6.0,100.0,0.0,0.0,300.0,300.0,189.0,212.75,244.0,2461.5,4971.5,-16.571666666666665,-8.205,-0.8133333333333332,-0.7091666666666667,-0.63,0.0,0.0,0.0,0.0,0.0,0.0,0.0,0.0,0.0,0.0,244.0,4971.5,100.0,0.0,33.333333333333336,66.66666666666667,0.0,6.0,6.0,100.0,0.0,0.0,,,-2781.0,-2691.25,-2627.0,-2570.25,-1367.5,,,,,,,,,,,,,,,,2627.0,2781.0,100.0,,50.0,50.0,0.0,0.0,nm_inferred,6.0,100.0,,Joensuu Airport,62.658815,29.619398
EFJY,5.0,5.0,100.0,0.0,0.0,300.0,300.0,190.0,199.0,209.0,234.0,261.0,-0.87,-0.78,-0.6966666666666667,-0.6633333333333333,-0.6333333333333333,0.0,0.0,0.0,0.0,0.0,0.0,0.0,0.0,0.0,0.0,209.0,261.0,100.0,0.0,100.0,0.0,0.0,4.0,4.0,100.0,0.0,0.0,,,-340.0,-335.5,-324.5,-314.75,-312.5,,,,,,,,,,,,,,,,324.5,340.0,100.0,,100.0,0.0,0.0,0.0,nm_inferred,5.0,100.0,,Jyväskylä Airport,62.399502,25.678301
EFKE,6.0,6.0,100.0,0.0,0.0,300.0,300.0,634.0,775.25,1104.0,1245.25,1334.0,-4.446666666666667,-4.150833333333334,-3.6799999999999997,-2.5841666666666665,-2.1133333333333333,0.0,0.0,0.0,0.0,0.0,0.0,0.0,0.0,0.0,0.0,1104.0,1334.0,100.0,0.0,100.0,0.0,0.0,4.0,4.0,100.0,0.0,0.0,,,-1031.3,-1022.75,-933.5,-846.0,-840.6,,,,,,,,,,,,,,,,933.5,1031.3,100.0,,75.0,25.0,0.0,0.0,nm_inferred,6.0,100.0,,Kemi-Tornio Airport,65.778701782227,24.582099914551
EFKI,5.0,5.0,100.0,0.0,0.0,300.0,300.0,469.0,484.0,539.0,624.0,675.0,-2.25,-2.08,-1.7966666666666666,-1.6133333333333333,-1.5633333333333332,0.0,0.0,0.0,0.0,0.0,0.0,0.0,0.0,0.0,0.0,539.0,675.0,100.0,0.0,80.0,20.0,0.0,5.0,5.0,100.0,0.0,0.0,,,-414.6,-408.0,-406.0,-383.0,-335.6,,,,,,,,,,,,,,,,406.0,414.6,100.0,,100.0,0.0,0.0,0.0,nm_inferred,5.0,100.0,,Kajaani Airport,64.2855,27.6924
EFKK,5.0,5.0,100.0,0.0,0.0,300.0,300.0,23.0,29.0,39.0,44.0,50.0,-0.16666666666666666,-0.14666666666666667,-0.13,-0.09666666666666666,-0.07666666666666666,0.0,0.0,0.0,0.0,0.0,0.0,0.0,0.0,0.0,0.0,39.0,50.0,100.0,0.0,80.0,20.0,0.0,4.0,4.0,100.0,0.0,0.0,,,-88.6,-80.5,-73.5,-62.5,-47.199999999999996,,,,,,,,,,,,,,,,73.5,88.60000000000001,100.0,,100.0,0.0,0.0,0.0,nm_inferred,5.0,100.0,,Kokkola-Pietarsaari Airport,63.721199,23.143101
EFKS,3.0,3.0,100.0,0.0,0.0,300.0,300.0,1603.0,1639.0,1699.0,1929.0,2067.0,-6.89,-6.43,-5.663333333333333,-5.463333333333333,-5.343333333333334,0.0,0.0,0.0,0.0,0.0,0.0,0.0,0.0,0.0,0.0,1699.0,2067.0,100.0,0.0,100.0,0.0,0.0,3.0,3.0,100.0,0.0,0.0,,,-1602.6,-1485.0,-1289.0,-1204.0,-1153.0,,,,,,,,,,,,,,,,1289.0,1602.6,100.0,,33.333333333333336,66.66666666666667,0.0,0.0,nm_inferred,3.0,100.0,,Kuusamo Airport,65.987602,29.239401
EFKT,4.0,4.0,100.0,0.0,0.0,360.0,360.0,1024.0,2171.5,2881.5,2954.0,2954.0,-8.205555555555556,-8.205555555555556,-8.004166666666666,-5.96,-2.642999999999999,0.0,0.0,0.0,0.0,0.0,0.0,0.0,0.0,0.0,0.0,2881.5,2954.0,100.0,0.0,75.0,25.0,0.0,4.0,4.0,100.0,0.0,0.0,,,-2517.1,-2290.75,-1392.5,-557.25,-444.29999999999995,,,,,,,,,,,,,,,,1392.5,2517.1,100.0,,75.0,25.0,0.0,0.0,nm_inferred,4.0,100.0,,Kittilä International Airport,67.700996,24.8468
EFKU,14.0,14.0,100.0,0.0,0.0,360.0,360.0,23.5,45.25,66.5,84.0,89.0,-0.24722222222222223,-0.23333333333333334,-0.18472222222222223,-0.13874999999999998,-0.06527777777777774,0.0,0.0,0.0,0.0,0.0,0.0,0.0,0.0,0.0,0.0,66.5,89.0,100.0,0.0,78.57142857142857,21.428571428571427,0.0,13.0,13.0,100.0,0.0,0.0,,,-89.0,-83.0,-72.0,-56.0,-49.599999999999994,,,,,,,,,,,,,,,,72.0,89.0,100.0,,76.92307692307692,23.076923076923077,0.0,0.0,nm_inferred,14.0,100.0,,Kuopio Airport,63.007099,27.7978
EFLP,1.0,1.0,100.0,0.0,0.0,900.0,900.0,6959.0,6959.0,6959.0,6959.0,6959.0,-7.732222222222222,-7.732222222222222,-7.732222222222222,-7.732222222222222,-7.732222222222222,0.0,0.0,0.0,0.0,0.0,0.0,0.0,0.0,0.0,0.0,6959.0,6959.0,100.0,0.0,0.0,100.0,0.0,1.0,1.0,100.0,0.0,0.0,,,-4405.0,-4405.0,-4405.0,-4405.0,-4405.0,,,,,,,,,,,,,,,,4405.0,4405.0,100.0,,100.0,0.0,0.0,0.0,nm_inferred,1.0,100.0,,Lappeenranta Airport,61.044601,28.144743
EFMA,8.0,2.0,25.0,0.0,0.0,300.0,300.0,124.0,131.5,144.0,156.5,164.0,-0.5466666666666666,-0.5216666666666667,-0.48,-0.43833333333333335,-0.41333333333333333,0.0,0.0,0.0,0.0,0.0,0.0,0.0,0.0,0.0,0.0,144.0,164.0,100.0,0.0,25.0,0.0,0.0,8.0,2.0,25.0,0.0,0.0,,,-366.8,-356.0,-338.0,-320.0,-309.2,,,,,,,,,,,,,,,,338.0,366.8,100.0,,25.0,0.0,0.0,0.0,nm_inferred,8.0,25.0,,Mariehamn Airport,60.1222,19.898199
EFOU,25.0,25.0,100.0,0.0,0.0,300.0,300.0,394.0,414.0,459.0,527.0,1067.0,-3.5566666666666666,-1.68,-1.4133333333333333,-0.95625,-0.85625,0.0,0.0,0.0,0.0,0.0,0.0,0.0,0.0,0.0,0.0,459.0,1067.0,100.0,0.0,92.0,8.0,0.0,25.0,25.0,100.0,0.0,0.0,,,-728.8,-673.0,-574.0,-530.0,-489.4,,,,,,,,,,,,,,,,574.0,728.8000000000001,100.0,,92.0,8.0,0.0,0.0,nm_inferred,25.0,100.0,,Oulu Airport,64.930099,25.354601
EFRO,17.0,17.0,100.0,0.0,0.0,300.0,300.0,982.0,1029.0,1089.0,1154.0,1504.0000000000002,-4.569111111111111,-3.8466666666666667,-3.63,-2.14375,-1.4257777777777776,0.0,0.0,0.0,0.0,0.0,0.0,0.0,0.0,0.0,0.0,1089.0,1504.0000000000002,100.0,0.0,100.0,0.0,0.0,17.0,17.0,100.0,0.0,0.0,,,-1348.4,-1290.0,-1237.0,-1104.0,-1029.8,,,,,,,,,,,,,,,,1237.0,1348.4,100.0,,94.11764705882354,0.0,5.882352941176471,0.0,nm_inferred,17.0,100.0,,Rovaniemi Airport,66.563327,25.829751
EFTP,8.0,6.0,75.0,0.0,0.0,300.0,294.0,-71.0,-6.0,1.5,24.0,499.0,-1.6633333333333333,-0.08,-0.005000000000000001,0.02,0.23666666666666666,0.0,0.025,0.1,0.17500000000000002,0.30000000000000004,0.0,0.008333333333333333,0.03333333333333333,0.12083333333333332,0.19166666666666665,19.0,552.5,50.0,0.0,62.5,12.5,0.0,6.0,5.0,83.33333333333333,0.0,0.0,,,29.0,38.0,118.0,127.0,150.4,,,,,,,,,,,,,,,,118.0,150.4,0.0,,83.33333333333333,0.0,0.0,0.0,nm_inferred,8.0,79.16666666666666,,Tampere-Pirkkala Airport,61.414101,23.604401
EFTU,19.0,17.0,89.47368421052632,0.0,0.0,300.0,300.0,114.0,149.0,164.0,204.0,243.0,-0.8099999999999999,-0.68,-0.53,-0.41388888888888886,-0.2783703703703704,0.0,0.0,0.0,0.0,0.0,0.0,0.0,0.0,0.0,0.0,164.0,243.0,100.0,0.0,84.21052631578948,5.2631578947368425,0.0,18.0,15.0,83.33333333333333,0.0,0.0,,,-437.6,-399.0,-278.0,-241.0,-212.4,,,,,,,,,,,,,,,,278.0,437.6,100.0,,83.33333333333333,0.0,0.0,0.0,nm_inferred,19.0,86.40350877192982,,Turku Airport,60.514099,22.2628
EFVA,13.0,13.0,100.0,0.0,0.0,420.0,420.0,305.0,399.0,409.0,544.0,565.0,-1.8833333333333333,-1.2952380952380953,-0.98,-0.9738095238095238,-0.8547619047619047,0.0,0.0,0.0,0.0,0.0,0.0,0.0,0.0,0.0,0.0,409.0,565.0,100.0,0.0,84.61538461538461,7.6923076923076925,7.6923076923076925,12.0,12.0,100.0,0.0,0.0,,,-776.1,-631.5,-486.0,-393.25,-378.7,,,,,,,,,,,,,,,,486.0,776.1,100.0,,91.66666666666667,8.333333333333334,0.0,0.0,nm_inferred,13.0,100.0,,Vaasa Airport,63.05023,21.762543
EGAA,239.0,239.0,100.0,0.0,0.0,720.0,720.0,24.0,39.0,54.0,74.0,109.0,-0.1767857142857143,-0.11666666666666667,-0.08194444444444444,-0.05416666666666667,-0.03333333333333333,0.0,0.0,0.0,0.0,0.0,0.0,0.0,0.0,0.0,0.0,54.0,109.0,100.0,0.0,94.97907949790795,5.02092050209205,0.0,241.0,241.0,100.0,0.0,0.0,,,-140.0,-125.0,-107.0,-88.0,-35.0,,,,,,,,,,,,,,,,107.0,140.0,99.1701244813278,,96.2655601659751,3.7344398340248963,0.0,0.0,nm_inferred,241.0,100.0,,Belfast International Airport,54.6575012207,-6.21582984924
EGAC,123.0,123.0,100.0,0.0,0.0,600.0,600.0,44.0,54.0,69.0,84.0,97.99999999999999,-0.17333333333333334,-0.15416666666666667,-0.12333333333333334,-0.09375,-0.07333333333333333,0.0,0.0,0.0,0.0,0.0,0.0,0.0,0.0,0.0,0.0,69.0,97.99999999999999,100.0,0.0,99.1869918699187,0.0,0.8130081300813008,123.0,123.0,100.0,0.0,0.0,,,-267.99999999999994,-148.5,-61.0,-36.0,-17.000000000000014,,,,,,,,,,,,,,,,61.0,267.9999999999999,100.0,,100.0,0.0,0.0,0.0,nm_inferred,123.0,100.0,,George Best Belfast City Airport,54.618099,-5.8725
EGAE,15.0,5.0,33.333333333333336,0.0,0.0,420.0,540.0,3.0,39.0,64.0,129.0,150.0,-0.2777777777777778,-0.2388888888888889,-0.1523809523809524,-0.09285714285714286,-0.016142857142857132,0.0,0.0,0.0,0.0,0.030000000000000006,0.0,0.0,0.0,0.0,0.020000000000000004,64.0,150.0,80.0,0.0,33.333333333333336,0.0,0.0,14.0,4.0,28.571428571428573,0.0,0.0,,,-493.8,-397.5,-326.0,-266.25,-191.09999999999997,,,,,,,,,,,,,,,,326.0,493.80000000000007,100.0,,28.571428571428573,0.0,0.0,0.0,nm_inferred,15.0,30.952380952380956,,City of Derry Airport,55.042801,-7.16111
EGBB,472.0,467.0,98.94067796610169,0.0,99.36440677966102,730.5,750.0,15.0,18.0,22.0,26.0,30.0,-0.04873843493298746,-0.036885245901639344,-0.0286493860845839,-0.022172410463200586,-0.017511181912872983,0.0,0.0,0.0,0.0,0.0,0.0,0.0,0.0,0.0,0.0,22.0,30.0,99.57173447537473,0.0,92.79661016949153,6.1440677966101696,0.0,451.0,446.0,98.89135254988913,0.0,100.0,330.0,330.0,-57.0,-44.0,-40.0,-37.0,-33.0,-0.2607702253959858,-0.16099259692187803,-0.11978702251739795,-0.0902987017212768,-0.06269217084685277,0.0,0.0,0.0,0.0,0.0,0.0,0.0,0.0,0.0,0.0,41.0,58.5,98.87892376681614,0.0,92.01773835920177,6.873614190687362,0.0,100.0,apdf,472.0,98.91601525799541,0.0,Birmingham Airport,52.453899,-1.74803
EGBJ,2.0,2.0,100.0,0.0,0.0,600.0,424.0,-264.0,-231.0,-176.0,-121.0,-88.0,0.14666666666666667,0.20166666666666666,0.29333333333333333,0.385,0.44,0.18,0.225,0.3,0.375,0.42000000000000004,0.10250000000000001,0.13125,0.17916666666666667,0.22708333333333336,0.25583333333333336,176.0,264.0,0.0,0.0,100.0,0.0,0.0,2.0,2.0,100.0,0.0,0.0,,,300.2,305.0,313.0,321.0,325.8,,,,,,,,,,,,,,,,313.0,325.8,0.0,,100.0,0.0,0.0,0.0,nm_inferred,2.0,100.0,,Gloucestershire Airport,51.894199,-2.16722
EGBK,1.0,1.0,100.0,0.0,0.0,600.0,504.0,-96.0,-96.0,-96.0,-96.0,-96.0,0.16,0.16,0.16,0.16,0.16,0.2,0.2,0.2,0.2,0.2,0.16666666666666666,0.16666666666666666,0.16666666666666666,0.16666666666666666,0.16666666666666666,96.0,96.0,0.0,0.0,100.0,0.0,0.0,1.0,1.0,100.0,0.0,0.0,,,-200.0,-200.0,-200.0,-200.0,-200.0,,,,,,,,,,,,,,,,200.0,200.0,100.0,,100.0,0.0,0.0,0.0,nm_inferred,1.0,100.0,,Sywell Aerodrome,52.305302,-0.793056
EGBP,,,,,,,,,,,,,,,,,,,,,,,,,,,,,,,,,,,1.0,1.0,100.0,0.0,0.0,,,-6.0,-6.0,-6.0,-6.0,-6.0,,,,,,,,,,,,,,,,6.0,6.0,100.0,,100.0,0.0,0.0,0.0,nm_inferred,1.0,100.0,,Cotswold Airport,51.668528,-2.056599
EGCC,923.0,921.0,99.78331527627303,0.0,99.02491874322861,960.0,195.0,-1586.0,-1186.0,-881.0,-646.0,-451.0,0.5205128205128206,0.855,0.9553030303030303,1.013095238095238,1.1592592592592592,0.4166666666666667,0.56,0.7105263157894737,0.8214285714285714,0.9166666666666666,0.27380952380952384,0.3611111111111111,0.4666666666666667,0.5648148148148148,0.6349206349206349,881.0,1586.0,0.10857763300760044,0.0,91.4409534127844,8.234019501625136,0.10834236186348863,880.0,876.0,99.54545454545455,0.0,99.77272727272727,420.0,35.0,244.0,309.0,421.5,559.0,731.5,0.8027777777777778,0.9976190476190476,1.0537037037037038,1.1208333333333333,1.225,0.6613636363636364,0.8571428571428571,1.0,1.0,1.0,0.35,0.4583333333333333,0.5357142857142857,0.6071428571428571,0.6574074074074074,424.0,741.5,0.45662100456621,0.2288329519450801,91.81818181818181,7.613636363636363,0.11363636363636363,99.77272727272727,apdf,923.0,99.66438491086379,0.4995084053270673,Manchester Airport,53.349375,-2.279521
EGEC,5.0,5.0,100.0,0.0,0.0,600.0,600.0,527.0,554.0,579.0,594.0,639.0,-1.065,-0.99,-0.965,-0.9233333333333333,-0.8783333333333334,0.0,0.0,0.0,0.0,0.0,0.0,0.0,0.0,0.0,0.0,579.0,639.0,100.0,0.0,100.0,0.0,0.0,5.0,5.0,100.0,0.0,0.0,,,-728.0,-653.0,-652.0,-607.0,-574.0,,,,,,,,,,,,,,,,652.0,728.0,100.0,,100.0,0.0,0.0,0.0,nm_inferred,5.0,100.0,,Campbeltown Airport,55.437199,-5.68639
EGEO,1.0,1.0,100.0,0.0,0.0,600.0,600.0,869.0,869.0,869.0,869.0,869.0,-1.4483333333333333,-1.4483333333333333,-1.4483333333333333,-1.4483333333333333,-1.4483333333333333,0.0,0.0,0.0,0.0,0.0,0.0,0.0,0.0,0.0,0.0,869.0,869.0,100.0,0.0,100.0,0.0,0.0,,,,,,,,,,,,,,,,,,,,,,,,,,,,,,,,,,,0.0,nm_inferred,1.0,100.0,,Oban Airport,56.463501,-5.39967
EGFE,2.0,2.0,100.0,0.0,0.0,600.0,600.0,156.0,181.5,224.0,266.5,292.0,-0.4866666666666667,-0.4441666666666667,-0.3733333333333333,-0.3025,-0.26,0.0,0.0,0.0,0.0,0.0,0.0,0.0,0.0,0.0,0.0,224.0,292.0,100.0,0.0,100.0,0.0,0.0,1.0,1.0,100.0,0.0,0.0,,,-295.0,-295.0,-295.0,-295.0,-295.0,,,,,,,,,,,,,,,,295.0,295.0,100.0,,100.0,0.0,0.0,0.0,nm_inferred,2.0,100.0,,Haverfordwest Airport,51.833099365234375,-4.9611101150512695
EGFF,48.0,48.0,100.0,0.0,0.0,600.0,539.0,-176.5,-97.25,-66.0,-41.0,-16.0,0.02666666666666667,0.06739583333333334,0.10416666666666667,0.15375,0.30544444444444496,0.05,0.1,0.15,0.2,0.3150000000000002,0.030833333333333334,0.07274305555555556,0.10833333333333334,0.15,0.18333333333333332,66.0,176.50000000000037,4.166666666666667,0.0,91.66666666666667,8.333333333333334,0.0,49.0,49.0,100.0,0.0,0.0,,,4.0,14.0,34.0,49.0,74.0,,,,,,,,,,,,,,,,39.0,83.00000000000013,6.122448979591836,,97.95918367346938,2.0408163265306123,0.0,0.0,nm_inferred,49.0,100.0,,Cardiff International Airport,51.396702,-3.34333
EGGD,359.0,359.0,100.0,0.0,100.0,720.0,75.0,-997.0,-826.0,-646.0,-521.0,-435.00000000000006,0.6436064244819375,0.852116402116402,0.9185185185185185,0.9663929946415138,1.0275238095238095,0.55,0.7459677419354839,0.8947368421052632,0.9545454545454546,1.0,0.40205485571339233,0.5332915098285236,0.6363636363636364,0.7258004926108375,0.7839185750636132,646.0,997.0,0.0,0.0,93.31476323119777,6.128133704735376,0.5571030640668524,347.0,346.0,99.71181556195965,0.0,100.0,300.0,15.0,219.0,259.0,299.0,359.0,479.0,0.6618055555555555,0.8969047619047619,1.0316599854227406,1.1373742344706912,1.3,0.6504524886877828,0.8595238095238095,1.0,1.0,1.0,0.4234811348781937,0.553615053513262,0.6397291419533412,0.6907961460446247,0.7291666666666666,299.0,479.0,0.0,0.0,93.65994236311239,5.475504322766571,0.5763688760806917,100.0,apdf,359.0,99.85590778097983,0.6371270139579722,Bristol Airport,51.382326,-2.716453
EGGP,208.0,208.0,100.0,0.0,0.0,600.0,88.0,-1290.8999999999996,-717.25,-606.0,-558.25,-424.8999999999997,0.6015,0.7163888888888889,1.0016666666666667,1.1301851851851852,2.1105,0.548888888888889,0.7,0.8666666666666667,1.0,1.0,0.4051851851851852,0.5395833333333333,0.6666666666666666,0.7833333333333333,0.8546296296296297,606.0,1389.0000000000014,0.4807692307692308,0.9615384615384616,90.86538461538461,7.6923076923076925,1.4423076923076923,198.0,198.0,100.0,0.0,0.0,,,145.5,186.5,222.5,268.0,332.3,,,,,,,,,,,,,,,,223.0,334.80000000000007,0.5050505050505051,,93.93939393939394,4.545454545454546,1.5151515151515151,0.0,nm_inferred,208.0,100.0,,Liverpool John Lennon Airport,53.334863,-2.849637
EGGW,550.0,550.0,100.0,1.0,100.0,900.0,900.0,14.0,24.0,34.0,54.0,59.500000000000114,-0.0893939393939394,-0.06282051282051282,-0.03823529411764706,-0.02361111111111111,-0.014434343434343435,0.0,0.0,0.0,0.0,0.0,0.0,0.0,0.0,0.0,0.0,34.0,59.500000000000114,99.27272727272727,0.0,96.54545454545455,3.272727272727273,0.18181818181818182,538.0,536.0,99.62825278810409,0.0,100.0,300.0,271.0,-16.0,-1.0,14.0,34.0,49.0,-0.06388888888888888,-0.004166666666666667,0.04666666666666667,0.10555555555555556,0.18888888888888888,0.0,0.0,0.1,0.16666666666666666,0.25,0.0,0.0,0.041666666666666664,0.08333333333333333,0.14583333333333334,19.0,56.0,30.78358208955224,0.0,94.79553903345725,4.4609665427509295,0.37174721189591076,100.0,apdf,550.0,99.81412639405204,0.020794609665427507,London Luton Airport,51.874699,-0.368333
EGHH,70.0,70.0,100.0,0.0,0.0,600.0,302.0,-1304.5,-699.75,-563.5,-362.25,-183.49999999999997,0.30583333333333335,0.46791666666666665,0.6927777777777777,1.005,2.161055555555556,0.2,0.3333333333333333,0.44166666666666665,0.65,0.8,0.09166666666666666,0.16111111111111112,0.22708333333333333,0.31527777777777777,0.41000000000000003,563.5,1304.5000000000002,2.857142857142857,0.0,85.71428571428571,11.428571428571429,2.857142857142857,71.0,71.0,100.0,0.0,0.0,,,244.0,290.0,338.0,397.0,1142.0,,,,,,,,,,,,,,,,338.0,1142.0,0.0,,83.09859154929578,14.084507042253522,2.816901408450704,0.0,nm_inferred,71.0,100.0,,Bournemouth Airport,50.780483,-1.839576
EGHI,83.0,78.0,93.97590361445783,0.0,0.0,600.0,239.0,-681.0,-476.0,-371.0,-219.75,-114.50000000000001,0.19083333333333333,0.40694444444444444,0.6308333333333334,0.8351388888888889,1.3057777777777773,0.2,0.35,0.475,0.5888888888888889,0.75,0.145,0.18541666666666667,0.26296296296296295,0.3333333333333333,0.4407407407407407,371.0,681.0,1.2820512820512822,0.0,91.56626506024097,0.0,2.4096385542168677,86.0,81.0,94.18604651162791,0.0,0.0,,,61.0,102.0,141.0,212.0,271.0,,,,,,,,,,,,,,,,141.0,271.0,0.0,,90.69767441860465,0.0,3.488372093023256,0.0,nm_inferred,86.0,94.08097506304287,,Southampton Airport,50.950298,-1.3568
EGHL,1.0,1.0,100.0,0.0,0.0,600.0,600.0,74.0,74.0,74.0,74.0,74.0,-0.12333333333333334,-0.12333333333333334,-0.12333333333333334,-0.12333333333333334,-0.12333333333333334,0.0,0.0,0.0,0.0,0.0,0.0,0.0,0.0,0.0,0.0,74.0,74.0,100.0,0.0,100.0,0.0,0.0,,,,,,,,,,,,,,,,,,,,,,,,,,,,,,,,,,,0.0,nm_inferred,1.0,100.0,,Lasham Airfield,51.18744,-1.031663
EGHQ,28.0,27.0,96.42857142857143,0.0,0.0,600.0,168.0,-1056.2,-710.5,-571.0,-433.0,-357.79999999999995,0.5173333333333333,0.6966666666666667,0.93,1.0591666666666666,1.3826666666666672,0.44333333333333336,0.48333333333333334,0.65,0.7833333333333334,0.86,0.30833333333333335,0.3597222222222222,0.5055555555555555,0.5708333333333333,0.6500000000000001,571.0,1056.2000000000003,0.0,0.0,92.85714285714286,0.0,3.5714285714285716,28.0,27.0,96.42857142857143,0.0,0.0,,,153.6,172.0,210.0,266.0,681.600000000001,,,,,,,,,,,,,,,,210.0,681.600000000001,0.0,,92.85714285714286,0.0,3.5714285714285716,0.0,nm_inferred,28.0,96.42857142857143,,Cornwall Airport Newquay,50.440601,-4.99541
EGJA,18.0,17.0,94.44444444444444,0.0,0.0,600.0,559.0,-70.0,-51.0,-26.0,9.0,39.00000000000001,-0.065,-0.015,0.043333333333333335,0.085,0.11666666666666668,0.0,0.0,0.05,0.1,0.15,0.0,0.0,0.025,0.058333333333333334,0.09166666666666666,41.0,79.2,35.294117647058826,0.0,83.33333333333333,0.0,11.11111111111111,18.0,17.0,94.44444444444444,0.0,0.0,,,-7.999999999999999,65.0,118.0,1275.0,1609.0,,,,,,,,,,,,,,,,119.0,1609.0,17.647058823529413,,83.33333333333333,0.0,11.11111111111111,0.0,nm_inferred,18.0,94.44444444444444,,Alderney Airport,49.706104,-2.21472
EGJB,83.0,82.0,98.79518072289157,0.0,0.0,600.0,419.0,-460.0,-381.0,-183.5,-1.0,44.0,-0.07333333333333333,0.0016666666666666668,0.30583333333333335,0.635,0.7666666666666667,0.0,0.05,0.3,0.65,0.75,0.0,0.008333333333333333,0.24583333333333335,0.47291666666666665,0.6133333333333335,192.5,460.00000000000006,23.170731707317074,0.0,96.3855421686747,0.0,2.4096385542168677,74.0,72.0,97.29729729729729,0.0,0.0,,,25.900000000000006,99.25,195.0,259.25,302.0,,,,,,,,,,,,,,,,213.0,354.5,9.722222222222221,,94.5945945945946,0.0,2.7027027027027026,0.0,nm_inferred,83.0,98.04623901009444,,Guernsey Airport,49.435001,-2.60197
EGJJ,101.0,100.0,99.00990099009901,0.0,0.0,360.0,360.0,-16.0,-1.0,14.0,29.0,39.0,-0.10833333333333334,-0.06666666666666667,-0.03111111111111111,0.002777777777777778,0.044444444444444446,0.0,0.0,0.0,0.05,0.08333333333333333,0.0,0.0,0.0,0.013888888888888888,0.041666666666666664,19.0,44.50000000000004,69.0,0.0,98.01980198019803,0.0,0.9900990099009901,108.0,108.0,100.0,0.0,0.0,,,-46.69999999999999,-7.5,26.5,91.0,189.89999999999998,,,,,,,,,,,,,,,,53.5,189.89999999999998,33.333333333333336,,99.07407407407408,0.9259259259259259,0.0,0.0,nm_inferred,108.0,99.50495049504951,,Jersey Airport,49.207901,-2.19551
EGKB,93.0,93.0,100.0,0.0,0.0,600.0,249.0,-2193.9999999999995,-1041.0,-391.0,-176.0,-89.00000000000004,0.14833333333333337,0.29333333333333333,0.6516666666666666,1.735,3.6566666666666654,0.16000000000000006,0.3,0.55,0.9,0.95,0.14166666666666666,0.2,0.35,0.5666666666666667,0.6816666666666666,476.0,2193.9999999999995,2.150537634408602,0.0,90.3225806451613,1.075268817204301,8.602150537634408,91.0,91.0,100.0,0.0,0.0,,,50.0,77.5,185.0,266.5,1821.0,,,,,,,,,,,,,,,,185.0,1821.0,3.2967032967032965,,87.91208791208791,3.2967032967032965,8.791208791208792,0.0,nm_inferred,93.0,100.0,,London Biggin Hill Airport,51.33079910279999,0.0324999988079
EGKK,1214.0,1211.0,99.75288303130148,0.0,99.835255354201,1200.0,1200.0,19.0,29.0,44.0,54.0,64.0,-0.06764705882352941,-0.05,-0.034027777777777775,-0.021111111111111112,-0.013725490196078431,0.0,0.0,0.0,0.0,0.0,0.0,0.0,0.0,0.0,0.0,44.0,64.0,99.50454170107349,0.0,92.998352553542,6.754530477759473,0.0,1180.0,1180.0,100.0,0.0,97.45762711864407,480.0,431.0,-1.0,14.0,29.0,49.0,69.0,-0.0024206349206349186,0.025,0.06111111111111111,0.10476190476190476,0.15416666666666667,0.0,0.05555555555555555,0.08333333333333333,0.14285714285714285,0.16666666666666666,0.0,0.020833333333333332,0.047619047619047616,0.08333333333333333,0.10833333333333334,29.0,69.0,14.152542372881356,0.0,91.61016949152543,8.389830508474576,0.0,99.835255354201,apdf,1214.0,99.87644151565074,0.023780105122773985,London Gatwick Airport,51.148744,-0.185739
EGLC,198.0,198.0,100.0,0.0,100.0,360.0,254.0,-256.99999999999994,-186.0,-106.0,-71.0,-41.0,0.11816666666666668,0.21437499999999998,0.30583333333333335,0.4420386904761905,0.54,0.125,0.2,0.25,0.3333333333333333,0.4,0.06944444444444445,0.08333333333333333,0.125,0.16666666666666666,0.20833333333333334,106.0,257.0000000000002,1.5151515151515151,0.0,100.0,0.0,0.0,189.0,189.0,100.0,0.0,100.0,180.0,76.0,44.0,59.0,84.0,114.0,174.0,0.23523809523809525,0.36666666666666664,0.55,0.825,1.068888888888889,0.25,0.5,0.5,0.75,1.0,0.16666666666666666,0.25,0.3611111111111111,0.4722222222222222,0.625,84.0,174.0,2.1164021164021163,1.0582010582010581,98.94179894179894,1.0582010582010581,0.0,100.0,apdf,198.0,100.0,0.24305555555555555,London City Airport,51.505299,0.055278
EGLF,110.0,110.0,100.0,0.0,0.0,600.0,600.0,19.0,29.0,44.0,59.0,69.0,-0.115,-0.09833333333333333,-0.07333333333333333,-0.04833333333333333,-0.03166666666666667,0.0,0.0,0.0,0.0,0.0,0.0,0.0,0.0,0.0,0.0,44.0,69.0,100.0,0.0,97.27272727272727,0.9090909090909091,1.8181818181818181,108.0,108.0,100.0,0.0,0.0,,,-26.0,-21.0,-6.5,2.25,9.0,,,,,,,,,,,,,,,,11.0,26.299999999999997,70.37037037037037,,98.14814814814815,0.9259259259259259,0.9259259259259259,0.0,nm_inferred,110.0,100.0,,Farnborough Airport,51.275799,-0.776333
EGLK,3.0,3.0,100.0,0.0,0.0,600.0,600.0,40.0,41.5,44.0,56.5,64.0,-0.10666666666666667,-0.09416666666666668,-0.07333333333333333,-0.06916666666666667,-0.06666666666666667,0.0,0.0,0.0,0.0,0.0,0.0,0.0,0.0,0.0,0.0,44.0,64.0,100.0,0.0,100.0,0.0,0.0,2.0,2.0,100.0,0.0,0.0,,,-20.3,-16.25,-9.5,-2.75,1.3000000000000007,,,,,,,,,,,,,,,,13.5,21.1,50.0,,100.0,0.0,0.0,0.0,nm_inferred,3.0,100.0,,Blackbushe Airport,51.323898,-0.8475
EGLL,1883.0,1875.0,99.57514604354753,0.0,99.89378651088688,1320.0,1320.0,14.0,24.0,39.0,54.0,64.0,-0.05462962962962963,-0.04097222222222222,-0.028431372549019607,-0.016666666666666666,-0.008045977011494253,0.0,0.0,0.0,0.0,0.0,0.0,0.0,0.0,0.0,0.0,44.0,69.0,93.01333333333334,0.05333333333333334,84.7052575677111,14.869888475836431,0.0,1907.0,1896.0,99.42317776612481,0.0,99.94756161510226,420.0,391.0,-11.0,4.0,19.0,39.0,74.0,-0.025696078431372546,0.003036576949620428,0.04047619047619048,0.09424603174603174,0.20250000000000057,0.0,0.0,0.07142857142857142,0.125,0.2,0.0,0.0,0.041666666666666664,0.08333333333333333,0.125,24.0,84.0,24.89451476793249,0.0,85.68432092291557,13.738856843209229,0.0,99.94756161510226,apdf,1907.0,99.49916190483617,0.020728992063507534,London Heathrow Airport,51.470748,-0.459909
EGMC,35.0,35.0,100.0,0.0,0.0,600.0,600.0,51.0,59.0,74.0,81.5,92.0,-0.19666666666666666,-0.16107954545454545,-0.13703703703703704,-0.09833333333333333,-0.07727272727272727,0.0,0.0,0.0,0.0,0.0,0.0,0.0,0.0,0.0,0.0,74.0,92.0,100.0,0.0,97.14285714285714,2.857142857142857,0.0,33.0,33.0,100.0,0.0,0.0,,,-42.199999999999996,-31.0,-14.0,-5.0,2.0,,,,,,,,,,,,,,,,14.0,42.2,84.84848484848484,,96.96969696969697,3.0303030303030303,0.0,0.0,nm_inferred,35.0,100.0,,London Southend Airport,51.570562,0.693627
EGMD,2.0,2.0,100.0,0.0,0.0,600.0,444.0,-5300.0,-4443.5,-3016.0,-1588.5,-731.9999999999999,1.2200000000000002,2.6475,5.026666666666666,7.405833333333334,8.833333333333334,0.16,0.175,0.2,0.225,0.24,0.11083333333333334,0.11458333333333334,0.12083333333333333,0.12708333333333333,0.13083333333333333,3016.0,5300.0,0.0,0.0,100.0,0.0,0.0,2.0,2.0,100.0,0.0,0.0,,,55.1,92.75,155.5,218.25,255.9,,,,,,,,,,,,,,,,155.5,255.9,0.0,,100.0,0.0,0.0,0.0,nm_inferred,2.0,100.0,,Lydd London Ashford Airport,50.956246,0.939074
EGNH,3.0,3.0,100.0,0.0,0.0,600.0,598.0,-29.2,-19.0,-2.0,38.5,62.800000000000004,-0.10466666666666666,-0.06416666666666666,0.0033333333333333335,0.03166666666666666,0.048666666666666664,0.010000000000000002,0.025,0.05,0.07500000000000001,0.09000000000000001,0.0016666666666666668,0.004166666666666667,0.008333333333333333,0.020833333333333332,0.028333333333333335,36.0,70.4,33.333333333333336,0.0,100.0,0.0,0.0,3.0,3.0,100.0,0.0,0.0,,,-19.6,-16.0,-10.0,2.5,10.0,,,,,,,,,,,,,,,,15.0,20.6,66.66666666666667,,66.66666666666667,33.333333333333336,0.0,0.0,nm_inferred,3.0,100.0,,Blackpool Airport,53.771702,-3.02861
EGNJ,16.0,13.0,81.25,0.0,0.0,420.0,414.0,-15.799999999999999,-11.0,-4.0,14.0,225.0000000000001,-0.5357142857142857,-0.03333333333333333,0.009523809523809525,0.02619047619047619,0.03761904761904763,0.0,0.0,0.07142857142857142,0.07142857142857142,0.07142857142857142,0.0,0.0,0.023809523809523808,0.03571428571428571,0.045238095238095244,11.0,234.4000000000001,38.46153846153846,0.0,68.75,12.5,0.0,20.0,15.0,75.0,0.0,0.0,,,-360.3999999999999,-24.0,-7.0,24.0,184.79999999999998,,,,,,,,,,,,,,,,28.0,445.9999999999999,60.0,,75.0,0.0,0.0,0.0,nm_inferred,20.0,78.125,,Humberside Airport,53.576152,-0.34954
EGNL,2.0,2.0,100.0,0.0,0.0,600.0,600.0,66.5,70.25,76.5,82.75,86.5,-0.14416666666666667,-0.1379166666666667,-0.1275,-0.11708333333333334,-0.11083333333333334,0.0,0.0,0.0,0.0,0.0,0.0,0.0,0.0,0.0,0.0,76.5,86.5,100.0,0.0,50.0,0.0,50.0,2.0,2.0,100.0,0.0,0.0,,,-69.0,-63.0,-53.0,-43.0,-37.0,,,,,,,,,,,,,,,,53.0,69.0,100.0,,50.0,0.0,50.0,0.0,nm_inferred,2.0,100.0,,Barrow Walney Island Airport,54.1286111,-3.2675
EGNM,190.0,189.0,99.47368421052632,0.0,0.0,600.0,150.0,-1507.9999999999998,-776.0,-621.0,-501.0,-426.0,0.54,0.7177777777777777,0.9516666666666667,1.2183333333333333,1.9588888888888891,0.43333333333333335,0.55,0.7,0.95,1.0,0.3377777777777778,0.4166666666666667,0.55,0.65,0.7416666666666667,621.0,1508.0000000000036,0.0,0.0,94.21052631578948,4.7368421052631575,0.5263157894736842,183.0,180.0,98.36065573770492,0.0,0.0,,,140.3,193.0,234.5,296.75,518.3999999999999,,,,,,,,,,,,,,,,237.5,612.5999999999999,1.6666666666666667,,92.34972677595628,5.46448087431694,0.546448087431694,0.0,nm_inferred,190.0,98.91716997411561,,Leeds Bradford Airport,53.865898,-1.66057
EGNO,3.0,3.0,100.0,0.0,0.0,600.0,519.0,-109.0,-98.5,-81.0,-26.0,7.0000000000000036,-0.011666666666666659,0.043333333333333335,0.135,0.16416666666666668,0.18166666666666667,0.03,0.075,0.15,0.175,0.19,0.020000000000000004,0.05,0.1,0.13333333333333333,0.15333333333333332,81.0,109.0,33.333333333333336,0.0,100.0,0.0,0.0,4.0,4.0,100.0,0.0,0.0,,,30.3,30.75,48.5,91.0,136.00000000000003,,,,,,,,,,,,,,,,48.5,136.00000000000003,0.0,,75.0,25.0,0.0,0.0,nm_inferred,4.0,100.0,,Warton Aerodrome,53.745098,-2.88306
EGNR,6.0,6.0,100.0,0.0,0.0,600.0,188.5,-2882.5,-773.75,-635.5,-432.0,-218.5,0.3641666666666667,0.72,1.0591666666666666,1.2895833333333333,4.804166666666667,0.35000000000000003,0.5625,0.625,0.8,0.875,0.26666666666666666,0.45833333333333337,0.5,0.5166666666666667,0.5583333333333333,635.5,2882.5,0.0,0.0,100.0,0.0,0.0,9.0,9.0,100.0,0.0,0.0,,,282.0,297.0,353.0,670.0,1434.0000000000005,,,,,,,,,,,,,,,,353.0,1434.0000000000005,0.0,,88.88888888888889,11.11111111111111,0.0,0.0,nm_inferred,9.0,100.0,,Hawarden Airport,53.178101,-2.97778
EGNS,82.0,79.0,96.34146341463415,0.0,0.0,600.0,600.0,189.0,209.0,229.0,246.5,291.0,-0.5105925925925926,-0.43666666666666665,-0.3983333333333333,-0.3592592592592593,-0.3383333333333333,0.0,0.0,0.0,0.0,0.0,0.0,0.0,0.0,0.0,0.0,229.0,291.0,100.0,0.0,92.6829268292683,0.0,3.658536585365854,83.0,80.0,96.3855421686747,0.0,0.0,,,-166.4,-143.5,-122.5,-98.0,-90.79999999999998,,,,,,,,,,,,,,,,122.5,166.40000000000003,100.0,,91.56626506024097,1.2048192771084338,3.6144578313253013,0.0,nm_inferred,83.0,96.36350279165443,,Isle of Man Airport,54.083081,-4.623871
EGNT,211.0,199.0,94.31279620853081,0.0,100.0,720.0,170.0,-1030.9999999999998,-731.0,-616.0,-503.5,-274.9999999999999,0.4164801864801865,0.7931944444444444,0.8803030303030303,0.935,1.6319444444444449,0.4,0.5357142857142857,0.6666666666666666,0.7777777777777778,0.9,0.2811965811965812,0.36363636363636365,0.4696969696969697,0.5538194444444444,0.6583333333333333,616.0,1031.000000000003,0.0,0.0,84.83412322274881,8.530805687203792,0.9478672985781991,197.0,184.0,93.4010152284264,1.0,100.0,180.0,45.0,145.5,179.0,219.0,250.25,309.0,0.6433333333333334,0.83,1.05,1.2722222222222221,1.4333333333333336,0.5,0.7071428571428571,0.875,1.0,1.0,0.29444444444444445,0.4375,0.5333333333333333,0.6388888888888888,0.7083333333333334,219.0,309.0,0.0,0.546448087431694,87.81725888324873,4.568527918781726,1.015228426395939,100.0,apdf,211.0,93.8569057184786,0.4707066029214608,Newcastle International Airport,55.037958,-1.689577
EGNV,22.0,19.0,86.36363636363636,0.0,0.0,600.0,600.0,-53.0,-11.0,74.0,179.0,215.99999999999994,-0.36,-0.24027777777777778,-0.08777777777777777,0.018333333333333333,0.08833333333333333,0.0,0.0,0.0,0.05,0.10999999999999997,0.0,0.0,0.0,0.025,0.058333333333333307,79.0,275.4,68.42105263157895,0.0,86.36363636363636,0.0,0.0,21.0,19.0,90.47619047619048,0.0,0.0,,,-14.8,29.0,75.0,132.0,166.19999999999996,,,,,,,,,,,,,,,,75.0,166.19999999999996,21.05263157894737,,90.47619047619048,0.0,0.0,0.0,nm_inferred,22.0,88.41991341991343,,Teesside International Airport,54.509201,-1.42941
EGNX,265.0,264.0,99.62264150943396,0.0,0.0,600.0,600.0,-704.5,-361.0,6.5,44.0,59.0,-0.09,-0.06,-0.010833333333333334,0.5870833333333333,1.1741666666666668,0.0,0.0,0.0,0.2,0.55,0.0,0.0,0.0,0.08333333333333333,0.25,64.0,704.5000000000001,51.515151515151516,0.0,94.33962264150944,5.283018867924528,0.0,248.0,247.0,99.59677419354838,0.0,0.0,,,-13.0,3.0,102.0,196.0,262.4,,,,,,,,,,,,,,,,102.0,262.4,23.481781376518217,,90.3225806451613,9.274193548387096,0.0,0.0,nm_inferred,265.0,99.60970785149118,,East Midlands Airport,52.8311,-1.32806
EGOV,1.0,1.0,100.0,0.0,0.0,600.0,544.0,-56.0,-56.0,-56.0,-56.0,-56.0,0.09333333333333334,0.09333333333333334,0.09333333333333334,0.09333333333333334,0.09333333333333334,0.1,0.1,0.1,0.1,0.1,0.1,0.1,0.1,0.1,0.1,56.0,56.0,0.0,0.0,100.0,0.0,0.0,1.0,1.0,100.0,0.0,0.0,,,-55.0,-55.0,-55.0,-55.0,-55.0,,,,,,,,,,,,,,,,55.0,55.0,100.0,,0.0,0.0,100.0,0.0,nm_inferred,1.0,100.0,,Anglesey Airport,53.2481,-4.53534
EGPA,29.0,22.0,75.86206896551724,0.0,0.0,600.0,600.0,757.0,835.25,894.0,977.75,1007.0,-1.6783333333333332,-1.6295833333333332,-1.49,-1.3920833333333333,-1.2616666666666665,0.0,0.0,0.0,0.0,0.0,0.0,0.0,0.0,0.0,0.0,894.0,1007.0,100.0,0.0,75.86206896551724,0.0,0.0,26.0,21.0,80.76923076923077,0.0,0.0,,,-1107.0,-945.0,-885.0,-846.0,-740.0,,,,,,,,,,,,,,,,885.0,1107.0,100.0,,80.76923076923077,0.0,0.0,0.0,nm_inferred,29.0,78.315649867374,,Kirkwall Airport,58.957903,-2.905077
EGPB,38.0,30.0,78.94736842105263,0.0,0.0,600.0,600.0,1277.5,1309.5,1374.0,1446.5,1701.5,-2.8358333333333334,-2.4108333333333336,-2.29,-2.1825,-2.129166666666667,0.0,0.0,0.0,0.0,0.0,0.0,0.0,0.0,0.0,0.0,1374.0,1701.5,100.0,0.0,78.94736842105263,0.0,0.0,39.0,29.0,74.35897435897436,0.0,0.0,,,-1520.8,-1493.0,-1412.0,-1269.0,-1247.8,,,,,,,,,,,,,,,,1412.0,1520.8,100.0,,74.35897435897436,0.0,0.0,0.0,nm_inferred,39.0,76.6531713900135,,Sumburgh Airport,59.878899,-1.29556
EGPC,2.0,0.0,0.0,0.0,0.0,600.0,,,,,,,,,,,,,,,,,,,,,,,,,,0.0,0.0,0.0,2.0,0.0,0.0,0.0,0.0,,,,,,,,,,,,,,,,,,,,,,,,,,,0.0,0.0,0.0,0.0,nm_inferred,2.0,0.0,,Wick John O'Groats Airport,58.4589,-3.09306
EGPD,137.0,126.0,91.97080291970804,0.0,98.54014598540147,660.0,384.0,-578.5,-416.0,-246.0,-99.75,44.0,-0.057671957671957666,0.18159722222222222,0.392989417989418,0.6335202991452991,0.8752380952380951,0.0,0.1875,0.35357142857142854,0.5,0.7247474747474747,0.0,0.0974702380952381,0.22673160173160173,0.3087121212121212,0.48863636363636365,246.0,578.5,17.46031746031746,0.0,91.24087591240875,0.7299270072992701,0.0,136.0,125.0,91.91176470588235,1.0,99.26470588235294,240.0,50.0,86.0,134.0,174.0,234.0,269.0,0.38026455026455025,0.6108333333333333,0.8916666666666667,1.0541666666666667,1.1888888888888889,0.3416666666666667,0.625,0.8333333333333334,1.0,1.0,0.18416666666666667,0.2757936507936508,0.375,0.4654761904761905,0.5416666666666666,174.0,269.0,5.6,0.0,91.17647058823529,0.7352941176470589,0.0,99.26470588235294,apdf,137.0,91.94128381279519,0.2766198798696652,Aberdeen International Airport,57.2019,-2.19778
EGPE,51.0,48.0,94.11764705882354,0.0,0.0,600.0,600.0,34.0,49.0,69.0,94.0,99.0,-0.1675,-0.15041666666666667,-0.115,-0.07958333333333334,-0.056666666666666664,0.0,0.0,0.0,0.0,0.0,0.0,0.0,0.0,0.0,0.0,69.0,99.0,95.83333333333333,0.0,92.15686274509804,1.9607843137254901,0.0,49.0,47.0,95.91836734693878,0.0,0.0,,,-192.4,-163.5,-127.0,-112.0,-98.6,,,,,,,,,,,,,,,,129.0,203.79999999999998,93.61702127659575,,93.87755102040816,2.0408163265306123,0.0,0.0,nm_inferred,51.0,95.01800720288117,,Inverness Airport,57.5425,-4.0475
EGPF,343.0,339.0,98.83381924198251,0.0,98.54227405247813,720.0,720.0,24.0,34.0,49.0,59.0,74.0,-0.10666666666666667,-0.08194444444444444,-0.06282051282051282,-0.043333333333333335,-0.030208333333333334,0.0,0.0,0.0,0.0,0.0,0.0,0.0,0.0,0.0,0.0,49.0,74.0,100.0,0.0,92.71137026239067,5.830903790087463,0.2915451895043732,333.0,330.0,99.09909909909909,0.0,94.8948948948949,240.0,240.0,-46.0,-26.0,-6.0,14.0,29.0,-0.2255555555555555,-0.0875,-0.0125,0.05,0.13333333333333333,0.0,0.0,0.0,0.125,0.16666666666666666,0.0,0.0,0.0,0.041666666666666664,0.08333333333333333,19.0,46.10000000000002,59.09090909090909,0.0,94.5945945945946,4.504504504504505,0.0,98.54227405247813,apdf,343.0,98.9664591705408,0.0,Glasgow Airport,55.871899,-4.43306
EGPH,576.0,576.0,100.0,0.0,99.65277777777779,735.5,251.5,-1106.0,-832.25,-646.0,-506.0,-311.0,0.485094188732895,0.7925964309805604,0.8982482065734573,0.9462803777990025,1.0531745385608449,0.23166368515205726,0.3448275862068966,0.47776679841897235,0.6153846153846154,0.7559523809523809,0.1217015903351307,0.18997649775285533,0.27058882935748607,0.3635249796282417,0.4518094961584163,646.0,1106.0,2.7777777777777777,0.1736111111111111,94.27083333333333,5.208333333333333,0.5208333333333334,571.0,570.0,99.82486865148861,0.0,100.0,405.0,62.0,238.50000000000003,294.0,364.0,484.0,709.5000000000001,0.6751388518024032,0.8277630231665173,0.9425066029244684,1.0133333333333334,1.0993258749282846,0.5555555555555556,0.7142857142857143,0.8461538461538461,0.9285714285714286,1.0,0.25879647352894813,0.34137899306119357,0.41018371715977386,0.4853247830668849,0.5441223114016461,364.0,714.0,0.3508771929824561,0.0,94.92119089316988,4.378283712784588,0.5253940455341506,100.0,apdf,576.0,99.9124343257443,0.3400882117233772,Edinburgh Airport,55.950145,-3.372288
EGPI,8.0,8.0,100.0,0.0,0.0,600.0,600.0,322.0,427.75,444.0,560.25,666.0,-1.1099999999999999,-0.93375,-0.74,-0.7129166666666666,-0.5366666666666667,0.0,0.0,0.0,0.0,0.0,0.0,0.0,0.0,0.0,0.0,444.0,666.0,100.0,0.0,100.0,0.0,0.0,8.0,8.0,100.0,0.0,0.0,,,-678.6,-639.0,-557.5,-532.0,-461.5,,,,,,,,,,,,,,,,557.5,678.6,100.0,,100.0,0.0,0.0,0.0,nm_inferred,8.0,100.0,,Islay Airport,55.682708,-6.257525
EGPK,29.0,29.0,100.0,0.0,0.0,900.0,899.0,-6.999999999999998,9.0,19.0,39.0,59.99999999999998,-0.08666666666666666,-0.043333333333333335,-0.023333333333333334,-0.01,0.007777777777777774,0.0,0.0,0.0,0.0,0.03333333333333333,0.0,0.0,0.0,0.0,0.016666666666666666,19.0,59.99999999999998,79.3103448275862,0.0,82.75862068965517,17.24137931034483,0.0,29.0,29.0,100.0,0.0,0.0,,,-65.8,-54.0,-46.0,-39.0,-36.400000000000006,,,,,,,,,,,,,,,,46.0,65.79999999999998,100.0,,86.20689655172414,13.793103448275861,0.0,0.0,nm_inferred,29.0,100.0,,Glasgow Prestwick Airport,55.501499,-4.577182
EGPL,7.0,4.0,57.142857142857146,0.0,0.0,600.0,600.0,428.0,441.5,474.0,706.5,1080.0000000000002,-1.7999999999999998,-1.1775,-0.79,-0.7358333333333333,-0.7133333333333334,0.0,0.0,0.0,0.0,0.0,0.0,0.0,0.0,0.0,0.0,474.0,1080.0000000000002,100.0,0.0,57.142857142857146,0.0,0.0,7.0,4.0,57.142857142857146,0.0,0.0,,,-1020.7,-921.25,-826.0,-784.5,-781.8,,,,,,,,,,,,,,,,826.0,1020.7,100.0,,57.142857142857146,0.0,0.0,0.0,nm_inferred,7.0,57.142857142857146,,Benbecula Airport,57.481098,-7.36278
EGPN,11.0,11.0,100.0,0.0,0.0,600.0,600.0,-11.0,21.5,39.0,41.5,59.0,-0.09833333333333333,-0.06916666666666667,-0.065,-0.035833333333333335,0.018333333333333333,0.0,0.0,0.0,0.0,0.05,0.0,0.0,0.0,0.0,0.025,39.0,59.0,81.81818181818181,0.0,100.0,0.0,0.0,11.0,11.0,100.0,0.0,0.0,,,-173.0,-171.0,-163.0,-146.5,-127.0,,,,,,,,,,,,,,,,163.0,173.0,100.0,,100.0,0.0,0.0,0.0,nm_inferred,11.0,100.0,,Dundee Airport,56.452499,-3.02583
EGPO,22.0,18.0,81.81818181818181,0.0,0.0,600.0,600.0,417.5,440.25,471.5,572.75,690.5,-1.1508333333333334,-0.9545833333333333,-0.7858333333333334,-0.73375,-0.6958333333333333,0.0,0.0,0.0,0.0,0.0,0.0,0.0,0.0,0.0,0.0,471.5,690.5,100.0,0.0,81.81818181818181,0.0,0.0,23.0,18.0,78.26086956521739,0.0,0.0,,,-1089.8,-961.25,-806.5,-715.5,-698.3,,,,,,,,,,,,,,,,806.5,1089.8,100.0,,78.26086956521739,0.0,0.0,0.0,nm_inferred,23.0,80.0395256916996,,Stornoway Airport,58.215599,-6.33111
EGPR,8.0,7.0,87.5,0.0,0.0,600.0,600.0,1730.0,1829.0,1844.0,1964.0,2073.0,-3.455,-3.2733333333333334,-3.0733333333333333,-3.0483333333333333,-2.8833333333333333,0.0,0.0,0.0,0.0,0.0,0.0,0.0,0.0,0.0,0.0,1844.0,2073.0,100.0,0.0,87.5,0.0,0.0,7.0,7.0,100.0,0.0,0.0,,,-2100.4,-2005.0,-1924.0,-1858.0,-1810.8,,,,,,,,,,,,,,,,1924.0,2100.4,100.0,,100.0,0.0,0.0,0.0,nm_inferred,8.0,93.75,,Barra Airport,57.0228,-7.44306
EGPU,6.0,6.0,100.0,0.0,0.0,600.0,600.0,1331.5,1401.5,1554.0,1717.75,1756.5,-2.9275,-2.862916666666667,-2.59,-2.3358333333333334,-2.2191666666666663,0.0,0.0,0.0,0.0,0.0,0.0,0.0,0.0,0.0,0.0,1554.0,1756.5,100.0,0.0,83.33333333333333,16.666666666666668,0.0,6.0,6.0,100.0,0.0,0.0,,,-1887.0,-1822.25,-1577.0,-1352.0,-1119.5,,,,,,,,,,,,,,,,1577.0,1887.0,100.0,,100.0,0.0,0.0,0.0,nm_inferred,6.0,100.0,,Tiree Airport,56.499199,-6.86917
EGSC,1.0,1.0,100.0,0.0,0.0,600.0,600.0,84.0,84.0,84.0,84.0,84.0,-0.14,-0.14,-0.14,-0.14,-0.14,0.0,0.0,0.0,0.0,0.0,0.0,0.0,0.0,0.0,0.0,84.0,84.0,100.0,0.0,100.0,0.0,0.0,1.0,1.0,100.0,0.0,0.0,,,-55.0,-55.0,-55.0,-55.0,-55.0,,,,,,,,,,,,,,,,55.0,55.0,100.0,,100.0,0.0,0.0,0.0,nm_inferred,1.0,100.0,,Cambridge City Airport,52.205002,0.175
EGSH,25.0,25.0,100.0,0.0,0.0,600.0,600.0,-17.4,-1.0,9.0,24.0,152.0,-0.2533333333333333,-0.04,-0.01,0.0016666666666666668,0.02633333333333337,0.0,0.0,0.0,0.05,0.05,0.0,0.0,0.0,0.008333333333333333,0.02666666666666669,19.0,152.0,64.0,0.0,100.0,0.0,0.0,25.0,25.0,100.0,0.0,0.0,,,-27.799999999999997,-2.0,17.0,180.0,302.6,,,,,,,,,,,,,,,,34.0,302.6,32.0,,96.0,4.0,0.0,0.0,nm_inferred,25.0,100.0,,Norwich Airport,52.6758,1.28278
EGSS,879.0,878.0,99.88623435722411,0.0,100.0,720.0,720.0,19.0,29.0,44.0,59.0,69.0,-0.11212121212121212,-0.08202457264957265,-0.056666666666666664,-0.03333333333333333,-0.023333333333333334,0.0,0.0,0.0,0.0,0.0,0.0,0.0,0.0,0.0,0.0,44.0,69.0,99.77220956719817,0.0,94.53924914675768,5.233219567690558,0.11376564277588168,871.0,865.0,99.31113662456946,0.0,99.88518943742825,420.0,391.0,-16.0,-1.0,14.0,29.0,39.0,-0.0380952380952381,-0.0033333333333333335,0.03166666666666667,0.06904761904761905,0.09444444444444444,0.0,0.0,0.07142857142857142,0.1,0.14285714285714285,0.0,0.0,0.03125,0.06944444444444445,0.09523809523809523,19.0,44.0,31.67630057803468,0.0,93.57060849598163,5.625717566016074,0.1148105625717566,100.0,apdf,879.0,99.59868549089678,0.015562294607952623,London Stansted Airport,51.884998,0.235
EGTE,36.0,34.0,94.44444444444444,0.0,0.0,600.0,600.0,30.6,66.5,109.0,149.0,234.5,-0.3683333333333333,-0.24833333333333332,-0.1775,-0.11083333333333334,-0.051000000000000004,0.0,0.0,0.0,0.0,0.0,0.0,0.0,0.0,0.0,0.0,109.0,234.5,97.05882352941177,0.0,86.11111111111111,8.333333333333334,0.0,36.0,34.0,94.44444444444444,0.0,0.0,,,-157.1,-135.0,-114.5,-96.5,-81.10000000000001,,,,,,,,,,,,,,,,115.5,372.5999999999999,94.11764705882354,,86.11111111111111,8.333333333333334,0.0,0.0,nm_inferred,36.0,94.44444444444444,,Exeter International Airport,50.734261,-3.413984
EGTF,,,,,,,,,,,,,,,,,,,,,,,,,,,,,,,,,,,1.0,1.0,100.0,0.0,0.0,,,-65.0,-65.0,-65.0,-65.0,-65.0,,,,,,,,,,,,,,,,65.0,65.0,100.0,,100.0,0.0,0.0,0.0,nm_inferred,1.0,100.0,,Fairoaks Airport,51.348099,-0.558889
EGTK,19.0,19.0,100.0,0.0,0.0,600.0,600.0,38.0,51.5,64.0,89.0,96.0,-0.16,-0.14833333333333334,-0.10666666666666667,-0.08583333333333333,-0.06333333333333334,0.0,0.0,0.0,0.0,0.0,0.0,0.0,0.0,0.0,0.0,64.0,96.0,94.73684210526316,0.0,100.0,0.0,0.0,16.0,16.0,100.0,0.0,0.0,,,-70.5,-63.25,-55.5,-41.25,-28.5,,,,,,,,,,,,,,,,55.5,70.5,100.0,,93.75,0.0,6.25,0.0,nm_inferred,19.0,100.0,,London Oxford Airport,51.836899,-1.32
EGUB,1.0,1.0,100.0,0.0,0.0,600.0,600.0,99.0,99.0,99.0,99.0,99.0,-0.165,-0.165,-0.165,-0.165,-0.165,0.0,0.0,0.0,0.0,0.0,0.0,0.0,0.0,0.0,0.0,99.0,99.0,100.0,0.0,100.0,0.0,0.0,1.0,1.0,100.0,0.0,0.0,,,-43.0,-43.0,-43.0,-43.0,-43.0,,,,,,,,,,,,,,,,43.0,43.0,100.0,,100.0,0.0,0.0,0.0,nm_inferred,1.0,100.0,,RAF Benson,51.614366,-1.095991
EGVN,3.0,3.0,100.0,0.0,0.0,600.0,600.0,47.0,51.5,59.0,61.5,63.0,-0.10500000000000001,-0.10250000000000001,-0.09833333333333333,-0.08583333333333333,-0.07833333333333334,0.0,0.0,0.0,0.0,0.0,0.0,0.0,0.0,0.0,0.0,59.0,63.0,100.0,0.0,100.0,0.0,0.0,5.0,5.0,100.0,0.0,0.0,,,-52.599999999999994,-10.0,-6.0,8.0,8.6,,,,,,,,,,,,,,,,9.0,52.60000000000001,60.0,,100.0,0.0,0.0,0.0,nm_inferred,5.0,100.0,,RAF Brize Norton,51.75,-1.58362
EGWC,,,,,,,,,,,,,,,,,,,,,,,,,,,,,,,,,,,1.0,1.0,100.0,0.0,0.0,,,-54.0,-54.0,-54.0,-54.0,-54.0,,,,,,,,,,,,,,,,54.0,54.0,100.0,,100.0,0.0,0.0,0.0,nm_inferred,1.0,100.0,,RAF Cosford,52.640524,-2.305326
EGWU,32.0,32.0,100.0,0.0,0.0,600.0,600.0,29.5,39.0,54.0,70.25,84.0,-0.14,-0.11708333333333334,-0.09,-0.065,-0.04916666666666665,0.0,0.0,0.0,0.0,0.0,0.0,0.0,0.0,0.0,0.0,54.0,84.0,100.0,0.0,96.875,0.0,3.125,27.0,27.0,100.0,0.0,0.0,,,-5.599999999999998,37.0,82.0,110.5,142.80000000000007,,,,,,,,,,,,,,,,82.0,142.80000000000007,11.11111111111111,,92.5925925925926,7.407407407407407,0.0,0.0,nm_inferred,32.0,100.0,,RAF Northolt,51.553001,-0.418167
EHAK,1.0,1.0,100.0,0.0,0.0,60.0,60.0,2962.0,2962.0,2962.0,2962.0,2962.0,-49.36666666666667,-49.36666666666667,-49.36666666666667,-49.36666666666667,-49.36666666666667,0.0,0.0,0.0,0.0,0.0,0.0,0.0,0.0,0.0,0.0,2962.0,2962.0,100.0,0.0,100.0,0.0,0.0,,,,,,,,,,,,,,,,,,,,,,,,,,,,,,,,,,,0.0,nm_inferred,1.0,100.0,,A12-CPP Platform Helipad,55.399167,3.810278
EHAM,2112.0,2111.0,99.95265151515152,0.0,99.19507575757575,641.5,416.0,-900.0,-545.0,-214.0,-12.0,0.0,0.0,0.023921049349658507,0.35015290519877673,0.8565714285714285,1.032442748091603,0.0,0.07142857142857142,0.23529411764705882,0.4074074074074074,0.64,0.0,0.022988505747126436,0.096,0.20884116053558707,0.3835978835978836,216.0,902.0,10.23211747986736,0.0,92.23484848484848,7.575757575757576,0.14204545454545456,2073.0,2073.0,100.0,0.0,99.32465026531597,655.0,100.0,149.20000000000002,334.0,572.0,693.0,869.0,0.47867426040183514,0.7310573196830354,0.8629032258064516,0.9975667803353225,1.0625,0.3733333333333334,0.7,0.8333333333333334,0.936491935483871,1.0,0.14025272972641395,0.585475719622061,0.7420924574209246,0.8348904498788586,0.9066938317536245,574.0,886.8,0.9165460684997588,4.12821758135017,93.15002411963339,6.705258080077183,0.1447178002894356,99.32465026531597,apdf,2112.0,99.97632575757575,0.4189470226904077,Amsterdam Airport Schiphol,52.308601,4.76389
EHBK,24.0,21.0,87.5,0.0,0.0,600.0,600.0,-11.0,-11.0,4.0,16.0,24.0,-0.04,-0.02666666666666667,-0.006666666666666667,0.015277777777777777,0.018333333333333333,0.0,0.0,0.0,0.05,0.05,0.0,0.0,0.0,0.016666666666666666,0.025,11.0,214.0,52.38095238095238,0.0,79.16666666666667,4.166666666666667,4.166666666666667,24.0,21.0,87.5,0.0,0.0,,,5.0,98.0,279.0,348.0,449.0,,,,,,,,,,,,,,,,279.0,449.0,9.523809523809524,,75.0,8.333333333333334,4.166666666666667,0.0,nm_inferred,24.0,87.5,,Maastricht Aachen Airport,50.911087,5.769401
EHDV,,,,,,,,,,,,,,,,,,,,,,,,,,,,,,,,,,,1.0,1.0,100.0,0.0,0.0,,,-2443.0,-2443.0,-2443.0,-2443.0,-2443.0,,,,,,,,,,,,,,,,2443.0,2443.0,100.0,,100.0,0.0,0.0,0.0,nm_inferred,1.0,100.0,,D15-FA-1 Heliport,54.32472,2.93417
EHEH,191.0,191.0,100.0,0.0,0.0,600.0,320.0,-693.0,-561.0,-421.0,-233.5,-111.0,0.1622222222222222,0.3433333333333333,0.6183333333333333,0.7820833333333334,1.135,0.16666666666666666,0.25,0.35,0.45,0.6,0.09166666666666666,0.12222222222222222,0.18333333333333332,0.25795454545454544,0.325,421.0,693.0,0.0,0.0,96.8586387434555,1.5706806282722514,1.5706806282722514,190.0,190.0,100.0,0.0,0.0,,,250.9,285.25,325.5,380.0,462.2,,,,,,,,,,,,,,,,329.0,466.29999999999995,1.5789473684210527,,95.78947368421052,2.1052631578947367,2.1052631578947367,0.0,nm_inferred,191.0,100.0,,Eindhoven Airport,51.4500999451,5.37452983856
EHFB,2.0,2.0,100.0,0.0,0.0,60.0,60.0,2129.2,2140.0,2158.0,2176.0,2186.8,-36.44666666666667,-36.266666666666666,-35.96666666666667,-35.66666666666667,-35.486666666666665,0.0,0.0,0.0,0.0,0.0,0.0,0.0,0.0,0.0,0.0,2158.0,2186.8,100.0,0.0,100.0,0.0,0.0,3.0,3.0,100.0,0.0,0.0,,,-2378.0,-2289.5,-2142.0,-1996.5,-1909.2,,,,,,,,,,,,,,,,2142.0,2378.0,100.0,,100.0,0.0,0.0,0.0,nm_inferred,3.0,100.0,,F2-A,54.94444,4.5725
EHFD,1.0,1.0,100.0,0.0,0.0,60.0,60.0,2218.0,2218.0,2218.0,2218.0,2218.0,-36.96666666666667,-36.96666666666667,-36.96666666666667,-36.96666666666667,-36.96666666666667,0.0,0.0,0.0,0.0,0.0,0.0,0.0,0.0,0.0,0.0,2218.0,2218.0,100.0,0.0,100.0,0.0,0.0,1.0,1.0,100.0,0.0,0.0,,,-1755.0,-1755.0,-1755.0,-1755.0,-1755.0,,,,,,,,,,,,,,,,1755.0,1755.0,100.0,,100.0,0.0,0.0,0.0,nm_inferred,1.0,100.0,,F3-FB-1,54.85306,4.69472
EHFR,,,,,,,,,,,,,,,,,,,,,,,,,,,,,,,,,,,1.0,1.0,100.0,0.0,0.0,,,-862.0,-862.0,-862.0,-862.0,-862.0,,,,,,,,,,,,,,,,862.0,862.0,100.0,,100.0,0.0,0.0,0.0,nm_inferred,1.0,100.0,,L5-FA-1,53.81083,4.35111
EHFT,,,,,,,,,,,,,,,,,,,,,,,,,,,,,,,,,,,1.0,1.0,100.0,0.0,0.0,,,-365.0,-365.0,-365.0,-365.0,-365.0,,,,,,,,,,,,,,,,365.0,365.0,100.0,,100.0,0.0,0.0,0.0,nm_inferred,1.0,100.0,,L5-D,53.81806,4.51278
EHGG,10.0,10.0,100.0,0.0,0.0,600.0,364.5,-732.5,-588.5,-201.0,-58.5,-49.00000000000003,0.08166666666666668,0.0975,0.49333333333333335,1.0954166666666665,1.5122222222222212,0.09000000000000001,0.1125,0.25,0.7875000000000001,0.8566666666666666,0.0675,0.07708333333333334,0.14166666666666666,0.3125,0.4541666666666666,201.0,732.4999999999998,10.0,0.0,100.0,0.0,0.0,10.0,10.0,100.0,0.0,0.0,,,158.1,172.5,302.0,371.5,407.9,,,,,,,,,,,,,,,,302.0,407.9,0.0,,100.0,0.0,0.0,0.0,nm_inferred,10.0,100.0,,Groningen Airport Eelde,53.119107,6.577652
EHGN,1.0,1.0,100.0,0.0,0.0,60.0,60.0,1536.0,1536.0,1536.0,1536.0,1536.0,-25.6,-25.6,-25.6,-25.6,-25.6,0.0,0.0,0.0,0.0,0.0,0.0,0.0,0.0,0.0,0.0,1536.0,1536.0,100.0,0.0,100.0,0.0,0.0,,,,,,,,,,,,,,,,,,,,,,,,,,,,,,,,,,,0.0,nm_inferred,1.0,100.0,,G14-A,54.22389,5.49861
EHGQ,2.0,2.0,100.0,0.0,0.0,60.0,60.0,996.4,1049.5,1138.0,1226.5,1279.6,-21.326666666666668,-20.441666666666666,-18.96666666666667,-17.491666666666667,-16.606666666666666,0.0,0.0,0.0,0.0,0.0,0.0,0.0,0.0,0.0,0.0,1138.0,1279.6,100.0,0.0,100.0,0.0,0.0,1.0,1.0,100.0,0.0,0.0,,,-546.0,-546.0,-546.0,-546.0,-546.0,,,,,,,,,,,,,,,,546.0,546.0,100.0,,100.0,0.0,0.0,0.0,nm_inferred,2.0,100.0,,G17D-A,54.04917,5.43194
EHJA,6.0,6.0,100.0,0.0,0.0,60.0,60.0,1274.0,1334.75,1353.5,1472.0,1822.5,-30.375,-24.53333333333333,-22.558333333333334,-22.245833333333334,-21.233333333333334,0.0,0.0,0.0,0.0,0.0,0.0,0.0,0.0,0.0,0.0,1353.5,1822.5,100.0,0.0,100.0,0.0,0.0,3.0,3.0,100.0,0.0,0.0,,,-1771.0,-1762.0,-1747.0,-1686.5,-1650.2,,,,,,,,,,,,,,,,1747.0,1771.0,100.0,,100.0,0.0,0.0,0.0,nm_inferred,6.0,100.0,,J6-A Heliport,53.82333,2.94389
EHJC,1.0,1.0,100.0,0.0,0.0,60.0,60.0,1047.0,1047.0,1047.0,1047.0,1047.0,-17.45,-17.45,-17.45,-17.45,-17.45,0.0,0.0,0.0,0.0,0.0,0.0,0.0,0.0,0.0,0.0,1047.0,1047.0,100.0,0.0,100.0,0.0,0.0,,,,,,,,,,,,,,,,,,,,,,,,,,,,,,,,,,,0.0,nm_inferred,1.0,100.0,,K2B-A Heliport,53.94861,3.66222
EHJR,1.0,1.0,100.0,0.0,0.0,60.0,60.0,1192.0,1192.0,1192.0,1192.0,1192.0,-19.866666666666667,-19.866666666666667,-19.866666666666667,-19.866666666666667,-19.866666666666667,0.0,0.0,0.0,0.0,0.0,0.0,0.0,0.0,0.0,0.0,1192.0,1192.0,100.0,0.0,100.0,0.0,0.0,2.0,2.0,100.0,0.0,0.0,,,-1239.6,-1237.5,-1234.0,-1230.5,-1228.4,,,,,,,,,,,,,,,,1234.0,1239.6,100.0,,100.0,0.0,0.0,0.0,nm_inferred,2.0,100.0,,K13-A Heliport,53.217222,3.218889
EHKD,50.0,49.0,98.0,0.0,0.0,600.0,600.0,-16.0,4.0,9.0,21.0,26.0,-0.043333333333333335,-0.035,-0.015,-0.006666666666666667,0.02666666666666667,0.0,0.0,0.0,0.05,0.05,0.0,0.0,0.0,0.008333333333333333,0.03333333333333333,14.0,26.0,75.51020408163265,0.0,86.0,0.0,12.0,48.0,47.0,97.91666666666667,0.0,0.0,,,-38.4,-23.0,-8.0,8.5,28.999999999999993,,,,,,,,,,,,,,,,21.0,41.0,63.829787234042556,,83.33333333333333,2.0833333333333335,12.5,0.0,nm_inferred,50.0,97.95833333333334,,De Kooy Airfield / Den Helder Naval Air Station,52.923401,4.78062
EHKE,,,,,,,,,,,,,,,,,,,,,,,,,,,,,,,,,,,1.0,1.0,100.0,0.0,0.0,,,-870.0,-870.0,-870.0,-870.0,-870.0,,,,,,,,,,,,,,,,870.0,870.0,100.0,,100.0,0.0,0.0,0.0,nm_inferred,1.0,100.0,,K6-PC Heliport,53.69833,3.86889
EHKJ,2.0,2.0,100.0,0.0,0.0,60.0,60.0,836.1,930.75,1088.5,1246.25,1340.9,-22.348333333333333,-20.770833333333332,-18.141666666666666,-15.5125,-13.934999999999999,0.0,0.0,0.0,0.0,0.0,0.0,0.0,0.0,0.0,0.0,1088.5,1340.9,100.0,0.0,100.0,0.0,0.0,2.0,2.0,100.0,0.0,0.0,,,-1311.0,-1224.0,-1079.0,-934.0,-847.0,,,,,,,,,,,,,,,,1079.0,1311.0,100.0,,100.0,0.0,0.0,0.0,nm_inferred,2.0,100.0,,L4-A Heliport,53.72444,4.0975
EHKS,1.0,1.0,100.0,0.0,0.0,60.0,60.0,239.0,239.0,239.0,239.0,239.0,-3.9833333333333334,-3.9833333333333334,-3.9833333333333334,-3.9833333333333334,-3.9833333333333334,0.0,0.0,0.0,0.0,0.0,0.0,0.0,0.0,0.0,0.0,239.0,239.0,100.0,0.0,100.0,0.0,0.0,,,,,,,,,,,,,,,,,,,,,,,,,,,,,,,,,,,0.0,nm_inferred,1.0,100.0,,K15-FB-1 Heliport,53.27556,3.87167
EHKV,1.0,1.0,100.0,0.0,0.0,60.0,60.0,243.0,243.0,243.0,243.0,243.0,-4.05,-4.05,-4.05,-4.05,-4.05,0.0,0.0,0.0,0.0,0.0,0.0,0.0,0.0,0.0,0.0,243.0,243.0,100.0,0.0,100.0,0.0,0.0,2.0,2.0,100.0,0.0,0.0,,,-471.9,-452.25,-419.5,-386.75,-367.1,,,,,,,,,,,,,,,,419.5,471.9,100.0,,100.0,0.0,0.0,0.0,nm_inferred,2.0,100.0,,K14-FA-1C Heliport,53.26861,3.62639
EHLE,1.0,1.0,100.0,0.0,0.0,600.0,534.0,-66.0,-66.0,-66.0,-66.0,-66.0,0.11,0.11,0.11,0.11,0.11,0.15,0.15,0.15,0.15,0.15,0.11666666666666667,0.11666666666666667,0.11666666666666667,0.11666666666666667,0.11666666666666667,66.0,66.0,0.0,0.0,100.0,0.0,0.0,1.0,1.0,100.0,0.0,0.0,,,42.0,42.0,42.0,42.0,42.0,,,,,,,,,,,,,,,,42.0,42.0,0.0,,100.0,0.0,0.0,0.0,nm_inferred,1.0,100.0,,Lelystad Airport,52.453188,5.514622
EHLI,,,,,,,,,,,,,,,,,,,,,,,,,,,,,,,,,,,1.0,1.0,100.0,0.0,0.0,,,-451.0,-451.0,-451.0,-451.0,-451.0,,,,,,,,,,,,,,,,451.0,451.0,100.0,,100.0,0.0,0.0,0.0,nm_inferred,1.0,100.0,,L10-E Heliport,53.43167,4.23556
EHLL,2.0,2.0,100.0,0.0,0.0,60.0,60.0,482.90000000000003,991.25,1838.5,2685.75,3194.1,-53.235,-44.7625,-30.641666666666666,-16.520833333333332,-8.048333333333332,0.0,0.0,0.0,0.0,0.0,0.0,0.0,0.0,0.0,0.0,1838.5,3194.1,100.0,0.0,100.0,0.0,0.0,4.0,4.0,100.0,0.0,0.0,,,-351.7,-324.25,-273.0,-215.0,-175.39999999999998,,,,,,,,,,,,,,,,273.0,351.7,100.0,,100.0,0.0,0.0,0.0,nm_inferred,4.0,100.0,,L10-A Heliport,53.40333,4.20056
EHPG,1.0,1.0,100.0,0.0,0.0,60.0,5.0,-1426.0,-1426.0,-1426.0,-1426.0,-1426.0,23.766666666666666,23.766666666666666,23.766666666666666,23.766666666666666,23.766666666666666,1.0,1.0,1.0,1.0,1.0,1.0,1.0,1.0,1.0,1.0,1426.0,1426.0,0.0,100.0,0.0,0.0,100.0,2.0,2.0,100.0,0.0,0.0,,,2051.7,2088.75,2150.5,2212.25,2249.3,,,,,,,,,,,,,,,,2150.5,2249.3,0.0,,0.0,0.0,100.0,0.0,nm_inferred,2.0,100.0,,P11-B (De Ruyter) Heliport,52.35998,3.34192
EHPK,2.0,2.0,100.0,0.0,0.0,60.0,37.5,-3431.0,-3228.5,-2891.0,-2553.5,-2351.0,39.18333333333333,42.55833333333333,48.18333333333333,53.80833333333333,57.18333333333333,0.55,0.625,0.75,0.875,0.95,0.26666666666666666,0.2916666666666667,0.33333333333333337,0.375,0.4,2891.0,3431.0,0.0,0.0,0.0,0.0,100.0,1.0,1.0,100.0,0.0,0.0,,,2265.0,2265.0,2265.0,2265.0,2265.0,,,,,,,,,,,,,,,,2265.0,2265.0,0.0,,0.0,0.0,100.0,0.0,nm_inferred,2.0,100.0,,P15-ACD (Rijn-C) Heliport,52.29028,3.81611
EHQM,1.0,1.0,100.0,0.0,0.0,60.0,60.0,-176.0,-176.0,-176.0,-176.0,-176.0,2.933333333333333,2.933333333333333,2.933333333333333,2.933333333333333,2.933333333333333,0.0,0.0,0.0,0.0,0.0,0.0,0.0,0.0,0.0,0.0,176.0,176.0,0.0,0.0,100.0,0.0,0.0,,,,,,,,,,,,,,,,,,,,,,,,,,,,,,,,,,,0.0,nm_inferred,1.0,100.0,,Q1-D Heliport,52.87222,4.17139
EHRD,99.0,99.0,100.0,0.0,0.0,600.0,40.0,-1459.0,-843.5,-606.0,-459.5,-305.0,0.5286666666666667,0.7858333333333334,1.01,1.4058333333333333,2.4867500000000007,0.5925,0.8,0.95,1.0,1.0,0.5575,0.6708333333333334,0.75,0.8083333333333333,0.85,611.0,1555.0000000000011,3.0303030303030303,0.0,95.95959595959596,3.0303030303030303,1.0101010101010102,100.0,100.0,100.0,0.0,0.0,,,171.0,193.5,222.0,292.5,597.5000000000003,,,,,,,,,,,,,,,,222.0,597.5000000000003,1.0,,94.0,4.0,2.0,0.0,nm_inferred,100.0,100.0,,Rotterdam The Hague Airport,51.956902,4.43722
EHTW,1.0,1.0,100.0,0.0,0.0,600.0,600.0,69.0,69.0,69.0,69.0,69.0,-0.115,-0.115,-0.115,-0.115,-0.115,0.0,0.0,0.0,0.0,0.0,0.0,0.0,0.0,0.0,0.0,69.0,69.0,100.0,0.0,100.0,0.0,0.0,1.0,1.0,100.0,0.0,0.0,,,-12.0,-12.0,-12.0,-12.0,-12.0,,,,,,,,,,,,,,,,12.0,12.0,100.0,,100.0,0.0,0.0,0.0,nm_inferred,1.0,100.0,,Twente Airport,52.275833,6.889167
EICK,119.0,119.0,100.0,0.0,100.0,540.0,130.0,-906.0,-728.5,-611.0,-533.5,-455.0,0.9496969696969697,0.9879807692307693,1.0266666666666666,1.085858585858586,1.3754545454545457,0.5881118881118881,0.7041666666666666,0.8,0.9444444444444444,1.0,0.4583333333333333,0.5263888888888889,0.6388888888888888,0.7430555555555556,0.7980952380952382,611.0,906.0000000000001,0.8403361344537815,1.680672268907563,94.95798319327731,3.361344537815126,1.680672268907563,119.0,119.0,100.0,0.0,100.0,120.0,15.0,134.0,174.0,199.0,244.0,347.00000000000006,1.0777777777777777,1.1927777777777777,1.45,1.6583333333333334,2.2500000000000004,1.0,1.0,1.0,1.0,1.0,0.5611111111111111,0.65,0.7222222222222222,0.7986111111111112,0.8416666666666668,199.0,347.00000000000006,0.0,2.5210084033613445,95.7983193277311,2.5210084033613445,1.680672268907563,100.0,apdf,119.0,100.0,0.6805555555555556,Cork International Airport,51.841301,-8.49111
EIDL,7.0,7.0,100.0,0.0,0.0,600.0,600.0,66.0,84.0,119.0,141.5,169.0,-0.2816666666666667,-0.23583333333333334,-0.19833333333333333,-0.14,-0.136,0.0,0.0,0.0,0.0,0.0,0.0,0.0,0.0,0.0,0.0,119.0,169.0,100.0,0.0,100.0,0.0,0.0,7.0,7.0,100.0,0.0,0.0,,,-324.0,-305.0,-252.0,-231.0,-210.39999999999998,,,,,,,,,,,,,,,,252.0,324.0,100.0,,100.0,0.0,0.0,0.0,nm_inferred,7.0,100.0,,Donegal Airport,55.0442008972168,-8.340999603271484
EIDW,1179.0,1173.0,99.4910941475827,0.0,99.74554707379136,831.0,175.0,-1422.0,-1113.0,-862.0,-677.0,-531.0,0.8363033456447309,0.95952023988006,1.0040691759918616,1.1345454545454545,1.4271135837542086,0.4838709677419355,0.6190476190476191,0.75,0.875,0.9653962492437992,0.3087716814636547,0.4411764705882353,0.5413105413105413,0.65,0.740646738108667,862.0,1421.9999999999998,0.8525149190110827,0.0,94.82612383375742,4.495335029686175,0.16963528413910092,1158.0,1153.0,99.56822107081175,0.0,99.8272884283247,415.0,30.0,302.2,355.0,415.0,505.0,687.8,0.8325242718446602,0.9619286887621993,0.9970326409495549,1.0604193915478803,1.2286821705426356,0.75,0.8666666666666667,0.95,1.0,1.0,0.3639240506329114,0.4343308729139923,0.4986876640419947,0.5620538916020628,0.6185567010309279,416.0,691.8,0.4336513443191674,0.08688097306689835,95.16407599309154,4.231433506044905,0.17271157167530224,99.8272884283247,apdf,1179.0,99.52965760919722,0.5175533264645875,Dublin Airport,53.428713,-6.262121
EIKN,31.0,31.0,100.0,0.0,0.0,600.0,130.0,-846.0,-636.0,-481.0,-391.0,-211.0,0.37,0.7233333333333334,0.885,1.2641666666666667,1.8366666666666667,0.4,0.5,0.65,0.825,0.9,0.23333333333333334,0.32916666666666666,0.4,0.5375000000000001,0.5583333333333333,481.0,846.0,0.0,0.0,93.54838709677419,6.451612903225806,0.0,30.0,30.0,100.0,0.0,0.0,,,208.4,291.25,324.5,372.25,523.5000000000008,,,,,,,,,,,,,,,,324.5,523.5000000000008,0.0,,100.0,0.0,0.0,0.0,nm_inferred,31.0,100.0,,Ireland West Airport Knock,53.910439,-8.817002
EIKY,22.0,22.0,100.0,0.0,0.0,720.0,720.0,9.5,24.0,41.5,54.0,59.0,-0.19499999999999998,-0.11798611111111111,-0.07152777777777777,-0.03333333333333333,-0.01388888888888886,0.0,0.0,0.0,0.0,0.0,0.0,0.0,0.0,0.0,0.0,41.5,59.0,95.45454545454545,0.0,100.0,0.0,0.0,21.0,21.0,100.0,0.0,0.0,,,-46.0,-38.0,-31.0,-23.0,-17.0,,,,,,,,,,,,,,,,31.0,46.0,100.0,,100.0,0.0,0.0,0.0,nm_inferred,22.0,100.0,,Kerry Airport,52.180901,-9.52378
EINN,90.0,90.0,100.0,0.0,0.0,600.0,600.0,59.0,74.0,84.0,104.0,119.0,-0.19833333333333333,-0.17333333333333334,-0.13583333333333333,-0.10666666666666667,-0.09216666666666658,0.0,0.0,0.0,0.0,0.0,0.0,0.0,0.0,0.0,0.0,84.0,119.0,100.0,0.0,96.66666666666667,3.3333333333333335,0.0,82.0,82.0,100.0,0.0,0.0,,,-158.6,-139.0,-128.5,-120.0,-110.1,,,,,,,,,,,,,,,,128.5,158.60000000000002,100.0,,95.1219512195122,4.878048780487805,0.0,0.0,nm_inferred,90.0,100.0,,Shannon Airport,52.702,-8.92482
EIWF,2.0,2.0,100.0,0.0,0.0,300.0,300.0,44.5,45.25,46.5,47.75,48.5,-0.16166666666666665,-0.15916666666666668,-0.155,-0.15083333333333332,-0.14833333333333334,0.0,0.0,0.0,0.0,0.0,0.0,0.0,0.0,0.0,0.0,46.5,48.5,100.0,0.0,50.0,50.0,0.0,1.0,1.0,100.0,0.0,0.0,,,-54.0,-54.0,-54.0,-54.0,-54.0,,,,,,,,,,,,,,,,54.0,54.0,100.0,,100.0,0.0,0.0,0.0,nm_inferred,2.0,100.0,,Waterford Airport,52.187199,-7.08696
EIWT,1.0,1.0,100.0,0.0,0.0,300.0,244.0,-56.0,-56.0,-56.0,-56.0,-56.0,0.18666666666666668,0.18666666666666668,0.18666666666666668,0.18666666666666668,0.18666666666666668,0.2,0.2,0.2,0.2,0.2,0.2,0.2,0.2,0.2,0.2,56.0,56.0,0.0,0.0,100.0,0.0,0.0,1.0,1.0,100.0,0.0,0.0,,,140.0,140.0,140.0,140.0,140.0,,,,,,,,,,,,,,,,140.0,140.0,0.0,,100.0,0.0,0.0,0.0,nm_inferred,1.0,100.0,,Weston Airport,53.351622,-6.490357
EKAH,32.0,32.0,100.0,0.0,0.0,600.0,600.0,73.1,79.75,104.0,128.25,148.00000000000003,-0.24666666666666665,-0.20833333333333334,-0.1498611111111111,-0.12840277777777778,-0.11166666666666665,0.0,0.0,0.0,0.0,0.0,0.0,0.0,0.0,0.0,0.0,104.0,148.00000000000003,100.0,0.0,96.875,3.125,0.0,33.0,33.0,100.0,0.0,0.0,,,-265.6,-221.0,-199.0,-179.0,-161.8,,,,,,,,,,,,,,,,199.0,265.6,100.0,,100.0,0.0,0.0,0.0,nm_inferred,33.0,100.0,,Aarhus Airport,56.303331,10.618286
EKAR,,,,,,,,,,,,,,,,,,,,,,,,,,,,,,,,,,,1.0,1.0,100.0,0.0,0.0,,,-4190.0,-4190.0,-4190.0,-4190.0,-4190.0,,,,,,,,,,,,,,,,4190.0,4190.0,100.0,,100.0,0.0,0.0,0.0,nm_inferred,1.0,100.0,,South (Syd) Arne Helideck,56.08028,4.230389
EKBI,151.0,150.0,99.33774834437087,0.0,0.0,600.0,600.0,14.0,24.0,41.5,54.0,64.49999999999997,-0.115,-0.09,-0.06652777777777777,-0.04,-0.023333333333333334,0.0,0.0,0.0,0.0,0.0,0.0,0.0,0.0,0.0,0.0,41.5,64.49999999999997,100.0,0.0,90.06622516556291,9.271523178807946,0.0,154.0,154.0,100.0,0.0,0.0,,,-51.4,-40.0,-27.0,-18.0,-11.299999999999983,,,,,,,,,,,,,,,,27.0,51.400000000000034,99.35064935064935,,92.85714285714286,7.142857142857143,0.0,0.0,nm_inferred,154.0,99.66887417218544,,Billund Airport,55.740335,9.157019
EKCH,1136.0,1130.0,99.47183098591549,0.0,99.82394366197182,647.5,660.0,29.0,32.0,36.0,45.0,55.0,-0.09188466374418051,-0.07214589248623206,-0.05719311402345524,-0.04561831403738698,-0.03612354964003859,0.0,0.0,0.0,0.0,0.0,0.0,0.0,0.0,0.0,0.0,36.0,55.0,100.0,0.0,90.58098591549296,8.80281690140845,0.0880281690140845,1138.0,1124.0,98.76977152899825,0.0,100.0,318.0,330.0,-40.0,-36.0,-33.0,-29.0,-25.0,-0.14204644723179113,-0.12130507843778547,-0.10222318323831042,-0.08399134351055741,-0.06965509530996702,0.0,0.0,0.0,0.0,0.0,0.0,0.0,0.0,0.0,0.0,33.0,40.0,100.0,0.0,90.59753954305799,8.172231985940247,0.0,100.0,apdf,1138.0,99.12080125745686,0.0,Copenhagen Kastrup Airport,55.617900848389,12.656000137329
EKDF,4.0,4.0,100.0,0.0,0.0,120.0,120.0,1980.0,1989.0,2089.0,2185.25,2187.5,-18.229166666666668,-18.210416666666667,-17.40833333333333,-16.575,-16.5,0.0,0.0,0.0,0.0,0.0,0.0,0.0,0.0,0.0,0.0,2089.0,2187.5,100.0,0.0,100.0,0.0,0.0,5.0,5.0,100.0,0.0,0.0,,,-3039.6,-2940.0,-2783.0,-2625.0,-2501.4,,,,,,,,,,,,,,,,2783.0,3039.6,100.0,,100.0,0.0,0.0,0.0,nm_inferred,5.0,100.0,,Dan F Helideck,55.47809982299805,5.105527877807617
EKEB,16.0,13.0,81.25,0.0,0.0,300.0,300.0,36.0,64.0,69.0,99.0,104.0,-0.3466666666666667,-0.33,-0.23,-0.21333333333333335,-0.11999999999999997,0.0,0.0,0.0,0.0,0.0,0.0,0.0,0.0,0.0,0.0,69.0,104.0,100.0,0.0,81.25,0.0,0.0,15.0,13.0,86.66666666666667,0.0,0.0,,,-283.59999999999997,-157.0,-95.0,-58.0,-24.59999999999999,,,,,,,,,,,,,,,,95.0,283.6000000000001,92.3076923076923,,86.66666666666667,0.0,0.0,0.0,nm_inferred,16.0,83.95833333333334,,Esbjerg Airport,55.525902,8.5534
EKGC,1.0,1.0,100.0,0.0,0.0,120.0,120.0,2164.0,2164.0,2164.0,2164.0,2164.0,-18.033333333333335,-18.033333333333335,-18.033333333333335,-18.033333333333335,-18.033333333333335,0.0,0.0,0.0,0.0,0.0,0.0,0.0,0.0,0.0,0.0,2164.0,2164.0,100.0,0.0,100.0,0.0,0.0,,,,,,,,,,,,,,,,,,,,,,,,,,,,,,,,,,,0.0,nm_inferred,1.0,100.0,,Gorm C Helideck,55.57984924316406,4.758889198303223
EKHA,3.0,3.0,100.0,0.0,0.0,120.0,120.0,1890.0,1921.5,1974.0,2129.0,2222.0,-18.51666666666667,-17.741666666666667,-16.45,-16.0125,-15.75,0.0,0.0,0.0,0.0,0.0,0.0,0.0,0.0,0.0,0.0,1974.0,2222.0,100.0,0.0,100.0,0.0,0.0,3.0,3.0,100.0,0.0,0.0,,,-2966.0,-2958.5,-2946.0,-2865.0,-2816.4,,,,,,,,,,,,,,,,2946.0,2966.0,100.0,,100.0,0.0,0.0,0.0,nm_inferred,3.0,100.0,,Halfdan A Helideck,55.53085708618164,5.004167079925537
EKHB,1.0,1.0,100.0,0.0,0.0,120.0,120.0,2179.0,2179.0,2179.0,2179.0,2179.0,-18.158333333333335,-18.158333333333335,-18.158333333333335,-18.158333333333335,-18.158333333333335,0.0,0.0,0.0,0.0,0.0,0.0,0.0,0.0,0.0,0.0,2179.0,2179.0,100.0,0.0,100.0,0.0,0.0,2.0,2.0,100.0,0.0,0.0,,,-2902.5,-2889.75,-2868.5,-2847.25,-2834.5,,,,,,,,,,,,,,,,2868.5,2902.5,100.0,,100.0,0.0,0.0,0.0,nm_inferred,2.0,100.0,,Halfdan B Helideck,55.538612365722656,5.033332824707031
EKOD,6.0,6.0,100.0,0.0,0.0,300.0,300.0,6.5,11.5,26.5,45.25,54.0,-0.18,-0.15083333333333332,-0.08833333333333333,-0.03833333333333333,-0.021666666666666667,0.0,0.0,0.0,0.0,0.0,0.0,0.0,0.0,0.0,0.0,26.5,54.0,100.0,0.0,100.0,0.0,0.0,10.0,10.0,100.0,0.0,0.0,,,-38.7,-29.5,-19.5,-15.5,-7.9,,,,,,,,,,,,,,,,19.5,38.699999999999996,100.0,,90.0,10.0,0.0,0.0,nm_inferred,10.0,100.0,,Odense Hans Christian Andersen Airport,55.475307,10.327206
EKRK,12.0,12.0,100.0,0.0,0.0,300.0,300.0,19.5,24.0,34.0,45.25,103.00000000000003,-0.3433333333333333,-0.15083333333333332,-0.11333333333333333,-0.08,-0.065,0.0,0.0,0.0,0.0,0.0,0.0,0.0,0.0,0.0,0.0,34.0,103.00000000000003,100.0,0.0,83.33333333333333,16.666666666666668,0.0,9.0,9.0,100.0,0.0,0.0,,,-69.8,-58.0,-37.0,-22.0,-13.199999999999998,,,,,,,,,,,,,,,,37.0,69.80000000000001,100.0,,100.0,0.0,0.0,0.0,nm_inferred,12.0,100.0,,Copenhagen Roskilde Airport,55.585602,12.1314
EKRN,16.0,16.0,100.0,0.0,0.0,300.0,300.0,201.5,234.0,289.0,331.5,346.5,-1.155,-1.105,-0.9633333333333334,-0.78,-0.6716666666666666,0.0,0.0,0.0,0.0,0.0,0.0,0.0,0.0,0.0,0.0,289.0,346.5,100.0,0.0,100.0,0.0,0.0,15.0,15.0,100.0,0.0,0.0,,,-429.6,-378.5,-357.0,-315.0,-296.2,,,,,,,,,,,,,,,,357.0,429.6,100.0,,100.0,0.0,0.0,0.0,nm_inferred,16.0,100.0,,Bornholm Airport,55.063301,14.7596
EKSB,10.0,10.0,100.0,0.0,0.0,300.0,300.0,22.5,31.5,49.0,67.75,69.5,-0.2316666666666667,-0.22583333333333333,-0.16333333333333333,-0.105,-0.07500000000000002,0.0,0.0,0.0,0.0,0.0,0.0,0.0,0.0,0.0,0.0,49.0,69.5,100.0,0.0,100.0,0.0,0.0,12.0,12.0,100.0,0.0,0.0,,,-92.6,-87.5,-84.5,-78.0,-58.49999999999999,,,,,,,,,,,,,,,,84.5,92.6,100.0,,100.0,0.0,0.0,0.0,nm_inferred,12.0,100.0,,Sønderborg Airport,54.96440124511719,9.791729927062988
EKSI,1.0,1.0,100.0,0.0,0.0,120.0,120.0,1794.0,1794.0,1794.0,1794.0,1794.0,-14.95,-14.95,-14.95,-14.95,-14.95,0.0,0.0,0.0,0.0,0.0,0.0,0.0,0.0,0.0,0.0,1794.0,1794.0,100.0,0.0,100.0,0.0,0.0,,,,,,,,,,,,,,,,,,,,,,,,,,,,,,,,,,,0.0,nm_inferred,1.0,100.0,,Siri Helideck,56.48271560668945,4.911110877990723
EKTE,1.0,1.0,100.0,0.0,0.0,120.0,120.0,2514.0,2514.0,2514.0,2514.0,2514.0,-20.95,-20.95,-20.95,-20.95,-20.95,0.0,0.0,0.0,0.0,0.0,0.0,0.0,0.0,0.0,0.0,2514.0,2514.0,100.0,0.0,100.0,0.0,0.0,,,,,,,,,,,,,,,,,,,,,,,,,,,,,,,,,,,0.0,nm_inferred,1.0,100.0,,Tyra E Helideck,55.72152328491211,4.802055835723877
EKVG,24.0,24.0,100.0,0.0,0.0,300.0,300.0,1544.0,1616.5,1684.0,2039.0,3805.499999999999,-12.684999999999999,-6.796666666666667,-5.613333333333333,-5.338333333333333,-5.1466666666666665,0.0,0.0,0.0,0.0,0.0,0.0,0.0,0.0,0.0,0.0,1684.0,3805.499999999999,100.0,0.0,100.0,0.0,0.0,24.0,24.0,100.0,0.0,0.0,,,-3231.8999999999996,-2414.0,-2029.5,-1759.5,-1699.8,,,,,,,,,,,,,,,,2029.5,3231.8999999999996,100.0,,100.0,0.0,0.0,0.0,nm_inferred,24.0,100.0,,Vágar Airport,62.063256,-7.275782
EKYT,75.0,74.0,98.66666666666667,0.0,0.0,600.0,600.0,11.200000000000003,24.0,38.0,49.0,72.50000000000001,-0.12083333333333333,-0.08166666666666667,-0.06333333333333334,-0.04,-0.018666666666666647,0.0,0.0,0.0,0.0,0.0,0.0,0.0,0.0,0.0,0.0,39.0,72.50000000000001,91.89189189189189,0.0,97.33333333333333,1.3333333333333333,0.0,71.0,70.0,98.59154929577464,0.0,0.0,,,-81.5,-64.75,-51.0,-31.0,-21.0,,,,,,,,,,,,,,,,51.0,81.5,100.0,,95.77464788732394,2.816901408450704,0.0,0.0,nm_inferred,75.0,98.62910798122066,,Aalborg Airport,57.094763,9.84993
ELLX,289.0,287.0,99.30795847750865,0.0,98.6159169550173,720.0,720.0,-11.0,4.0,19.0,34.0,54.0,-0.0849673202614379,-0.051515151515151514,-0.02435897435897436,-0.005128205128205128,0.014572649572649612,0.0,0.0,0.0,0.0,0.041666666666666664,0.0,0.0,0.0,0.0,0.019230769230769232,19.0,54.0,77.00348432055749,0.0,86.85121107266436,12.110726643598616,0.3460207612456747,291.0,290.0,99.65635738831615,0.0,99.65635738831615,240.0,236.0,-26.0,-11.0,14.0,54.0,144.5000000000001,-0.13555555555555554,-0.04583333333333333,0.04666666666666667,0.1761904761904762,0.41333333333333333,0.0,0.0,0.1,0.1875,0.3,0.0,0.0,0.03333333333333333,0.09722222222222222,0.14583333333333334,24.0,149.5000000000001,39.310344827586206,0.0,90.03436426116839,9.621993127147766,0.0,99.65635738831615,apdf,291.0,99.4821579329124,0.016580359655485398,Luxembourg-Findel International Airport,49.626845,6.212134
ENAL,46.0,46.0,100.0,0.0,0.0,300.0,300.0,222.0,344.0,391.5,465.0,696.5,-2.3216666666666663,-1.5499999999999998,-1.2783333333333333,-1.0966666666666667,-0.5308333333333333,0.0,0.0,0.0,0.0,0.0,0.0,0.0,0.0,0.0,0.0,391.5,696.5,100.0,0.0,97.82608695652173,0.0,2.1739130434782608,48.0,48.0,100.0,0.0,0.0,,,-1131.6,-1030.75,-971.0,-860.75,-819.3,,,,,,,,,,,,,,,,971.0,1131.6,100.0,,100.0,0.0,0.0,0.0,nm_inferred,48.0,100.0,,Ålesund Airport,62.560443,6.110845
ENAN,11.0,0.0,0.0,0.0,0.0,300.0,,,,,,,,,,,,,,,,,,,,,,,,,,0.0,0.0,0.0,9.0,0.0,0.0,0.0,0.0,,,,,,,,,,,,,,,,,,,,,,,,,,,0.0,0.0,0.0,0.0,nm_inferred,11.0,0.0,,"Andøya Airport, Andenes",69.295193,16.139379
ENAT,24.0,17.0,70.83333333333333,0.0,0.0,480.0,480.0,391.8,504.0,764.0,804.0,905.6,-1.8866666666666667,-1.675,-1.5916666666666666,-1.05,-0.81625,0.0,0.0,0.0,0.0,0.0,0.0,0.0,0.0,0.0,0.0,764.0,905.6,100.0,0.0,70.83333333333333,0.0,0.0,24.0,15.0,62.5,0.0,0.0,,,-878.2,-848.5,-782.0,-708.5,-680.0,,,,,,,,,,,,,,,,782.0,878.2,100.0,,62.5,0.0,0.0,0.0,nm_inferred,24.0,66.66666666666666,,Alta Airport,69.976097,23.3717
ENBE,1.0,0.0,0.0,0.0,0.0,60.0,,,,,,,,,,,,,,,,,,,,,,,,,,0.0,0.0,0.0,,,,,,,,,,,,,,,,,,,,,,,,,,,,,,,,,,,0.0,nm_inferred,1.0,0.0,,Balder A FPU,59.190601,2.35806
ENBL,12.0,12.0,100.0,0.0,0.0,300.0,300.0,390.0,406.5,421.5,481.5,561.0,-1.87,-1.605,-1.4049999999999998,-1.355,-1.3,0.0,0.0,0.0,0.0,0.0,0.0,0.0,0.0,0.0,0.0,421.5,561.0,100.0,0.0,100.0,0.0,0.0,11.0,11.0,100.0,0.0,0.0,,,-923.0,-916.0,-896.0,-866.5,-834.0,,,,,,,,,,,,,,,,896.0,923.0,100.0,,100.0,0.0,0.0,0.0,nm_inferred,12.0,100.0,,"Førde Airport, Bringeland",61.391102,5.75694
ENBN,27.0,16.0,59.25925925925926,0.0,0.0,300.0,300.0,507.0,549.0,624.0,756.5,789.0,-2.63,-2.5216666666666665,-2.08,-1.83,-1.69,0.0,0.0,0.0,0.0,0.0,0.0,0.0,0.0,0.0,0.0,624.0,789.0,100.0,0.0,59.25925925925926,0.0,0.0,26.0,16.0,61.53846153846154,0.0,0.0,,,-754.5,-674.5,-627.5,-526.25,-509.5,,,,,,,,,,,,,,,,627.5,754.5,100.0,,61.53846153846154,0.0,0.0,0.0,nm_inferred,27.0,60.3988603988604,,"Brønnøysund Airport, Brønnøy",65.461098,12.2175
ENBO,134.0,132.0,98.50746268656717,0.0,0.0,360.0,360.0,21.0,36.75,54.5,77.0,103.9,-0.2886111111111111,-0.21388888888888888,-0.1513888888888889,-0.10208333333333333,-0.058333333333333334,0.0,0.0,0.0,0.0,0.0,0.0,0.0,0.0,0.0,0.0,55.5,104.9,98.48484848484848,0.7575757575757576,92.53731343283582,2.2388059701492535,3.7313432835820897,133.0,128.0,96.2406015037594,0.0,0.0,,,-233.6,-130.0,-59.0,-33.75,-22.0,,,,,,,,,,,,,,,,59.0,233.6,100.0,,90.97744360902256,3.007518796992481,2.255639097744361,0.0,nm_inferred,134.0,97.37403209516327,,Bodø Airport,67.269203,14.3653
ENBR,349.0,345.0,98.8538681948424,53.0,100.0,540.0,540.0,-29.000000000000007,-16.0,-1.0,24.0,54.0,-0.10907407407407407,-0.053703703703703705,-0.011538461538461539,0.015277777777777777,0.029537037037037042,0.0,0.0,0.0,0.05,0.0625,0.0,0.0,0.0,0.022727272727272728,0.03551587301587303,21.0,64.0,49.56521739130435,0.0,94.84240687679083,1.7191977077363896,2.292263610315186,355.0,350.0,98.59154929577464,1.0,99.71830985915493,180.0,171.0,-276.5,-31.0,-1.0,24.0,49.0,-1.024722222222222,-0.25833333333333336,-0.005555555555555556,0.123125,0.24444444444444444,0.0,0.0,0.0,0.2,0.3333333333333333,0.0,0.0,0.0,0.1111111111111111,0.20833333333333334,29.0,281.0,52.57142857142857,0.28735632183908044,94.08450704225352,1.408450704225352,3.0985915492957745,100.0,apdf,355.0,98.72270874530852,0.0,"Bergen Airport, Flesland",60.2934,5.21814
ENCN,48.0,48.0,100.0,0.0,0.0,600.0,600.0,24.7,53.0,71.5,94.75,207.00000000000006,-0.3641666666666667,-0.2945833333333333,-0.12583333333333332,-0.08833333333333333,-0.0574999999999999,0.0,0.0,0.0,0.0,0.0,0.0,0.0,0.0,0.0,0.0,71.5,207.00000000000006,100.0,0.0,100.0,0.0,0.0,43.0,43.0,100.0,0.0,0.0,,,-693.8,-565.5,-502.0,-150.5,-57.199999999999996,,,,,,,,,,,,,,,,502.0,693.8000000000002,100.0,,100.0,0.0,0.0,0.0,nm_inferred,48.0,100.0,,Kristiansand Airport,58.204201,8.08537
ENDR,1.0,0.0,0.0,0.0,0.0,60.0,,,,,,,,,,,,,,,,,,,,,,,,,,0.0,0.0,0.0,1.0,0.0,0.0,0.0,0.0,,,,,,,,,,,,,,,,,,,,,,,,,,,0.0,0.0,0.0,0.0,nm_inferred,1.0,0.0,,Draugen Platform Helipad,64.35556,7.79167
ENDU,6.0,6.0,100.0,0.0,0.0,600.0,600.0,292.0,304.75,329.0,372.75,386.5,-0.6441666666666667,-0.62125,-0.5483333333333333,-0.5079166666666667,-0.4866666666666667,0.0,0.0,0.0,0.0,0.0,0.0,0.0,0.0,0.0,0.0,329.0,386.5,100.0,0.0,100.0,0.0,0.0,5.0,5.0,100.0,0.0,0.0,,,-819.0,-759.0,-523.0,-504.0,-501.0,,,,,,,,,,,,,,,,523.0,819.0,100.0,,100.0,0.0,0.0,0.0,nm_inferred,6.0,100.0,,Bardufoss Airport,69.055801,18.5404
ENEV,42.0,35.0,83.33333333333333,0.0,0.0,600.0,600.0,559.6,638.0,704.0,778.5,1448.2000000000003,-2.5020000000000002,-1.4541666666666666,-1.1833333333333333,-1.0641666666666665,-0.9435555555555555,0.0,0.0,0.0,0.0,0.0,0.0,0.0,0.0,0.0,0.0,704.0,1448.2000000000003,100.0,0.0,80.95238095238095,0.0,2.380952380952381,42.0,35.0,83.33333333333333,0.0,0.0,,,-1429.4,-1315.5,-1067.0,-866.5,-815.4,,,,,,,,,,,,,,,,1067.0,1429.4,100.0,,76.19047619047619,2.380952380952381,4.761904761904762,0.0,nm_inferred,42.0,83.33333333333333,,Harstad/Narvik Airport,68.491302,16.678101
ENFB,5.0,4.0,80.0,0.0,0.0,60.0,60.0,829.0,964.0,1154.0,1346.5,1486.0,-24.766666666666666,-22.441666666666666,-19.233333333333334,-16.066666666666666,-13.816666666666666,0.0,0.0,0.0,0.0,0.0,0.0,0.0,0.0,0.0,0.0,1154.0,1486.0,100.0,0.0,80.0,0.0,0.0,3.0,3.0,100.0,0.0,0.0,,,-1211.2,-1204.0,-1192.0,-1154.5,-1132.0,,,,,,,,,,,,,,,,1192.0,1211.2,100.0,,100.0,0.0,0.0,0.0,nm_inferred,5.0,90.0,,Statfjord B,61.20639,1.82889
ENFL,24.0,18.0,75.0,0.0,0.0,300.0,300.0,321.5,355.25,409.0,462.75,565.5,-1.885,-1.5425,-1.3633333333333333,-1.1841666666666666,-1.0716666666666665,0.0,0.0,0.0,0.0,0.0,0.0,0.0,0.0,0.0,0.0,409.0,565.5,100.0,0.0,75.0,0.0,0.0,24.0,16.0,66.66666666666667,0.0,0.0,,,-1376.5,-878.5,-525.0,-388.5,-366.0,,,,,,,,,,,,,,,,525.0,1376.5,100.0,,66.66666666666667,0.0,0.0,0.0,nm_inferred,24.0,70.83333333333334,,Florø Airport,61.583599090576,5.0247201919556
ENGA,2.0,2.0,100.0,0.0,0.0,60.0,60.0,1464.0,1486.5,1524.0,1561.5,1584.0,-26.4,-26.025,-25.4,-24.775,-24.4,0.0,0.0,0.0,0.0,0.0,0.0,0.0,0.0,0.0,0.0,1524.0,1584.0,100.0,0.0,100.0,0.0,0.0,1.0,1.0,100.0,0.0,0.0,,,-1608.0,-1608.0,-1608.0,-1608.0,-1608.0,,,,,,,,,,,,,,,,1608.0,1608.0,100.0,,100.0,0.0,0.0,0.0,nm_inferred,2.0,100.0,,Gullfaks A,61.17556,2.1875
ENGC,4.0,4.0,100.0,0.0,0.0,60.0,60.0,848.5,900.25,994.0,1099.0,1171.0,-19.516666666666666,-18.316666666666666,-16.566666666666666,-15.004166666666666,-14.141666666666666,0.0,0.0,0.0,0.0,0.0,0.0,0.0,0.0,0.0,0.0,994.0,1171.0,100.0,0.0,100.0,0.0,0.0,4.0,4.0,100.0,0.0,0.0,,,-1420.2,-1215.0,-975.0,-830.5,-797.2,,,,,,,,,,,,,,,,975.0,1420.2,100.0,,100.0,0.0,0.0,0.0,nm_inferred,4.0,100.0,,Gullfaks C Helipad,61.214063,2.270984
ENGM,930.0,924.0,99.35483870967742,26.0,99.67741935483872,660.0,529.0,-376.0,-186.0,-71.0,-16.0,14.0,-0.02261904761904762,0.022916666666666665,0.10645833333333334,0.31833333333333336,0.485,0.0,0.05555555555555555,0.13636363636363635,0.23076923076923078,0.35714285714285715,0.0,0.027777777777777776,0.08333333333333333,0.14814814814814814,0.21729166666666683,81.0,424.5000000000002,16.125541125541126,0.0,93.01075268817205,6.344086021505376,0.0,934.0,930.0,99.57173447537473,0.0,99.89293361884368,180.0,180.0,-81.0,-61.0,-31.0,54.0,159.0,-0.675,-0.3416666666666667,-0.14444444444444443,0.2722222222222222,0.6633333333333333,0.0,0.0,0.0,0.25,0.625,0.0,0.0,0.0,0.11666666666666667,0.25,59.0,289.5000000000001,65.48387096774194,0.0,91.86295503211991,7.708779443254818,0.0,99.89293361884368,apdf,934.0,99.46328659252607,0.041443036080219195,Oslo-Gardermoen International Airport,60.193901,11.1004
ENHD,31.0,30.0,96.7741935483871,0.0,0.0,300.0,300.0,136.7,167.0,205.5,232.0,272.6,-0.9086666666666666,-0.7733333333333333,-0.685,-0.5566666666666666,-0.45566666666666666,0.0,0.0,0.0,0.0,0.0,0.0,0.0,0.0,0.0,0.0,205.5,272.6,100.0,0.0,96.7741935483871,0.0,0.0,29.0,28.0,96.55172413793103,0.0,0.0,,,-693.3,-391.75,-311.0,-269.0,-197.4,,,,,,,,,,,,,,,,311.0,693.3000000000002,100.0,,96.55172413793103,0.0,0.0,0.0,nm_inferred,31.0,96.66295884315906,,"Haugesund Airport, Karmøy",59.345299,5.20836
ENHE,5.0,0.0,0.0,0.0,0.0,60.0,,,,,,,,,,,,,,,,,,,,,,,,,,0.0,0.0,0.0,5.0,0.0,0.0,0.0,0.0,,,,,,,,,,,,,,,,,,,,,,,,,,,0.0,0.0,0.0,0.0,nm_inferred,5.0,0.0,,Heidrun A Helipad,65.32556,7.31583
ENJS,8.0,0.0,0.0,0.0,0.0,60.0,,,,,,,,,,,,,,,,,,,,,,,,,,0.0,0.0,0.0,8.0,1.0,12.5,0.0,0.0,,,-2819.0,-2819.0,-2819.0,-2819.0,-2819.0,,,,,,,,,,,,,,,,2819.0,2819.0,100.0,,12.5,0.0,0.0,0.0,nm_inferred,8.0,6.25,,Johan Sverdrup Helipad,58.83528,2.54556
ENKB,46.0,18.0,39.130434782608695,0.0,0.0,300.0,300.0,304.5,366.5,424.0,804.0,858.0,-2.86,-2.68,-1.4133333333333333,-1.2216666666666667,-1.015,0.0,0.0,0.0,0.0,0.0,0.0,0.0,0.0,0.0,0.0,424.0,858.0,100.0,0.0,39.130434782608695,0.0,0.0,44.0,16.0,36.36363636363637,0.0,0.0,,,-861.0,-763.25,-664.0,-534.75,-497.0,,,,,,,,,,,,,,,,664.0,861.0,100.0,,36.36363636363637,0.0,0.0,0.0,nm_inferred,46.0,37.74703557312253,,"Kristiansund Airport, Kvernberget",63.111801,7.82452
ENKR,23.0,14.0,60.869565217391305,0.0,0.0,300.0,300.0,1281.0,1557.75,2113.5,2202.75,2723.6000000000004,-9.078666666666667,-7.342499999999999,-7.045,-5.1925,-4.27,0.0,0.0,0.0,0.0,0.0,0.0,0.0,0.0,0.0,0.0,2113.5,2723.6000000000004,100.0,0.0,60.869565217391305,0.0,0.0,23.0,12.0,52.17391304347826,0.0,0.0,,,-2557.5,-2389.5,-2045.5,-1843.75,-1512.7,,,,,,,,,,,,,,,,2045.5,2557.5,100.0,,52.17391304347826,0.0,0.0,0.0,nm_inferred,23.0,56.52173913043478,,"Kirkenes Airport, Høybuktmoen",69.7258,29.8913
ENLA,,,,,,,,,,,,,,,,,,,,,,,,,,,,,,,,,,,1.0,1.0,100.0,0.0,0.0,,,-4130.0,-4130.0,-4130.0,-4130.0,-4130.0,,,,,,,,,,,,,,,,4130.0,4130.0,100.0,,100.0,0.0,0.0,0.0,nm_inferred,1.0,100.0,,Ula Platform,57.111667,2.846667
ENLE,5.0,0.0,0.0,0.0,0.0,60.0,,,,,,,,,,,,,,,,,,,,,,,,,,0.0,0.0,0.0,6.0,1.0,16.666666666666668,0.0,0.0,,,-4832.0,-4832.0,-4832.0,-4832.0,-4832.0,,,,,,,,,,,,,,,,4832.0,4832.0,100.0,,16.666666666666668,0.0,0.0,0.0,nm_inferred,6.0,8.333333333333334,,Ekofisk Oil Pltf Helipad,56.5333,3.21667
ENLK,23.0,18.0,78.26086956521739,0.0,0.0,300.0,300.0,949.5,996.5,1029.0,1079.0,1157.0,-3.856666666666667,-3.5966666666666667,-3.43,-3.3216666666666668,-3.165,0.0,0.0,0.0,0.0,0.0,0.0,0.0,0.0,0.0,0.0,1029.0,1157.0,100.0,0.0,78.26086956521739,0.0,0.0,22.0,18.0,81.81818181818181,0.0,0.0,,,-1042.0,-931.0,-911.0,-831.75,-787.3,,,,,,,,,,,,,,,,911.0,1042.0,100.0,,81.81818181818181,0.0,0.0,0.0,nm_inferred,23.0,80.0395256916996,,Leknes Airport,68.152496337891,13.609399795532
ENML,17.0,17.0,100.0,0.0,0.0,300.0,300.0,302.0,359.0,424.0,554.0,688.0,-2.2933333333333334,-1.8466666666666667,-1.4133333333333333,-1.1966666666666668,-1.0066666666666668,0.0,0.0,0.0,0.0,0.0,0.0,0.0,0.0,0.0,0.0,424.0,688.0,100.0,5.882352941176471,94.11764705882354,0.0,5.882352941176471,15.0,14.0,93.33333333333333,0.0,0.0,,,-777.9,-753.0,-717.5,-676.25,-624.4,,,,,,,,,,,,,,,,717.5,777.9,100.0,,93.33333333333333,0.0,0.0,0.0,nm_inferred,17.0,96.66666666666666,,"Molde Airport, Årø",62.744701,7.2625
ENMS,9.0,9.0,100.0,0.0,0.0,300.0,300.0,676.0,734.0,789.0,799.0,1054.0,-3.513333333333333,-2.6633333333333336,-2.63,-2.4466666666666668,-2.2533333333333334,0.0,0.0,0.0,0.0,0.0,0.0,0.0,0.0,0.0,0.0,789.0,1054.0,100.0,0.0,100.0,0.0,0.0,9.0,9.0,100.0,0.0,0.0,,,-1008.4,-735.0,-586.0,-573.0,-562.4,,,,,,,,,,,,,,,,586.0,1008.4000000000001,100.0,,88.88888888888889,11.11111111111111,0.0,0.0,nm_inferred,9.0,100.0,,"Mosjøen Airport, Kjærstad",65.783997,13.2149
ENNA,9.0,9.0,100.0,0.0,0.0,300.0,300.0,1148.0,1429.0,1449.0,1454.0,1484.8,-4.949333333333334,-4.846666666666667,-4.83,-4.763333333333334,-3.826666666666666,0.0,0.0,0.0,0.0,0.0,0.0,0.0,0.0,0.0,0.0,1449.0,1484.8,100.0,0.0,100.0,0.0,0.0,8.0,8.0,100.0,0.0,0.0,,,-1479.1,-1405.75,-1315.0,-1085.75,-1023.5,,,,,,,,,,,,,,,,1315.0,1479.1,100.0,,100.0,0.0,0.0,0.0,nm_inferred,9.0,100.0,,"Lakselv Airport, Banak",70.068802,24.973499
ENNE,2.0,0.0,0.0,0.0,0.0,60.0,,,,,,,,,,,,,,,,,,,,,,,,,,0.0,0.0,0.0,2.0,0.0,0.0,0.0,0.0,,,,,,,,,,,,,,,,,,,,,,,,,,,0.0,0.0,0.0,0.0,nm_inferred,2.0,0.0,,Norne A Helipad,66.03333,8.08333
ENNM,7.0,4.0,57.142857142857146,0.0,0.0,300.0,300.0,150.5,175.25,201.5,219.0,228.0,-0.76,-0.73,-0.6716666666666666,-0.5841666666666667,-0.5016666666666666,0.0,0.0,0.0,0.0,0.0,0.0,0.0,0.0,0.0,0.0,201.5,228.0,100.0,0.0,42.857142857142854,14.285714285714286,0.0,6.0,4.0,66.66666666666667,0.0,0.0,,,-340.8,-303.0,-277.5,-264.25,-248.5,,,,,,,,,,,,,,,,277.5,340.8,100.0,,66.66666666666667,0.0,0.0,0.0,nm_inferred,7.0,61.90476190476191,,Namsos Airport,64.472198,11.5786
ENOA,3.0,3.0,100.0,0.0,0.0,60.0,60.0,735.8,767.0,819.0,820.0,820.6,-13.676666666666668,-13.666666666666668,-13.65,-12.783333333333333,-12.263333333333334,0.0,0.0,0.0,0.0,0.0,0.0,0.0,0.0,0.0,0.0,819.0,820.6,100.0,0.0,100.0,0.0,0.0,5.0,5.0,100.0,0.0,0.0,,,-1110.8,-1109.0,-1083.0,-867.0,-864.6,,,,,,,,,,,,,,,,1083.0,1110.8,100.0,,100.0,0.0,0.0,0.0,nm_inferred,5.0,100.0,,Oseberg A Platform,60.491402,2.82556
ENOC,3.0,3.0,100.0,0.0,0.0,60.0,60.0,777.0,789.0,809.0,819.0,825.0,-13.75,-13.649999999999999,-13.483333333333333,-13.149999999999999,-12.95,0.0,0.0,0.0,0.0,0.0,0.0,0.0,0.0,0.0,0.0,809.0,825.0,100.0,0.0,100.0,0.0,0.0,3.0,1.0,33.333333333333336,0.0,0.0,,,-300.0,-300.0,-300.0,-300.0,-300.0,,,,,,,,,,,,,,,,300.0,300.0,100.0,,33.333333333333336,0.0,0.0,0.0,nm_inferred,3.0,66.66666666666667,,Oseberg C Platform,60.6078,2.77444
ENOL,3.0,2.0,66.66666666666667,0.0,0.0,600.0,600.0,87.30000000000001,152.25,260.5,368.75,433.7,-0.7228333333333333,-0.6145833333333334,-0.4341666666666667,-0.25375000000000003,-0.1455,0.0,0.0,0.0,0.0,0.0,0.0,0.0,0.0,0.0,0.0,260.5,433.7,100.0,0.0,66.66666666666667,0.0,0.0,,,,,,,,,,,,,,,,,,,,,,,,,,,,,,,,,,,0.0,nm_inferred,3.0,66.66666666666667,,Ørland Airport,63.69889831542969,9.604000091552734
ENOV,23.0,21.0,91.30434782608695,0.0,0.0,300.0,300.0,509.0,614.0,679.0,769.0,849.0,-2.83,-2.5633333333333335,-2.263333333333333,-2.046666666666667,-1.6966666666666668,0.0,0.0,0.0,0.0,0.0,0.0,0.0,0.0,0.0,0.0,679.0,849.0,100.0,0.0,91.30434782608695,0.0,0.0,22.0,20.0,90.9090909090909,0.0,0.0,,,-599.1,-543.25,-467.5,-432.75,-403.29999999999995,,,,,,,,,,,,,,,,467.5,599.1000000000001,100.0,,90.9090909090909,0.0,0.0,0.0,nm_inferred,23.0,91.10671936758894,,"Ørsta-Volda Airport, Hovden",62.180000305176,6.0741000175476
ENQA,3.0,3.0,100.0,0.0,0.0,60.0,60.0,-1851.6,-1485.0,-874.0,-390.0,-99.59999999999997,1.66,6.5,14.566666666666666,24.75,30.86,0.0,0.0,0.0,0.0,0.0,0.0,0.0,0.0,0.0,0.0,874.0,1851.6000000000001,33.333333333333336,0.0,66.66666666666667,0.0,33.333333333333336,3.0,3.0,100.0,0.0,0.0,,,-743.4,-192.0,727.0,1121.0,1357.4,,,,,,,,,,,,,,,,1111.0,1434.2,33.333333333333336,,66.66666666666667,0.0,33.333333333333336,0.0,nm_inferred,3.0,100.0,,Troll A Platform,60.645,3.72472
ENQB,1.0,1.0,100.0,0.0,0.0,60.0,60.0,182.0,182.0,182.0,182.0,182.0,-3.033333333333333,-3.033333333333333,-3.033333333333333,-3.033333333333333,-3.033333333333333,0.0,0.0,0.0,0.0,0.0,0.0,0.0,0.0,0.0,0.0,182.0,182.0,100.0,0.0,100.0,0.0,0.0,1.0,1.0,100.0,0.0,0.0,,,-291.0,-291.0,-291.0,-291.0,-291.0,,,,,,,,,,,,,,,,291.0,291.0,100.0,,100.0,0.0,0.0,0.0,nm_inferred,1.0,100.0,,Troll B FPU,60.773899,3.50139
ENQC,2.0,2.0,100.0,0.0,0.0,60.0,60.0,180.7,235.75,327.5,419.25,474.3,-7.905000000000001,-6.987500000000001,-5.458333333333334,-3.9291666666666667,-3.0116666666666667,0.0,0.0,0.0,0.0,0.0,0.0,0.0,0.0,0.0,0.0,327.5,474.3,100.0,0.0,100.0,0.0,0.0,1.0,1.0,100.0,0.0,0.0,,,-335.0,-335.0,-335.0,-335.0,-335.0,,,,,,,,,,,,,,,,335.0,335.0,100.0,,100.0,0.0,0.0,0.0,nm_inferred,2.0,100.0,,Troll C FPU,60.885799,3.60972
ENQD,2.0,2.0,100.0,0.0,0.0,60.0,60.0,559.1,598.25,663.5,728.75,767.9,-12.798333333333332,-12.145833333333332,-11.058333333333334,-9.970833333333333,-9.318333333333333,0.0,0.0,0.0,0.0,0.0,0.0,0.0,0.0,0.0,0.0,663.5,767.9,100.0,0.0,100.0,0.0,0.0,2.0,2.0,100.0,0.0,0.0,,,-910.5,-833.25,-704.5,-575.75,-498.5,,,,,,,,,,,,,,,,704.5,910.5,100.0,,100.0,0.0,0.0,0.0,nm_inferred,2.0,100.0,,Brage A Platform,60.541901,3.04583
ENQE,2.0,1.0,50.0,0.0,0.0,60.0,60.0,243.0,243.0,243.0,243.0,243.0,-4.05,-4.05,-4.05,-4.05,-4.05,0.0,0.0,0.0,0.0,0.0,0.0,0.0,0.0,0.0,0.0,243.0,243.0,100.0,0.0,50.0,0.0,0.0,2.0,2.0,100.0,0.0,0.0,,,-322.5,-317.25,-308.5,-299.75,-294.5,,,,,,,,,,,,,,,,308.5,322.5,100.0,,100.0,0.0,0.0,0.0,nm_inferred,2.0,75.0,,Oseberg East Helideck,60.700001,2.933611
ENQG,1.0,1.0,100.0,0.0,0.0,60.0,60.0,1414.0,1414.0,1414.0,1414.0,1414.0,-23.566666666666666,-23.566666666666666,-23.566666666666666,-23.566666666666666,-23.566666666666666,0.0,0.0,0.0,0.0,0.0,0.0,0.0,0.0,0.0,0.0,1414.0,1414.0,100.0,0.0,100.0,0.0,0.0,4.0,4.0,100.0,0.0,0.0,,,-1213.7,-1199.75,-1167.5,-1050.5,-883.9999999999999,,,,,,,,,,,,,,,,1167.5,1213.7,100.0,,100.0,0.0,0.0,0.0,nm_inferred,4.0,100.0,,Gullfaks B Helipad,61.202108,2.198832
ENQJ,2.0,0.0,0.0,0.0,0.0,60.0,,,,,,,,,,,,,,,,,,,,,,,,,,0.0,0.0,0.0,2.0,1.0,50.0,0.0,0.0,,,-218.0,-218.0,-218.0,-218.0,-218.0,,,,,,,,,,,,,,,,218.0,218.0,100.0,,50.0,0.0,0.0,0.0,nm_inferred,2.0,25.0,,Gjoa Helipad,61.33167,3.895
ENQK,1.0,1.0,100.0,0.0,0.0,60.0,60.0,839.0,839.0,839.0,839.0,839.0,-13.983333333333333,-13.983333333333333,-13.983333333333333,-13.983333333333333,-13.983333333333333,0.0,0.0,0.0,0.0,0.0,0.0,0.0,0.0,0.0,0.0,839.0,839.0,100.0,0.0,100.0,0.0,0.0,,,,,,,,,,,,,,,,,,,,,,,,,,,,,,,,,,,0.0,nm_inferred,1.0,100.0,,Kvitebjorn Helipad,61.08333,2.5
ENQL,1.0,1.0,100.0,0.0,0.0,60.0,60.0,1344.0,1344.0,1344.0,1344.0,1344.0,-22.4,-22.4,-22.4,-22.4,-22.4,0.0,0.0,0.0,0.0,0.0,0.0,0.0,0.0,0.0,0.0,1344.0,1344.0,100.0,0.0,100.0,0.0,0.0,,,,,,,,,,,,,,,,,,,,,,,,,,,,,,,,,,,0.0,nm_inferred,1.0,100.0,,Martin Linge B Helipad,60.49833,2.07333
ENQM,1.0,1.0,100.0,0.0,0.0,60.0,60.0,1084.0,1084.0,1084.0,1084.0,1084.0,-18.066666666666666,-18.066666666666666,-18.066666666666666,-18.066666666666666,-18.066666666666666,0.0,0.0,0.0,0.0,0.0,0.0,0.0,0.0,0.0,0.0,1084.0,1084.0,100.0,0.0,100.0,0.0,0.0,1.0,0.0,0.0,0.0,0.0,,,,,,,,,,,,,,,,,,,,,,,,,,,0.0,0.0,0.0,0.0,nm_inferred,1.0,50.0,,Martin Linge A Helipad,60.5075,2.01472
ENQO,3.0,2.0,66.66666666666667,0.0,0.0,60.0,60.0,866.5,877.75,896.5,915.25,926.5,-15.441666666666666,-15.254166666666666,-14.941666666666666,-14.629166666666666,-14.441666666666666,0.0,0.0,0.0,0.0,0.0,0.0,0.0,0.0,0.0,0.0,896.5,926.5,100.0,0.0,66.66666666666667,0.0,0.0,2.0,2.0,100.0,0.0,0.0,,,-1042.6,-1028.5,-1005.0,-981.5,-967.4,,,,,,,,,,,,,,,,1005.0,1042.6,100.0,,100.0,0.0,0.0,0.0,nm_inferred,3.0,83.33333333333334,,Oseberg South Helideck,60.389702,2.795556
ENQR,1.0,0.0,0.0,0.0,0.0,60.0,,,,,,,,,,,,,,,,,,,,,,,,,,0.0,0.0,0.0,2.0,0.0,0.0,0.0,0.0,,,,,,,,,,,,,,,,,,,,,,,,,,,0.0,0.0,0.0,0.0,nm_inferred,2.0,0.0,,Snorre B Helipad,61.51667,2.21667
ENQS,2.0,2.0,100.0,0.0,0.0,60.0,60.0,1161.5,1187.75,1231.5,1275.25,1301.5,-21.691666666666666,-21.254166666666666,-20.525,-19.795833333333334,-19.358333333333334,0.0,0.0,0.0,0.0,0.0,0.0,0.0,0.0,0.0,0.0,1231.5,1301.5,100.0,0.0,100.0,0.0,0.0,4.0,4.0,100.0,0.0,0.0,,,-1570.8,-1555.5,-1499.5,-1350.25,-1167.1,,,,,,,,,,,,,,,,1499.5,1570.8,100.0,,100.0,0.0,0.0,0.0,nm_inferred,4.0,100.0,,Statfjord C Helipad,61.2961,1.90083
ENQV,2.0,0.0,0.0,0.0,0.0,60.0,,,,,,,,,,,,,,,,,,,,,,,,,,0.0,0.0,0.0,2.0,0.0,0.0,0.0,0.0,,,,,,,,,,,,,,,,,,,,,,,,,,,0.0,0.0,0.0,0.0,nm_inferred,2.0,0.0,,Visund A Helipad,61.36972,2.45722
ENRA,15.0,15.0,100.0,0.0,0.0,300.0,300.0,334.0,389.0,974.0,1091.5,1347.0,-4.49,-3.638333333333333,-3.2466666666666666,-1.2966666666666666,-1.1133333333333333,0.0,0.0,0.0,0.0,0.0,0.0,0.0,0.0,0.0,0.0,974.0,1347.0,100.0,0.0,100.0,0.0,0.0,14.0,14.0,100.0,0.0,0.0,,,-957.4,-818.0,-712.0,-629.0,-465.4999999999998,,,,,,,,,,,,,,,,712.0,957.4000000000001,100.0,,100.0,0.0,0.0,0.0,nm_inferred,15.0,100.0,,"Mo i Rana Airport, Røssvoll",66.363899230957,14.301400184631
ENRK,1.0,1.0,100.0,0.0,0.0,300.0,300.0,214.0,214.0,214.0,214.0,214.0,-0.7133333333333334,-0.7133333333333334,-0.7133333333333334,-0.7133333333333334,-0.7133333333333334,0.0,0.0,0.0,0.0,0.0,0.0,0.0,0.0,0.0,0.0,214.0,214.0,100.0,0.0,100.0,0.0,0.0,1.0,1.0,100.0,0.0,0.0,,,-149.0,-149.0,-149.0,-149.0,-149.0,,,,,,,,,,,,,,,,149.0,149.0,100.0,,100.0,0.0,0.0,0.0,nm_inferred,1.0,100.0,,Rakkestad Astorp Airfield,59.397499,11.3469
ENRM,6.0,5.0,83.33333333333333,0.0,0.0,300.0,300.0,276.0,279.0,304.0,354.0,402.0,-1.34,-1.18,-1.0133333333333334,-0.93,-0.92,0.0,0.0,0.0,0.0,0.0,0.0,0.0,0.0,0.0,0.0,304.0,402.0,100.0,0.0,66.66666666666667,0.0,16.666666666666668,6.0,4.0,66.66666666666667,0.0,0.0,,,-356.3,-320.75,-292.5,139.0,900.4000000000003,,,,,,,,,,,,,,,,340.5,1099.6000000000001,75.0,,50.0,0.0,16.666666666666668,0.0,nm_inferred,6.0,75.0,,"Rørvik Airport, Ryum",64.838302612305,11.14610004425
ENRO,4.0,4.0,100.0,0.0,0.0,300.0,300.0,143.5,150.25,161.5,174.0,183.0,-0.61,-0.5800000000000001,-0.5383333333333333,-0.5008333333333334,-0.47833333333333333,0.0,0.0,0.0,0.0,0.0,0.0,0.0,0.0,0.0,0.0,161.5,183.0,100.0,0.0,100.0,0.0,0.0,3.0,3.0,100.0,0.0,0.0,,,-396.2,-393.5,-389.0,-363.0,-347.4,,,,,,,,,,,,,,,,389.0,396.2,100.0,,100.0,0.0,0.0,0.0,nm_inferred,4.0,100.0,,Røros Airport,62.578399658203,11.342300415039
ENRS,5.0,1.0,20.0,0.0,0.0,300.0,300.0,904.0,904.0,904.0,904.0,904.0,-3.013333333333333,-3.013333333333333,-3.013333333333333,-3.013333333333333,-3.013333333333333,0.0,0.0,0.0,0.0,0.0,0.0,0.0,0.0,0.0,0.0,904.0,904.0,100.0,0.0,20.0,0.0,0.0,5.0,2.0,40.0,0.0,0.0,,,-911.8,-854.5,-759.0,-663.5,-606.2,,,,,,,,,,,,,,,,759.0,911.8,100.0,,40.0,0.0,0.0,0.0,nm_inferred,5.0,30.0,,Røst Airport,67.526482,12.101575
ENRY,1.0,1.0,100.0,0.0,0.0,600.0,600.0,39.0,39.0,39.0,39.0,39.0,-0.065,-0.065,-0.065,-0.065,-0.065,0.0,0.0,0.0,0.0,0.0,0.0,0.0,0.0,0.0,0.0,39.0,39.0,100.0,0.0,100.0,0.0,0.0,,,,,,,,,,,,,,,,,,,,,,,,,,,,,,,,,,,0.0,nm_inferred,1.0,100.0,,"Moss Airport, Rygge",59.378817,10.785439
ENSD,12.0,8.0,66.66666666666667,0.0,0.0,300.0,300.0,553.0,600.25,631.5,644.0,663.5,-2.211666666666667,-2.1466666666666665,-2.105,-2.000833333333333,-1.8433333333333333,0.0,0.0,0.0,0.0,0.0,0.0,0.0,0.0,0.0,0.0,631.5,663.5,100.0,0.0,66.66666666666667,0.0,0.0,11.0,7.0,63.63636363636363,0.0,0.0,,,-716.6,-698.0,-680.0,-584.5,-557.0,,,,,,,,,,,,,,,,680.0,716.6,100.0,,63.63636363636363,0.0,0.0,0.0,nm_inferred,12.0,65.15151515151516,,"Sandane Airport, Anda",61.830002,6.10583
ENSE,3.0,0.0,0.0,0.0,0.0,60.0,,,,,,,,,,,,,,,,,,,,,,,,,,0.0,0.0,0.0,2.0,0.0,0.0,0.0,0.0,,,,,,,,,,,,,,,,,,,,,,,,,,,0.0,0.0,0.0,0.0,nm_inferred,3.0,0.0,,Snorre A Helipad,61.4489,2.1425
ENSF,1.0,1.0,100.0,0.0,0.0,60.0,60.0,709.0,709.0,709.0,709.0,709.0,-11.816666666666666,-11.816666666666666,-11.816666666666666,-11.816666666666666,-11.816666666666666,0.0,0.0,0.0,0.0,0.0,0.0,0.0,0.0,0.0,0.0,709.0,709.0,100.0,0.0,100.0,0.0,0.0,1.0,1.0,100.0,0.0,0.0,,,-1188.0,-1188.0,-1188.0,-1188.0,-1188.0,,,,,,,,,,,,,,,,1188.0,1188.0,100.0,,100.0,0.0,0.0,0.0,nm_inferred,1.0,100.0,,Statfjord A Helipad,61.25518,1.85211
ENSG,21.0,15.0,71.42857142857143,0.0,0.0,300.0,300.0,564.0,599.0,779.0,934.0,989.0,-3.296666666666667,-3.1133333333333333,-2.5966666666666667,-1.9966666666666666,-1.88,0.0,0.0,0.0,0.0,0.0,0.0,0.0,0.0,0.0,0.0,779.0,989.0,100.0,0.0,71.42857142857143,0.0,0.0,21.0,15.0,71.42857142857143,0.0,0.0,,,-814.2,-761.5,-737.0,-584.0,-531.0,,,,,,,,,,,,,,,,737.0,814.1999999999999,100.0,,71.42857142857143,0.0,0.0,0.0,nm_inferred,21.0,71.42857142857143,,"Sogndal Airport, Haukåsen",61.156101,7.13778
ENSH,14.0,13.0,92.85714285714286,0.0,0.0,300.0,300.0,1026.0,1039.0,1099.0,1132.0,1150.0,-3.8333333333333335,-3.7733333333333334,-3.6633333333333336,-3.4633333333333334,-3.4200000000000004,0.0,0.0,0.0,0.0,0.0,0.0,0.0,0.0,0.0,0.0,1099.0,1150.0,100.0,0.0,92.85714285714286,0.0,0.0,16.0,14.0,87.5,0.0,0.0,,,-1072.6,-999.5,-925.5,-871.5,-839.9,,,,,,,,,,,,,,,,925.5,1072.6000000000001,100.0,,87.5,0.0,0.0,0.0,nm_inferred,16.0,90.17857142857143,,"Svolvær Airport, Helle",68.243301,14.6692
ENSK,19.0,13.0,68.42105263157895,0.0,0.0,300.0,300.0,1350.0,1434.0,1502.0,1529.0,1547.0,-5.156666666666666,-5.096666666666667,-5.006666666666667,-4.78,-4.499999999999999,0.0,0.0,0.0,0.0,0.0,0.0,0.0,0.0,0.0,0.0,1502.0,1547.0,100.0,0.0,68.42105263157895,0.0,0.0,19.0,14.0,73.6842105263158,0.0,0.0,,,-1470.4,-1368.0,-1351.5,-1339.0,-1267.1999999999998,,,,,,,,,,,,,,,,1351.5,1470.4,100.0,,73.6842105263158,0.0,0.0,0.0,nm_inferred,19.0,71.05263157894737,,"Stokmarknes Airport, Skagen",68.578827,15.033417
ENSL,3.0,0.0,0.0,0.0,0.0,60.0,,,,,,,,,,,,,,,,,,,,,,,,,,0.0,0.0,0.0,3.0,0.0,0.0,0.0,0.0,,,,,,,,,,,,,,,,,,,,,,,,,,,0.0,0.0,0.0,0.0,nm_inferred,3.0,0.0,,Sleipner A Platform,58.366699,1.90694
ENSO,6.0,6.0,100.0,0.0,0.0,300.0,300.0,52.5,61.0,70.5,83.0,87.0,-0.29000000000000004,-0.27666666666666667,-0.235,-0.20333333333333334,-0.175,0.0,0.0,0.0,0.0,0.0,0.0,0.0,0.0,0.0,0.0,70.5,87.0,100.0,0.0,100.0,0.0,0.0,6.0,6.0,100.0,0.0,0.0,,,-260.5,-213.25,-151.0,-140.5,-135.5,,,,,,,,,,,,,,,,151.0,260.5,100.0,,100.0,0.0,0.0,0.0,nm_inferred,6.0,100.0,,"Stord Airport, Sørstokken",59.791901,5.34085
ENSR,4.0,0.0,0.0,0.0,0.0,300.0,,,,,,,,,,,,,,,,,,,,,,,,,,0.0,0.0,0.0,4.0,0.0,0.0,0.0,0.0,,,,,,,,,,,,,,,,,,,,,,,,,,,0.0,0.0,0.0,0.0,nm_inferred,4.0,0.0,,Sørkjosen Airport,69.786797,20.9594
ENST,12.0,12.0,100.0,0.0,0.0,300.0,300.0,562.0,615.25,736.5,851.5,886.0,-2.953333333333333,-2.8383333333333334,-2.455,-2.0508333333333333,-1.8733333333333333,0.0,0.0,0.0,0.0,0.0,0.0,0.0,0.0,0.0,0.0,736.5,886.0,100.0,0.0,100.0,0.0,0.0,11.0,11.0,100.0,0.0,0.0,,,-728.0,-716.5,-650.0,-597.5,-546.0,,,,,,,,,,,,,,,,650.0,728.0,100.0,,100.0,0.0,0.0,0.0,nm_inferred,12.0,100.0,,"Sandnessjøen Airport, Stokka",65.956802,12.4689
ENTC,137.0,112.0,81.75182481751825,0.0,0.0,600.0,600.0,312.2,362.25,426.5,668.25,762.5000000000001,-1.2733333333333334,-1.1212499999999999,-0.7191666666666667,-0.59,-0.5155,0.0,0.0,0.0,0.0,0.0,0.0,0.0,0.0,0.0,0.0,426.5,762.5000000000001,100.0,0.0,80.2919708029197,1.4598540145985401,0.0,143.0,121.0,84.61538461538461,0.0,0.0,,,-955.0,-845.0,-747.0,-686.0,-618.0,,,,,,,,,,,,,,,,747.0,955.0,100.0,,82.51748251748252,2.097902097902098,0.0,0.0,nm_inferred,143.0,83.18360471645144,,Tromsø Airport,69.683296,18.9189
ENTO,71.0,69.0,97.1830985915493,0.0,0.0,600.0,600.0,78.0,94.0,104.0,130.0,144.60000000000002,-0.24552380952380953,-0.19,-0.14833333333333334,-0.11555555555555555,-0.10444444444444445,0.0,0.0,0.0,0.0,0.0,0.0,0.0,0.0,0.0,0.0,104.0,144.60000000000002,100.0,0.0,88.73239436619718,7.042253521126761,1.408450704225352,72.0,70.0,97.22222222222223,0.0,0.0,,,-406.0,-298.5,-247.5,-215.25,-193.29999999999998,,,,,,,,,,,,,,,,247.5,406.0,100.0,,91.66666666666667,5.555555555555555,0.0,0.0,nm_inferred,72.0,97.20266040688577,,"Sandefjord Airport, Torp",59.186699,10.2586
ENUA,2.0,0.0,0.0,0.0,0.0,60.0,,,,,,,,,,,,,,,,,,,,,,,,,,0.0,0.0,0.0,2.0,0.0,0.0,0.0,0.0,,,,,,,,,,,,,,,,,,,,,,,,,,,0.0,0.0,0.0,0.0,nm_inferred,2.0,0.0,,Kristin FPU Helieck,64.993956,6.551342
ENUD,1.0,0.0,0.0,0.0,0.0,300.0,,,,,,,,,,,,,,,,,,,,,,,,,,0.0,0.0,0.0,2.0,0.0,0.0,0.0,0.0,,,,,,,,,,,,,,,,,,,,,,,,,,,0.0,0.0,0.0,0.0,nm_inferred,2.0,0.0,,Njord A Helideck,64.27067,7.20011
ENUE,1.0,0.0,0.0,0.0,0.0,300.0,,,,,,,,,,,,,,,,,,,,,,,,,,0.0,0.0,0.0,,,,,,,,,,,,,,,,,,,,,,,,,,,,,,,,,,,0.0,nm_inferred,1.0,0.0,,Njord B Helideck,64.271111,7.201389
ENUK,1.0,0.0,0.0,0.0,0.0,60.0,,,,,,,,,,,,,,,,,,,,,,,,,,0.0,0.0,0.0,1.0,0.0,0.0,0.0,0.0,,,,,,,,,,,,,,,,,,,,,,,,,,,0.0,0.0,0.0,0.0,nm_inferred,1.0,0.0,,Aasgard A FPSO Helideck,65.064144,6.725689
ENUN,1.0,0.0,0.0,0.0,0.0,60.0,,,,,,,,,,,,,,,,,,,,,,,,,,0.0,0.0,0.0,1.0,0.0,0.0,0.0,0.0,,,,,,,,,,,,,,,,,,,,,,,,,,,0.0,0.0,0.0,0.0,nm_inferred,1.0,0.0,,Aasta Hansteen FPU,67.0408,7.055
ENUS,1.0,0.0,0.0,0.0,0.0,60.0,,,,,,,,,,,,,,,,,,,,,,,,,,0.0,0.0,0.0,1.0,0.0,0.0,0.0,0.0,,,,,,,,,,,,,,,,,,,,,,,,,,,0.0,0.0,0.0,0.0,nm_inferred,1.0,0.0,,Skarv Helipad,65.69972,7.65083
ENVA,217.0,213.0,98.15668202764977,2.0,100.0,420.0,55.0,-660.0,-521.0,-411.0,-316.0,-211.99999999999994,0.7541666666666667,0.8488095238095238,0.9181818181818182,1.0041666666666667,1.2277777777777779,0.7,0.8,0.9,1.0,1.0,0.5370370370370371,0.6178571428571429,0.717948717948718,0.8055555555555556,0.8796296296296297,416.0,1676.000000000009,1.8779342723004695,2.843601895734597,90.78341013824885,1.8433179723502304,5.529953917050691,216.0,211.0,97.68518518518519,2.0,99.07407407407408,180.0,15.0,109.0,154.0,214.0,264.0,694.0,0.8033333333333333,1.0316666666666667,1.1888888888888889,1.4083333333333334,4.187777777777779,0.8333333333333334,1.0,1.0,1.0,1.0,0.5722222222222223,0.6666666666666666,0.7222222222222222,0.8055555555555556,0.9583333333333334,219.0,1154.0,3.3175355450236967,11.11111111111111,91.20370370370371,0.9259259259259259,5.555555555555555,100.0,apdf,217.0,97.92093360641748,0.7051144150718524,"Trondheim Airport, Værnes",63.457802,10.924
ENVD,19.0,1.0,5.2631578947368425,0.0,0.0,300.0,300.0,2914.0,2914.0,2914.0,2914.0,2914.0,-9.713333333333333,-9.713333333333333,-9.713333333333333,-9.713333333333333,-9.713333333333333,0.0,0.0,0.0,0.0,0.0,0.0,0.0,0.0,0.0,0.0,2914.0,2914.0,100.0,0.0,5.2631578947368425,0.0,0.0,15.0,1.0,6.666666666666667,0.0,0.0,,,-2302.0,-2302.0,-2302.0,-2302.0,-2302.0,,,,,,,,,,,,,,,,2302.0,2302.0,100.0,,6.666666666666667,0.0,0.0,0.0,nm_inferred,19.0,5.964912280701755,,Vadsø Airport,70.0653,29.8447
ENWA,1.0,1.0,100.0,0.0,0.0,60.0,60.0,2769.0,2769.0,2769.0,2769.0,2769.0,-46.15,-46.15,-46.15,-46.15,-46.15,0.0,0.0,0.0,0.0,0.0,0.0,0.0,0.0,0.0,0.0,2769.0,2769.0,100.0,0.0,100.0,0.0,0.0,2.0,1.0,50.0,0.0,0.0,,,-1719.0,-1719.0,-1719.0,-1719.0,-1719.0,,,,,,,,,,,,,,,,1719.0,1719.0,100.0,,50.0,0.0,0.0,0.0,nm_inferred,2.0,75.0,,Alvheim FPSO Helideck,59.566667,1.991667
ENWE,1.0,1.0,100.0,0.0,0.0,60.0,60.0,1079.0,1079.0,1079.0,1079.0,1079.0,-17.983333333333334,-17.983333333333334,-17.983333333333334,-17.983333333333334,-17.983333333333334,0.0,0.0,0.0,0.0,0.0,0.0,0.0,0.0,0.0,0.0,1079.0,1079.0,100.0,0.0,100.0,0.0,0.0,2.0,0.0,0.0,0.0,0.0,,,,,,,,,,,,,,,,,,,,,,,,,,,0.0,0.0,0.0,0.0,nm_inferred,2.0,50.0,,Edvard Grieg Helipad,58.8425,2.24722
ENWI,1.0,0.0,0.0,0.0,0.0,60.0,,,,,,,,,,,,,,,,,,,,,,,,,,0.0,0.0,0.0,,,,,,,,,,,,,,,,,,,,,,,,,,,,,,,,,,,0.0,nm_inferred,1.0,0.0,,Ivar Aasen Helipad,58.92222,2.19778
ENWK,1.0,0.0,0.0,0.0,0.0,60.0,,,,,,,,,,,,,,,,,,,,,,,,,,0.0,0.0,0.0,1.0,0.0,0.0,0.0,0.0,,,,,,,,,,,,,,,,,,,,,,,,,,,0.0,0.0,0.0,0.0,nm_inferred,1.0,0.0,,Gina Krog Helipad,58.57139,1.69528
ENWS,3.0,0.0,0.0,0.0,0.0,60.0,,,,,,,,,,,,,,,,,,,,,,,,,,0.0,0.0,0.0,3.0,0.0,0.0,0.0,0.0,,,,,,,,,,,,,,,,,,,,,,,,,,,0.0,0.0,0.0,0.0,nm_inferred,3.0,0.0,,Eldfisk S Helipad,56.37361,3.26278
ENWV,3.0,0.0,0.0,0.0,0.0,60.0,,,,,,,,,,,,,,,,,,,,,,,,,,0.0,0.0,0.0,3.0,0.0,0.0,0.0,0.0,,,,,,,,,,,,,,,,,,,,,,,,,,,0.0,0.0,0.0,0.0,nm_inferred,3.0,0.0,,Valhall PH Helipad,56.28333,3.4
ENWY,3.0,0.0,0.0,0.0,0.0,300.0,,,,,,,,,,,,,,,,,,,,,,,,,,0.0,0.0,0.0,3.0,0.0,0.0,0.0,0.0,,,,,,,,,,,,,,,,,,,,,,,,,,,0.0,0.0,0.0,0.0,nm_inferred,3.0,0.0,,Yme Inspirer Heliport Offshore,57.4888,4.3212
ENXO,3.0,2.0,66.66666666666667,0.0,0.0,60.0,60.0,1129.0,1129.0,1129.0,1129.0,1129.0,-18.816666666666666,-18.816666666666666,-18.816666666666666,-18.816666666666666,-18.816666666666666,0.0,0.0,0.0,0.0,0.0,0.0,0.0,0.0,0.0,0.0,1129.0,1129.0,100.0,0.0,66.66666666666667,0.0,0.0,4.0,1.0,25.0,0.0,0.0,,,-3031.0,-3031.0,-3031.0,-3031.0,-3031.0,,,,,,,,,,,,,,,,3031.0,3031.0,100.0,,25.0,0.0,0.0,0.0,nm_inferred,4.0,45.833333333333336,,Ringhorne Platform,59.266701,2.45
ENXW,2.0,0.0,0.0,0.0,0.0,60.0,,,,,,,,,,,,,,,,,,,,,,,,,,0.0,0.0,0.0,2.0,1.0,50.0,0.0,0.0,,,-2911.0,-2911.0,-2911.0,-2911.0,-2911.0,,,,,,,,,,,,,,,,2911.0,2911.0,100.0,,50.0,0.0,0.0,0.0,nm_inferred,2.0,25.0,,Grane Helipad,59.165,2.48667
ENZV,237.0,192.0,81.0126582278481,61.0,99.57805907172997,480.0,540.0,12.200000000000003,37.75,214.0,285.25,563.0,-0.885047619047619,-0.565,-0.37777777777777777,-0.08095238095238096,-0.02966666666666664,0.0,0.0,0.0,0.0,0.0,0.0,0.0,0.0,0.0,0.0,214.0,573.0,93.75,0.5780346820809249,79.32489451476793,1.6877637130801688,0.0,235.0,182.0,77.44680851063829,0.0,99.57446808510639,240.0,180.0,-1123.5,-808.5,-481.0,-17.25,8.500000000000028,-5.505277777777778,-3.9947916666666665,-2.3368055555555554,-0.07472222222222223,0.03597222222222231,0.0,0.0,0.0,0.0,0.125,0.0,0.0,0.0,0.0,0.027777777777777776,481.0,1123.5000000000002,86.81318681318682,0.0,75.74468085106383,0.851063829787234,0.851063829787234,99.57805907172997,apdf,237.0,79.2297333692432,0.0,"Stavanger Airport, Sola",58.876701,5.63778
EPBC,1.0,0.0,0.0,0.0,0.0,300.0,,,,,,,,,,,,,,,,,,,,,,,,,,0.0,0.0,0.0,,,,,,,,,,,,,,,,,,,,,,,,,,,,,,,,,,,0.0,nm_inferred,1.0,0.0,,Warsaw Babice Airport,52.269199,20.907203
EPBY,15.0,15.0,100.0,0.0,0.0,960.0,900.0,-6.999999999999998,11.5,59.0,2661.5,3936.9999999999995,-4.186986111111111,-2.957222222222222,-0.06555555555555556,-0.011979166666666666,0.007708333333333329,0.0,0.0,0.0,0.015625,0.05083333333333332,0.0,0.0,0.0,0.005208333333333333,0.013541666666666664,59.0,3936.9999999999995,80.0,0.0,60.0,40.0,0.0,15.0,15.0,100.0,0.0,0.0,,,-1498.0,-1191.0,-121.0,-83.5,-18.00000000000002,,,,,,,,,,,,,,,,339.0,1497.9999999999998,86.66666666666667,,86.66666666666667,13.333333333333334,0.0,0.0,nm_inferred,15.0,100.0,,Ignacy Jan Paderewski Bydgoszcz Airport,53.096802,17.977699
EPCD,1.0,1.0,100.0,0.0,0.0,300.0,300.0,169.0,169.0,169.0,169.0,169.0,-0.5633333333333334,-0.5633333333333334,-0.5633333333333334,-0.5633333333333334,-0.5633333333333334,0.0,0.0,0.0,0.0,0.0,0.0,0.0,0.0,0.0,0.0,169.0,169.0,100.0,0.0,100.0,0.0,0.0,,,,,,,,,,,,,,,,,,,,,,,,,,,,,,,,,,,0.0,nm_inferred,1.0,100.0,,Depułtycze Królewskie Airfield,51.082067,23.437014
EPGD,246.0,204.0,82.92682926829268,0.0,0.0,600.0,600.0,377.00000000000006,1522.75,2066.5,2656.5,3354.0,-5.2975,-3.8275595238095237,-2.769166666666667,-1.9528571428571428,-0.7558333333333301,0.0,0.0,0.0,0.0,0.0,0.0,0.0,0.0,0.0,0.0,2066.5,3354.0,99.50980392156863,0.0,73.98373983739837,8.94308943089431,0.0,242.0,239.0,98.7603305785124,0.0,0.0,,,-1787.0,-1611.0,-1421.0,-1223.5,-926.0,,,,,,,,,,,,,,,,1421.0,1787.0,100.0,,93.38842975206612,5.371900826446281,0.0,0.0,nm_inferred,246.0,90.84357992340253,,Gdańsk Lech Wałęsa Airport,54.377602,18.4662
EPKK,357.0,356.0,99.71988795518207,0.0,0.0,600.0,194.0,-878.5,-731.0,-606.0,-494.75,-403.5,0.5575000000000001,0.7176190476190476,0.8683333333333333,1.0933333333333333,1.3716666666666666,0.3,0.43125,0.5909090909090909,0.7,0.8166666666666667,0.15,0.22777777777777777,0.31666666666666665,0.4083333333333333,0.49166666666666664,613.5,898.5,1.404494382022472,0.0,92.43697478991596,5.882352941176471,1.4005602240896358,356.0,355.0,99.71910112359551,0.0,0.0,,,126.0,284.0,354.0,414.0,479.0,,,,,,,,,,,,,,,,374.0,967.0000000000019,8.732394366197184,,90.1685393258427,8.426966292134832,1.1235955056179776,0.0,nm_inferred,357.0,99.71949453938879,,Kraków John Paul II International Airport,50.077702,19.7848
EPKT,257.0,253.0,98.44357976653697,0.0,0.0,600.0,600.0,10.000000000000014,19.0,34.0,44.0,54.0,-0.09,-0.07023809523809524,-0.04833333333333333,-0.03166666666666667,-0.015111111111111105,0.0,0.0,0.0,0.0,0.0,0.0,0.0,0.0,0.0,0.0,34.0,54.0,97.62845849802372,0.0,92.60700389105058,5.836575875486381,0.0,250.0,247.0,98.8,0.0,0.0,,,-111.0,-91.0,-76.0,-51.0,-41.0,,,,,,,,,,,,,,,,76.0,111.0,99.19028340080972,,94.4,4.4,0.0,0.0,nm_inferred,257.0,98.62178988326849,,Katowice Wojciech Korfanty International Airport,50.476015,19.080705
EPLB,16.0,16.0,100.0,0.0,0.0,720.0,720.0,16.5,39.0,54.0,71.5,86.5,-0.22166666666666665,-0.18,-0.10013888888888889,-0.052847222222222226,-0.045,0.0,0.0,0.0,0.0,0.0,0.0,0.0,0.0,0.0,0.0,54.0,86.5,93.75,0.0,93.75,6.25,0.0,16.0,16.0,100.0,0.0,0.0,,,-278.5,-177.25,-146.0,-116.0,-91.0,,,,,,,,,,,,,,,,146.0,278.5,100.0,,100.0,0.0,0.0,0.0,nm_inferred,16.0,100.0,,Lublin Airport,51.240157,22.713461
EPLL,17.0,17.0,100.0,0.0,0.0,900.0,900.0,70.0,99.0,124.0,144.0,174.0,-0.41666666666666663,-0.28,-0.16333333333333333,-0.13777777777777778,-0.10666666666666666,0.0,0.0,0.0,0.0,0.0,0.0,0.0,0.0,0.0,0.0,124.0,174.0,100.0,0.0,100.0,0.0,0.0,16.0,15.0,93.75,0.0,0.0,,,-323.0,-153.5,-136.0,-131.0,-123.0,,,,,,,,,,,,,,,,136.0,322.9999999999999,100.0,,87.5,6.25,0.0,0.0,nm_inferred,17.0,96.875,,Łódź Władysław Reymont Airport,51.721901,19.3981
EPMO,42.0,42.0,100.0,0.0,0.0,900.0,900.0,-5.499999999999997,4.0,18.5,39.0,2949.2,-4.198555555555555,-0.04583333333333334,-0.022222222222222223,-0.0044444444444444444,0.006111111111111104,0.0,0.0,0.0,0.0,0.03333333333333333,0.0,0.0,0.0,0.0,0.011111111111111112,18.5,2949.2,83.33333333333333,0.0,76.19047619047619,23.80952380952381,0.0,39.0,39.0,100.0,0.0,0.0,,,-2097.6,-1208.0,-20.0,-10.5,-3.1999999999999886,,,,,,,,,,,,,,,,20.0,2097.600000000002,94.87179487179488,,94.87179487179488,5.128205128205129,0.0,0.0,nm_inferred,42.0,100.0,,Warsaw Modlin Airport,52.451099,20.6518
EPNT,,,,,,,,,,,,,,,,,,,,,,,,,,,,,,,,,,,1.0,0.0,0.0,0.0,0.0,,,,,,,,,,,,,,,,,,,,,,,,,,,0.0,0.0,0.0,0.0,nm_inferred,1.0,0.0,,Nowy Targ Airfield,49.462797,20.050304
EPPO,160.0,157.0,98.125,0.0,0.0,600.0,209.0,-661.8,-586.0,-497.0,-431.0,-331.6,0.4822222222222222,0.5677777777777778,0.7363636363636363,1.5533333333333332,2.0346666666666664,0.36666666666666664,0.4666666666666667,0.6,0.8333333333333334,1.0,0.2238888888888889,0.3111111111111111,0.4,0.5378787878787878,0.6733333333333335,497.0,661.8,0.0,0.0,95.625,1.875,0.625,153.0,150.0,98.03921568627452,0.0,0.0,,,189.0,224.0,259.0,309.0,369.0,,,,,,,,,,,,,,,,264.0,374.5,2.6666666666666665,,92.81045751633987,4.57516339869281,0.6535947712418301,0.0,nm_inferred,160.0,98.08210784313727,,Poznań-Ławica Airport,52.421598,16.823359
EPPW,1.0,0.0,0.0,0.0,0.0,600.0,,,,,,,,,,,,,,,,,,,,,,,,,,0.0,0.0,0.0,1.0,0.0,0.0,0.0,0.0,,,,,,,,,,,,,,,,,,,,,,,,,,,0.0,0.0,0.0,0.0,nm_inferred,1.0,0.0,,Powidz Military Air Base,52.380087,17.853155
EPRA,4.0,4.0,100.0,0.0,0.0,300.0,300.0,68.5,75.25,104.0,131.5,136.0,-0.4533333333333333,-0.43833333333333335,-0.3466666666666667,-0.2508333333333333,-0.22833333333333333,0.0,0.0,0.0,0.0,0.0,0.0,0.0,0.0,0.0,0.0,104.0,136.0,100.0,0.0,100.0,0.0,0.0,3.0,3.0,100.0,0.0,0.0,,,-240.0,-231.0,-216.0,-208.5,-204.0,,,,,,,,,,,,,,,,216.0,240.0,100.0,,100.0,0.0,0.0,0.0,nm_inferred,4.0,100.0,,Warsaw Radom Airport,51.38937,21.214742
EPRZ,59.0,56.0,94.91525423728814,0.0,0.0,300.0,287.0,-751.0,-492.25,-296.0,-234.75,-1.0,0.005000000000000001,0.32333333333333336,0.66625,1.2116666666666667,2.5033333333333334,0.0,0.1,0.21666666666666667,0.4,0.6499999999999999,0.0,0.04965277777777778,0.0875,0.2,0.2833333333333333,296.0,811.0,10.714285714285714,0.0,89.83050847457628,5.084745762711864,0.0,58.0,56.0,96.55172413793103,0.0,0.0,,,-48.5,-26.0,-1.0,45.25,281.5,,,,,,,,,,,,,,,,27.5,349.0,57.142857142857146,,89.65517241379311,6.896551724137931,0.0,0.0,nm_inferred,59.0,95.73348918760959,,Rzeszów-Jasionka Airport,50.109791,22.024155
EPSC,22.0,22.0,100.0,0.0,0.0,300.0,300.0,109.0,125.25,139.0,166.5,193.00000000000003,-0.56,-0.4883333333333333,-0.41333333333333333,-0.21555555555555556,-0.1383333333333333,0.0,0.0,0.0,0.0,0.0,0.0,0.0,0.0,0.0,0.0,139.0,193.00000000000003,100.0,0.0,100.0,0.0,0.0,22.0,22.0,100.0,0.0,0.0,,,-1632.0,-447.25,-336.0,-292.25,-262.0,,,,,,,,,,,,,,,,336.0,1632.0000000000027,100.0,,100.0,0.0,0.0,0.0,nm_inferred,22.0,100.0,,Solidarity Szczecin–Goleniów Airport,53.584702,14.9022
EPSY,8.0,7.0,87.5,0.0,0.0,300.0,300.0,69.0,89.0,2244.0,2764.0,3014.0,-9.153333333333334,-8.196666666666667,-3.6155555555555554,-0.22166666666666665,-0.174,0.0,0.0,0.0,0.0,0.0,0.0,0.0,0.0,0.0,0.0,2244.0,3014.0,100.0,0.0,25.0,50.0,12.5,5.0,5.0,100.0,0.0,0.0,,,-1668.2,-1556.0,-1351.0,-1276.0,-606.9999999999999,,,,,,,,,,,,,,,,1351.0,1668.2,100.0,,80.0,20.0,0.0,0.0,nm_inferred,8.0,93.75,,Olsztyn-Mazury Airport,53.481899,20.9377
EPWA,868.0,868.0,100.0,0.0,99.76958525345621,600.0,600.0,-11.0,9.0,29.0,49.0,69.0,-0.1638888888888889,-0.09674242424242424,-0.04833333333333333,-0.01588888888888889,0.016666666666666666,0.0,0.0,0.0,0.0,0.045454545454545456,0.0,0.0,0.0,0.0,0.022727272727272728,34.0,74.0,85.59907834101382,0.0,85.9447004608295,13.709677419354838,0.3456221198156682,870.0,866.0,99.54022988505747,0.0,100.0,240.0,240.0,-83.5,-21.0,-1.0,24.0,39.0,-0.6583333333333334,-0.0875,-0.0033333333333333335,0.07916666666666666,0.13333333333333333,0.0,0.0,0.0,0.125,0.2,0.0,0.0,0.0,0.08333333333333333,0.13333333333333333,21.0,234.0,51.73210161662818,0.0,88.62068965517241,10.689655172413794,0.22988505747126436,100.0,apdf,870.0,99.77011494252874,0.0,Warsaw Chopin Airport,52.165699,20.9671
EPWK,1.0,0.0,0.0,0.0,0.0,300.0,,,,,,,,,,,,,,,,,,,,,,,,,,0.0,0.0,0.0,1.0,0.0,0.0,0.0,0.0,,,,,,,,,,,,,,,,,,,,,,,,,,,0.0,0.0,0.0,0.0,nm_inferred,1.0,0.0,,Włocławek-Kruszyn Airfield,52.584702,19.0156
EPWR,192.0,192.0,100.0,0.0,0.0,660.0,120.0,-1149.1,-881.0,-688.0,-536.0,-388.79999999999984,0.7142727272727273,0.8936363636363637,1.1833333333333333,2.078333333333333,3.0183333333333335,0.45454545454545453,0.6,0.7727272727272727,0.9545454545454546,1.0,0.3340909090909091,0.44507575757575757,0.5666666666666667,0.6666666666666666,0.8166666666666667,688.0,1149.1000000000001,1.5625,4.166666666666667,96.875,2.6041666666666665,0.5208333333333334,193.0,192.0,99.48186528497409,0.0,0.0,,,279.0,325.5,394.0,480.5,613.5,,,,,,,,,,,,,,,,394.0,620.3000000000001,0.5208333333333334,,96.37305699481865,2.5906735751295336,0.5181347150259067,0.0,nm_inferred,193.0,99.74093264248705,,Copernicus Wrocław Airport,51.103719,16.882096
EPZG,4.0,4.0,100.0,0.0,0.0,300.0,300.0,31.5,42.75,56.5,71.5,85.0,-0.2833333333333333,-0.23833333333333334,-0.18833333333333335,-0.1425,-0.10499999999999998,0.0,0.0,0.0,0.0,0.0,0.0,0.0,0.0,0.0,0.0,56.5,85.0,100.0,0.0,100.0,0.0,0.0,3.0,3.0,100.0,0.0,0.0,,,-157.0,-143.5,-121.0,-103.5,-93.0,,,,,,,,,,,,,,,,121.0,157.0,100.0,,100.0,0.0,0.0,0.0,nm_inferred,4.0,100.0,,Zielona Góra-Babimost Airport,52.1385,15.7986
ESDF,5.0,5.0,100.0,0.0,0.0,300.0,300.0,-2.0,4.0,9.0,17.0,33.2,-0.11066666666666666,-0.056666666666666664,-0.03,-0.013333333333333334,0.00666666666666667,0.0,0.0,0.0,0.0,0.06000000000000001,0.0,0.0,0.0,0.0,0.020000000000000004,9.0,33.2,80.0,0.0,100.0,0.0,0.0,4.0,4.0,100.0,0.0,0.0,,,-500.2,-457.0,-264.5,-90.5,-80.6,,,,,,,,,,,,,,,,264.5,500.20000000000005,100.0,,100.0,0.0,0.0,0.0,nm_inferred,5.0,100.0,,Ronneby Airport,56.266701,15.265
ESGG,216.0,216.0,100.0,0.0,100.0,540.0,540.0,24.0,39.0,59.0,74.0,89.0,-0.23452380952380952,-0.15282738095238096,-0.10666666666666667,-0.07222222222222222,-0.044444444444444446,0.0,0.0,0.0,0.0,0.0,0.0,0.0,0.0,0.0,0.0,59.0,89.0,98.14814814814815,0.0,97.22222222222223,2.7777777777777777,0.0,212.0,211.0,99.52830188679245,0.0,100.0,240.0,240.0,-81.0,-56.0,-36.0,-16.0,-1.0,-0.4,-0.23333333333333334,-0.13666666666666666,-0.05333333333333334,-0.0033333333333333335,0.0,0.0,0.0,0.0,0.0,0.0,0.0,0.0,0.0,0.0,36.0,81.0,91.94312796208531,0.0,97.16981132075472,2.358490566037736,0.0,100.0,apdf,216.0,99.76415094339623,0.0,Göteborg Landvetter Airport,57.6628,12.2798
ESGJ,4.0,1.0,25.0,0.0,0.0,300.0,300.0,129.0,129.0,129.0,129.0,129.0,-0.43,-0.43,-0.43,-0.43,-0.43,0.0,0.0,0.0,0.0,0.0,0.0,0.0,0.0,0.0,0.0,129.0,129.0,100.0,0.0,25.0,0.0,0.0,4.0,1.0,25.0,0.0,0.0,,,-937.0,-937.0,-937.0,-937.0,-937.0,,,,,,,,,,,,,,,,937.0,937.0,100.0,,25.0,0.0,0.0,0.0,nm_inferred,4.0,25.0,,Jönköping Airport,57.757598876953125,14.068699836730955
ESGT,5.0,2.0,40.0,0.0,0.0,600.0,300.0,146.5,150.25,156.5,162.75,166.5,-0.555,-0.5425,-0.5216666666666667,-0.5008333333333334,-0.48833333333333334,0.0,0.0,0.0,0.0,0.0,0.0,0.0,0.0,0.0,0.0,156.5,166.5,100.0,0.0,40.0,0.0,0.0,4.0,1.0,25.0,0.0,0.0,,,-407.0,-407.0,-407.0,-407.0,-407.0,,,,,,,,,,,,,,,,407.0,407.0,100.0,,25.0,0.0,0.0,0.0,nm_inferred,5.0,32.5,,Trollhättan-Vänersborg Airport,58.31809997558594,12.345000267028809
ESKM,6.0,6.0,100.0,0.0,0.0,300.0,300.0,-3791.0,-3549.75,-2721.0,-2012.25,-1938.5,6.461666666666667,6.7075,9.07,11.8325,12.636666666666667,0.0,0.0,0.0,0.0,0.0,0.0,0.0,0.0,0.0,0.0,2721.0,3791.0,0.0,0.0,0.0,0.0,100.0,6.0,6.0,100.0,0.0,0.0,,,1924.0,1985.75,2791.5,4573.75,5218.5,,,,,,,,,,,,,,,,2791.5,5218.5,0.0,,0.0,0.0,100.0,0.0,nm_inferred,6.0,100.0,,Mora Airport,60.957901,14.5114
ESKN,9.0,8.0,88.88888888888889,0.0,0.0,600.0,570.0,93.0,99.0,116.5,4541.5,4912.0,-11.267833333333332,-8.70375,-0.195,-0.18291666666666667,-0.16666666666666669,0.0,0.0,0.0,0.0,0.0,0.0,0.0,0.0,0.0,0.0,116.5,4912.0,100.0,0.0,44.44444444444444,44.44444444444444,0.0,9.0,8.0,88.88888888888889,0.0,0.0,,,-3632.5,-3185.5,-156.5,-143.0,-140.0,,,,,,,,,,,,,,,,156.5,3632.5,100.0,,55.55555555555556,33.333333333333336,0.0,0.0,nm_inferred,9.0,88.88888888888889,,Stockholm Skavsta Airport,58.789656,16.911479
ESMK,1.0,1.0,100.0,0.0,0.0,300.0,300.0,94.0,94.0,94.0,94.0,94.0,-0.31333333333333335,-0.31333333333333335,-0.31333333333333335,-0.31333333333333335,-0.31333333333333335,0.0,0.0,0.0,0.0,0.0,0.0,0.0,0.0,0.0,0.0,94.0,94.0,100.0,0.0,100.0,0.0,0.0,,,,,,,,,,,,,,,,,,,,,,,,,,,,,,,,,,,0.0,nm_inferred,1.0,100.0,,Kristianstad Airport,55.9217,14.0855
ESMQ,4.0,4.0,100.0,0.0,0.0,300.0,300.0,63.7,85.75,108.5,126.5,140.0,-0.4666666666666667,-0.42166666666666663,-0.3616666666666667,-0.28583333333333333,-0.2123333333333333,0.0,0.0,0.0,0.0,0.0,0.0,0.0,0.0,0.0,0.0,108.5,140.0,100.0,0.0,100.0,0.0,0.0,3.0,3.0,100.0,0.0,0.0,,,-224.4,-211.5,-190.0,-182.5,-178.0,,,,,,,,,,,,,,,,190.0,224.4,100.0,,100.0,0.0,0.0,0.0,nm_inferred,4.0,100.0,,Kalmar Airport,56.685501,16.2876
ESMS,41.0,38.0,92.6829268292683,0.0,0.0,600.0,600.0,24.0,29.0,39.0,54.0,69.0,-0.115,-0.09,-0.065,-0.04833333333333333,-0.04,0.0,0.0,0.0,0.0,0.0,0.0,0.0,0.0,0.0,0.0,39.0,69.0,100.0,0.0,92.6829268292683,0.0,0.0,42.0,39.0,92.85714285714286,0.0,0.0,,,-2125.8,-74.0,-34.0,-12.0,-1.0,,,,,,,,,,,,,,,,34.0,2125.8,92.3076923076923,,83.33333333333333,9.523809523809524,0.0,0.0,nm_inferred,42.0,92.77003484320558,,Malmö Sturup Airport,55.535564,13.376327
ESMT,4.0,4.0,100.0,0.0,0.0,300.0,300.0,152.0,156.5,211.0,268.25,277.7,-0.9256666666666666,-0.8941666666666667,-0.7033333333333334,-0.5216666666666667,-0.5066666666666666,0.0,0.0,0.0,0.0,0.0,0.0,0.0,0.0,0.0,0.0,211.0,277.7,100.0,0.0,100.0,0.0,0.0,3.0,3.0,100.0,0.0,0.0,,,-458.6,-458.0,-457.0,-439.5,-429.0,,,,,,,,,,,,,,,,457.0,458.6,100.0,,100.0,0.0,0.0,0.0,nm_inferred,4.0,100.0,,Halmstad Airport,56.69110107421875,12.820199966430664
ESMX,8.0,6.0,75.0,0.0,0.0,450.0,300.0,171.5,187.75,209.0,241.5,1871.5,-6.238333333333333,-0.8049999999999999,-0.63,-0.29833333333333334,-0.2127777777777778,0.0,0.0,0.0,0.0,0.0,0.0,0.0,0.0,0.0,0.0,209.0,1871.5,100.0,0.0,62.5,12.5,0.0,8.0,6.0,75.0,0.0,0.0,,,-2255.0,-1012.75,-287.5,-260.5,-245.0,,,,,,,,,,,,,,,,287.5,2255.0,100.0,,75.0,0.0,0.0,0.0,nm_inferred,8.0,75.0,,Växjö Kronoberg Airport,56.92910003662109,14.727999687194824
ESND,4.0,4.0,100.0,0.0,0.0,300.0,300.0,36.5,47.75,61.5,70.25,72.5,-0.24166666666666667,-0.2341666666666667,-0.20500000000000002,-0.15916666666666665,-0.12166666666666665,0.0,0.0,0.0,0.0,0.0,0.0,0.0,0.0,0.0,0.0,61.5,72.5,100.0,0.0,25.0,0.0,75.0,4.0,4.0,100.0,0.0,0.0,,,-105.7,-100.75,-97.0,-87.5,-72.19999999999999,,,,,,,,,,,,,,,,97.0,105.7,100.0,,25.0,0.0,75.0,0.0,nm_inferred,4.0,100.0,,Sveg Airport,62.047798,14.4229
ESNG,5.0,0.0,0.0,0.0,0.0,300.0,,,,,,,,,,,,,,,,,,,,,,,,,,0.0,0.0,0.0,5.0,0.0,0.0,0.0,0.0,,,,,,,,,,,,,,,,,,,,,,,,,,,0.0,0.0,0.0,0.0,nm_inferred,5.0,0.0,,Gällivare Airport,67.13240051269531,20.814599990844727
ESNK,6.0,0.0,0.0,0.0,0.0,300.0,,,,,,,,,,,,,,,,,,,,,,,,,,0.0,0.0,0.0,6.0,0.0,0.0,0.0,0.0,,,,,,,,,,,,,,,,,,,,,,,,,,,0.0,0.0,0.0,0.0,nm_inferred,6.0,0.0,,Kramfors-Sollefteå Höga Kusten Airport,63.048599,17.7689
ESNL,6.0,0.0,0.0,0.0,0.0,300.0,,,,,,,,,,,,,,,,,,,,,,,,,,0.0,0.0,0.0,6.0,0.0,0.0,0.0,0.0,,,,,,,,,,,,,,,,,,,,,,,,,,,0.0,0.0,0.0,0.0,nm_inferred,6.0,0.0,,Lycksele Airport,64.548302,18.7162
ESNN,3.0,3.0,100.0,0.0,0.0,300.0,300.0,171.0,174.0,179.0,226.5,255.0,-0.85,-0.755,-0.5966666666666667,-0.5800000000000001,-0.5700000000000001,0.0,0.0,0.0,0.0,0.0,0.0,0.0,0.0,0.0,0.0,179.0,255.0,100.0,0.0,100.0,0.0,0.0,2.0,2.0,100.0,0.0,0.0,,,-390.1,-370.75,-338.5,-306.25,-286.9,,,,,,,,,,,,,,,,338.5,390.1,100.0,,100.0,0.0,0.0,0.0,nm_inferred,3.0,100.0,,Sundsvall-Härnösand Airport,62.528099060058594,17.443899154663086
ESNO,3.0,1.0,33.333333333333336,0.0,0.0,300.0,300.0,309.0,309.0,309.0,309.0,309.0,-1.03,-1.03,-1.03,-1.03,-1.03,0.0,0.0,0.0,0.0,0.0,0.0,0.0,0.0,0.0,0.0,309.0,309.0,100.0,0.0,0.0,33.333333333333336,0.0,3.0,1.0,33.333333333333336,0.0,0.0,,,-5539.0,-5539.0,-5539.0,-5539.0,-5539.0,,,,,,,,,,,,,,,,5539.0,5539.0,100.0,,0.0,33.333333333333336,0.0,0.0,nm_inferred,3.0,33.333333333333336,,Örnsköldsvik Airport,63.40829849243164,18.989999771118164
ESNQ,7.0,6.0,85.71428571428571,0.0,0.0,600.0,600.0,161.5,171.5,184.0,192.75,229.0,-0.38166666666666665,-0.32125,-0.30666666666666664,-0.28583333333333333,-0.26916666666666667,0.0,0.0,0.0,0.0,0.0,0.0,0.0,0.0,0.0,0.0,184.0,229.0,100.0,0.0,85.71428571428571,0.0,0.0,7.0,6.0,85.71428571428571,0.0,0.0,,,-467.0,-352.75,-315.5,-312.0,-289.5,,,,,,,,,,,,,,,,315.5,467.0,100.0,,85.71428571428571,0.0,0.0,0.0,nm_inferred,7.0,85.71428571428571,,Kiruna Airport,67.821999,20.3368
ESNS,12.0,12.0,100.0,0.0,0.0,300.0,300.0,128.0,164.0,179.0,195.25,236.5,-0.7799999999999999,-0.63,-0.5666666666666667,-0.5133333333333333,-0.41333333333333333,0.0,0.0,0.0,0.0,0.0,0.0,0.0,0.0,0.0,0.0,179.0,236.5,100.0,0.0,91.66666666666667,8.333333333333334,0.0,11.0,10.0,90.9090909090909,0.0,0.0,,,-1017.5999999999999,-417.75,-304.0,-258.75,-218.4,,,,,,,,,,,,,,,,304.0,1017.599999999998,100.0,,81.81818181818181,9.090909090909092,0.0,0.0,nm_inferred,12.0,95.45454545454545,,Skellefteå Airport,64.62480163574219,21.07690048217773
ESNU,28.0,24.0,85.71428571428571,0.0,0.0,600.0,600.0,237.0,271.5,334.0,487.5,1168.5,-1.9475,-0.8125,-0.5566666666666666,-0.4525,-0.395,0.0,0.0,0.0,0.0,0.0,0.0,0.0,0.0,0.0,0.0,334.0,1168.5,100.0,0.0,78.57142857142857,7.142857142857143,0.0,26.0,22.0,84.61538461538461,0.0,0.0,,,-871.7,-752.0,-737.5,-704.0,-679.6,,,,,,,,,,,,,,,,737.5,871.7000000000003,100.0,,80.76923076923077,3.8461538461538463,0.0,0.0,nm_inferred,28.0,85.16483516483515,,Umeå Airport,63.791801,20.282801
ESNV,4.0,0.0,0.0,0.0,0.0,300.0,,,,,,,,,,,,,,,,,,,,,,,,,,0.0,0.0,0.0,4.0,0.0,0.0,0.0,0.0,,,,,,,,,,,,,,,,,,,,,,,,,,,0.0,0.0,0.0,0.0,nm_inferred,4.0,0.0,,Vilhelmina South Lapland Airport,64.579102,16.833599
ESNX,5.0,0.0,0.0,0.0,0.0,300.0,,,,,,,,,,,,,,,,,,,,,,,,,,0.0,0.0,0.0,4.0,0.0,0.0,0.0,0.0,,,,,,,,,,,,,,,,,,,,,,,,,,,0.0,0.0,0.0,0.0,nm_inferred,5.0,0.0,,Arvidsjaur Airport,65.59030151367188,19.28190040588379
ESNZ,10.0,8.0,80.0,0.0,0.0,600.0,454.0,-612.9,-518.25,-146.0,4.0,4.0,-0.006666666666666667,-0.006666666666666667,0.24333333333333335,0.86375,1.0215,0.0,0.0,0.125,0.375,0.45,0.0,0.0,0.05416666666666667,0.12291666666666667,0.18416666666666665,146.0,612.9,37.5,0.0,80.0,0.0,0.0,9.0,7.0,77.77777777777777,0.0,0.0,,,88.80000000000003,182.5,233.0,261.0,295.6,,,,,,,,,,,,,,,,233.0,295.6,14.285714285714286,,77.77777777777777,0.0,0.0,0.0,nm_inferred,10.0,78.88888888888889,,Åre Östersund Airport,63.193546,14.504168
ESOE,6.0,6.0,100.0,0.0,0.0,300.0,300.0,61.5,85.25,131.5,181.5,2834.0,-9.446666666666667,-0.605,-0.43833333333333335,-0.1716666666666667,-0.11166666666666666,0.0,0.0,0.0,0.0,0.0,0.0,0.0,0.0,0.0,0.0,131.5,2834.0,100.0,0.0,83.33333333333333,16.666666666666668,0.0,6.0,6.0,100.0,0.0,0.0,,,-2373.5,-267.25,-104.5,-73.0,-57.5,,,,,,,,,,,,,,,,104.5,2373.5,100.0,,83.33333333333333,16.666666666666668,0.0,0.0,nm_inferred,6.0,100.0,,Örebro Airport,59.22370147705078,15.038000106811523
ESOH,4.0,4.0,100.0,0.0,0.0,300.0,300.0,17.5,37.75,54.0,59.0,59.0,-0.19666666666666666,-0.19666666666666666,-0.18,-0.12583333333333332,-0.058333333333333307,0.0,0.0,0.0,0.0,0.0,0.0,0.0,0.0,0.0,0.0,54.0,59.0,100.0,0.0,100.0,0.0,0.0,4.0,2.0,50.0,0.0,0.0,,,-440.0,-377.0,-272.0,-167.0,-104.0,,,,,,,,,,,,,,,,272.0,440.0,100.0,,50.0,0.0,0.0,0.0,nm_inferred,4.0,75.0,,Hagfors Airport,60.0201,13.5789
ESOK,4.0,1.0,25.0,0.0,0.0,600.0,300.0,219.0,219.0,219.0,219.0,219.0,-0.73,-0.73,-0.73,-0.73,-0.73,0.0,0.0,0.0,0.0,0.0,0.0,0.0,0.0,0.0,0.0,219.0,219.0,100.0,0.0,25.0,0.0,0.0,4.0,1.0,25.0,0.0,0.0,,,-281.0,-281.0,-281.0,-281.0,-281.0,,,,,,,,,,,,,,,,281.0,281.0,100.0,,25.0,0.0,0.0,0.0,nm_inferred,4.0,25.0,,Karlstad Airport,59.444698,13.3374
ESOW,3.0,3.0,100.0,0.0,0.0,900.0,900.0,75.0,76.5,79.0,84.0,87.0,-0.23044444444444442,-0.1811111111111111,-0.09888888888888889,-0.09055555555555556,-0.08555555555555555,0.0,0.0,0.0,0.0,0.0,0.0,0.0,0.0,0.0,0.0,79.0,87.0,100.0,0.0,100.0,0.0,0.0,3.0,3.0,100.0,0.0,0.0,,,-81.6,-79.5,-76.0,-69.0,-64.8,,,,,,,,,,,,,,,,76.0,81.6,100.0,,100.0,0.0,0.0,0.0,nm_inferred,3.0,100.0,,Stockholm Västerås Airport,59.589401,16.6336
ESPA,38.0,34.0,89.47368421052632,0.0,0.0,300.0,300.0,265.5,282.75,349.0,379.0,440.0,-1.4666666666666666,-1.2633333333333334,-1.1633333333333333,-0.9425,-0.885,0.0,0.0,0.0,0.0,0.0,0.0,0.0,0.0,0.0,0.0,349.0,440.0,100.0,0.0,81.57894736842105,7.894736842105263,0.0,35.0,31.0,88.57142857142857,0.0,0.0,,,-653.0,-578.5,-533.0,-487.0,-446.0,,,,,,,,,,,,,,,,533.0,653.0,100.0,,82.85714285714286,5.714285714285714,0.0,0.0,nm_inferred,38.0,89.02255639097744,,Luleå Airport,65.5438,22.122
ESSA,818.0,797.0,97.43276283618582,0.0,99.87775061124694,600.0,45.0,-1035.0,-716.0,-551.0,-436.0,3720.999999999998,-3.03475438596491,0.9297619047619048,0.9904761904761905,1.0645833333333334,1.3352777777777778,0.7222222222222222,0.8571428571428571,0.9545454545454546,1.0,1.0,0.5555555555555556,0.6547619047619048,0.7575757575757576,0.8333333333333334,0.8854166666666666,606.0,4020.7999999999997,11.041405269761606,2.132998745294856,80.92909535452323,15.89242053789731,0.6112469437652812,832.0,813.0,97.71634615384616,0.0,99.8798076923077,240.0,15.0,-3820.0,204.0,279.0,364.0,527.0000000000007,-12.755916666666666,1.025,1.1416666666666666,1.2875,1.55,0.8333333333333334,1.0,1.0,1.0,1.0,0.5314583333333334,0.7166666666666667,0.8333333333333334,0.9166666666666666,1.0,334.0,3829.000000000001,18.45018450184502,17.610837438423644,83.17307692307692,13.942307692307692,0.6009615384615384,99.8798076923077,apdf,832.0,97.57455449501599,0.7761612289376271,Stockholm-Arlanda Airport,59.64849,17.928829
ESSB,44.0,39.0,88.63636363636364,0.0,0.0,300.0,135.0,-340.0,-266.0,-206.0,-136.0,-123.99999999999997,0.33133333333333337,0.4533333333333333,0.6866666666666666,0.8866666666666667,1.1333333333333335,0.33999999999999997,0.5,0.6,0.7,0.8200000000000003,0.22666666666666668,0.275,0.36666666666666664,0.44166666666666665,0.5033333333333334,206.0,340.00000000000006,2.5641025641025643,0.0,86.36363636363636,0.0,2.272727272727273,37.0,32.0,86.48648648648648,0.0,0.0,,,55.2,92.0,169.5,214.25,243.70000000000002,,,,,,,,,,,,,,,,183.0,294.4000000000001,6.25,,72.97297297297297,5.405405405405405,8.108108108108109,0.0,nm_inferred,44.0,87.56142506142507,,Stockholm-Bromma Airport,59.354401,17.9417
ESSL,7.0,7.0,100.0,0.0,0.0,300.0,300.0,-107.8,-50.0,0.0,14.0,22.000000000000007,-0.07333333333333332,-0.04666666666666667,0.0,0.16666666666666669,0.3593333333333334,0.0,0.0,0.0,0.2,0.38000000000000006,0.0,0.0,0.0,0.1,0.23000000000000007,14.0,107.80000000000001,57.142857142857146,0.0,100.0,0.0,0.0,6.0,6.0,100.0,0.0,0.0,,,-27.5,-18.75,-11.5,0.25,5.5,,,,,,,,,,,,,,,,11.5,27.5,66.66666666666667,,100.0,0.0,0.0,0.0,nm_inferred,7.0,100.0,,Linköping City Airport,58.404909,15.684499
ESSP,4.0,4.0,100.0,0.0,0.0,300.0,300.0,43.5,50.25,66.5,80.25,82.5,-0.275,-0.26749999999999996,-0.22166666666666665,-0.16749999999999998,-0.145,0.0,0.0,0.0,0.0,0.0,0.0,0.0,0.0,0.0,0.0,66.5,82.5,100.0,0.0,100.0,0.0,0.0,4.0,4.0,100.0,0.0,0.0,,,-686.1999999999999,-409.0,-254.0,-245.5,-232.0,,,,,,,,,,,,,,,,254.0,686.2,100.0,,100.0,0.0,0.0,0.0,nm_inferred,4.0,100.0,,Norrköping Airport,58.58629989624024,16.250600814819336
ESST,2.0,0.0,0.0,0.0,0.0,300.0,,,,,,,,,,,,,,,,,,,,,,,,,,0.0,0.0,0.0,2.0,2.0,100.0,0.0,0.0,,,-529.5,-509.25,-475.5,-441.75,-421.5,,,,,,,,,,,,,,,,475.5,529.5,100.0,,100.0,0.0,0.0,0.0,nm_inferred,2.0,50.0,,Torsby Airport,60.1576,12.9913
ESSV,23.0,21.0,91.30434782608695,0.0,0.0,300.0,300.0,194.0,284.0,324.0,394.0,404.0,-1.3466666666666667,-1.3133333333333332,-1.08,-0.72,-0.5966666666666667,0.0,0.0,0.0,0.0,0.0,0.0,0.0,0.0,0.0,0.0,324.0,404.0,100.0,0.0,86.95652173913044,4.3478260869565215,0.0,22.0,20.0,90.9090909090909,0.0,0.0,,,-561.2,-490.5,-437.0,-401.75,-361.3,,,,,,,,,,,,,,,,437.0,561.2,100.0,,86.36363636363636,4.545454545454546,0.0,0.0,nm_inferred,23.0,91.10671936758894,,Visby Airport,57.6628,18.346201
ESTA,9.0,9.0,100.0,0.0,0.0,300.0,300.0,81.0,94.0,144.0,284.0,310.4,-1.0346666666666666,-0.9466666666666667,-0.48,-0.31333333333333335,-0.27,0.0,0.0,0.0,0.0,0.0,0.0,0.0,0.0,0.0,0.0,144.0,310.4,100.0,0.0,100.0,0.0,0.0,8.0,8.0,100.0,0.0,0.0,,,-645.5,-536.75,-363.5,-289.5,-255.3,,,,,,,,,,,,,,,,363.5,645.5,100.0,,100.0,0.0,0.0,0.0,nm_inferred,9.0,100.0,,Ängelholm-Helsingborg Airport,56.29610061645508,12.847100257873535
ESUP,3.0,0.0,0.0,0.0,0.0,600.0,,,,,,,,,,,,,,,,,,,,,,,,,,0.0,0.0,0.0,3.0,0.0,0.0,0.0,0.0,,,,,,,,,,,,,,,,,,,,,,,,,,,0.0,0.0,0.0,0.0,nm_inferred,3.0,0.0,,Pajala Airport,67.244569,23.074894
ESUT,2.0,0.0,0.0,0.0,0.0,300.0,,,,,,,,,,,,,,,,,,,,,,,,,,0.0,0.0,0.0,3.0,0.0,0.0,0.0,0.0,,,,,,,,,,,,,,,,,,,,,,,,,,,0.0,0.0,0.0,0.0,nm_inferred,3.0,0.0,,Hemavan Airport,65.806099,15.0828
ETAR,2.0,2.0,100.0,0.0,0.0,900.0,900.0,21.0,24.0,29.0,34.0,37.0,-0.04111111111111111,-0.03777777777777778,-0.03222222222222222,-0.02666666666666667,-0.023333333333333334,0.0,0.0,0.0,0.0,0.0,0.0,0.0,0.0,0.0,0.0,29.0,37.0,100.0,0.0,100.0,0.0,0.0,,,,,,,,,,,,,,,,,,,,,,,,,,,,,,,,,,,0.0,nm_inferred,2.0,100.0,,Ramstein Air Base,49.436901,7.60028
ETND,2.0,2.0,100.0,0.0,0.0,600.0,600.0,20.0,29.0,44.0,59.0,68.0,-0.11333333333333334,-0.09833333333333333,-0.07333333333333333,-0.04833333333333334,-0.03333333333333333,0.0,0.0,0.0,0.0,0.0,0.0,0.0,0.0,0.0,0.0,44.0,68.0,100.0,0.0,50.0,0.0,50.0,2.0,2.0,100.0,0.0,0.0,,,127.7,128.75,130.5,132.25,133.3,,,,,,,,,,,,,,,,130.5,133.3,0.0,,100.0,0.0,0.0,0.0,nm_inferred,2.0,100.0,,Diepholz Air Base,52.585556,8.342222
ETSI,14.0,13.0,92.85714285714286,0.0,0.0,600.0,589.0,-20.0,-16.0,-6.0,19.0,83.00000000000006,-0.14255555555555555,-0.03166666666666667,0.01,0.02666666666666667,0.03333333333333334,0.0,0.0,0.038461538461538464,0.05,0.05,0.0,0.0,0.016666666666666666,0.03333333333333333,0.04,16.0,84.40000000000005,46.15384615384615,0.0,92.85714285714286,0.0,0.0,12.0,11.0,91.66666666666667,0.0,0.0,,,43.0,178.5,277.0,357.5,365.0,,,,,,,,,,,,,,,,285.0,458.0,9.090909090909092,,83.33333333333333,0.0,8.333333333333334,0.0,nm_inferred,14.0,92.26190476190476,,Ingolstadt Manching Airport,48.7156982421875,11.534000396728516
EVRA,271.0,270.0,99.6309963099631,0.0,98.1549815498155,600.0,600.0,39.0,54.0,89.0,3746.5,4280.5,-8.048125,-6.024621212121212,-0.2275,-0.09583333333333334,-0.06258169934640524,0.0,0.0,0.0,0.0,0.0,0.0,0.0,0.0,0.0,0.0,89.0,4280.5,100.0,0.0,49.44649446494465,49.07749077490775,1.1070110701107012,276.0,271.0,98.18840579710145,0.0,96.37681159420289,240.0,240.0,-2931.0,-2631.0,-41.0,-11.0,9.0,-13.828333333333333,-10.02375,-0.2,-0.04583333333333333,0.025,0.0,0.0,0.0,0.0,0.125,0.0,0.0,0.0,0.0,0.041666666666666664,41.0,2931.0,85.60885608856088,0.0,64.85507246376811,32.971014492753625,0.36231884057971014,98.1549815498155,apdf,276.0,98.90970105353227,0.0,Riga International Airport,56.920752,23.970711
EYKA,54.0,53.0,98.14814814814815,0.0,0.0,300.0,15.0,-596.0,-466.0,3104.0,4104.0,5092.0,-16.973333333333333,-13.68,-10.346666666666666,1.4866666666666666,1.986666666666667,0.66,1.0,1.0,1.0,1.0,0.57,0.8166666666666667,0.9166666666666666,0.9666666666666667,1.0,3104.0,5092.0,66.0377358490566,43.39622641509434,31.48148148148148,64.81481481481481,1.8518518518518519,50.0,50.0,100.0,0.0,0.0,,,-2890.6,-2564.75,-2266.0,-1849.25,-1095.6999999999998,,,,,,,,,,,,,,,,2266.0,2890.6,94.0,,60.0,38.0,2.0,0.0,nm_inferred,54.0,99.07407407407408,,Kaunas International Airport,54.963965,24.08582
EYPA,18.0,18.0,100.0,0.0,0.0,360.0,156.5,-373.0,-233.5,-108.5,2445.25,2799.0000000000005,-7.775,-6.792361111111111,0.3013888888888889,0.648611111111111,1.0361111111111112,0.17500000000000004,0.4166666666666667,0.625,0.8333333333333334,0.8583333333333334,0.14583333333333337,0.3784722222222222,0.4444444444444444,0.5590277777777778,0.6638888888888889,450.0,3273.0000000000005,44.44444444444444,0.0,61.111111111111114,33.333333333333336,5.555555555555555,17.0,17.0,100.0,0.0,0.0,,,-1905.4,-1716.0,-1341.0,179.0,325.0,,,,,,,,,,,,,,,,1366.0,2074.0,70.58823529411765,,76.47058823529412,17.647058823529413,5.882352941176471,0.0,nm_inferred,18.0,100.0,,Palanga International Airport,55.973202,21.093901
EYSA,1.0,1.0,100.0,0.0,0.0,300.0,300.0,4119.0,4119.0,4119.0,4119.0,4119.0,-13.73,-13.73,-13.73,-13.73,-13.73,0.0,0.0,0.0,0.0,0.0,0.0,0.0,0.0,0.0,0.0,4119.0,4119.0,100.0,0.0,0.0,100.0,0.0,,,,,,,,,,,,,,,,,,,,,,,,,,,,,,,,,,,0.0,nm_inferred,1.0,100.0,,Šiauliai International Airport,55.89390182495117,23.395000457763672
EYVI,185.0,184.0,99.45945945945945,0.0,0.0,600.0,35.0,-674.5,-531.0,2981.5,3985.25,4505.000000000001,-7.508333333333334,-6.642083333333333,-4.969166666666666,0.885,1.1241666666666668,0.715,0.9,1.0,1.0,1.0,0.5275,0.6833333333333333,0.7583333333333333,0.8166666666666667,0.8583333333333333,2981.5,4505.000000000001,61.95652173913044,0.5434782608695652,34.5945945945946,64.32432432432432,0.5405405405405406,187.0,183.0,97.86096256684492,0.0,0.0,,,-2864.0,-2421.0,-1396.0,306.5,448.6,,,,,,,,,,,,,,,,1456.0,2871.0,64.48087431693989,,56.149732620320854,40.106951871657756,1.6042780748663101,0.0,nm_inferred,187.0,98.66021101315218,,Vilnius International Airport,54.634102,25.285801
GCFV,202.0,126.0,62.37623762376238,0.0,99.5049504950495,571.5,690.0,2785.0,3477.5,3687.0,3873.0,3947.0,-7.1851223251157545,-6.2274604436369145,-5.6017956612268875,-4.597941688159079,-3.5399575559849232,0.0,0.0,0.0,0.0,0.0,0.0,0.0,0.0,0.0,0.0,3687.0,3947.0,100.0,0.0,62.37623762376238,0.0,0.0,211.0,158.0,74.88151658767772,0.0,99.52606635071089,211.0,240.0,-4936.0,-4763.75,-4388.5,-4019.5,-2199.3999999999996,-23.95074133041445,-22.319417189952905,-20.113254019890324,-17.94986733696411,-15.653862508858964,0.0,0.0,0.0,0.0,0.0,0.0,0.0,0.0,0.0,0.0,4388.5,4936.0,100.0,0.0,74.40758293838863,0.47393364928909953,0.0,99.52606635071089,apdf,211.0,68.62887710572005,0.0,Fuerteventura Airport,28.4527,-13.8638
GCGM,12.0,6.0,50.0,0.0,0.0,300.0,300.0,641.5,843.5,932.5,935.25,969.0,-3.23,-3.1175,-3.1083333333333334,-2.8116666666666665,-2.138333333333333,0.0,0.0,0.0,0.0,0.0,0.0,0.0,0.0,0.0,0.0,932.5,969.0,100.0,0.0,50.0,0.0,0.0,12.0,6.0,50.0,0.0,0.0,,,-639.5,-523.25,-500.0,-468.5,-446.0,,,,,,,,,,,,,,,,500.0,639.5,100.0,,50.0,0.0,0.0,0.0,nm_inferred,12.0,50.0,,La Gomera Airport,28.0296,-17.2146
GCHI,22.0,16.0,72.72727272727273,0.0,0.0,300.0,300.0,928.0,967.25,1009.0,1050.0,1119.0,-3.73,-3.5,-3.3633333333333333,-3.2241666666666666,-3.0933333333333337,0.0,0.0,0.0,0.0,0.0,0.0,0.0,0.0,0.0,0.0,1009.0,1119.0,100.0,0.0,72.72727272727273,0.0,0.0,22.0,18.0,81.81818181818181,0.0,0.0,,,-1347.0,-1194.25,-1109.0,-931.5,-888.9,,,,,,,,,,,,,,,,1109.0,1347.0,100.0,,81.81818181818181,0.0,0.0,0.0,nm_inferred,22.0,77.27272727272728,,El Hierro Airport,27.8148,-17.8871
GCLA,85.0,80.0,94.11764705882354,0.0,0.0,300.0,300.0,358.5,437.75,524.0,819.0,890.0000000000001,-2.966666666666667,-2.73,-1.7466666666666666,-1.4591666666666667,-1.1949999999999998,0.0,0.0,0.0,0.0,0.0,0.0,0.0,0.0,0.0,0.0,524.0,890.0000000000001,100.0,0.0,91.76470588235294,2.3529411764705883,0.0,84.0,77.0,91.66666666666667,0.0,0.0,,,-842.8,-760.0,-633.0,-486.0,-419.0,,,,,,,,,,,,,,,,633.0,842.8000000000001,100.0,,88.0952380952381,3.5714285714285716,0.0,0.0,nm_inferred,85.0,92.89215686274511,,La Palma Airport,28.626499,-17.7556
GCLP,507.0,279.0,55.02958579881657,0.0,99.40828402366864,603.0,720.0,2753.4,3972.5,4148.0,4319.0,4461.8,-9.916485037190798,-7.036945871385084,-5.633649932157395,-4.437469750071227,-3.318754314919575,0.0,0.0,0.0,0.0,0.0,0.0,0.0,0.0,0.0,0.0,4148.0,4461.8,100.0,0.0,50.887573964497044,4.1420118343195265,0.0,520.0,361.0,69.42307692307692,0.0,98.46153846153847,142.0,150.0,-5685.0,-5286.0,-4855.0,-2400.0,-1372.0,-51.81318681318681,-38.734693877551024,-28.529761904761905,-16.68503937007874,-10.162393162393162,0.0,0.0,0.0,0.0,0.0,0.0,0.0,0.0,0.0,0.0,4855.0,5685.0,100.0,0.0,62.5,6.923076923076923,0.0,99.40828402366864,apdf,520.0,62.226331360946745,0.0,Gran Canaria Airport,27.9319,-15.3866
GCRR,257.0,156.0,60.70038910505836,0.0,99.61089494163424,505.0,615.0,2569.5,3251.75,3434.0,3598.0,3694.0,-7.867927631578947,-6.692454746026175,-5.576380318503947,-4.733105296447951,-4.176899120889001,0.0,0.0,0.0,0.0,0.0,0.0,0.0,0.0,0.0,0.0,3434.0,3694.0,100.0,0.0,59.53307392996109,1.1673151750972763,0.0,269.0,195.0,72.4907063197026,0.0,100.0,145.0,180.0,-4703.8,-4541.5,-4359.0,-3942.5,-2332.0000000000005,-38.274848484848484,-31.367446346756694,-25.103448275862068,-21.777977044476327,-18.467857596948505,0.0,0.0,0.0,0.0,0.0,0.0,0.0,0.0,0.0,0.0,4359.0,4703.8,100.0,0.0,72.4907063197026,0.0,0.0,100.0,apdf,269.0,66.59554771238048,0.0,César Manrique-Lanzarote Airport,28.945499,-13.6052
GCTS,301.0,264.0,87.70764119601328,0.0,100.0,610.0,645.0,1880.9,1978.0,4428.0,4807.25,10407.1,-17.65777870238354,-9.183722658738587,-6.577494707895622,-3.6865430687888967,-2.6528223814229244,0.0,0.0,0.0,0.0,0.0,0.0,0.0,0.0,0.0,0.0,4428.0,10407.1,100.0,0.0,53.48837209302326,34.21926910299003,0.0,319.0,284.0,89.0282131661442,0.0,98.7460815047022,228.0,240.0,-11003.6,-6131.5,-5572.0,-5135.5,-648.5999999999999,-43.350746268656714,-30.322727272727274,-23.26171875,-16.295384615384616,-2.762962962962963,0.0,0.0,0.0,0.0,0.0,0.0,0.0,0.0,0.0,0.0,5572.0,11003.600000000002,100.0,0.0,36.677115987460816,52.35109717868338,0.0,100.0,apdf,319.0,88.36792718107874,0.0,Tenerife Sur Airport,28.0445,-16.5725
GCXO,319.0,313.0,98.11912225705329,0.0,100.0,463.0,480.0,73.0,83.0,107.0,4259.0,4407.6,-8.27084966230301,-5.818673883626523,-0.3151515151515151,-0.21098265895953758,-0.1480905473602484,0.0,0.0,0.0,0.0,0.0,0.0,0.0,0.0,0.0,0.0,107.0,4407.6,100.0,0.0,66.4576802507837,31.661442006269592,0.0,320.0,192.0,60.0,0.0,98.125,167.0,180.0,-5187.9,-4958.0,-4546.0,-547.25,-408.29999999999995,-34.04601113172542,-25.153066757031514,-16.217927828868454,-5.142948008849558,-2.8920967159870083,0.0,0.0,0.0,0.0,0.0,0.0,0.0,0.0,0.0,0.0,4546.0,5187.9,100.0,0.0,52.1875,7.5,0.3125,100.0,apdf,320.0,79.05956112852664,0.0,Tenerife Norte-Ciudad de La Laguna Airport,28.482752,-16.341707
GEML,44.0,44.0,100.0,0.0,0.0,300.0,300.0,25.5,39.0,44.0,84.0,156.90000000000003,-0.523,-0.28,-0.14666666666666667,-0.13,-0.08499999999999995,0.0,0.0,0.0,0.0,0.0,0.0,0.0,0.0,0.0,0.0,44.0,156.90000000000003,100.0,0.0,97.72727272727273,2.272727272727273,0.0,44.0,44.0,100.0,0.0,0.0,,,-120.60000000000001,-70.0,-60.5,-49.25,-27.499999999999986,,,,,,,,,,,,,,,,60.5,120.60000000000014,100.0,,97.72727272727273,2.272727272727273,0.0,0.0,nm_inferred,44.0,100.0,,Melilla Airport,35.2798,-2.95626
GMAD,89.0,82.0,92.13483146067416,0.0,0.0,600.0,600.0,1592.0,1851.5,2136.5,2367.75,2712.5,-4.4615,-3.7108333333333334,-3.165,-2.5280555555555555,-2.063333333333333,0.0,0.0,0.0,0.0,0.0,0.0,0.0,0.0,0.0,0.0,2136.5,2712.5,100.0,0.0,92.13483146067416,0.0,0.0,91.0,88.0,96.7032967032967,0.0,0.0,,,-2774.4,-2342.0,-1730.5,-1379.0,-828.7,,,,,,,,,,,,,,,,1730.5,2774.4,100.0,,93.4065934065934,3.2967032967032965,0.0,0.0,nm_inferred,91.0,94.41906408198543,,Al Massira Airport,30.322478,-9.412003
GMAT,2.0,1.0,50.0,0.0,0.0,600.0,600.0,4129.0,4129.0,4129.0,4129.0,4129.0,-6.881666666666667,-6.881666666666667,-6.881666666666667,-6.881666666666667,-6.881666666666667,0.0,0.0,0.0,0.0,0.0,0.0,0.0,0.0,0.0,0.0,4129.0,4129.0,100.0,0.0,50.0,0.0,0.0,2.0,0.0,0.0,0.0,0.0,,,,,,,,,,,,,,,,,,,,,,,,,,,0.0,0.0,0.0,0.0,nm_inferred,2.0,25.0,,Tan Tan Airport,28.447563,-11.161749
GMAZ,1.0,0.0,0.0,0.0,0.0,600.0,,,,,,,,,,,,,,,,,,,,,,,,,,0.0,0.0,0.0,1.0,1.0,100.0,0.0,0.0,,,-4914.0,-4914.0,-4914.0,-4914.0,-4914.0,,,,,,,,,,,,,,,,4914.0,4914.0,100.0,,100.0,0.0,0.0,0.0,nm_inferred,1.0,50.0,,Zagora Airport,30.265788,-5.860808
GMFF,52.0,50.0,96.15384615384616,0.0,0.0,900.0,900.0,309.0,336.5,361.5,392.75,478.5000000000003,-0.7086666666666667,-0.5670833333333334,-0.41,-0.3836111111111111,-0.34833333333333333,0.0,0.0,0.0,0.0,0.0,0.0,0.0,0.0,0.0,0.0,361.5,478.5000000000003,100.0,0.0,94.23076923076923,0.0,1.9230769230769231,52.0,50.0,96.15384615384616,0.0,0.0,,,-707.6999999999999,-553.0,-518.5,-487.75,-467.8,,,,,,,,,,,,,,,,518.5,707.7000000000002,100.0,,96.15384615384616,0.0,0.0,0.0,nm_inferred,52.0,96.15384615384616,,Fes Saïss International Airport,33.927299,-4.97796
GMFK,9.0,4.0,44.44444444444444,0.0,0.0,600.0,600.0,1938.9,2057.25,2153.5,2386.5,2751.0,-4.585,-3.9775,-3.589166666666667,-3.42875,-3.2315,0.0,0.0,0.0,0.0,0.0,0.0,0.0,0.0,0.0,0.0,2153.5,2751.0,100.0,0.0,33.333333333333336,11.11111111111111,0.0,9.0,6.0,66.66666666666667,0.0,0.0,,,-2116.5,-2014.25,-1976.0,-1740.5,-1366.0,,,,,,,,,,,,,,,,1976.0,2116.5,100.0,,66.66666666666667,0.0,0.0,0.0,nm_inferred,9.0,55.55555555555556,,Moulay Ali Cherif Airport,31.9475002289,-4.39833021164
GMFO,33.0,33.0,100.0,0.0,0.0,600.0,600.0,130.0,179.0,209.0,244.0,305.0,-0.515,-0.4066666666666667,-0.31805555555555554,-0.24333333333333335,-0.20633333333333334,0.0,0.0,0.0,0.0,0.0,0.0,0.0,0.0,0.0,0.0,209.0,305.0,100.0,0.0,90.9090909090909,9.090909090909092,0.0,34.0,34.0,100.0,0.0,0.0,,,-320.7,-278.25,-208.5,-148.5,-108.80000000000001,,,,,,,,,,,,,,,,208.5,320.7,100.0,,100.0,0.0,0.0,0.0,nm_inferred,34.0,100.0,,Oujda Angads Airport,34.789558,-1.926041
GMMB,3.0,2.0,66.66666666666667,0.0,0.0,600.0,357.5,-467.0,-423.5,-351.0,-278.5,-235.0,0.39166666666666666,0.46416666666666667,0.585,0.7058333333333333,0.7783333333333333,0.16499999999999998,0.1875,0.22499999999999998,0.2625,0.285,0.07166666666666667,0.09166666666666667,0.125,0.15833333333333333,0.17833333333333334,351.0,467.0,0.0,0.0,66.66666666666667,0.0,0.0,3.0,2.0,66.66666666666667,0.0,0.0,,,6.900000000000002,39.75,94.5,149.25,182.1,,,,,,,,,,,,,,,,109.5,185.1,50.0,,66.66666666666667,0.0,0.0,0.0,nm_inferred,3.0,66.66666666666667,,Ben Slimane Airport,33.655399,-7.22145
GMMD,2.0,2.0,100.0,0.0,0.0,900.0,900.0,566.0,591.5,634.0,676.5,702.0,-0.78,-0.7516666666666667,-0.7044444444444444,-0.6572222222222222,-0.6288888888888888,0.0,0.0,0.0,0.0,0.0,0.0,0.0,0.0,0.0,0.0,634.0,702.0,100.0,0.0,100.0,0.0,0.0,2.0,2.0,100.0,0.0,0.0,,,-1066.6,-1063.0,-1057.0,-1051.0,-1047.4,,,,,,,,,,,,,,,,1057.0,1066.6,100.0,,100.0,0.0,0.0,0.0,nm_inferred,2.0,100.0,,Beni Mellal Airport,32.401895,-6.315905
GMME,63.0,63.0,100.0,0.0,0.0,720.0,609.0,-235.0,29.0,249.0,324.0,361.00000000000006,-0.5704848484848485,-0.4638888888888889,-0.3,-0.03611111111111111,0.3403333333333337,0.0,0.0,0.0,0.0,0.172857142857143,0.0,0.0,0.0,0.0,0.14380952380952405,279.0,393.0,80.95238095238095,0.0,100.0,0.0,0.0,63.0,63.0,100.0,0.0,0.0,,,-620.0,-574.5,-286.0,-24.5,149.20000000000005,,,,,,,,,,,,,,,,291.0,620.0,84.12698412698413,,96.82539682539682,3.1746031746031744,0.0,0.0,nm_inferred,63.0,100.0,,Rabat-Salé Airport,34.051498,-6.75152
GMMI,9.0,9.0,100.0,0.0,0.0,900.0,900.0,1225.0,1299.0,1324.0,1374.0,1500.0,-2.6479999999999997,-2.1277777777777778,-1.6433333333333333,-1.471111111111111,-1.4444444444444444,0.0,0.0,0.0,0.0,0.0,0.0,0.0,0.0,0.0,0.0,1324.0,1500.0,100.0,0.0,100.0,0.0,0.0,9.0,9.0,100.0,0.0,0.0,,,-3182.6,-2786.0,-2110.0,-1906.0,-1714.0,,,,,,,,,,,,,,,,2110.0,3182.6,100.0,,100.0,0.0,0.0,0.0,nm_inferred,9.0,100.0,,Essaouira-Mogador Airport,31.397499,-9.68167
GMML,11.0,6.0,54.54545454545455,0.0,0.0,600.0,600.0,3089.0,3340.25,3526.5,3870.25,4064.0,-6.773333333333333,-6.4504166666666665,-5.8774999999999995,-5.567083333333333,-5.148333333333333,0.0,0.0,0.0,0.0,0.0,0.0,0.0,0.0,0.0,0.0,3526.5,4064.0,100.0,0.0,54.54545454545455,0.0,0.0,11.0,5.0,45.45454545454545,0.0,0.0,,,-4737.0,-4674.0,-4460.0,-4031.0,-3900.8,,,,,,,,,,,,,,,,4460.0,4737.0,100.0,,45.45454545454545,0.0,0.0,0.0,nm_inferred,11.0,50.0,,Laayoune Hassan I International Airport,27.142467,-13.224947
GMMN,343.0,329.0,95.91836734693878,23.0,93.29446064139941,660.0,660.0,19.0,34.0,59.0,149.0,469.99999999999994,-0.8760269360269359,-0.3453081232492997,-0.08205128205128205,-0.04261904761904762,-0.022499999999999996,0.0,0.0,0.0,0.0,0.0,0.0,0.0,0.0,0.0,0.0,59.0,469.99999999999994,94.83282674772036,0.0,86.29737609329446,9.620991253644315,0.0,352.0,331.0,94.0340909090909,0.0,100.0,349.0,357.0,-1198.0,-78.0,-11.0,-1.0,6.0,-2.9635535307517085,-0.2436965180014985,-0.037383177570093455,-0.0036606057367303043,0.01951219512195122,0.0,0.0,0.0,0.0,0.13333333333333333,0.0,0.0,0.0,0.0,0.02824858757062147,19.0,1198.0,80.66465256797584,0.0,75.2840909090909,18.46590909090909,0.2840909090909091,100.0,apdf,352.0,94.97622912801484,0.0,Mohammed V International Airport,33.3675,-7.58997
GMMW,39.0,39.0,100.0,0.0,0.0,900.0,900.0,21.000000000000004,44.0,79.0,106.5,145.0,-0.25466666666666665,-0.17777777777777778,-0.10444444444444445,-0.057222222222222216,-0.023333333333333286,0.0,0.0,0.0,0.0,0.0,0.0,0.0,0.0,0.0,0.0,79.0,145.0,97.43589743589743,0.0,92.3076923076923,7.6923076923076925,0.0,40.0,40.0,100.0,0.0,0.0,,,-316.3,-290.75,-270.5,-250.5,-218.29999999999998,,,,,,,,,,,,,,,,270.5,316.3,100.0,,100.0,0.0,0.0,0.0,nm_inferred,40.0,100.0,,Nador Al Aaroui International Airport,34.9888,-3.02821
GMMX,271.0,265.0,97.7859778597786,0.0,97.7859778597786,600.0,600.0,239.0,299.0,844.0,1119.0,1445.0,-2.42,-1.7791666666666666,-1.1316666666666666,-0.5066666666666667,-0.31457142857142856,0.0,0.0,0.0,0.0,0.0,0.0,0.0,0.0,0.0,0.0,844.0,1445.0,100.0,0.0,95.20295202952029,2.5830258302583027,0.0,278.0,266.0,95.68345323741008,0.0,99.64028776978418,300.0,300.0,-1466.0,-1243.5,-1051.0,-792.25,-426.0,-5.612,-4.07,-3.091666666666667,-2.1222222222222222,-1.145,0.0,0.0,0.0,0.0,0.0,0.0,0.0,0.0,0.0,0.0,1051.0,1466.0,100.0,0.0,93.88489208633094,1.7985611510791366,0.0,99.64028776978418,apdf,278.0,96.73471554859434,0.0,Marrakesh Menara Airport,31.604807,-8.035788
GMMZ,5.0,4.0,80.0,0.0,0.0,600.0,600.0,1320.5,1331.75,2317.0,3423.0,3651.6,-6.085999999999999,-5.705,-3.8408333333333333,-2.012916666666667,-1.6971666666666665,0.0,0.0,0.0,0.0,0.0,0.0,0.0,0.0,0.0,0.0,2317.0,3651.6,100.0,0.0,80.0,0.0,0.0,5.0,4.0,80.0,0.0,0.0,,,-3483.6,-2332.5,-1602.5,-1428.25,-1277.5,,,,,,,,,,,,,,,,1602.5,3483.6000000000004,100.0,,80.0,0.0,0.0,0.0,nm_inferred,5.0,80.0,,Ouarzazate International Airport,30.9391,-6.90943
GMTA,3.0,3.0,100.0,0.0,0.0,600.0,600.0,22.0,26.5,34.0,36.5,38.0,-0.06333333333333334,-0.060833333333333336,-0.056666666666666664,-0.04416666666666667,-0.03666666666666667,0.0,0.0,0.0,0.0,0.0,0.0,0.0,0.0,0.0,0.0,34.0,38.0,100.0,0.0,100.0,0.0,0.0,3.0,3.0,100.0,0.0,0.0,,,-102.6,-73.5,-25.0,-23.0,-21.8,,,,,,,,,,,,,,,,25.0,102.60000000000001,100.0,,100.0,0.0,0.0,0.0,nm_inferred,3.0,100.0,,Cherif Al Idrissi Airport,35.177101,-3.83952
GMTN,19.0,19.0,100.0,0.0,0.0,900.0,859.0,-241.0,-63.5,-26.0,13.0,33.19999999999998,-0.03688888888888889,-0.017777777777777778,0.028888888888888888,0.08333333333333333,0.3593333333333333,0.0,0.0,0.03333333333333333,0.08333333333333334,0.20999999999999996,0.0,0.0,0.022222222222222223,0.06388888888888888,0.09833333333333327,28.0,438.5999999999998,36.8421052631579,0.0,94.73684210526316,5.2631578947368425,0.0,20.0,20.0,100.0,0.0,0.0,,,-23.1,-13.0,13.5,58.75,184.3,,,,,,,,,,,,,,,,23.5,193.10000000000008,30.0,,100.0,0.0,0.0,0.0,nm_inferred,20.0,100.0,,Sania Ramel Airport,35.594299,-5.32002
GMTT,88.0,88.0,100.0,0.0,0.0,900.0,900.0,17.500000000000007,34.0,54.0,69.0,85.49999999999999,-0.12816666666666668,-0.09847222222222221,-0.07111111111111111,-0.043333333333333335,-0.019444444444444462,0.0,0.0,0.0,0.0,0.0,0.0,0.0,0.0,0.0,0.0,59.0,90.49999999999999,93.18181818181819,0.0,100.0,0.0,0.0,86.0,86.0,100.0,0.0,0.0,,,-49.5,-40.75,-31.0,-20.0,89.5,,,,,,,,,,,,,,,,39.0,97.5,83.72093023255815,,98.83720930232558,1.1627906976744187,0.0,0.0,nm_inferred,88.0,100.0,,Tangier Ibn Battuta Airport,35.731741,-5.921459
HEAL,6.0,6.0,100.0,0.0,0.0,300.0,300.0,383.0,1142.0,2359.0,2404.5,2463.5,-8.211666666666666,-8.015,-7.863333333333333,-3.8066666666666666,-1.2766666666666666,0.0,0.0,0.0,0.0,0.0,0.0,0.0,0.0,0.0,0.0,2359.0,2463.5,100.0,0.0,100.0,0.0,0.0,6.0,6.0,100.0,0.0,0.0,,,-3001.5,-2950.75,-2318.0,-912.0,-308.5,,,,,,,,,,,,,,,,2318.0,3001.5,83.33333333333333,,33.333333333333336,66.66666666666667,0.0,0.0,nm_inferred,6.0,100.0,,El Alamein International Airport,30.924324,28.46161
HEBA,7.0,7.0,100.0,0.0,0.0,600.0,600.0,-81.99999999999999,-21.0,14.0,16.5,1007.0000000000009,-1.6783333333333332,-0.027500000000000004,-0.023333333333333334,0.035,0.13666666666666677,0.0,0.0,0.0,0.05,0.15000000000000008,0.0,0.0,0.0,0.03333333333333333,0.13833333333333342,19.0,1095.2000000000007,57.142857142857146,0.0,85.71428571428571,14.285714285714286,0.0,6.0,6.0,100.0,0.0,0.0,,,-2306.5,-1333.0,-19.0,-13.0,-3.5,,,,,,,,,,,,,,,,19.0,2306.5,83.33333333333333,,66.66666666666667,33.333333333333336,0.0,0.0,nm_inferred,7.0,100.0,,Alexandria International Airport,30.93249,29.696437
HECA,240.0,239.0,99.58333333333333,0.0,0.0,900.0,900.0,64.6,533.0,1490.0,3489.5,7080.000000000001,-7.866666666666667,-3.8822222222222225,-1.6555555555555554,-0.5922222222222222,-0.08644444444444414,0.0,0.0,0.0,0.0,0.0,0.0,0.0,0.0,0.0,0.0,1490.0,7080.000000000001,97.07112970711297,0.0,59.166666666666664,40.416666666666664,0.0,222.0,219.0,98.64864864864865,0.0,0.0,,,-1232.0,-942.0,-604.0,-187.0,-40.79999999999998,,,,,,,,,,,,,,,,614.0,1232.0,97.71689497716895,,87.83783783783784,10.81081081081081,0.0,0.0,nm_inferred,240.0,99.11599099099098,,Cairo International Airport,30.111534,31.396694
HEGN,234.0,231.0,98.71794871794872,0.0,0.0,900.0,900.0,1692.0,1871.5,4709.0,5481.5,5774.0,-7.137777777777778,-6.111388888888889,-5.126666666666667,-2.094722222222222,-1.8538888888888887,0.0,0.0,0.0,0.0,0.0,0.0,0.0,0.0,0.0,0.0,4709.0,5774.0,100.0,0.0,67.52136752136752,31.196581196581196,0.0,248.0,243.0,97.98387096774194,0.0,0.0,,,-5286.6,-4813.5,-1519.0,-1325.5,-937.2,,,,,,,,,,,,,,,,1519.0,5286.6,100.0,,67.74193548387096,30.241935483870968,0.0,0.0,nm_inferred,248.0,98.35090984284533,,Hurghada International Airport,27.176776,33.796692
HEMM,6.0,6.0,100.0,0.0,0.0,600.0,600.0,1896.5,1956.5,2036.5,2214.0,2271.5,-3.6358333333333333,-3.4295833333333334,-3.2816666666666667,-3.12125,-2.7958333333333334,0.0,0.0,0.0,0.0,0.0,0.0,0.0,0.0,0.0,0.0,2036.5,2271.5,100.0,0.0,100.0,0.0,0.0,5.0,5.0,100.0,0.0,0.0,,,-2383.2,-2151.0,-2070.0,-1770.0,-1375.8,,,,,,,,,,,,,,,,2070.0,2383.2,100.0,,100.0,0.0,0.0,0.0,nm_inferred,6.0,100.0,,Mersa Matruh International Airport,31.324313,27.22227
HESH,141.0,140.0,99.29078014184397,0.0,0.0,1200.0,1200.0,884.0,954.0,1044.0,3571.5,5261.0,-4.474583333333333,-3.611041666666667,-0.8741666666666666,-0.795,-0.7366666666666667,0.0,0.0,0.0,0.0,0.0,0.0,0.0,0.0,0.0,0.0,1044.0,5261.0,100.0,0.0,67.37588652482269,31.914893617021278,0.0,154.0,146.0,94.8051948051948,0.0,0.0,,,-5282.0,-1370.75,-1180.5,-1034.25,-791.0,,,,,,,,,,,,,,,,1180.5,5282.0,100.0,,71.42857142857143,23.376623376623378,0.0,0.0,nm_inferred,154.0,97.04798747351938,,Sharm El Sheikh International Airport,27.977272,34.394717
HESX,13.0,13.0,100.0,0.0,0.0,600.0,600.0,21.000000000000007,84.0,524.0,3189.0,3575.4,-5.959,-5.315,-0.8733333333333333,-0.14,-0.03499999999999996,0.0,0.0,0.0,0.0,0.0,0.0,0.0,0.0,0.0,0.0,524.0,3575.4,92.3076923076923,0.0,76.92307692307692,23.076923076923077,0.0,15.0,15.0,100.0,0.0,0.0,,,-4013.8,-3876.5,-1577.0,-373.5,-107.00000000000009,,,,,,,,,,,,,,,,1577.0,4013.8,93.33333333333333,,80.0,20.0,0.0,0.0,nm_inferred,15.0,100.0,,Sphinx International Airport,30.108179,30.895728
HLLB,12.0,11.0,91.66666666666667,0.0,0.0,600.0,600.0,1487.0,1623.5,1720.0,1996.5,2143.0,-3.5716666666666668,-3.3275,-2.8666666666666667,-2.7058333333333335,-2.4783333333333335,0.0,0.0,0.0,0.0,0.0,0.0,0.0,0.0,0.0,0.0,1720.0,2143.0,100.0,0.0,91.66666666666667,0.0,0.0,12.0,12.0,100.0,0.0,0.0,,,-3122.3,-2735.75,-2026.0,-1716.0,-1451.3999999999999,,,,,,,,,,,,,,,,2307.0,3122.3,91.66666666666667,,66.66666666666667,16.666666666666668,16.666666666666668,0.0,nm_inferred,12.0,95.83333333333334,,Benina International Airport,32.096802,20.269501
HLLM,19.0,18.0,94.73684210526316,0.0,0.0,600.0,600.0,-87.69999999999995,575.25,759.0,3263.0,4212.9,-7.0215,-5.4383333333333335,-1.265,-0.95875,0.146166666666667,0.0,0.0,0.0,0.0,0.09500000000000011,0.0,0.0,0.0,0.0,0.025833333333333375,822.5,4212.9,83.33333333333333,0.0,63.1578947368421,31.57894736842105,0.0,19.0,18.0,94.73684210526316,0.0,0.0,,,-6120.7,-5138.25,-1100.5,-710.25,-375.7999999999996,,,,,,,,,,,,,,,,1100.5,6120.700000000002,88.88888888888889,,52.63157894736842,42.10526315789474,0.0,0.0,nm_inferred,19.0,94.73684210526316,,Mitiga International Airport,32.89177,13.287878
HLMS,2.0,2.0,100.0,0.0,0.0,0.0,,766.9,778.75,798.5,818.25,830.1,,,,,,,,,,,,,,,,798.5,830.1,100.0,,100.0,0.0,0.0,2.0,2.0,100.0,0.0,0.0,,,-4035.5,-3365.75,-2249.5,-1133.25,-463.4999999999999,,,,,,,,,,,,,,,,2249.5,4035.5,100.0,,0.0,50.0,50.0,0.0,nm_inferred,2.0,100.0,,Misrata International Airport,32.325001,15.061
LATI,314.0,302.0,96.17834394904459,0.0,0.0,780.0,720.0,699.0,1304.0,1504.0,1739.0,2008.0000000000005,-3.971875,-2.8490625,-2.0277777777777777,-1.6656944444444446,-1.387916666666666,0.0,0.0,0.0,0.0,0.0,0.0,0.0,0.0,0.0,0.0,1504.0,2008.0000000000005,100.0,0.0,93.94904458598727,1.910828025477707,0.3184713375796178,320.0,309.0,96.5625,0.0,0.0,,,-2264.4,-2069.0,-1832.0,-1422.0,-1023.0,,,,,,,,,,,,,,,,1832.0,2264.3999999999996,100.0,,94.375,2.1875,0.0,0.0,nm_inferred,320.0,96.37042197452229,,Tirana International Airport Mother Teresa,41.4147,19.7206
LBBG,91.0,90.0,98.9010989010989,0.0,0.0,300.0,300.0,68.5,94.0,119.0,134.0,150.00000000000009,-0.49666666666666665,-0.44666666666666666,-0.3466666666666667,-0.14416666666666667,-0.09077777777777775,0.0,0.0,0.0,0.0,0.0,0.0,0.0,0.0,0.0,0.0,119.0,150.00000000000009,98.88888888888889,0.0,93.4065934065934,5.4945054945054945,0.0,97.0,95.0,97.9381443298969,0.0,0.0,,,-646.8,-368.5,-227.0,-185.0,-125.19999999999989,,,,,,,,,,,,,,,,228.0,646.8000000000001,94.73684210526316,,87.62886597938144,10.309278350515465,0.0,0.0,nm_inferred,97.0,98.4196216154979,,Burgas Airport,42.569917,27.515173
LBPD,9.0,9.0,100.0,0.0,0.0,300.0,300.0,289.6,349.0,383.0,668.0,685.8,-1.2916296296296295,-1.2066666666666668,-0.9666666666666667,-0.7966666666666666,-0.7445185185185185,0.0,0.0,0.0,0.0,0.0,0.0,0.0,0.0,0.0,0.0,383.0,685.8,100.0,0.0,100.0,0.0,0.0,13.0,13.0,100.0,0.0,0.0,,,-4669.599999999999,-3111.0,-934.0,-863.0,-802.6,,,,,,,,,,,,,,,,934.0,4669.6,100.0,,84.61538461538461,7.6923076923076925,7.6923076923076925,0.0,nm_inferred,13.0,100.0,,Plovdiv International Airport,42.067799,24.8508
LBSF,273.0,271.0,99.26739926739927,0.0,99.26739926739927,720.0,720.0,249.0,319.0,399.0,531.5,749.0,-1.3166666666666667,-0.7876068376068376,-0.5819444444444445,-0.4055735930735931,-0.3242424242424242,0.0,0.0,0.0,0.0,0.0,0.0,0.0,0.0,0.0,0.0,399.0,749.0,99.6309963099631,0.0,93.4065934065934,5.86080586080586,0.0,266.0,264.0,99.24812030075188,0.0,100.0,300.0,300.0,-1451.0,-1142.25,-876.0,-654.75,-526.0,-5.777222222222222,-4.1154166666666665,-3.00375,-2.215625,-1.7566666666666666,0.0,0.0,0.0,0.0,0.0,0.0,0.0,0.0,0.0,0.0,876.0,1451.0,100.0,0.0,95.11278195488721,3.7593984962406015,0.37593984962406013,100.0,apdf,273.0,99.25775978407557,0.0,Sofia Airport,42.696357,23.417671
LBWN,71.0,66.0,92.95774647887323,0.0,0.0,600.0,600.0,129.0,154.0,182.5,217.0,244.0,-0.6152777777777778,-0.37053030303030304,-0.28583333333333333,-0.22541666666666665,-0.18888888888888888,0.0,0.0,0.0,0.0,0.0,0.0,0.0,0.0,0.0,0.0,182.5,244.0,100.0,0.0,91.54929577464789,1.408450704225352,0.0,75.0,73.0,97.33333333333333,0.0,0.0,,,-511.2,-394.0,-354.0,-248.0,-178.2,,,,,,,,,,,,,,,,354.0,511.1999999999999,100.0,,96.0,1.3333333333333333,0.0,0.0,nm_inferred,75.0,95.14553990610328,,Varna Airport,43.232101,27.8251
LCLK,355.0,351.0,98.87323943661971,0.0,0.0,600.0,600.0,59.0,74.0,99.0,124.0,204.0,-0.3983333333333333,-0.20666666666666667,-0.14833333333333334,-0.10666666666666667,-0.07368421052631578,0.0,0.0,0.0,0.0,0.0,0.0,0.0,0.0,0.0,0.0,99.0,274.0,95.44159544159544,0.0,89.29577464788733,9.577464788732394,0.0,368.0,367.0,99.72826086956522,0.0,0.0,,,-176.0,-129.0,-106.0,-86.0,-61.0,,,,,,,,,,,,,,,,106.0,176.0,95.64032697547684,,87.77173913043478,11.684782608695652,0.2717391304347826,0.0,nm_inferred,368.0,99.30075015309247,,Larnaca International Airport,34.875099,33.624901
LCPH,93.0,93.0,100.0,0.0,0.0,720.0,584.0,-578.0,-376.0,-136.0,54.0,432.2,-0.5141111111111111,-0.14888888888888888,0.18888888888888888,0.525,0.869777777777778,0.0,0.0,0.13333333333333333,0.375,0.55,0.0,0.0,0.06111111111111111,0.24305555555555555,0.3958333333333334,346.0,702.0,31.182795698924732,0.0,93.54838709677419,6.451612903225806,0.0,105.0,105.0,100.0,0.0,0.0,,,-216.0,-171.0,29.0,129.0,228.0000000000001,,,,,,,,,,,,,,,,154.0,303.0000000000001,42.857142857142854,,94.28571428571429,5.714285714285714,0.0,0.0,nm_inferred,105.0,100.0,,Paphos International Airport,34.717999,32.485699
LCRA,1.0,1.0,100.0,0.0,0.0,300.0,5.0,8704.0,8704.0,8704.0,8704.0,8704.0,-29.013333333333332,-29.013333333333332,-29.013333333333332,-29.013333333333332,-29.013333333333332,1.0,1.0,1.0,1.0,1.0,1.0,1.0,1.0,1.0,1.0,8704.0,8704.0,100.0,100.0,0.0,100.0,0.0,,,,,,,,,,,,,,,,,,,,,,,,,,,,,,,,,,,0.0,nm_inferred,1.0,100.0,,RAF Akrotiri,34.590401,32.9879
LDDU,177.0,170.0,96.045197740113,0.0,0.0,600.0,600.0,922.5,1059.0,1159.0,1309.0,1439.0,-2.435666666666666,-2.2358333333333333,-1.9275,-1.7016666666666667,-1.3615000000000004,0.0,0.0,0.0,0.0,0.0,0.0,0.0,0.0,0.0,0.0,1159.0,1439.0,100.0,0.0,92.65536723163842,3.389830508474576,0.0,180.0,172.0,95.55555555555556,0.0,0.0,,,-1456.9,-1335.5,-1246.5,-1133.0,-1016.4,,,,,,,,,,,,,,,,1246.5,1456.9,100.0,,91.11111111111111,4.444444444444445,0.0,0.0,nm_inferred,180.0,95.80037664783427,,Dubrovnik Ruđer Bošković Airport,42.562247,18.265543
LDLO,4.0,1.0,25.0,0.0,0.0,300.0,300.0,340.0,340.0,340.0,340.0,340.0,-1.1333333333333333,-1.1333333333333333,-1.1333333333333333,-1.1333333333333333,-1.1333333333333333,0.0,0.0,0.0,0.0,0.0,0.0,0.0,0.0,0.0,0.0,340.0,340.0,100.0,0.0,25.0,0.0,0.0,5.0,2.0,40.0,0.0,0.0,,,-531.7,-514.75,-486.5,-458.25,-441.3,,,,,,,,,,,,,,,,486.5,531.7,100.0,,40.0,0.0,0.0,0.0,nm_inferred,5.0,32.5,,Lošinj Airport,44.566985,14.393883
LDOS,8.0,3.0,37.5,0.0,0.0,300.0,300.0,79.8,81.0,83.0,95.0,102.2,-0.274,-0.27,-0.2633333333333333,-0.19111111111111112,-0.14777777777777779,0.0,0.0,0.0,0.0,0.0,0.0,0.0,0.0,0.0,0.0,83.0,102.2,100.0,0.0,25.0,12.5,0.0,8.0,4.0,50.0,0.0,0.0,,,-340.0,-263.5,-174.5,-111.75,-82.49999999999999,,,,,,,,,,,,,,,,174.5,340.0,100.0,,50.0,0.0,0.0,0.0,nm_inferred,8.0,43.75,,Osijek Airport,45.462355,18.811278
LDPL,49.0,47.0,95.91836734693878,0.0,0.0,300.0,300.0,22.000000000000004,39.0,79.0,114.0,136.0,-0.38666666666666666,-0.26333333333333336,-0.14,-0.08472222222222223,-0.05000000000000002,0.0,0.0,0.0,0.0,0.0,0.0,0.0,0.0,0.0,0.0,79.0,136.0,95.74468085106383,0.0,93.87755102040816,2.0408163265306123,0.0,55.0,51.0,92.72727272727273,0.0,0.0,,,-252.0,-203.5,-52.0,-20.5,-8.0,,,,,,,,,,,,,,,,52.0,252.0,92.15686274509804,,89.0909090909091,3.6363636363636362,0.0,0.0,nm_inferred,55.0,94.32282003710576,,Pula Airport,44.893501,13.9222
LDRG,2.0,1.0,50.0,0.0,0.0,300.0,300.0,167.0,167.0,167.0,167.0,167.0,-0.5566666666666666,-0.5566666666666666,-0.5566666666666666,-0.5566666666666666,-0.5566666666666666,0.0,0.0,0.0,0.0,0.0,0.0,0.0,0.0,0.0,0.0,167.0,167.0,100.0,0.0,50.0,0.0,0.0,1.0,1.0,100.0,0.0,0.0,,,-165.0,-165.0,-165.0,-165.0,-165.0,,,,,,,,,,,,,,,,165.0,165.0,100.0,,100.0,0.0,0.0,0.0,nm_inferred,2.0,75.0,,Grobničko Polje Airfield,45.379501,14.5038
LDRI,21.0,19.0,90.47619047619048,0.0,0.0,300.0,300.0,128.8,152.5,181.0,204.5,231.39999999999998,-0.7713333333333333,-0.6333333333333333,-0.5233333333333333,-0.19777777777777777,-0.16111111111111115,0.0,0.0,0.0,0.0,0.0,0.0,0.0,0.0,0.0,0.0,181.0,231.39999999999998,100.0,0.0,85.71428571428571,4.761904761904762,0.0,21.0,19.0,90.47619047619048,0.0,0.0,,,-341.0,-334.5,-304.0,-291.0,-268.2,,,,,,,,,,,,,,,,304.0,341.0,100.0,,85.71428571428571,4.761904761904762,0.0,0.0,nm_inferred,21.0,90.47619047619048,,Rijeka Airport,45.216376,14.57085
LDSB,9.0,9.0,100.0,0.0,0.0,900.0,900.0,764.0,812.0,910.0,964.0,1174.2,-1.6903333333333332,-1.1244444444444444,-1.018888888888889,-0.9366666666666666,-0.8488888888888889,0.0,0.0,0.0,0.0,0.0,0.0,0.0,0.0,0.0,0.0,910.0,1174.2,100.0,0.0,100.0,0.0,0.0,10.0,10.0,100.0,0.0,0.0,,,-1107.3,-1043.5,-971.5,-903.75,-823.1,,,,,,,,,,,,,,,,971.5,1107.3,100.0,,80.0,10.0,10.0,0.0,nm_inferred,10.0,100.0,,Brač Airport,43.284454,16.678362
LDSP,216.0,208.0,96.29629629629629,0.0,0.0,900.0,900.0,584.0,629.0,679.0,749.0,839.0,-1.1675,-1.0074999999999998,-0.8294444444444444,-0.7322222222222222,-0.6805555555555555,0.0,0.0,0.0,0.0,0.0,0.0,0.0,0.0,0.0,0.0,679.0,839.0,100.0,0.0,90.74074074074075,5.555555555555555,0.0,215.0,209.0,97.20930232558139,0.0,0.0,,,-1220.4,-1085.0,-963.0,-901.0,-832.0,,,,,,,,,,,,,,,,963.0,1220.4,100.0,,91.62790697674419,5.5813953488372094,0.0,0.0,nm_inferred,216.0,96.75279931093884,,Split Saint Jerome Airport,43.538898,16.298
LDZA,216.0,211.0,97.68518518518519,0.0,98.14814814814815,540.0,540.0,124.0,154.0,184.0,219.0,254.0,-0.5388888888888889,-0.4367559523809524,-0.3104166666666667,-0.25269230769230766,-0.1782051282051282,0.0,0.0,0.0,0.0,0.0,0.0,0.0,0.0,0.0,0.0,184.0,254.0,99.5260663507109,0.47393364928909953,93.98148148148148,3.7037037037037037,0.0,216.0,211.0,97.68518518518519,0.0,100.0,300.0,300.0,-236.0,-206.0,-186.0,-166.0,-146.0,-1.025,-0.77,-0.6033333333333334,-0.46555555555555556,-0.39166666666666666,0.0,0.0,0.0,0.0,0.0,0.0,0.0,0.0,0.0,0.0,186.0,236.0,100.0,0.0,93.98148148148148,3.240740740740741,0.46296296296296297,100.0,apdf,216.0,97.68518518518519,0.0,Zagreb Franjo Tuđman International Airport,45.742901,16.0688
LDZD,114.0,111.0,97.36842105263158,0.0,0.0,900.0,900.0,269.0,294.5,359.0,419.0,484.0,-0.5377777777777778,-0.46555555555555556,-0.3988888888888889,-0.3272222222222222,-0.29888888888888887,0.0,0.0,0.0,0.0,0.0,0.0,0.0,0.0,0.0,0.0,359.0,484.0,100.0,0.0,96.49122807017544,0.8771929824561403,0.0,118.0,117.0,99.15254237288136,0.0,0.0,,,-766.4,-677.0,-594.0,-538.0,-417.79999999999984,,,,,,,,,,,,,,,,594.0,766.4000000000001,100.0,,94.91525423728814,4.237288135593221,0.0,0.0,nm_inferred,118.0,98.26048171275647,,Zadar Airport,44.096986,15.353565
LEAB,2.0,2.0,100.0,0.0,0.0,300.0,292.0,-14.0,-11.0,-6.0,-1.0,2.0000000000000004,-0.006666666666666667,0.0033333333333333322,0.020000000000000004,0.03666666666666667,0.04666666666666667,0.010000000000000002,0.025,0.05,0.07500000000000001,0.09000000000000001,0.006666666666666667,0.016666666666666666,0.03333333333333333,0.05,0.06,10.0,14.8,50.0,0.0,100.0,0.0,0.0,2.0,2.0,100.0,0.0,0.0,,,-34.5,-24.75,-8.5,7.75,17.5,,,,,,,,,,,,,,,,32.5,39.3,50.0,,100.0,0.0,0.0,0.0,nm_inferred,2.0,100.0,,Albacete Airport / Los Llanos Air Base,38.948502,-1.86352
LEAL,589.0,588.0,99.830220713073,0.0,99.830220713073,675.0,690.0,-3.0,0.0,2.0,7.0,9.0,-0.01573815050691427,-0.009186351706036745,-0.0035671819262782403,0.0,0.004431314623338257,0.0,0.0,0.0,0.0,0.041666666666666664,0.0,0.0,0.0,0.0,0.007073282461152706,3.0,9.0,81.80272108843538,0.0,98.30220713073005,1.5280135823429541,0.0,599.0,597.0,99.6661101836394,0.0,99.8330550918197,200.0,210.0,-26.0,-24.0,-21.0,-16.0,-13.0,-0.1720964671038714,-0.1301775147928994,-0.1,-0.07269061583577713,-0.05241810182686489,0.0,0.0,0.0,0.0,0.0,0.0,0.0,0.0,0.0,0.0,21.0,26.0,100.0,0.0,96.99499165275459,2.671118530884808,0.0,99.8330550918197,apdf,599.0,99.7481654483562,0.0,Alicante-Elche Miguel Hernández Airport,38.2822,-0.558156
LEAM,37.0,36.0,97.29729729729729,0.0,0.0,300.0,300.0,-46.0,-9.75,11.5,49.0,56.5,-0.18833333333333332,-0.16333333333333333,-0.03833333333333333,0.0325,0.15333333333333332,0.0,0.0,0.0,0.1,0.2,0.0,0.0,0.0,0.0375,0.1,31.0,81.0,66.66666666666667,0.0,94.5945945945946,2.7027027027027026,0.0,40.0,39.0,97.5,0.0,0.0,,,-90.8,-56.0,-46.0,-29.0,-19.0,,,,,,,,,,,,,,,,46.0,90.80000000000003,100.0,,97.5,0.0,0.0,0.0,nm_inferred,40.0,97.39864864864865,,Almería Airport,36.843899,-2.3701
LEAS,69.0,69.0,100.0,0.0,0.0,300.0,300.0,43.0,59.0,84.0,124.0,174.0,-0.634,-0.44666666666666666,-0.28,-0.19666666666666666,-0.14666666666666667,0.0,0.0,0.0,0.0,0.0,0.0,0.0,0.0,0.0,0.0,84.0,174.0,100.0,0.0,97.10144927536231,2.898550724637681,0.0,68.0,68.0,100.0,0.0,0.0,,,-606.6,-585.25,-556.5,-509.5,-452.4,,,,,,,,,,,,,,,,556.5,606.6,100.0,,98.52941176470588,1.4705882352941178,0.0,0.0,nm_inferred,69.0,100.0,,Asturias Airport,43.563599,-6.03462
LEBA,1.0,1.0,100.0,0.0,0.0,300.0,300.0,109.0,109.0,109.0,109.0,109.0,-0.36333333333333334,-0.36333333333333334,-0.36333333333333334,-0.36333333333333334,-0.36333333333333334,0.0,0.0,0.0,0.0,0.0,0.0,0.0,0.0,0.0,0.0,109.0,109.0,100.0,0.0,100.0,0.0,0.0,1.0,1.0,100.0,0.0,0.0,,,-204.0,-204.0,-204.0,-204.0,-204.0,,,,,,,,,,,,,,,,204.0,204.0,100.0,,100.0,0.0,0.0,0.0,nm_inferred,1.0,100.0,,Córdoba Airport,37.841999,-4.84888
LEBB,234.0,225.0,96.15384615384616,0.0,99.57264957264957,504.5,510.0,233.0,258.0,297.0,349.0,424.2,-0.944162152064263,-0.7417582417582418,-0.5982367758186398,-0.47941567065073043,-0.4220678192395199,0.0,0.0,0.0,0.0,0.0,0.0,0.0,0.0,0.0,0.0,297.0,424.2,100.0,0.0,94.01709401709402,2.1367521367521367,0.0,235.0,225.0,95.74468085106383,0.0,100.0,213.0,240.0,-782.4,-720.0,-658.0,-603.0,-556.2,-4.246233082706767,-3.6910994764397906,-3.070539419087137,-2.4851851851851854,-1.9924466338259441,0.0,0.0,0.0,0.0,0.0,0.0,0.0,0.0,0.0,0.0,658.0,782.4,100.0,0.0,94.8936170212766,0.851063829787234,0.0,100.0,apdf,235.0,95.949263502455,0.0,Bilbao Airport,43.301102,-2.91061
LEBL,1581.0,1574.0,99.55724225173941,0.0,99.30423782416192,922.0,378.5,-1134.1,-873.0,-669.0,-378.75,-163.0,0.24040652898934442,0.4834759080645611,0.6520039584364177,0.9276305683563748,1.0092880933852142,0.12121212121212122,0.25925925925925924,0.4230769230769231,0.5737082066869301,0.7272727272727273,0.06993985492119821,0.17106227106227107,0.29015101410934746,0.414960795161875,0.5517619311875694,672.0,1140.4,4.828462515883101,0.0,96.7741935483871,2.719797596457938,0.06325110689437065,1579.0,1575.0,99.74667511082964,0.0,99.62001266624446,192.0,91.0,-2.0,70.0,160.0,241.0,326.0,-0.0076982476982476985,0.43272727272727274,0.7738853503184714,1.1287128712871286,1.4022782427814373,0.0,0.2857142857142857,0.5333333333333333,0.7777777777777778,1.0,0.0,0.12,0.34246575342465757,0.5607476635514019,0.7473074486378859,161.0,328.0,11.174603174603174,1.975780752071383,95.56681443951868,4.179860671310957,0.0,99.62001266624446,apdf,1581.0,99.65195868128453,0.31520749989693225,Josep Tarradellas Barcelona-El Prat Airport,41.2971,2.07846
LEBZ,8.0,7.0,87.5,0.0,0.0,300.0,300.0,134.0,134.0,139.0,149.0,172.0,-0.5733333333333333,-0.49666666666666665,-0.4633333333333333,-0.44666666666666666,-0.44666666666666666,0.0,0.0,0.0,0.0,0.0,0.0,0.0,0.0,0.0,0.0,139.0,172.0,100.0,0.0,87.5,0.0,0.0,7.0,7.0,100.0,0.0,0.0,,,-276.4,-271.0,-236.0,-226.5,-220.0,,,,,,,,,,,,,,,,236.0,276.4,100.0,,100.0,0.0,0.0,0.0,nm_inferred,8.0,93.75,,Badajoz Airport,38.8913,-6.82133
LECH,16.0,14.0,87.5,0.0,0.0,600.0,630.0,28.5,40.25,54.0,64.0,71.00000000000001,-0.10666666666666667,-0.10250000000000001,-0.0698989898989899,-0.051666666666666666,-0.040999999999999995,0.0,0.0,0.0,0.0,0.0,0.0,0.0,0.0,0.0,0.0,54.0,71.00000000000001,100.0,0.0,81.25,6.25,0.0,15.0,13.0,86.66666666666667,0.0,0.0,,,-115.8,-114.0,-103.0,-91.0,-76.6,,,,,,,,,,,,,,,,103.0,115.8,100.0,,86.66666666666667,0.0,0.0,0.0,nm_inferred,16.0,87.08333333333334,,Castellón-Costa Azahar Airport,40.213889,0.073333
LECO,36.0,36.0,100.0,0.0,0.0,300.0,35.0,-1368.5,-506.0,-438.5,-364.75,-306.0,1.02,1.1614583333333335,1.4033333333333333,1.6575,3.801388888888889,0.775,0.9,1.0,1.0,1.0,0.6388888888888888,0.70625,0.7583333333333333,0.8375,0.9333333333333333,438.5,1368.5,0.0,5.555555555555555,100.0,0.0,0.0,35.0,35.0,100.0,0.0,0.0,,,170.0,192.0,229.0,285.0,350.0,,,,,,,,,,,,,,,,229.0,350.0,0.0,,100.0,0.0,0.0,0.0,nm_inferred,36.0,100.0,,A Coruña Airport,43.302101,-8.37726
LECU,4.0,3.0,75.0,0.0,0.0,300.0,300.0,-11.0,-3.5,9.0,984.0,1569.0,-5.23,-3.28,-0.03,0.011666666666666665,0.03666666666666667,0.0,0.0,0.0,0.05,0.08000000000000002,0.0,0.0,0.0,0.03333333333333333,0.05333333333333334,16.0,1570.4,66.66666666666667,0.0,75.0,0.0,0.0,3.0,3.0,100.0,0.0,0.0,,,53.0,149.0,309.0,846.5,1169.0,,,,,,,,,,,,,,,,309.0,1169.0,33.333333333333336,,100.0,0.0,0.0,0.0,nm_inferred,4.0,87.5,,Madrid-Cuatro Vientos Airport,40.370701,-3.78514
LEDA,2.0,1.0,50.0,0.0,0.0,480.0,480.0,319.0,319.0,319.0,319.0,319.0,-0.6645833333333333,-0.6645833333333333,-0.6645833333333333,-0.6645833333333333,-0.6645833333333333,0.0,0.0,0.0,0.0,0.0,0.0,0.0,0.0,0.0,0.0,319.0,319.0,100.0,0.0,50.0,0.0,0.0,2.0,1.0,50.0,0.0,0.0,,,-595.0,-595.0,-595.0,-595.0,-595.0,,,,,,,,,,,,,,,,595.0,595.0,100.0,,50.0,0.0,0.0,0.0,nm_inferred,2.0,50.0,,Lleida-Alguaire Airport,41.728185,0.535023
LEGE,104.0,104.0,100.0,0.0,0.0,540.0,540.0,50.5,64.0,76.5,99.0,149.50000000000006,-0.29814814814814816,-0.18333333333333332,-0.14629629629629629,-0.11851851851851852,-0.1,0.0,0.0,0.0,0.0,0.0,0.0,0.0,0.0,0.0,0.0,76.5,149.50000000000006,100.0,0.0,96.15384615384616,1.9230769230769231,1.9230769230769231,105.0,105.0,100.0,0.0,0.0,,,-475.2,-432.0,-374.0,-138.0,-73.79999999999998,,,,,,,,,,,,,,,,374.0,475.20000000000016,100.0,,95.23809523809524,3.8095238095238093,0.9523809523809523,0.0,nm_inferred,105.0,100.0,,Girona-Costa Brava Airport,41.904639,2.761774
LEGR,34.0,34.0,100.0,0.0,0.0,300.0,300.0,225.5,245.25,259.0,281.5,354.5,-1.1816666666666666,-0.9383333333333334,-0.8633333333333333,-0.8175,-0.7516666666666667,0.0,0.0,0.0,0.0,0.0,0.0,0.0,0.0,0.0,0.0,259.0,354.5,100.0,0.0,100.0,0.0,0.0,34.0,34.0,100.0,0.0,0.0,,,-740.1,-642.0,-577.0,-449.0,-339.8,,,,,,,,,,,,,,,,577.0,740.0999999999999,100.0,,97.05882352941177,2.9411764705882355,0.0,0.0,nm_inferred,34.0,100.0,,F.G.L. Airport Granada-Jaén Airport,37.188702,-3.77736
LEGT,2.0,2.0,100.0,0.0,0.0,300.0,300.0,29.5,52.75,91.5,130.25,153.5,-0.5116666666666667,-0.4341666666666667,-0.30500000000000005,-0.17583333333333334,-0.09833333333333333,0.0,0.0,0.0,0.0,0.0,0.0,0.0,0.0,0.0,0.0,91.5,153.5,100.0,0.0,100.0,0.0,0.0,2.0,2.0,100.0,0.0,0.0,,,-15.0,-13.5,-11.0,-8.5,-7.0,,,,,,,,,,,,,,,,11.0,15.0,100.0,,100.0,0.0,0.0,0.0,nm_inferred,2.0,100.0,,Getafe Air Base,40.294102,-3.72383
LEIB,491.0,486.0,98.98167006109979,0.0,99.79633401221996,489.0,510.0,17.0,22.0,30.0,45.0,72.0,-0.17156298003072196,-0.10409781770006843,-0.06073575398854786,-0.040292366946778714,-0.02801902912722981,0.0,0.0,0.0,0.0,0.0,0.0,0.0,0.0,0.0,0.0,30.0,74.0,98.76543209876543,0.0,97.9633401221996,1.0183299389002036,0.0,507.0,500.0,98.61932938856016,0.0,99.40828402366864,196.0,210.0,-146.2,-112.0,-82.0,-56.0,-34.0,-0.9900625288513996,-0.6518987341772152,-0.38620689655172413,-0.24193548387096775,-0.13246491606759636,0.0,0.0,0.0,0.0,0.0,0.0,0.0,0.0,0.0,0.0,83.5,150.0,96.4,0.0,97.43589743589743,0.9861932938856016,0.19723865877712032,99.79633401221996,apdf,507.0,98.80049972482998,0.0,Ibiza Airport,38.872898,1.37312
LEJR,40.0,40.0,100.0,0.0,0.0,420.0,420.0,-6.0,2.75,9.0,29.0,34.0,-0.08095238095238096,-0.06984126984126984,-0.023214285714285715,-0.006547619047619049,0.014285714285714285,0.0,0.0,0.0,0.011363636363636364,0.07142857142857142,0.0,0.0,0.0,0.002976190476190476,0.023809523809523808,11.0,34.0,75.0,0.0,100.0,0.0,0.0,44.0,44.0,100.0,0.0,0.0,,,-47.0,-38.5,-30.5,-21.75,-12.299999999999997,,,,,,,,,,,,,,,,31.5,51.20000000000002,97.72727272727273,,97.72727272727273,2.272727272727273,0.0,0.0,nm_inferred,44.0,100.0,,Jerez Airport,36.744598,-6.06011
LELN,3.0,3.0,100.0,0.0,0.0,300.0,300.0,240.0,286.5,364.0,439.0,484.0,-1.6133333333333333,-1.4633333333333334,-1.2133333333333334,-0.9550000000000001,-0.7999999999999999,0.0,0.0,0.0,0.0,0.0,0.0,0.0,0.0,0.0,0.0,364.0,484.0,100.0,0.0,100.0,0.0,0.0,3.0,3.0,100.0,0.0,0.0,,,-270.4,-265.0,-256.0,-242.5,-234.4,,,,,,,,,,,,,,,,256.0,270.4,100.0,,100.0,0.0,0.0,0.0,nm_inferred,3.0,100.0,,León Airport,42.590709,-5.653406
LEMD,1733.0,1724.0,99.48066935949221,0.0,99.24985574148874,976.0,840.0,-1054.1999999999998,-446.75,20.0,31.0,38.0,-0.04881656804733728,-0.035398230088495575,-0.020115206779985212,0.4948286632532362,0.899344035140921,0.0,0.0,0.0,0.1111111111111111,0.2722650231124808,0.0,0.0,0.0,0.046191298489092605,0.17004264392324095,33.0,1069.0000000000005,72.62180974477958,0.0,91.2867859203693,8.078476630121177,0.1154068090017311,1731.0,1718.0,99.24898902368574,0.0,98.20912767186597,526.5,501.0,-18.0,-13.0,10.0,428.25,899.3,-0.03913894324853229,-0.021486121369980175,0.031578947368421054,0.9824022489138768,1.0894526489354077,0.0,0.0,0.07142857142857142,0.16666666666666666,0.35294117647058826,0.0,0.0,0.022522522522522525,0.07695424510659518,0.1716046647465206,18.0,901.7999999999997,36.670547147846335,0.0,91.27671865973426,7.625649913344887,0.3466204506065858,99.24985574148874,apdf,1733.0,99.36482919158897,0.011189733017070831,Adolfo Suárez Madrid–Barajas Airport,40.493407,-3.572249
LEMG,842.0,840.0,99.7624703087886,0.0,99.40617577197149,705.0,630.0,-386.0,-186.0,-1.0,6.0,11.0,-0.015124324827714657,-0.007724553287861202,0.0015209345362017118,0.26800833483240394,0.5561257309941522,0.0,0.0,0.03225806451612903,0.10813492063492063,0.2,0.0,0.0,0.005838047849499012,0.03495296869731371,0.07129764329356997,12.0,391.0,48.69047619047619,0.0,97.03087885985748,2.6128266033254155,0.1187648456057007,858.0,854.0,99.53379953379954,0.0,99.06759906759906,276.0,196.0,-12.0,63.25,95.0,135.0,197.0,-0.039978213507625274,0.17715254303143335,0.3182207223730223,0.5375267094017093,0.95625,0.0,0.14285714285714285,0.25,0.4166666666666667,0.6,0.0,0.05034095773958779,0.11902352643561852,0.17640580461259395,0.24930939226519336,96.0,200.70000000000005,17.681498829039814,0.0,96.38694638694639,3.1468531468531467,0.0,99.40617577197149,apdf,858.0,99.64813492129406,0.06221111500424287,Málaga-Costa del Sol Airport,36.6749,-4.49911
LEMH,222.0,219.0,98.64864864864865,0.0,0.0,600.0,600.0,-277.0,-46.0,34.0,69.0,179.0,-0.302,-0.14121212121212123,-0.05909090909090909,0.09416666666666668,0.475636363636364,0.0,0.0,0.0,0.1,0.35,0.0,0.0,0.0,0.030555555555555555,0.25,69.0,316.00000000000045,71.23287671232876,0.0,98.64864864864865,0.0,0.0,226.0,222.0,98.23008849557522,0.0,0.0,,,-262.0,-66.75,-15.5,103.0,171.9,,,,,,,,,,,,,,,,74.5,298.1,59.009009009009006,,98.23008849557522,0.0,0.0,0.0,nm_inferred,226.0,98.43936857211193,,Menorca Airport,39.862598,4.21865
LEMI,31.0,31.0,100.0,0.0,0.0,900.0,559.0,-331.0,-266.0,-181.0,69.0,109.0,-0.18166666666666667,-0.11,0.2733333333333333,0.45425925925925925,0.6037037037037037,0.0,0.0,0.23333333333333334,0.34444444444444444,0.6,0.0,0.0,0.18888888888888888,0.3212962962962963,0.48333333333333334,181.0,331.0,41.935483870967744,0.0,100.0,0.0,0.0,32.0,32.0,100.0,0.0,0.0,,,-127.6,-101.5,118.5,149.25,189.4,,,,,,,,,,,,,,,,128.5,189.4,40.625,,96.875,3.125,0.0,0.0,nm_inferred,32.0,100.0,,Region of Murcia International Airport,37.802852,-1.124884
LEPA,1407.0,1393.0,99.0049751243781,0.0,98.50746268656717,782.0,810.0,16.0,21.0,30.0,42.0,75.0,-0.09752823745731547,-0.05908096280087528,-0.03901734104046243,-0.026755852842809364,-0.018638175581718736,0.0,0.0,0.0,0.0,0.0,0.0,0.0,0.0,0.0,0.0,30.0,75.0,100.0,0.0,98.15209665955935,0.8528784648187633,0.0,1434.0,1421.0,99.09344490934448,0.0,99.30264993026499,205.0,210.0,-58.0,-50.0,-42.0,-16.0,72.0,-0.4375,-0.29788302701093833,-0.16891891891891891,-0.06536624378272968,0.3484848484848485,0.0,0.0,0.0,0.0,0.2,0.0,0.0,0.0,0.0,0.08557457212713937,46.0,143.0,80.71780436312456,0.0,98.18688981868898,0.8368200836820083,0.0697350069735007,99.30264993026499,apdf,1434.0,99.0492100168613,0.0,Palma de Mallorca Airport,39.551701,2.73881
LEPP,16.0,16.0,100.0,0.0,0.0,300.0,300.0,89.0,112.75,281.5,341.5,374.0,-1.2466666666666666,-1.1383333333333332,-0.9383333333333334,-0.37583333333333335,-0.29666666666666663,0.0,0.0,0.0,0.0,0.0,0.0,0.0,0.0,0.0,0.0,281.5,374.0,100.0,0.0,100.0,0.0,0.0,14.0,14.0,100.0,0.0,0.0,,,-650.5,-620.25,-573.0,-472.25,-444.6,,,,,,,,,,,,,,,,573.0,650.5,100.0,,92.85714285714286,7.142857142857143,0.0,0.0,nm_inferred,16.0,100.0,,Pamplona Airport,42.77,-1.64633
LERS,67.0,67.0,100.0,0.0,0.0,900.0,900.0,-185.0,39.0,204.0,249.0,290.0,-0.33444444444444443,-0.27666666666666667,-0.22666666666666666,-0.043333333333333335,0.20555555555555555,0.0,0.0,0.0,0.0,0.13333333333333333,0.0,0.0,0.0,0.0,0.08999999999999997,229.0,309.0,83.58208955223881,0.0,100.0,0.0,0.0,68.0,68.0,100.0,0.0,0.0,,,-346.79999999999995,-264.0,-234.0,-74.0,-53.09999999999999,,,,,,,,,,,,,,,,234.0,346.80000000000075,95.58823529411765,,100.0,0.0,0.0,0.0,nm_inferred,68.0,100.0,,Reus Airport,41.147509,1.168354
LESA,4.0,4.0,100.0,0.0,0.0,300.0,300.0,48.00000000000001,106.5,141.5,172.75,224.50000000000003,-0.7483333333333333,-0.5758333333333333,-0.4716666666666667,-0.355,-0.15999999999999992,0.0,0.0,0.0,0.0,0.0,0.0,0.0,0.0,0.0,0.0,141.5,224.50000000000003,100.0,0.0,100.0,0.0,0.0,5.0,5.0,100.0,0.0,0.0,,,-1022.8,-538.0,-506.0,-431.0,-314.0,,,,,,,,,,,,,,,,506.0,1022.8000000000001,100.0,,100.0,0.0,0.0,0.0,nm_inferred,5.0,100.0,,Salamanca Airport,40.952099,-5.50199
LESO,23.0,22.0,95.65217391304348,0.0,0.0,420.0,420.0,199.0,210.25,231.5,267.75,355.00000000000017,-0.8988095238095238,-0.6404761904761904,-0.5869047619047619,-0.5005952380952381,-0.4738095238095238,0.0,0.0,0.0,0.0,0.0,0.0,0.0,0.0,0.0,0.0,231.5,355.00000000000017,100.0,0.0,95.65217391304348,0.0,0.0,24.0,24.0,100.0,0.0,0.0,,,-751.0,-658.25,-556.0,-485.25,-375.5,,,,,,,,,,,,,,,,556.0,751.0,100.0,,95.83333333333333,4.166666666666667,0.0,0.0,nm_inferred,24.0,97.82608695652175,,San Sebastián Airport,43.356499,-1.79061
LEST,105.0,97.0,92.38095238095238,0.0,0.0,900.0,900.0,57.00000000000001,79.0,99.0,124.0,144.0,-0.18533333333333332,-0.13777777777777778,-0.11,-0.08777777777777777,-0.06533333333333334,0.0,0.0,0.0,0.0,0.0,0.0,0.0,0.0,0.0,0.0,99.0,144.0,100.0,0.0,84.76190476190476,7.619047619047619,0.0,106.0,98.0,92.45283018867924,0.0,0.0,,,-205.3,-184.75,-165.0,-157.0,-148.7,,,,,,,,,,,,,,,,165.0,205.3,100.0,,85.84905660377359,6.60377358490566,0.0,0.0,nm_inferred,106.0,92.41689128481582,,Santiago-Rosalía de Castro Airport,42.896301,-8.41514
LESU,4.0,4.0,100.0,0.0,0.0,300.0,300.0,286.5,410.25,536.5,620.25,667.5,-2.225,-2.0675,-1.7883333333333333,-1.3675,-0.9549999999999998,0.0,0.0,0.0,0.0,0.0,0.0,0.0,0.0,0.0,0.0,536.5,667.5,100.0,0.0,100.0,0.0,0.0,2.0,2.0,100.0,0.0,0.0,,,-738.5,-719.75,-688.5,-657.25,-638.5,,,,,,,,,,,,,,,,688.5,738.5,100.0,,100.0,0.0,0.0,0.0,nm_inferred,4.0,100.0,,Pirineus - la Seu d'Urgel Airport,42.3386,1.40917
LEVC,355.0,353.0,99.43661971830986,0.0,99.43661971830986,659.0,559.0,-371.4,-200.0,-35.0,-13.0,4.400000000000034,-0.009202138367593428,0.02009273570324575,0.06069802731411229,0.32051282051282054,0.6130495186253403,0.0,0.047619047619047616,0.10526315789473684,0.23076923076923078,0.3740740740740741,0.0,0.02032520325203252,0.04008016032064128,0.08856682769726248,0.15727739726027398,85.0,419.0000000000001,14.44759206798867,0.0,97.74647887323944,1.408450704225352,0.28169014084507044,357.0,354.0,99.15966386554622,0.0,98.8795518207283,214.0,151.0,33.60000000000001,46.0,55.0,72.0,135.7,0.12582093311981574,0.1921651376146789,0.27238433502797316,0.39725378787878785,0.5625,0.16666666666666666,0.2222222222222222,0.3333333333333333,0.4,0.5571428571428575,0.08444350248274192,0.1252248201438849,0.18518518518518517,0.25824306630163074,0.3274895724713243,55.0,136.0,1.1299435028248588,0.0,96.63865546218487,2.5210084033613445,0.0,99.43661971830986,apdf,357.0,99.29814179192803,0.11184215109422606,Valencia Airport,39.489162,-0.480961
LEVD,4.0,4.0,100.0,0.0,0.0,300.0,300.0,146.0,186.5,341.5,520.25,603.5,-2.0116666666666667,-1.7341666666666669,-1.1383333333333334,-0.6216666666666667,-0.4866666666666666,0.0,0.0,0.0,0.0,0.0,0.0,0.0,0.0,0.0,0.0,341.5,603.5,100.0,0.0,100.0,0.0,0.0,4.0,4.0,100.0,0.0,0.0,,,-728.2,-568.0,-470.0,-418.75,-342.7,,,,,,,,,,,,,,,,470.0,728.2,100.0,,100.0,0.0,0.0,0.0,nm_inferred,4.0,100.0,,Valladolid Airport,41.7061,-4.85194
LEVT,39.0,39.0,100.0,0.0,0.0,600.0,600.0,159.0,179.0,224.0,254.0,285.0,-0.475,-0.42333333333333334,-0.37333333333333335,-0.29833333333333334,-0.265,0.0,0.0,0.0,0.0,0.0,0.0,0.0,0.0,0.0,0.0,224.0,285.0,100.0,0.0,100.0,0.0,0.0,39.0,39.0,100.0,0.0,0.0,,,-594.0,-491.5,-398.0,-336.5,-296.99999999999994,,,,,,,,,,,,,,,,398.0,594.0000000000003,100.0,,100.0,0.0,0.0,0.0,nm_inferred,39.0,100.0,,Vitoria Airport,42.882801,-2.72447
LEVX,36.0,35.0,97.22222222222223,0.0,0.0,300.0,300.0,124.0,131.5,154.0,169.0,179.0,-0.6133333333333333,-0.5633333333333334,-0.49666666666666665,-0.41333333333333333,-0.31539682539682534,0.0,0.0,0.0,0.0,0.0,0.0,0.0,0.0,0.0,0.0,154.0,179.0,100.0,0.0,97.22222222222223,0.0,0.0,40.0,39.0,97.5,0.0,0.0,,,-527.4,-430.0,-394.0,-370.5,-347.0,,,,,,,,,,,,,,,,394.0,527.4000000000001,100.0,,97.5,0.0,0.0,0.0,nm_inferred,40.0,97.36111111111111,,Vigo Airport,42.2318,-8.62677
LEXJ,39.0,39.0,100.0,0.0,0.0,300.0,300.0,201.0,229.0,249.0,279.0,347.00000000000006,-1.1966666666666668,-0.9299999999999999,-0.83,-0.7050000000000001,-0.5966666666666663,0.0,0.0,0.0,0.0,0.0,0.0,0.0,0.0,0.0,0.0,249.0,347.00000000000006,100.0,0.0,100.0,0.0,0.0,37.0,37.0,100.0,0.0,0.0,,,-866.6,-681.0,-613.0,-522.0,-483.0,,,,,,,,,,,,,,,,613.0,866.5999999999999,100.0,,100.0,0.0,0.0,0.0,nm_inferred,39.0,100.0,,Seve Ballesteros-Santander Airport,43.427101,-3.82001
LEZG,35.0,35.0,100.0,0.0,0.0,780.0,571.0,-325.0,79.0,519.0,581.5,623.0,-1.9766666666666666,-1.0570370370370372,-0.5877777777777777,-0.10051282051282051,0.5464957264957266,0.0,0.0,0.0,0.0,0.03333333333333333,0.0,0.0,0.0,0.0,0.011111111111111112,524.0,623.0,80.0,0.0,88.57142857142857,11.428571428571429,0.0,39.0,39.0,100.0,0.0,0.0,,,-874.2,-845.0,-717.0,194.5,738.4000000000001,,,,,,,,,,,,,,,,751.0,912.8000000000001,69.23076923076923,,71.7948717948718,28.205128205128204,0.0,0.0,nm_inferred,39.0,100.0,,Zaragoza Airport,41.666199,-1.04155
LEZL,273.0,273.0,100.0,0.0,99.63369963369964,545.0,289.0,-675.4,-537.0,-354.0,-209.0,-7.399999999999977,0.021191093275367178,0.37466666666666665,0.6617842876165113,0.9330306469920545,1.1119533527696792,0.008000000000000115,0.12903225806451613,0.23529411764705882,0.32,0.4435555555555556,0.0026954177897574507,0.05102040816326531,0.1016260162601626,0.14824797843665768,0.21703078808854284,354.0,675.4000000000001,9.157509157509157,0.0,97.8021978021978,2.197802197802198,0.0,276.0,276.0,100.0,0.0,99.27536231884058,196.5,150.0,-11.0,1.75,7.0,137.0,176.5,-0.053281499627223346,0.007360177136296539,0.04176356589147287,0.7876899895178198,0.9939311120935653,0.0,0.1111111111111111,0.16666666666666666,0.3333333333333333,0.5714285714285714,0.0,0.019705882352941177,0.04683866438506428,0.10389819587628865,0.18954315135665253,13.5,176.5,22.82608695652174,0.0,95.28985507246377,4.3478260869565215,0.36231884057971014,99.63369963369964,apdf,276.0,100.0,0.07423234032261344,Seville Airport,37.417999,-5.89311
LFAC,2.0,2.0,100.0,0.0,0.0,300.0,300.0,94.8,118.5,158.0,197.5,221.2,-0.7373333333333334,-0.6583333333333333,-0.5266666666666666,-0.395,-0.31599999999999995,0.0,0.0,0.0,0.0,0.0,0.0,0.0,0.0,0.0,0.0,158.0,221.2,100.0,0.0,50.0,50.0,0.0,2.0,2.0,100.0,0.0,0.0,,,-362.1,-357.75,-350.5,-343.25,-338.9,,,,,,,,,,,,,,,,350.5,362.1,100.0,,100.0,0.0,0.0,0.0,nm_inferred,2.0,100.0,,Calais Marck Airport,50.962101,1.95476
LFAQ,1.0,1.0,100.0,0.0,0.0,300.0,40.0,-5516.0,-5516.0,-5516.0,-5516.0,-5516.0,18.386666666666667,18.386666666666667,18.386666666666667,18.386666666666667,18.386666666666667,1.0,1.0,1.0,1.0,1.0,0.6666666666666666,0.6666666666666666,0.6666666666666666,0.6666666666666666,0.6666666666666666,5516.0,5516.0,0.0,0.0,100.0,0.0,0.0,1.0,1.0,100.0,0.0,0.0,,,613.0,613.0,613.0,613.0,613.0,,,,,,,,,,,,,,,,613.0,613.0,0.0,,100.0,0.0,0.0,0.0,nm_inferred,1.0,100.0,,Albert Bray airport,49.970049,2.693939
LFAT,3.0,2.0,66.66666666666667,0.0,0.0,300.0,450.0,12.5,17.75,26.5,35.25,40.5,-0.1335,-0.11375,-0.08083333333333333,-0.04791666666666666,-0.028166666666666663,0.0,0.0,0.0,0.0,0.0,0.0,0.0,0.0,0.0,0.0,26.5,40.5,100.0,0.0,66.66666666666667,0.0,0.0,2.0,2.0,100.0,0.0,0.0,,,-377.1,-363.75,-341.5,-319.25,-305.9,,,,,,,,,,,,,,,,341.5,377.1,100.0,,100.0,0.0,0.0,0.0,nm_inferred,3.0,83.33333333333334,,Le Touquet-Côte d'Opale Airport,50.518284,1.621656
LFBA,1.0,1.0,100.0,0.0,0.0,300.0,300.0,78.0,78.0,78.0,78.0,78.0,-0.26,-0.26,-0.26,-0.26,-0.26,0.0,0.0,0.0,0.0,0.0,0.0,0.0,0.0,0.0,0.0,78.0,78.0,100.0,0.0,100.0,0.0,0.0,1.0,1.0,100.0,0.0,0.0,,,-237.0,-237.0,-237.0,-237.0,-237.0,,,,,,,,,,,,,,,,237.0,237.0,100.0,,100.0,0.0,0.0,0.0,nm_inferred,1.0,100.0,,Agen La Garenne airport,44.174171,0.59309
LFBD,225.0,223.0,99.11111111111111,0.0,0.0,480.0,480.0,9.0,19.0,34.0,49.0,59.0,-0.12291666666666666,-0.10104166666666667,-0.07083333333333333,-0.03888888888888889,-0.01875,0.0,0.0,0.0,0.0,0.0,0.0,0.0,0.0,0.0,0.0,34.0,59.0,98.20627802690584,0.0,97.33333333333333,0.8888888888888888,0.8888888888888888,218.0,216.0,99.08256880733946,0.0,0.0,,,-57.5,-43.0,-24.5,-12.0,-4.5,,,,,,,,,,,,,,,,24.5,57.5,94.9074074074074,,97.24770642201835,1.3761467889908257,0.45871559633027525,0.0,nm_inferred,225.0,99.09683995922529,,Bordeaux–Mérignac Airport,44.82865,-0.715356
LFBE,16.0,16.0,100.0,0.0,0.0,750.0,900.0,49.0,64.0,76.5,90.25,96.5,-0.21333333333333335,-0.20166666666666666,-0.11,-0.09888888888888889,-0.07888888888888888,0.0,0.0,0.0,0.0,0.0,0.0,0.0,0.0,0.0,0.0,76.5,96.5,100.0,0.0,100.0,0.0,0.0,16.0,16.0,100.0,0.0,0.0,,,-426.0,-212.75,-143.5,-117.0,-104.0,,,,,,,,,,,,,,,,143.5,426.0,100.0,,100.0,0.0,0.0,0.0,nm_inferred,16.0,100.0,,Bergerac Dordogne-Périgord airport,44.825298,0.518611
LFBF,1.0,1.0,100.0,0.0,0.0,600.0,600.0,4.0,4.0,4.0,4.0,4.0,-0.006666666666666667,-0.006666666666666667,-0.006666666666666667,-0.006666666666666667,-0.006666666666666667,0.0,0.0,0.0,0.0,0.0,0.0,0.0,0.0,0.0,0.0,4.0,4.0,100.0,0.0,100.0,0.0,0.0,,,,,,,,,,,,,,,,,,,,,,,,,,,,,,,,,,,0.0,nm_inferred,1.0,100.0,,Toulouse-Francazal (BA 101) Air Base,43.545601,1.3675
LFBH,13.0,13.0,100.0,0.0,0.0,720.0,720.0,44.0,49.0,69.0,84.0,97.0,-0.20029166666666665,-0.12416666666666668,-0.09930555555555556,-0.08888888888888889,-0.07013888888888888,0.0,0.0,0.0,0.0,0.0,0.0,0.0,0.0,0.0,0.0,69.0,97.0,100.0,0.0,100.0,0.0,0.0,14.0,14.0,100.0,0.0,0.0,,,-680.4,-629.0,-503.0,-472.75,-429.99999999999994,,,,,,,,,,,,,,,,503.0,680.4,100.0,,100.0,0.0,0.0,0.0,nm_inferred,14.0,100.0,,La Rochelle Île de Ré Airport,46.179199,-1.19528
LFBI,3.0,3.0,100.0,0.0,0.0,300.0,300.0,170.0,186.5,214.0,264.0,294.0,-0.98,-0.88,-0.7133333333333334,-0.44500000000000006,-0.284,0.0,0.0,0.0,0.0,0.0,0.0,0.0,0.0,0.0,0.0,214.0,294.0,100.0,0.0,100.0,0.0,0.0,3.0,3.0,100.0,0.0,0.0,,,-760.8,-609.0,-356.0,-354.0,-352.8,,,,,,,,,,,,,,,,356.0,760.8000000000001,100.0,,100.0,0.0,0.0,0.0,nm_inferred,3.0,100.0,,Poitiers-Biard Airport,46.5877,0.306666
LFBL,16.0,12.0,75.0,0.0,0.0,900.0,900.0,209.5,217.75,236.5,255.25,263.5,-0.6713333333333333,-0.2891666666666667,-0.27666666666666667,-0.25166666666666665,-0.23333333333333334,0.0,0.0,0.0,0.0,0.0,0.0,0.0,0.0,0.0,0.0,236.5,263.5,100.0,0.0,75.0,0.0,0.0,16.0,12.0,75.0,0.0,0.0,,,-708.9,-612.0,-565.0,-501.75,-494.7,,,,,,,,,,,,,,,,565.0,708.9000000000001,100.0,,75.0,0.0,0.0,0.0,nm_inferred,16.0,75.0,,Limoges Airport,45.862801,1.17944
LFBO,293.0,292.0,99.65870307167235,0.0,96.24573378839591,600.0,540.0,-116.0,-57.25,4.0,34.0,49.0,-0.09983333333333333,-0.057317927170868345,-0.008333333333333333,0.10625,0.2227777777777782,0.0,0.0,0.0,0.1,0.16666666666666666,0.0,0.0,0.0,0.03425925925925926,0.06648148148148154,39.0,130.00000000000034,52.73972602739726,0.0,98.63481228668942,0.6825938566552902,0.3412969283276451,291.0,290.0,99.65635738831615,0.0,95.87628865979381,240.0,216.0,-16.0,-1.0,19.0,44.0,89.50000000000011,-0.08972222222222222,-0.005208333333333334,0.07777777777777778,0.18888888888888888,0.3404166666666671,0.0,0.0,0.125,0.25,0.3333333333333333,0.0,0.0,0.04464285714285714,0.09114583333333333,0.1569444444444446,24.0,94.0,28.275862068965516,0.0,98.28178694158076,0.0,1.3745704467353952,96.24573378839591,apdf,293.0,99.65753022999425,0.022244984426338,Toulouse-Blagnac Airport,43.629101,1.36382
LFBP,22.0,22.0,100.0,0.0,0.0,600.0,600.0,50.5,74.0,119.0,181.5,233.5,-0.38916666666666666,-0.3025,-0.21083333333333332,-0.12333333333333334,-0.08416666666666661,0.0,0.0,0.0,0.0,0.0,0.0,0.0,0.0,0.0,0.0,119.0,233.5,100.0,0.0,100.0,0.0,0.0,22.0,22.0,100.0,0.0,0.0,,,-188.2,-159.75,-132.5,-99.5,-26.99999999999985,,,,,,,,,,,,,,,,132.5,188.20000000000002,90.9090909090909,,100.0,0.0,0.0,0.0,nm_inferred,22.0,100.0,,Pau Pyrénées Airport,43.380001,-0.418611
LFBT,23.0,23.0,100.0,0.0,0.0,600.0,600.0,7.000000000000003,31.5,49.0,59.0,69.0,-0.10500000000000001,-0.09166666666666667,-0.08166666666666667,-0.04055555555555555,-0.01166666666666665,0.0,0.0,0.0,0.0,0.0,0.0,0.0,0.0,0.0,0.0,49.0,73.0,95.65217391304348,0.0,100.0,0.0,0.0,22.0,22.0,100.0,0.0,0.0,,,-16.8,-8.75,3.5,9.5,12.900000000000002,,,,,,,,,,,,,,,,9.5,18.800000000000004,45.45454545454545,,95.45454545454545,4.545454545454546,0.0,0.0,nm_inferred,23.0,100.0,,Tarbes-Lourdes-Pyrénées Airport,43.178699,-0.006439
LFBZ,55.0,55.0,100.0,0.0,0.0,480.0,480.0,126.0,141.5,179.0,209.0,229.0,-0.4653333333333333,-0.4302083333333333,-0.3625,-0.2480324074074074,-0.18666666666666665,0.0,0.0,0.0,0.0,0.0,0.0,0.0,0.0,0.0,0.0,179.0,229.0,100.0,0.0,98.18181818181819,1.8181818181818181,0.0,57.0,57.0,100.0,0.0,0.0,,,-292.8,-260.0,-243.0,-223.0,-202.6,,,,,,,,,,,,,,,,243.0,292.8,100.0,,100.0,0.0,0.0,0.0,nm_inferred,57.0,100.0,,Biarritz Pays Basque airport,43.468372,-1.523223
LFCH,1.0,1.0,100.0,0.0,0.0,600.0,600.0,9.0,9.0,9.0,9.0,9.0,-0.015,-0.015,-0.015,-0.015,-0.015,0.0,0.0,0.0,0.0,0.0,0.0,0.0,0.0,0.0,0.0,9.0,9.0,100.0,0.0,100.0,0.0,0.0,,,,,,,,,,,,,,,,,,,,,,,,,,,,,,,,,,,0.0,nm_inferred,1.0,100.0,,Aérodrome d'Arcachon-La Teste-de-Buch,44.596401,-1.11083
LFCI,1.0,1.0,100.0,0.0,0.0,600.0,600.0,9.0,9.0,9.0,9.0,9.0,-0.015,-0.015,-0.015,-0.015,-0.015,0.0,0.0,0.0,0.0,0.0,0.0,0.0,0.0,0.0,0.0,9.0,9.0,100.0,0.0,100.0,0.0,0.0,1.0,1.0,100.0,0.0,0.0,,,-8.0,-8.0,-8.0,-8.0,-8.0,,,,,,,,,,,,,,,,8.0,8.0,100.0,,100.0,0.0,0.0,0.0,nm_inferred,1.0,100.0,,Albi Le Sequestre airport,43.913898,2.11306
LFCK,4.0,4.0,100.0,0.0,0.0,300.0,300.0,-0.4999999999999982,15.25,26.5,29.0,29.0,-0.09666666666666666,-0.09666666666666666,-0.08833333333333333,-0.050833333333333335,0.0016666666666666843,0.0,0.0,0.0,0.025,0.07000000000000002,0.0,0.0,0.0,0.008333333333333333,0.023333333333333338,26.5,29.0,75.0,0.0,100.0,0.0,0.0,4.0,4.0,100.0,0.0,0.0,,,-37.4,-32.0,-20.5,-11.0,-9.2,,,,,,,,,,,,,,,,20.5,37.400000000000006,100.0,,100.0,0.0,0.0,0.0,nm_inferred,4.0,100.0,,Castres Mazamet Airport,43.556301,2.28918
LFCR,9.0,9.0,100.0,0.0,0.0,300.0,300.0,62.0,69.0,74.0,89.0,99.0,-0.30333333333333334,-0.2966666666666667,-0.24666666666666667,-0.18,-0.1462222222222222,0.0,0.0,0.0,0.0,0.0,0.0,0.0,0.0,0.0,0.0,74.0,99.0,100.0,0.0,100.0,0.0,0.0,10.0,10.0,100.0,0.0,0.0,,,-133.8,-127.5,-101.0,-97.75,-41.7,,,,,,,,,,,,,,,,101.0,133.8,100.0,,100.0,0.0,0.0,0.0,nm_inferred,10.0,100.0,,Rodez–Aveyron Airport,44.407902,2.48267
LFEC,5.0,0.0,0.0,0.0,0.0,300.0,,,,,,,,,,,,,,,,,,,,,,,,,,0.0,0.0,0.0,6.0,0.0,0.0,0.0,0.0,,,,,,,,,,,,,,,,,,,,,,,,,,,0.0,0.0,0.0,0.0,nm_inferred,6.0,0.0,,Ouessant Airport,48.4632,-5.06358
LFGA,2.0,1.0,50.0,0.0,0.0,600.0,600.0,54.0,54.0,54.0,54.0,54.0,-0.09,-0.09,-0.09,-0.09,-0.09,0.0,0.0,0.0,0.0,0.0,0.0,0.0,0.0,0.0,0.0,54.0,54.0,100.0,0.0,50.0,0.0,0.0,1.0,1.0,100.0,0.0,0.0,,,-27.0,-27.0,-27.0,-27.0,-27.0,,,,,,,,,,,,,,,,27.0,27.0,100.0,,100.0,0.0,0.0,0.0,nm_inferred,2.0,75.0,,Colmar Houssen airport,48.109901,7.35901
LFGF,1.0,1.0,100.0,0.0,0.0,600.0,600.0,440.0,440.0,440.0,440.0,440.0,-0.7333333333333333,-0.7333333333333333,-0.7333333333333333,-0.7333333333333333,-0.7333333333333333,0.0,0.0,0.0,0.0,0.0,0.0,0.0,0.0,0.0,0.0,440.0,440.0,100.0,0.0,100.0,0.0,0.0,,,,,,,,,,,,,,,,,,,,,,,,,,,,,,,,,,,0.0,nm_inferred,1.0,100.0,,Beaune-Challanges Airfield,47.005901,4.89342
LFHP,3.0,3.0,100.0,0.0,0.0,180.0,180.0,170.0,179.0,194.0,201.5,206.0,-1.1444444444444446,-1.1194444444444445,-1.0777777777777777,-0.9944444444444445,-0.9444444444444444,0.0,0.0,0.0,0.0,0.0,0.0,0.0,0.0,0.0,0.0,194.0,206.0,100.0,0.0,100.0,0.0,0.0,3.0,3.0,100.0,0.0,0.0,,,-123.8,-117.5,-107.0,-100.5,-96.6,,,,,,,,,,,,,,,,107.0,123.8,100.0,,100.0,0.0,0.0,0.0,nm_inferred,3.0,100.0,,Le Puy-Loudes Airfield,45.0807,3.76289
LFHS,1.0,1.0,100.0,0.0,0.0,600.0,192.0,-408.0,-408.0,-408.0,-408.0,-408.0,0.68,0.68,0.68,0.68,0.68,0.7,0.7,0.7,0.7,0.7,0.675,0.675,0.675,0.675,0.675,408.0,408.0,0.0,0.0,100.0,0.0,0.0,,,,,,,,,,,,,,,,,,,,,,,,,,,,,,,,,,,0.0,nm_inferred,1.0,100.0,,Bourg-Ceyzériat Airfield,46.200901,5.29203
LFJL,5.0,4.0,80.0,0.0,0.0,300.0,450.0,23.5,30.25,44.0,56.5,61.0,-0.20333333333333334,-0.18833333333333332,-0.11833333333333332,-0.050416666666666665,-0.03916666666666666,0.0,0.0,0.0,0.0,0.0,0.0,0.0,0.0,0.0,0.0,44.0,61.0,100.0,0.0,80.0,0.0,0.0,5.0,5.0,100.0,0.0,0.0,,,-37.6,-31.0,-30.0,-21.0,-14.399999999999999,,,,,,,,,,,,,,,,30.0,37.6,100.0,,100.0,0.0,0.0,0.0,nm_inferred,5.0,90.0,,Metz-Nancy-Lorraine Airport,48.982101,6.25132
LFJR,1.0,1.0,100.0,0.0,0.0,600.0,600.0,39.0,39.0,39.0,39.0,39.0,-0.065,-0.065,-0.065,-0.065,-0.065,0.0,0.0,0.0,0.0,0.0,0.0,0.0,0.0,0.0,0.0,39.0,39.0,100.0,0.0,100.0,0.0,0.0,2.0,2.0,100.0,0.0,0.0,,,-102.9,-92.25,-74.5,-56.75,-46.1,,,,,,,,,,,,,,,,74.5,102.9,100.0,,100.0,0.0,0.0,0.0,nm_inferred,2.0,100.0,,Angers Marcé airport,47.560299,-0.312222
LFKB,84.0,83.0,98.80952380952381,0.0,0.0,360.0,360.0,94.0,129.0,159.0,219.0,258.0,-0.7055555555555556,-0.5479166666666666,-0.43166666666666664,-0.34444444444444444,-0.25000000000000006,0.0,0.0,0.0,0.0,0.0,0.0,0.0,0.0,0.0,0.0,159.0,258.0,100.0,0.0,98.80952380952381,0.0,0.0,84.0,83.0,98.80952380952381,0.0,0.0,,,-492.8,-365.0,-321.0,-266.5,-221.60000000000002,,,,,,,,,,,,,,,,321.0,492.8,100.0,,97.61904761904762,1.1904761904761905,0.0,0.0,nm_inferred,84.0,98.80952380952381,,Bastia-Poretta International airport,42.5527,9.48373
LFKC,26.0,26.0,100.0,0.0,0.0,360.0,360.0,34.0,40.25,59.0,69.0,96.5,-0.2680555555555556,-0.19166666666666668,-0.15208333333333335,-0.11555555555555555,-0.09555555555555556,0.0,0.0,0.0,0.0,0.0,0.0,0.0,0.0,0.0,0.0,59.0,96.5,100.0,0.0,100.0,0.0,0.0,27.0,27.0,100.0,0.0,0.0,,,-149.6,-93.5,-51.0,-38.0,-24.39999999999999,,,,,,,,,,,,,,,,65.0,164.20000000000005,96.29629629629629,,96.29629629629629,3.7037037037037037,0.0,0.0,nm_inferred,27.0,100.0,,Calvi Sainte Catherine Airport,42.530422,8.792984
LFKF,61.0,61.0,100.0,0.0,0.0,600.0,600.0,119.0,149.0,174.0,199.0,249.0,-0.415,-0.33166666666666667,-0.29,-0.22333333333333333,-0.18928571428571428,0.0,0.0,0.0,0.0,0.0,0.0,0.0,0.0,0.0,0.0,174.0,249.0,100.0,0.0,98.36065573770492,0.0,1.639344262295082,65.0,65.0,100.0,0.0,0.0,,,-492.6,-247.0,-191.0,-145.0,-81.4,,,,,,,,,,,,,,,,191.0,492.6,100.0,,96.92307692307692,3.076923076923077,0.0,0.0,nm_inferred,65.0,100.0,,Figari Sud-Corse Airport,41.50185,9.097092
LFKJ,78.0,78.0,100.0,0.0,0.0,300.0,300.0,52.5,64.0,84.0,102.75,114.0,-0.36833333333333335,-0.33,-0.2633333333333333,-0.20436507936507936,-0.1528888888888889,0.0,0.0,0.0,0.0,0.0,0.0,0.0,0.0,0.0,0.0,84.0,114.0,100.0,0.0,98.71794871794872,1.2820512820512822,0.0,80.0,80.0,100.0,0.0,0.0,,,-154.1,-138.0,-121.5,-107.75,-96.89999999999999,,,,,,,,,,,,,,,,121.5,154.10000000000002,100.0,,100.0,0.0,0.0,0.0,nm_inferred,80.0,100.0,,Ajaccio Napoléon Bonaparte airport,41.923599,8.80292
LFLA,1.0,1.0,100.0,0.0,0.0,600.0,600.0,299.0,299.0,299.0,299.0,299.0,-0.49833333333333335,-0.49833333333333335,-0.49833333333333335,-0.49833333333333335,-0.49833333333333335,0.0,0.0,0.0,0.0,0.0,0.0,0.0,0.0,0.0,0.0,299.0,299.0,100.0,0.0,100.0,0.0,0.0,1.0,1.0,100.0,0.0,0.0,,,-906.0,-906.0,-906.0,-906.0,-906.0,,,,,,,,,,,,,,,,906.0,906.0,100.0,,100.0,0.0,0.0,0.0,nm_inferred,1.0,100.0,,Auxerre Branches airport,47.850201,3.49711
LFLB,5.0,5.0,100.0,0.0,0.0,300.0,300.0,61.0,79.0,84.0,104.0,107.0,-0.3566666666666667,-0.3466666666666667,-0.28,-0.2633333333333333,-0.2033333333333333,0.0,0.0,0.0,0.0,0.0,0.0,0.0,0.0,0.0,0.0,84.0,107.0,100.0,0.0,100.0,0.0,0.0,8.0,8.0,100.0,0.0,0.0,,,-307.5,-183.0,-155.0,-146.25,-140.4,,,,,,,,,,,,,,,,155.0,307.49999999999994,100.0,,100.0,0.0,0.0,0.0,nm_inferred,8.0,100.0,,Chambéry Aix les Bains airport,45.6381,5.88023
LFLC,18.0,18.0,100.0,0.0,0.0,480.0,480.0,101.0,109.0,119.0,134.0,163.5,-0.34062499999999996,-0.2765625,-0.22708333333333333,-0.20104166666666667,-0.15258333333333332,0.0,0.0,0.0,0.0,0.0,0.0,0.0,0.0,0.0,0.0,119.0,163.5,100.0,0.0,94.44444444444444,5.555555555555555,0.0,21.0,21.0,100.0,0.0,0.0,,,-230.0,-201.0,-179.0,-160.0,-141.0,,,,,,,,,,,,,,,,179.0,230.0,100.0,,90.47619047619048,9.523809523809524,0.0,0.0,nm_inferred,21.0,100.0,,Clermont-Ferrand Auvergne airport,45.786701,3.16917
LFLD,1.0,1.0,100.0,0.0,0.0,600.0,600.0,234.0,234.0,234.0,234.0,234.0,-0.39,-0.39,-0.39,-0.39,-0.39,0.0,0.0,0.0,0.0,0.0,0.0,0.0,0.0,0.0,0.0,234.0,234.0,100.0,0.0,100.0,0.0,0.0,1.0,1.0,100.0,0.0,0.0,,,-600.0,-600.0,-600.0,-600.0,-600.0,,,,,,,,,,,,,,,,600.0,600.0,100.0,,100.0,0.0,0.0,0.0,nm_inferred,1.0,100.0,,Bourges airport,47.060158,2.369633
LFLH,1.0,1.0,100.0,0.0,0.0,600.0,373.0,-227.0,-227.0,-227.0,-227.0,-227.0,0.37833333333333335,0.37833333333333335,0.37833333333333335,0.37833333333333335,0.37833333333333335,0.4,0.4,0.4,0.4,0.4,0.35,0.35,0.35,0.35,0.35,227.0,227.0,0.0,0.0,100.0,0.0,0.0,1.0,1.0,100.0,0.0,0.0,,,181.0,181.0,181.0,181.0,181.0,,,,,,,,,,,,,,,,181.0,181.0,0.0,,100.0,0.0,0.0,0.0,nm_inferred,1.0,100.0,,Chalon Champforgeuil Airfield,46.825813,4.817646
LFLI,5.0,5.0,100.0,0.0,0.0,600.0,600.0,115.80000000000001,165.0,253.0,333.0,508.8,-0.848,-0.555,-0.4216666666666667,-0.275,-0.193,0.0,0.0,0.0,0.0,0.0,0.0,0.0,0.0,0.0,0.0,253.0,508.8,100.0,0.0,100.0,0.0,0.0,6.0,6.0,100.0,0.0,0.0,,,-243.5,-209.75,-153.5,-119.75,-83.5,,,,,,,,,,,,,,,,153.5,243.5,100.0,,100.0,0.0,0.0,0.0,nm_inferred,6.0,100.0,,Annemasse Airfield,46.192001,6.26839
LFLL,411.0,406.0,98.78345498783455,0.0,97.5669099756691,660.0,122.0,-798.5,-699.75,-581.0,-426.0,-313.5,0.495,0.7981481481481482,0.9192592592592592,0.9897321428571428,1.1710714285714285,0.46862745098039216,0.625,0.8100961538461539,0.9444444444444444,1.0,0.4083333333333333,0.5130876068376068,0.6512784090909091,0.7578525641025641,0.8333333333333334,581.0,798.5,0.0,1.9704433497536946,96.35036496350365,2.4330900243309004,0.0,408.0,402.0,98.52941176470588,0.0,99.75490196078431,240.0,15.0,199.0,224.0,274.0,342.75,413.50000000000017,0.9125,1.0166666666666666,1.1222222222222222,1.225,1.3555555555555556,0.875,1.0,1.0,1.0,1.0,0.6071428571428571,0.7083333333333334,0.8333333333333334,0.9166666666666666,0.9722222222222222,274.0,413.50000000000017,0.0,17.705735660847882,95.83333333333333,2.696078431372549,0.0,99.75490196078431,apdf,411.0,98.65643337627021,0.7323324972805285,Lyon Saint-Exupéry Airport,45.725996,5.090139
LFLO,1.0,1.0,100.0,0.0,0.0,600.0,600.0,74.0,74.0,74.0,74.0,74.0,-0.12333333333333334,-0.12333333333333334,-0.12333333333333334,-0.12333333333333334,-0.12333333333333334,0.0,0.0,0.0,0.0,0.0,0.0,0.0,0.0,0.0,0.0,74.0,74.0,100.0,0.0,100.0,0.0,0.0,1.0,1.0,100.0,0.0,0.0,,,-243.0,-243.0,-243.0,-243.0,-243.0,,,,,,,,,,,,,,,,243.0,243.0,100.0,,100.0,0.0,0.0,0.0,nm_inferred,1.0,100.0,,Roanne-Renaison Airport,46.053818,3.999023
LFLS,3.0,3.0,100.0,0.0,0.0,600.0,600.0,41.0,44.0,49.0,49.0,49.0,-0.08166666666666667,-0.08166666666666667,-0.08166666666666667,-0.07333333333333333,-0.06833333333333333,0.0,0.0,0.0,0.0,0.0,0.0,0.0,0.0,0.0,0.0,49.0,49.0,100.0,0.0,100.0,0.0,0.0,3.0,3.0,100.0,0.0,0.0,,,-58.0,-56.5,-54.0,280.5,481.20000000000005,,,,,,,,,,,,,,,,59.0,503.8,66.66666666666667,,100.0,0.0,0.0,0.0,nm_inferred,3.0,100.0,,Grenoble Alpes Isère Airport,45.3629,5.32937
LFLU,2.0,2.0,100.0,0.0,0.0,600.0,600.0,16.5,20.25,26.5,32.75,36.5,-0.060833333333333336,-0.05458333333333333,-0.044166666666666674,-0.03375,-0.0275,0.0,0.0,0.0,0.0,0.0,0.0,0.0,0.0,0.0,0.0,26.5,36.5,100.0,0.0,100.0,0.0,0.0,3.0,3.0,100.0,0.0,0.0,,,-3.799999999999999,8.5,29.0,56.5,73.0,,,,,,,,,,,,,,,,29.0,73.0,33.333333333333336,,100.0,0.0,0.0,0.0,nm_inferred,3.0,100.0,,Valence-Chabeuil Airport,44.9216,4.9699
LFLW,4.0,0.0,0.0,0.0,0.0,600.0,,,,,,,,,,,,,,,,,,,,,,,,,,0.0,0.0,0.0,4.0,0.0,0.0,0.0,0.0,,,,,,,,,,,,,,,,,,,,,,,,,,,0.0,0.0,0.0,0.0,nm_inferred,4.0,0.0,,Aurillac airport,44.891399,2.42194
LFLX,2.0,2.0,100.0,0.0,0.0,600.0,600.0,191.5,195.25,201.5,207.75,211.5,-0.35250000000000004,-0.34625,-0.3358333333333333,-0.3254166666666667,-0.31916666666666665,0.0,0.0,0.0,0.0,0.0,0.0,0.0,0.0,0.0,0.0,201.5,211.5,100.0,0.0,100.0,0.0,0.0,4.0,4.0,100.0,0.0,0.0,,,-768.4,-704.5,-636.0,-579.75,-537.9,,,,,,,,,,,,,,,,636.0,768.4,100.0,,100.0,0.0,0.0,0.0,nm_inferred,4.0,100.0,,Châteauroux Déols airport,46.860221,1.728326
LFLY,15.0,15.0,100.0,0.0,0.0,600.0,184.0,-3281.2,-883.5,-416.0,-173.5,-120.00000000000001,0.2,0.2891666666666667,0.6933333333333334,1.4725000000000001,9.416666666666663,0.22000000000000003,0.375,0.7,0.875,1.0,0.19,0.23541666666666666,0.425,0.6208333333333333,0.685,416.0,3281.1999999999994,0.0,0.0,93.33333333333333,0.0,6.666666666666667,16.0,16.0,100.0,0.0,0.0,,,169.0,203.0,287.0,419.0,1215.0,,,,,,,,,,,,,,,,287.0,1215.0,0.0,,87.5,6.25,6.25,0.0,nm_inferred,16.0,100.0,,Lyon Bron Airport,45.727947,4.943991
LFMD,65.0,63.0,96.92307692307692,0.0,0.0,600.0,600.0,-1.0,9.0,24.0,39.0,49.0,-0.08166666666666667,-0.065,-0.04,-0.015,0.0033333333333333335,0.0,0.0,0.0,0.0,0.05,0.0,0.0,0.0,0.0,0.008333333333333333,24.0,49.0,85.71428571428571,0.0,92.3076923076923,1.5384615384615385,3.076923076923077,72.0,70.0,97.22222222222223,0.0,0.0,,,122.3,163.0,199.5,265.75,340.1,,,,,,,,,,,,,,,,200.0,359.8,2.857142857142857,,93.05555555555556,2.7777777777777777,1.3888888888888888,0.0,nm_inferred,72.0,97.07264957264957,,Cannes Mandelieu Airport,43.547998,6.955176
LFMH,2.0,2.0,100.0,0.0,0.0,210.0,210.0,71.0,81.5,99.0,116.5,127.0,-1.0263333333333333,-0.8908333333333334,-0.665,-0.4391666666666667,-0.30366666666666664,0.0,0.0,0.0,0.0,0.0,0.0,0.0,0.0,0.0,0.0,99.0,127.0,100.0,0.0,100.0,0.0,0.0,2.0,2.0,100.0,0.0,0.0,,,-24.5,-17.75,-6.5,4.75,11.5,,,,,,,,,,,,,,,,22.5,27.7,50.0,,100.0,0.0,0.0,0.0,nm_inferred,2.0,100.0,,Saint-Étienne-Bouthéon Airport,45.5406,4.29639
LFMK,15.0,15.0,100.0,0.0,0.0,720.0,720.0,93.0,101.5,104.0,111.5,137.0,-0.2607777777777778,-0.18958333333333333,-0.15138888888888888,-0.14444444444444443,-0.14027777777777778,0.0,0.0,0.0,0.0,0.0,0.0,0.0,0.0,0.0,0.0,104.0,137.0,100.0,0.0,100.0,0.0,0.0,16.0,16.0,100.0,0.0,0.0,,,-286.5,-247.25,-227.5,-205.25,-183.5,,,,,,,,,,,,,,,,227.5,286.5,100.0,,100.0,0.0,0.0,0.0,nm_inferred,16.0,100.0,,Carcassonne Salvaza Airport,43.216,2.30632
LFML,443.0,443.0,100.0,0.0,98.87133182844244,660.0,529.0,-295.0,-206.0,-126.0,24.0,54.0,-0.08181818181818182,-0.03636363636363636,0.19090909090909092,0.3159090909090909,0.45454545454545464,0.0,0.0,0.18181818181818182,0.22727272727272727,0.3181818181818182,0.0,0.0,0.08333333333333333,0.12121212121212122,0.1590909090909091,131.0,306.0,32.7313769751693,0.0,97.06546275395034,2.708803611738149,0.22573363431151242,444.0,444.0,100.0,0.0,99.77477477477478,300.0,191.0,50.50000000000002,84.0,109.0,134.0,174.0,0.16333333333333333,0.28,0.36333333333333334,0.44666666666666666,0.58,0.2,0.3,0.4,0.5,0.5,0.15,0.23333333333333334,0.2833333333333333,0.35,0.4166666666666667,109.0,174.0,0.6756756756756757,0.0,98.87387387387388,1.1261261261261262,0.0,99.77477477477478,apdf,444.0,100.0,0.18333333333333332,Marseille Provence Airport,43.438088,5.2125
LFMN,706.0,699.0,99.0084985835694,0.0,97.16713881019831,660.0,474.0,-507.0,-291.0,-181.0,-81.0,9.0,-0.015,0.13181818181818183,0.2861111111111111,0.4353571428571429,0.7547619047619053,0.0,0.15,0.3076923076923077,0.45454545454545453,0.7,0.0,0.13333333333333333,0.26666666666666666,0.3715034965034965,0.5504166666666668,181.0,512.0000000000002,13.01859799713877,0.0,94.90084985835693,3.2577903682719547,0.8498583569405099,708.0,702.0,99.15254237288136,0.0,99.57627118644068,240.0,15.0,179.0,224.0,274.0,344.0,453.4999999999999,0.8123333333333334,1.019047619047619,1.1966666666666668,1.3555555555555556,1.7066666666666672,0.8333333333333334,1.0,1.0,1.0,1.0,0.4972222222222222,0.5666666666666667,0.625,0.6944444444444444,0.8333333333333334,274.0,469.0,0.7122507122507122,4.434907010014306,94.35028248587571,4.096045197740113,0.7062146892655368,99.57627118644068,apdf,708.0,99.08052047822538,0.4417339871320881,Nice-Côte d'Azur Airport,43.658401,7.21587
LFMP,25.0,25.0,100.0,0.0,0.0,300.0,300.0,27.000000000000007,59.0,129.0,164.0,222.0,-0.7233333333333334,-0.53,-0.3466666666666667,-0.13,-0.05466666666666665,0.0,0.0,0.0,0.0,0.0,0.0,0.0,0.0,0.0,0.0,139.0,233.00000000000003,92.0,0.0,100.0,0.0,0.0,24.0,24.0,100.0,0.0,0.0,,,-386.8,-265.0,-162.0,-61.0,-26.300000000000008,,,,,,,,,,,,,,,,162.0,386.79999999999995,100.0,,100.0,0.0,0.0,0.0,nm_inferred,25.0,100.0,,Perpignan-Rivesaltes (Llabanère) Airport,42.740398,2.87067
LFMQ,2.0,2.0,100.0,0.0,0.0,600.0,600.0,21.5,25.25,31.5,37.75,41.5,-0.06916666666666667,-0.06291666666666666,-0.052500000000000005,-0.042083333333333334,-0.035833333333333335,0.0,0.0,0.0,0.0,0.0,0.0,0.0,0.0,0.0,0.0,31.5,41.5,100.0,0.0,100.0,0.0,0.0,3.0,3.0,100.0,0.0,0.0,,,-81.4,-79.0,-75.0,-43.0,-23.799999999999997,,,,,,,,,,,,,,,,75.0,81.4,100.0,,100.0,0.0,0.0,0.0,nm_inferred,3.0,100.0,,Le Castellet Airport,43.252499,5.78519
LFMT,74.0,74.0,100.0,0.0,0.0,600.0,600.0,52.00000000000001,75.25,99.0,109.0,117.50000000000001,-0.22083333333333333,-0.18166666666666667,-0.165,-0.12541666666666668,-0.08166666666666667,0.0,0.0,0.0,0.0,0.0,0.0,0.0,0.0,0.0,0.0,99.0,117.50000000000001,100.0,0.0,98.64864864864865,1.3513513513513513,0.0,75.0,75.0,100.0,0.0,0.0,,,-314.4,-217.0,-145.0,-100.5,-83.59999999999997,,,,,,,,,,,,,,,,145.0,314.40000000000015,100.0,,100.0,0.0,0.0,0.0,nm_inferred,75.0,100.0,,Montpellier-Méditerranée Airport,43.576199,3.96301
LFMU,12.0,12.0,100.0,0.0,0.0,600.0,600.0,129.5,145.25,154.0,189.0,193.5,-0.5266666666666667,-0.45916666666666667,-0.2583333333333333,-0.21,-0.16999999999999998,0.0,0.0,0.0,0.0,0.0,0.0,0.0,0.0,0.0,0.0,154.0,193.5,100.0,0.0,100.0,0.0,0.0,12.0,12.0,100.0,0.0,0.0,,,-309.4,-289.75,-263.0,-205.75,-145.29999999999998,,,,,,,,,,,,,,,,263.0,309.4,100.0,,100.0,0.0,0.0,0.0,nm_inferred,12.0,100.0,,Béziers Vias airport,43.323502,3.3539
LFMV,10.0,10.0,100.0,0.0,0.0,300.0,300.0,-1380.0,-167.25,-28.5,46.5,166.9999999999996,-0.5566666666666666,-0.155,0.031666666666666676,0.5575,4.599999999999996,0.0,0.0,0.025,0.1,0.1,0.0,0.0,0.008333333333333333,0.029166666666666667,0.03333333333333333,78.5,1409.699999999999,50.0,0.0,80.0,10.0,10.0,11.0,11.0,100.0,0.0,0.0,,,0.0,22.0,62.0,139.0,155.0,,,,,,,,,,,,,,,,62.0,155.0,18.181818181818183,,90.9090909090909,9.090909090909092,0.0,0.0,nm_inferred,11.0,100.0,,Avignon Caumont airport,43.907299,4.90183
LFOB,180.0,180.0,100.0,0.0,0.0,900.0,900.0,29.0,44.0,59.0,74.0,84.49999999999997,-0.14,-0.09888888888888889,-0.07324074074074075,-0.04888888888888889,-0.03777777777777778,0.0,0.0,0.0,0.0,0.0,0.0,0.0,0.0,0.0,0.0,59.0,84.49999999999997,98.88888888888889,0.0,97.22222222222223,2.7777777777777777,0.0,181.0,180.0,99.4475138121547,0.0,0.0,,,-181.1,-157.25,-135.0,-109.75,-74.0,,,,,,,,,,,,,,,,135.0,181.1,100.0,,96.68508287292818,2.7624309392265194,0.0,0.0,nm_inferred,181.0,99.72375690607734,,Beauvais-Tillé airport,49.454399,2.11278
LFOH,2.0,2.0,100.0,0.0,0.0,300.0,300.0,44.0,44.0,44.0,44.0,44.0,-0.14666666666666667,-0.14666666666666667,-0.14666666666666667,-0.14666666666666667,-0.14666666666666667,0.0,0.0,0.0,0.0,0.0,0.0,0.0,0.0,0.0,0.0,44.0,44.0,100.0,0.0,100.0,0.0,0.0,3.0,3.0,100.0,0.0,0.0,,,-49.2,-39.0,-22.0,-18.5,-16.4,,,,,,,,,,,,,,,,22.0,49.2,100.0,,100.0,0.0,0.0,0.0,nm_inferred,3.0,100.0,,Le Havre-Octeville Airport,49.534038,0.088406
LFOK,2.0,2.0,100.0,0.0,0.0,1080.0,1080.0,124.1,185.75,288.5,391.25,452.9,-0.5005873015873016,-0.42813492063492065,-0.30738095238095237,-0.18662698412698414,-0.11417460317460316,0.0,0.0,0.0,0.0,0.0,0.0,0.0,0.0,0.0,0.0,288.5,452.9,100.0,0.0,50.0,50.0,0.0,2.0,2.0,100.0,0.0,0.0,,,-847.5,-798.75,-717.5,-636.25,-587.5,,,,,,,,,,,,,,,,717.5,847.5,100.0,,100.0,0.0,0.0,0.0,nm_inferred,2.0,100.0,,Chalons Vatry airport,48.77333,4.20611
LFOP,1.0,1.0,100.0,0.0,0.0,600.0,600.0,59.0,59.0,59.0,59.0,59.0,-0.09833333333333333,-0.09833333333333333,-0.09833333333333333,-0.09833333333333333,-0.09833333333333333,0.0,0.0,0.0,0.0,0.0,0.0,0.0,0.0,0.0,0.0,59.0,59.0,100.0,0.0,100.0,0.0,0.0,1.0,1.0,100.0,0.0,0.0,,,-388.0,-388.0,-388.0,-388.0,-388.0,,,,,,,,,,,,,,,,388.0,388.0,100.0,,100.0,0.0,0.0,0.0,nm_inferred,1.0,100.0,,Rouen Vallée de Seine Airport,49.384887,1.179142
LFOT,8.0,8.0,100.0,0.0,0.0,900.0,900.0,119.50000000000001,337.75,411.5,442.75,491.5,-0.7474166666666667,-0.579375,-0.4766666666666667,-0.43777777777777777,-0.3077777777777778,0.0,0.0,0.0,0.0,0.0,0.0,0.0,0.0,0.0,0.0,411.5,491.5,100.0,0.0,100.0,0.0,0.0,8.0,8.0,100.0,0.0,0.0,,,-355.2,-321.75,-265.0,-245.0,-229.1,,,,,,,,,,,,,,,,265.0,355.2,100.0,,100.0,0.0,0.0,0.0,nm_inferred,8.0,100.0,,Tours Val de Loire Airport,47.432201,0.727606
LFOZ,4.0,4.0,100.0,0.0,0.0,300.0,300.0,47.0,51.5,71.5,99.0,117.0,-0.39,-0.33,-0.23833333333333334,-0.17166666666666666,-0.15666666666666665,0.0,0.0,0.0,0.0,0.0,0.0,0.0,0.0,0.0,0.0,71.5,117.0,100.0,0.0,100.0,0.0,0.0,3.0,3.0,100.0,0.0,0.0,,,-400.6,-329.5,-211.0,-206.0,-203.0,,,,,,,,,,,,,,,,211.0,400.6,100.0,,100.0,0.0,0.0,0.0,nm_inferred,4.0,100.0,,Orléans–Saint-Denis-de-l'Hôtel Airport,47.897758,2.164478
LFPB,229.0,227.0,99.12663755458516,0.0,0.0,600.0,600.0,4.0,14.0,29.0,49.0,59.0,-0.09833333333333333,-0.08166666666666667,-0.04833333333333333,-0.023333333333333334,-0.006666666666666667,0.0,0.0,0.0,0.0,0.0,0.0,0.0,0.0,0.0,0.0,34.0,59.0,90.30837004405286,0.0,96.5065502183406,1.7467248908296944,0.8733624454148472,225.0,222.0,98.66666666666667,0.0,0.0,,,-70.9,-49.75,-25.0,-8.0,4.0,,,,,,,,,,,,,,,,27.0,70.9,86.48648648648648,,95.55555555555556,2.2222222222222223,0.8888888888888888,0.0,nm_inferred,229.0,98.89665211062592,,Paris-Le Bourget International Airport,48.962276,2.436539
LFPG,2025.0,2015.0,99.50617283950618,1.0,98.66666666666667,840.0,840.0,9.0,19.0,34.0,49.0,59.0,-0.08166666666666667,-0.06111111111111111,-0.04,-0.021111111111111112,-0.008823529411764706,0.0,0.0,0.0,0.0,0.0,0.0,0.0,0.0,0.0,0.0,39.0,64.0,94.78908188585608,0.0,88.98765432098766,10.518518518518519,0.0,1974.0,1963.0,99.44275582573455,0.0,99.7467071935157,540.0,540.0,-26.0,-16.0,-1.0,19.0,39.0,-0.04696969696969697,-0.024242424242424242,-0.0008771929824561404,0.03333333333333333,0.07083333333333333,0.0,0.0,0.0,0.05555555555555555,0.1,0.0,0.0,0.0,0.027777777777777776,0.052083333333333336,16.0,43.399999999999864,50.280183392766176,0.05104645227156713,90.5775075987842,8.814589665653495,0.05065856129685917,99.7467071935157,apdf,2025.0,99.47446433262036,0.0,Charles de Gaulle International Airport,49.00896,2.554117
LFPN,4.0,4.0,100.0,0.0,0.0,720.0,42.5,-2880.5,-2414.75,-1563.5,-937.25,-876.5,1.2173611111111111,1.3017361111111112,2.171527777777778,3.3538194444444445,4.000694444444445,0.5333333333333333,0.8333333333333333,1.0,1.0,1.0,0.3104166666666667,0.5260416666666667,0.6666666666666667,0.6927083333333334,0.7020833333333334,1563.5,2880.5,0.0,0.0,100.0,0.0,0.0,1.0,1.0,100.0,0.0,0.0,,,554.0,554.0,554.0,554.0,554.0,,,,,,,,,,,,,,,,554.0,554.0,0.0,,100.0,0.0,0.0,0.0,nm_inferred,4.0,100.0,,Toussus-le-Noble Airport,48.7519,2.10619
LFPO,985.0,981.0,99.59390862944163,0.0,99.08629441624366,660.0,124.0,-1086.0,-806.0,-596.0,-221.0,39.0,-0.06296296296296296,0.4948717948717949,0.9677777777777777,1.0607142857142857,1.2969696969696969,0.0,0.05263157894736842,0.8076923076923077,0.95,1.0,0.0,0.016666666666666666,0.5648148148148148,0.7222222222222222,0.803030303030303,596.0,1101.0,23.649337410805302,0.3058103975535168,96.04060913705584,3.553299492385787,0.0,980.0,974.0,99.38775510204081,0.0,99.6938775510204,300.0,40.0,69.0,99.0,309.0,409.0,539.0,0.22380952380952382,0.35,1.0527777777777778,1.1777777777777778,1.3277777777777777,0.25,0.375,1.0,1.0,1.0,0.16666666666666666,0.26875,0.6770833333333334,0.8333333333333334,0.9166666666666666,309.0,539.0,0.1026694045174538,5.76725025746653,96.3265306122449,3.061224489795918,0.0,99.6938775510204,apdf,985.0,99.49083186574123,0.617787399258914,Paris-Orly Airport,48.729499,2.358963
LFPT,2.0,2.0,100.0,0.0,0.0,300.0,300.0,47.5,52.75,61.5,70.25,75.5,-0.25166666666666665,-0.23416666666666663,-0.205,-0.17583333333333334,-0.15833333333333333,0.0,0.0,0.0,0.0,0.0,0.0,0.0,0.0,0.0,0.0,61.5,75.5,100.0,0.0,50.0,0.0,50.0,2.0,2.0,100.0,0.0,0.0,,,-90.3,-81.75,-67.5,-53.25,-44.699999999999996,,,,,,,,,,,,,,,,67.5,90.3,100.0,,100.0,0.0,0.0,0.0,nm_inferred,2.0,100.0,,Pontoise-Cormeilles Aerodrome,49.096064,2.035543
LFQG,2.0,2.0,100.0,0.0,0.0,300.0,300.0,379.8,412.5,467.0,521.5,554.2,-1.8473333333333333,-1.7383333333333333,-1.5566666666666666,-1.375,-1.266,0.0,0.0,0.0,0.0,0.0,0.0,0.0,0.0,0.0,0.0,467.0,554.2,100.0,0.0,100.0,0.0,0.0,2.0,2.0,100.0,0.0,0.0,,,-618.8,-615.5,-610.0,-604.5,-601.2,,,,,,,,,,,,,,,,610.0,618.8,100.0,,100.0,0.0,0.0,0.0,nm_inferred,2.0,100.0,,Nevers-Fourchambault Airport,47.002913,3.113114
LFQQ,56.0,56.0,100.0,0.0,0.0,300.0,300.0,29.0,44.0,54.0,65.25,74.0,-0.24666666666666667,-0.21333333333333335,-0.14666666666666667,-0.10208333333333333,-0.07833333333333334,0.0,0.0,0.0,0.0,0.0,0.0,0.0,0.0,0.0,0.0,54.0,74.0,100.0,0.0,94.64285714285714,5.357142857142857,0.0,56.0,56.0,100.0,0.0,0.0,,,-160.0,-136.75,-118.5,-98.5,-83.5,,,,,,,,,,,,,,,,118.5,160.0,100.0,,98.21428571428571,1.7857142857142858,0.0,0.0,nm_inferred,56.0,100.0,,Lille Airport,50.566564,3.102429
LFRB,47.0,41.0,87.23404255319149,0.0,0.0,600.0,600.0,19.0,29.0,44.0,54.0,64.0,-0.10666666666666667,-0.09,-0.07333333333333333,-0.04833333333333333,-0.03166666666666667,0.0,0.0,0.0,0.0,0.0,0.0,0.0,0.0,0.0,0.0,49.0,64.0,97.5609756097561,0.0,87.23404255319149,0.0,0.0,44.0,39.0,88.63636363636364,0.0,0.0,,,-48.0,-39.5,-21.0,-4.5,-0.7999999999999972,,,,,,,,,,,,,,,,21.0,48.00000000000003,94.87179487179488,,86.36363636363636,2.272727272727273,0.0,0.0,nm_inferred,47.0,87.93520309477756,,Brest Bretagne airport,48.447899,-4.41854
LFRC,2.0,2.0,100.0,0.0,0.0,450.0,450.0,24.0,39.0,64.0,89.0,104.0,-0.3443333333333333,-0.29083333333333333,-0.2016666666666667,-0.1125,-0.059,0.0,0.0,0.0,0.0,0.0,0.0,0.0,0.0,0.0,0.0,64.0,104.0,100.0,0.0,100.0,0.0,0.0,3.0,3.0,100.0,0.0,0.0,,,-333.4,-284.5,-203.0,-143.0,-107.0,,,,,,,,,,,,,,,,203.0,333.4,100.0,,66.66666666666667,0.0,33.333333333333336,0.0,nm_inferred,3.0,100.0,,Cherbourg Manche airport,49.650101,-1.47028
LFRD,4.0,4.0,100.0,0.0,0.0,300.0,300.0,41.5,52.75,69.0,90.25,110.5,-0.3683333333333333,-0.3008333333333333,-0.22999999999999998,-0.1758333333333333,-0.1383333333333333,0.0,0.0,0.0,0.0,0.0,0.0,0.0,0.0,0.0,0.0,69.0,110.5,100.0,0.0,50.0,50.0,0.0,3.0,3.0,100.0,0.0,0.0,,,-205.2,-196.5,-182.0,-166.0,-156.4,,,,,,,,,,,,,,,,182.0,205.2,100.0,,100.0,0.0,0.0,0.0,nm_inferred,4.0,100.0,,Dinard Pleurtuit Saint-Malo airport,48.5877,-2.07996
LFRG,8.0,8.0,100.0,0.0,0.0,300.0,300.0,-180.7,-25.75,51.5,55.25,66.5,-0.22166666666666665,-0.18416666666666665,-0.17166666666666666,0.08583333333333333,0.6023333333333333,0.0,0.0,0.0,0.15,0.6599999999999999,0.0,0.0,0.0,0.13333333333333333,0.5883333333333333,56.5,180.7,75.0,0.0,87.5,12.5,0.0,5.0,5.0,100.0,0.0,0.0,,,-321.79999999999995,-65.0,-50.0,-38.0,20.80000000000001,,,,,,,,,,,,,,,,60.0,321.80000000000007,80.0,,80.0,20.0,0.0,0.0,nm_inferred,8.0,100.0,,Deauville Normandie airport,49.365237,0.154481
LFRH,4.0,4.0,100.0,0.0,0.0,480.0,480.0,68.5,75.25,81.5,90.25,101.5,-0.21145833333333333,-0.18802083333333333,-0.16979166666666667,-0.15677083333333333,-0.14270833333333333,0.0,0.0,0.0,0.0,0.0,0.0,0.0,0.0,0.0,0.0,81.5,101.5,100.0,0.0,100.0,0.0,0.0,4.0,4.0,100.0,0.0,0.0,,,-324.8,-323.0,-279.5,-232.5,-224.4,,,,,,,,,,,,,,,,279.5,324.8,100.0,,100.0,0.0,0.0,0.0,nm_inferred,4.0,100.0,,Lorient South Brittany (Bretagne Sud) Airport,47.760601,-3.44
LFRI,1.0,1.0,100.0,0.0,0.0,600.0,600.0,219.0,219.0,219.0,219.0,219.0,-0.365,-0.365,-0.365,-0.365,-0.365,0.0,0.0,0.0,0.0,0.0,0.0,0.0,0.0,0.0,0.0,219.0,219.0,100.0,0.0,100.0,0.0,0.0,1.0,1.0,100.0,0.0,0.0,,,-428.0,-428.0,-428.0,-428.0,-428.0,,,,,,,,,,,,,,,,428.0,428.0,100.0,,100.0,0.0,0.0,0.0,nm_inferred,1.0,100.0,,La Roche-sur-Yon Les Ajoncs Airport,46.7019,-1.37863
LFRK,24.0,24.0,100.0,0.0,0.0,300.0,300.0,95.5,107.75,129.0,147.75,177.5,-0.5766666666666667,-0.48,-0.43,-0.355,-0.31666666666666665,0.0,0.0,0.0,0.0,0.0,0.0,0.0,0.0,0.0,0.0,129.0,177.5,100.0,0.0,100.0,0.0,0.0,22.0,22.0,100.0,0.0,0.0,,,-290.2,-240.75,-224.5,-207.5,-201.2,,,,,,,,,,,,,,,,224.5,290.20000000000005,100.0,,95.45454545454545,4.545454545454546,0.0,0.0,nm_inferred,24.0,100.0,,Caen Carpiquet airport,49.17678,-0.454883
LFRM,13.0,13.0,100.0,0.0,0.0,300.0,300.0,14.0,19.0,29.0,39.0,48.0,-0.16,-0.13,-0.08,-0.056666666666666664,-0.04666666666666667,0.0,0.0,0.0,0.0,0.0,0.0,0.0,0.0,0.0,0.0,29.0,48.0,100.0,0.0,92.3076923076923,0.0,7.6923076923076925,15.0,15.0,100.0,0.0,0.0,,,-32.6,-25.0,-12.0,-2.5,6.1999999999999975,,,,,,,,,,,,,,,,12.0,32.6,80.0,,100.0,0.0,0.0,0.0,nm_inferred,15.0,100.0,,Le Mans-Arnage Airport,47.948604,0.201702
LFRN,32.0,32.0,100.0,0.0,0.0,300.0,32.5,-2357.0,-906.0,-618.5,-454.75,-312.99999999999983,0.75,1.2783333333333333,2.045,3.1841666666666666,7.856666666666668,0.51,0.8,1.0,1.0,1.0,0.33666666666666667,0.5583333333333333,0.7083333333333333,0.8083333333333333,0.8650000000000001,618.5,2357.0000000000005,0.0,0.0,100.0,0.0,0.0,31.0,31.0,100.0,0.0,0.0,,,137.0,163.0,188.0,231.5,278.0,,,,,,,,,,,,,,,,188.0,278.0,0.0,,96.7741935483871,3.225806451612903,0.0,0.0,nm_inferred,32.0,100.0,,Rennes-Saint-Jacques Airport,48.0695,-1.73479
LFRO,1.0,1.0,100.0,0.0,0.0,300.0,20.0,-196.0,-196.0,-196.0,-196.0,-196.0,0.6533333333333333,0.6533333333333333,0.6533333333333333,0.6533333333333333,0.6533333333333333,1.0,1.0,1.0,1.0,1.0,0.8666666666666667,0.8666666666666667,0.8666666666666667,0.8666666666666667,0.8666666666666667,196.0,196.0,0.0,0.0,100.0,0.0,0.0,1.0,1.0,100.0,0.0,0.0,,,103.0,103.0,103.0,103.0,103.0,,,,,,,,,,,,,,,,103.0,103.0,0.0,,100.0,0.0,0.0,0.0,nm_inferred,1.0,100.0,,Lannion Airport,48.754398,-3.47166
LFRS,255.0,254.0,99.6078431372549,0.0,0.0,600.0,600.0,39.0,54.0,69.0,89.0,102.50000000000009,-0.17333333333333334,-0.14833333333333334,-0.115,-0.09,-0.061499999999999916,0.0,0.0,0.0,0.0,0.0,0.0,0.0,0.0,0.0,0.0,69.0,102.50000000000009,100.0,0.0,97.6470588235294,1.5686274509803921,0.39215686274509803,257.0,256.0,99.61089494163424,0.0,0.0,,,-147.5,-42.0,-22.0,-10.75,-1.0,,,,,,,,,,,,,,,,23.0,149.0,92.578125,,97.66536964980544,1.9455252918287937,0.0,0.0,nm_inferred,257.0,99.60936903944457,,Nantes Atlantique Airport,47.153198,-1.61073
LFRT,4.0,4.0,100.0,0.0,0.0,300.0,300.0,-2897.0,-993.5,89.0,115.25,117.5,-0.39166666666666666,-0.38416666666666666,-0.2966666666666667,3.3116666666666665,9.65666666666667,0.0,0.0,0.0,0.0,0.0,0.0,0.0,0.0,0.0,0.0,116.5,2951.9000000000005,75.0,0.0,75.0,0.0,25.0,2.0,2.0,100.0,0.0,0.0,,,236.3,902.75,2013.5,3124.25,3790.7000000000003,,,,,,,,,,,,,,,,2221.5,3832.3,50.0,,50.0,0.0,50.0,0.0,nm_inferred,4.0,100.0,,Saint-Brieuc-Armor Airport,48.538628,-2.853518
LFRV,2.0,2.0,100.0,0.0,0.0,300.0,300.0,24.0,31.5,44.0,56.5,64.0,-0.21333333333333335,-0.18833333333333335,-0.14666666666666667,-0.10500000000000001,-0.08,0.0,0.0,0.0,0.0,0.0,0.0,0.0,0.0,0.0,0.0,44.0,64.0,100.0,0.0,100.0,0.0,0.0,2.0,2.0,100.0,0.0,0.0,,,-80.4,-79.5,-78.0,-76.5,-75.6,,,,,,,,,,,,,,,,78.0,80.4,100.0,,100.0,0.0,0.0,0.0,nm_inferred,2.0,100.0,,Vannes-Meucon Airport,47.723301,-2.71856
LFRZ,13.0,13.0,100.0,0.0,0.0,420.0,50.0,-6445.0,-4291.0,-2561.0,-631.0,-322.0,0.7666666666666666,1.3266666666666667,6.097619047619047,10.216666666666667,15.345238095238097,0.7285714285714286,0.7857142857142857,0.9285714285714286,1.0,1.0,0.6214285714285714,0.6547619047619048,0.6904761904761905,0.7619047619047619,0.7833333333333333,2561.0,6445.000000000001,0.0,0.0,76.92307692307692,0.0,23.076923076923077,13.0,13.0,100.0,0.0,0.0,,,136.2,183.0,361.0,1851.0,5766.6,,,,,,,,,,,,,,,,376.0,5766.6,7.6923076923076925,,69.23076923076923,7.6923076923076925,23.076923076923077,0.0,nm_inferred,13.0,100.0,,Saint-Nazaire-Montoir Airport,47.31142,-2.152634
LFSB,354.0,351.0,99.15254237288136,0.0,100.0,720.0,215.0,-1126.0,-778.5,-616.0,-446.0,-266.0,0.40925925925925927,0.6953242835595776,0.9179487179487179,0.9669444444444444,1.0545454545454545,0.3333333333333333,0.4722222222222222,0.6071428571428571,0.75,0.8333333333333334,0.17543859649122806,0.2587962962962963,0.3388888888888889,0.4246212121212121,0.4807692307692308,616.0,1126.0,1.1396011396011396,0.0,96.32768361581921,2.2598870056497176,0.5649717514124294,351.0,348.0,99.14529914529915,0.0,100.0,180.0,60.0,99.0,154.0,214.0,264.0,319.0,0.5222222222222223,0.7875,1.0583333333333333,1.2722222222222221,1.5777777777777777,0.5,0.6666666666666666,0.8333333333333334,1.0,1.0,0.25,0.3107638888888889,0.3888888888888889,0.4722222222222222,0.557638888888889,214.0,319.0,0.0,0.28735632183908044,95.72649572649573,3.133903133903134,0.2849002849002849,100.0,apdf,354.0,99.14892075909026,0.3607919060955785,EuroAirport Basel–Mulhouse–Freiburg,47.60068,7.521117
LFSD,11.0,11.0,100.0,0.0,0.0,420.0,420.0,-1.0,9.0,34.0,39.0,59.0,-0.14047619047619048,-0.09285714285714286,-0.08095238095238096,-0.02,0.002380952380952381,0.0,0.0,0.0,0.0,0.07142857142857142,0.0,0.0,0.0,0.0,0.011904761904761904,34.0,59.0,81.81818181818181,0.0,90.9090909090909,9.090909090909092,0.0,15.0,15.0,100.0,0.0,0.0,,,-21.6,-16.0,-5.0,23.0,60.599999999999994,,,,,,,,,,,,,,,,21.0,63.0,66.66666666666667,,80.0,13.333333333333334,6.666666666666667,0.0,nm_inferred,15.0,100.0,,Dijon Longvic airport,47.268902,5.09
LFSG,1.0,1.0,100.0,0.0,0.0,600.0,600.0,59.0,59.0,59.0,59.0,59.0,-0.09833333333333333,-0.09833333333333333,-0.09833333333333333,-0.09833333333333333,-0.09833333333333333,0.0,0.0,0.0,0.0,0.0,0.0,0.0,0.0,0.0,0.0,59.0,59.0,100.0,0.0,100.0,0.0,0.0,1.0,1.0,100.0,0.0,0.0,,,-349.0,-349.0,-349.0,-349.0,-349.0,,,,,,,,,,,,,,,,349.0,349.0,100.0,,100.0,0.0,0.0,0.0,nm_inferred,1.0,100.0,,Épinal Mirecourt Airport,48.325001,6.06998
LFSL,8.0,8.0,100.0,0.0,0.0,450.0,450.0,136.0,199.0,324.0,337.75,370.0,-1.2333333333333334,-1.1133333333333333,-0.8099999999999999,-0.22111111111111112,-0.1511111111111111,0.0,0.0,0.0,0.0,0.0,0.0,0.0,0.0,0.0,0.0,324.0,370.0,100.0,0.0,100.0,0.0,0.0,8.0,8.0,100.0,0.0,0.0,,,-608.2,-520.75,-425.5,-332.75,-304.1,,,,,,,,,,,,,,,,425.5,608.1999999999999,100.0,,100.0,0.0,0.0,0.0,nm_inferred,8.0,100.0,,Brive Souillac airport,45.039722,1.485556
LFSN,,,,,,,,,,,,,,,,,,,,,,,,,,,,,,,,,,,2.0,2.0,100.0,0.0,0.0,,,-564.7,-553.75,-535.5,-517.25,-506.3,,,,,,,,,,,,,,,,535.5,564.7,100.0,,50.0,0.0,50.0,0.0,nm_inferred,2.0,100.0,,Nancy-Essey Airport,48.692101,6.23046
LFST,49.0,47.0,95.91836734693878,0.0,0.0,420.0,420.0,29.0,34.0,49.0,64.0,74.0,-0.1761904761904762,-0.14814814814814814,-0.10476190476190476,-0.06904761904761905,-0.05885714285714286,0.0,0.0,0.0,0.0,0.0,0.0,0.0,0.0,0.0,0.0,49.0,74.0,100.0,0.0,95.91836734693878,0.0,0.0,50.0,48.0,96.0,0.0,0.0,,,-51.9,-36.5,-24.5,-13.75,-0.6999999999999957,,,,,,,,,,,,,,,,24.5,51.900000000000055,91.66666666666667,,96.0,0.0,0.0,0.0,nm_inferred,50.0,95.9591836734694,,Strasbourg Airport,48.5383,7.62823
LFTF,,,,,,,,,,,,,,,,,,,,,,,,,,,,,,,,,,,1.0,1.0,100.0,0.0,0.0,,,-213.0,-213.0,-213.0,-213.0,-213.0,,,,,,,,,,,,,,,,213.0,213.0,100.0,,100.0,0.0,0.0,0.0,nm_inferred,1.0,100.0,,Cuers-Pierrefeu Airfield,43.247615,6.126654
LFTH,51.0,51.0,100.0,0.0,0.0,360.0,360.0,14.0,31.5,54.0,119.0,144.0,-0.37222222222222223,-0.28888888888888886,-0.15,-0.0875,-0.03888888888888889,0.0,0.0,0.0,0.0,0.0,0.0,0.0,0.0,0.0,0.0,54.0,144.0,98.03921568627452,0.0,100.0,0.0,0.0,55.0,55.0,100.0,0.0,0.0,,,-304.2,-192.5,-55.0,-16.0,17.800000000000026,,,,,,,,,,,,,,,,78.0,304.20000000000005,81.81818181818181,,100.0,0.0,0.0,0.0,nm_inferred,55.0,100.0,,Toulon-Hyères Airport,43.097301,6.14603
LFTW,12.0,12.0,100.0,0.0,0.0,330.0,330.0,44.0,44.0,49.0,77.75,102.5,-0.20466666666666666,-0.18666666666666665,-0.14666666666666667,-0.11638888888888889,-0.07005555555555554,0.0,0.0,0.0,0.0,0.0,0.0,0.0,0.0,0.0,0.0,49.0,102.5,100.0,0.0,100.0,0.0,0.0,11.0,11.0,100.0,0.0,0.0,,,-138.0,-131.0,-126.0,-121.5,-90.0,,,,,,,,,,,,,,,,126.0,138.0,100.0,,100.0,0.0,0.0,0.0,nm_inferred,12.0,100.0,,Nîmes-Arles-Camargue Airport,43.757401,4.41635
LFTZ,13.0,12.0,92.3076923076923,0.0,0.0,300.0,300.0,-12.499999999999996,22.75,41.5,50.25,58.5,-0.21166666666666667,-0.18416666666666665,-0.14666666666666667,-0.07583333333333334,0.04166666666666671,0.0,0.0,0.0,0.0,0.09000000000000004,0.0,0.0,0.0,0.0,0.060000000000000026,44.0,63.5,83.33333333333333,8.333333333333334,92.3076923076923,0.0,0.0,20.0,19.0,95.0,0.0,0.0,,,-241.99999999999997,-37.5,-7.0,-3.5,13.399999999999999,,,,,,,,,,,,,,,,15.0,268.39999999999947,84.21052631578948,,95.0,0.0,0.0,0.0,nm_inferred,20.0,93.65384615384616,,La Môle Airport,43.205399,6.482
LGAL,17.0,17.0,100.0,0.0,0.0,300.0,300.0,121.0,149.0,164.0,312.0,384.6,-1.282,-1.04,-0.5466666666666666,-0.49666666666666665,-0.4033333333333333,0.0,0.0,0.0,0.0,0.0,0.0,0.0,0.0,0.0,0.0,164.0,384.6,100.0,0.0,100.0,0.0,0.0,16.0,16.0,100.0,0.0,0.0,,,-229.0,-199.0,-179.5,-157.0,-131.5,,,,,,,,,,,,,,,,179.5,229.0,100.0,,100.0,0.0,0.0,0.0,nm_inferred,17.0,100.0,,Alexandroupoli Democritus Airport,40.8559,25.956301
LGAV,1300.0,1271.0,97.76923076923077,0.0,99.3076923076923,780.0,780.0,99.0,119.0,144.0,169.0,259.0,-0.5888888888888889,-0.2578703703703704,-0.1803030303030303,-0.1322222222222222,-0.10277777777777777,0.0,0.0,0.0,0.0,0.0,0.0,0.0,0.0,0.0,0.0,144.0,259.0,99.8426435877262,0.0,88.92307692307692,8.615384615384615,0.23076923076923078,1290.0,1233.0,95.5813953488372,0.0,99.84496124031008,300.0,300.0,-736.0,-566.0,-396.0,-336.0,-296.0,-3.8099999999999996,-2.455625,-1.4636574074074074,-0.975,-0.6972222222222222,0.0,0.0,0.0,0.0,0.0,0.0,0.0,0.0,0.0,0.0,396.0,736.0,100.0,0.0,89.84496124031008,5.658914728682171,0.07751937984496124,99.84496124031008,apdf,1300.0,96.67531305903398,0.0,Athens Eleftherios Venizelos International Airport,37.936401,23.9445
LGBL,4.0,4.0,100.0,0.0,0.0,300.0,300.0,191.5,292.75,374.0,436.5,504.0,-1.6800000000000002,-1.455,-1.2466666666666666,-0.9069444444444444,-0.44544444444444425,0.0,0.0,0.0,0.0,0.0,0.0,0.0,0.0,0.0,0.0,374.0,504.0,100.0,0.0,75.0,25.0,0.0,4.0,4.0,100.0,0.0,0.0,,,-2340.3999999999996,-1187.5,-418.5,-218.25,-89.09999999999995,,,,,,,,,,,,,,,,418.5,2340.4000000000005,100.0,,75.0,25.0,0.0,0.0,nm_inferred,4.0,100.0,,Nea Anchialos National Airport,39.219601,22.7943
LGHI,25.0,25.0,100.0,0.0,0.0,300.0,300.0,213.0,289.0,424.0,459.0,543.0,-1.81,-1.53,-1.4133333333333333,-0.9633333333333334,-0.5996190476190475,0.0,0.0,0.0,0.0,0.0,0.0,0.0,0.0,0.0,0.0,424.0,543.0,100.0,0.0,100.0,0.0,0.0,26.0,26.0,100.0,0.0,0.0,,,-608.5,-580.75,-546.0,-452.75,-411.5,,,,,,,,,,,,,,,,546.0,608.5,100.0,,100.0,0.0,0.0,0.0,nm_inferred,26.0,100.0,,Chios Island National Airport,38.34320068359375,26.140600204467773
LGIK,10.0,9.0,90.0,0.0,0.0,600.0,499.0,-1089.0,-311.0,-101.0,-43.0,128.40000000000006,-0.21399999999999997,0.07166666666666667,0.16833333333333333,0.5183333333333333,1.8150000000000013,0.0,0.05,0.1,0.2,0.26,0.0,0.016666666666666666,0.05,0.10833333333333334,0.11833333333333335,113.0,1119.4000000000005,22.22222222222222,0.0,80.0,0.0,10.0,9.0,8.0,88.88888888888889,0.0,0.0,,,-241.29999999999998,-34.0,91.5,154.75,1297.2999999999993,,,,,,,,,,,,,,,,163.5,1384.0999999999995,25.0,,77.77777777777777,0.0,11.11111111111111,0.0,nm_inferred,10.0,89.44444444444444,,Ikaria Airport,37.6827011108,26.3470993042
LGIO,10.0,10.0,100.0,0.0,0.0,300.0,300.0,32.5,45.25,59.0,73.25,195.99999999999957,-0.6533333333333332,-0.24416666666666667,-0.19666666666666666,-0.15083333333333332,-0.10833333333333335,0.0,0.0,0.0,0.0,0.0,0.0,0.0,0.0,0.0,0.0,59.0,195.99999999999957,100.0,0.0,90.0,10.0,0.0,12.0,12.0,100.0,0.0,0.0,,,-4225.299999999999,-80.5,-48.0,-18.25,-0.6999999999999975,,,,,,,,,,,,,,,,48.0,4225.300000000002,91.66666666666667,,91.66666666666667,8.333333333333334,0.0,0.0,nm_inferred,12.0,100.0,,Ioannina King Pyrrhus National Airport,39.6964,20.8225
LGIR,417.0,413.0,99.04076738609113,0.0,0.0,600.0,600.0,561.0,624.0,669.0,744.0,2096.0,-3.428333333333333,-1.24,-1.115,-1.0316666666666667,-0.915,0.0,0.0,0.0,0.0,0.0,0.0,0.0,0.0,0.0,0.0,669.0,2096.0,100.0,0.0,87.29016786570743,11.750599520383693,0.0,429.0,425.0,99.06759906759906,0.0,0.0,,,-1245.3999999999999,-1036.0,-898.0,-808.0,-744.4,,,,,,,,,,,,,,,,898.0,1245.4,100.0,,95.1048951048951,3.9627039627039626,0.0,0.0,nm_inferred,429.0,99.0541832268451,,Heraklion International Nikos Kazantzakis Airport,35.339699,25.1803
LGKA,1.0,1.0,100.0,0.0,0.0,300.0,300.0,639.0,639.0,639.0,639.0,639.0,-2.13,-2.13,-2.13,-2.13,-2.13,0.0,0.0,0.0,0.0,0.0,0.0,0.0,0.0,0.0,0.0,639.0,639.0,100.0,0.0,100.0,0.0,0.0,1.0,1.0,100.0,0.0,0.0,,,-826.0,-826.0,-826.0,-826.0,-826.0,,,,,,,,,,,,,,,,826.0,826.0,100.0,,100.0,0.0,0.0,0.0,nm_inferred,1.0,100.0,,Kastoria National Airport Aristotle,40.446301,21.2822
LGKC,5.0,5.0,100.0,0.0,0.0,300.0,300.0,307.0,319.0,324.0,339.0,351.0,-1.17,-1.13,-1.08,-1.0633333333333332,-1.0233333333333332,0.0,0.0,0.0,0.0,0.0,0.0,0.0,0.0,0.0,0.0,324.0,351.0,100.0,0.0,100.0,0.0,0.0,5.0,5.0,100.0,0.0,0.0,,,-570.0,-486.0,-376.0,-311.0,-305.0,,,,,,,,,,,,,,,,376.0,570.0,100.0,,100.0,0.0,0.0,0.0,nm_inferred,5.0,100.0,,Kithira Airport,36.273978,23.016719
LGKF,62.0,62.0,100.0,0.0,0.0,600.0,595.0,-179.89999999999998,-35.25,56.5,3320.0,3374.0,-5.623333333333333,-5.533333333333333,-0.09416666666666666,0.05402777777777778,0.2998333333333333,0.0,0.0,0.05,0.15,0.3,0.0,0.0,0.016666666666666666,0.13125,0.22249999999999998,204.0,3374.0,67.74193548387096,0.0,58.064516129032256,40.32258064516129,1.6129032258064515,60.0,60.0,100.0,0.0,0.0,,,-3976.3,-35.75,-10.0,123.0,487.0000000000002,,,,,,,,,,,,,,,,54.5,3976.3,60.0,,78.33333333333333,20.0,1.6666666666666667,0.0,nm_inferred,62.0,100.0,,Kefallinia Airport,38.12009811401367,20.5004997253418
LGKJ,2.0,0.0,0.0,0.0,0.0,300.0,,,,,,,,,,,,,,,,,,,,,,,,,,0.0,0.0,0.0,,,,,,,,,,,,,,,,,,,,,,,,,,,,,,,,,,,0.0,nm_inferred,2.0,0.0,,Kastelorizo Airport,36.141701,29.576401
LGKL,25.0,25.0,100.0,0.0,0.0,480.0,480.0,32.00000000000001,78.0,199.0,509.0,2488.800000000004,-3.676833333333332,-0.8344444444444444,-0.33125,-0.14375,-0.04933333333333333,0.0,0.0,0.0,0.0,0.0,0.0,0.0,0.0,0.0,0.0,199.0,2488.800000000004,92.0,0.0,88.0,12.0,0.0,25.0,25.0,100.0,0.0,0.0,,,-4361.599999999999,-373.0,-225.0,-180.0,320.6000000000008,,,,,,,,,,,,,,,,237.0,4361.6,88.0,,80.0,20.0,0.0,0.0,nm_inferred,25.0,100.0,,Kalamata Airport,37.06829833984375,22.02549934387207
LGKO,170.0,168.0,98.82352941176471,0.0,0.0,540.0,429.5,-478.3,-231.0,-102.0,29.0,79.0,-0.14629629629629629,-0.05092592592592593,0.18518518518518517,0.42256944444444444,0.9135000000000005,0.0,0.0,0.125,0.2777777777777778,0.4461111111111112,0.0,0.0,0.06041666666666667,0.14814814814814814,0.3148148148148148,143.5,562.1000000000001,31.547619047619047,0.0,92.94117647058823,5.882352941176471,0.0,177.0,176.0,99.43502824858757,0.0,0.0,,,-27.5,-3.25,28.5,55.0,156.0,,,,,,,,,,,,,,,,36.5,209.5,27.84090909090909,,93.78531073446328,5.084745762711864,0.5649717514124294,0.0,nm_inferred,177.0,99.12927883017613,,"Kos International Airport ""Ippokratis""",36.794523,27.09115
LGKP,22.0,20.0,90.9090909090909,0.0,0.0,300.0,300.0,587.5,632.75,693.5,1169.0,1359.000000000001,-4.53,-3.8966666666666665,-2.3116666666666665,-2.109166666666667,-1.958333333333333,0.0,0.0,0.0,0.0,0.0,0.0,0.0,0.0,0.0,0.0,693.5,1359.000000000001,100.0,0.0,77.27272727272727,9.090909090909092,4.545454545454546,22.0,20.0,90.9090909090909,0.0,0.0,,,-1750.6,-1442.25,-1020.5,-793.0,-450.09999999999997,,,,,,,,,,,,,,,,1020.5,1750.6000000000001,100.0,,90.9090909090909,0.0,0.0,0.0,nm_inferred,22.0,90.9090909090909,,Karpathos Airport,35.421398,27.146
LGKR,239.0,238.0,99.581589958159,0.0,0.0,900.0,900.0,187.5,219.0,2371.5,2547.75,2695.5,-4.175833333333333,-2.982222222222222,-2.648888888888889,-0.29055555555555557,-0.21,0.0,0.0,0.0,0.0,0.0,0.0,0.0,0.0,0.0,0.0,2371.5,2695.5,100.0,0.0,46.86192468619247,52.30125523012552,0.41841004184100417,247.0,242.0,97.97570850202429,0.0,0.0,,,-2917.1,-2396.75,-647.5,-442.75,-4.399999999999977,,,,,,,,,,,,,,,,647.5,2917.1,90.49586776859505,,70.04048582995951,27.93522267206478,0.0,0.0,nm_inferred,247.0,98.77864923009164,,Corfu Ioannis Kapodistrias International Airport,39.60145,19.912179
LGKS,4.0,0.0,0.0,0.0,0.0,300.0,,,,,,,,,,,,,,,,,,,,,,,,,,0.0,0.0,0.0,4.0,0.0,0.0,0.0,0.0,,,,,,,,,,,,,,,,,,,,,,,,,,,0.0,0.0,0.0,0.0,nm_inferred,4.0,0.0,,Kasos Airport,35.4213981628,26.9099998474
LGKV,13.0,13.0,100.0,0.0,0.0,300.0,300.0,-66.19999999999999,-11.0,3.0,43.0,57.00000000000001,-0.18999999999999997,-0.14333333333333334,-0.00625,0.03666666666666667,0.22066666666666684,0.0,0.0,0.0,0.1,0.2600000000000001,0.0,0.0,0.0,0.05,0.2233333333333335,29.0,107.20000000000002,53.84615384615385,0.0,92.3076923076923,7.6923076923076925,0.0,13.0,13.0,100.0,0.0,0.0,,,-88.6,-62.0,-22.0,8.0,297.6000000000001,,,,,,,,,,,,,,,,62.0,297.6000000000001,61.53846153846154,,100.0,0.0,0.0,0.0,nm_inferred,13.0,100.0,,Kavala Alexander the Great International Airport,40.9133,24.6192
LGKY,5.0,4.0,80.0,0.0,0.0,300.0,300.0,94.7,139.25,341.5,564.0,645.0,-2.15,-1.88,-1.1383333333333332,-0.4641666666666666,-0.3156666666666666,0.0,0.0,0.0,0.0,0.0,0.0,0.0,0.0,0.0,0.0,341.5,645.0,100.0,0.0,80.0,0.0,0.0,4.0,3.0,75.0,0.0,0.0,,,-602.0,-438.5,-166.0,-111.0,-78.0,,,,,,,,,,,,,,,,166.0,602.0,100.0,,75.0,0.0,0.0,0.0,nm_inferred,5.0,77.5,,Kalymnos Airport,36.9632987976,26.9405994415
LGKZ,1.0,1.0,100.0,0.0,0.0,300.0,300.0,249.0,249.0,249.0,249.0,249.0,-0.83,-0.83,-0.83,-0.83,-0.83,0.0,0.0,0.0,0.0,0.0,0.0,0.0,0.0,0.0,0.0,249.0,249.0,100.0,0.0,100.0,0.0,0.0,1.0,1.0,100.0,0.0,0.0,,,-626.0,-626.0,-626.0,-626.0,-626.0,,,,,,,,,,,,,,,,626.0,626.0,100.0,,100.0,0.0,0.0,0.0,nm_inferred,1.0,100.0,,Kozani National Airport Filippos,40.286098,21.840799
LGLE,5.0,5.0,100.0,0.0,0.0,300.0,300.0,278.0,344.0,409.0,409.0,592.6,-1.9753333333333334,-1.3633333333333333,-1.3633333333333333,-1.1466666666666667,-0.9266666666666666,0.0,0.0,0.0,0.0,0.0,0.0,0.0,0.0,0.0,0.0,409.0,592.6,100.0,0.0,100.0,0.0,0.0,6.0,5.0,83.33333333333333,0.0,0.0,,,-427.0,-406.0,-386.0,-381.0,-309.59999999999997,,,,,,,,,,,,,,,,386.0,427.0,100.0,,83.33333333333333,0.0,0.0,0.0,nm_inferred,6.0,91.66666666666666,,Leros Airport,37.184898,26.800301
LGLM,14.0,14.0,100.0,0.0,0.0,300.0,300.0,-7.8999999999999995,30.25,45.5,138.0,539.2000000000005,-1.7973333333333332,-0.45999999999999996,-0.15166666666666667,-0.10083333333333333,0.008777777777777798,0.0,0.0,0.0,0.0,0.02333333333333337,0.0,0.0,0.0,0.0,0.011666666666666685,51.5,539.2000000000005,85.71428571428571,0.0,100.0,0.0,0.0,15.0,15.0,100.0,0.0,0.0,,,-314.0,-207.5,-188.0,-108.0,-53.2,,,,,,,,,,,,,,,,188.0,313.99999999999994,93.33333333333333,,100.0,0.0,0.0,0.0,nm_inferred,15.0,100.0,,Limnos Airport,39.917098999,25.236299514799995
LGMK,105.0,93.0,88.57142857142857,0.0,0.0,420.0,420.0,45.2,69.0,136.0,190.0,385.59999999999985,-0.8238095238095238,-0.430952380952381,-0.28888888888888886,-0.15476190476190477,-0.10756613756613757,0.0,0.0,0.0,0.0,0.0,0.0,0.0,0.0,0.0,0.0,139.0,578.3999999999994,95.6989247311828,0.0,73.33333333333333,14.285714285714286,0.9523809523809523,104.0,92.0,88.46153846153847,0.0,0.0,,,-409.5,-293.25,-211.5,-141.75,5.400000000000034,,,,,,,,,,,,,,,,216.5,434.6,89.1304347826087,,81.73076923076923,5.769230769230769,0.9615384615384616,0.0,nm_inferred,105.0,88.51648351648352,,Mykonos Island National Airport,37.435101,25.348101
LGML,25.0,22.0,88.0,0.0,0.0,300.0,300.0,431.9,459.0,509.5,564.0,642.0,-2.1399999999999997,-1.88,-1.6983333333333333,-1.53,-1.4396666666666667,0.0,0.0,0.0,0.0,0.0,0.0,0.0,0.0,0.0,0.0,509.5,642.0,100.0,0.0,88.0,0.0,0.0,21.0,18.0,85.71428571428571,0.0,0.0,,,-866.3,-831.25,-758.5,-705.25,-576.4,,,,,,,,,,,,,,,,758.5,866.3,100.0,,85.71428571428571,0.0,0.0,0.0,nm_inferred,25.0,86.85714285714286,,Milos Airport,36.696899,24.4769
LGMT,33.0,33.0,100.0,0.0,0.0,300.0,300.0,-439.0,-301.0,-117.0,27.0,63.0,-0.21000000000000002,-0.07333333333333333,0.23166666666666666,0.7866666666666666,1.16,0.0,0.0,0.0625,0.3,0.4133333333333334,0.0,0.0,0.027777777777777776,0.1875,0.3666666666666668,139.0,512.2,42.42424242424242,0.0,93.93939393939394,6.0606060606060606,0.0,34.0,34.0,100.0,0.0,0.0,,,-2.2999999999999954,46.5,72.0,117.0,215.09999999999997,,,,,,,,,,,,,,,,72.0,215.09999999999997,11.764705882352942,,100.0,0.0,0.0,0.0,nm_inferred,34.0,100.0,,Mytilene International Airport,39.057406,26.598629
LGNX,30.0,19.0,63.333333333333336,0.0,0.0,300.0,300.0,410.6,457.5,707.0,855.5,1227.3999999999999,-4.091333333333333,-2.8516666666666666,-2.3566666666666665,-1.525,-1.368666666666667,0.0,0.0,0.0,0.0,0.0,0.0,0.0,0.0,0.0,0.0,707.0,1227.3999999999999,100.0,0.0,63.333333333333336,0.0,0.0,30.0,29.0,96.66666666666667,0.0,0.0,,,-805.2,-742.0,-602.0,-502.0,-473.00000000000006,,,,,,,,,,,,,,,,602.0,805.1999999999999,100.0,,96.66666666666667,0.0,0.0,0.0,nm_inferred,30.0,80.0,,Naxos Island National Airport,37.0811,25.368099
LGPA,45.0,30.0,66.66666666666667,0.0,0.0,300.0,300.0,619.4,709.0,991.5,1259.75,1511.0,-5.036666666666667,-4.199166666666667,-3.3049999999999997,-2.3633333333333333,-2.0646666666666667,0.0,0.0,0.0,0.0,0.0,0.0,0.0,0.0,0.0,0.0,991.5,1511.0,100.0,0.0,66.66666666666667,0.0,0.0,40.0,38.0,95.0,0.0,0.0,,,-855.6,-749.0,-635.0,-501.25,-317.09999999999974,,,,,,,,,,,,,,,,635.0,855.6000000000001,100.0,,95.0,0.0,0.0,0.0,nm_inferred,45.0,80.83333333333334,,Paros National Airport,37.020495,25.113195
LGPL,2.0,2.0,100.0,0.0,0.0,300.0,300.0,231.0,234.0,239.0,244.0,247.0,-0.8233333333333333,-0.8133333333333332,-0.7966666666666666,-0.78,-0.77,0.0,0.0,0.0,0.0,0.0,0.0,0.0,0.0,0.0,0.0,239.0,247.0,100.0,0.0,100.0,0.0,0.0,4.0,4.0,100.0,0.0,0.0,,,-455.0,-401.0,-288.5,-195.0,-175.2,,,,,,,,,,,,,,,,288.5,455.0,100.0,,100.0,0.0,0.0,0.0,nm_inferred,4.0,100.0,,Astypalaia Airport,36.5798988342,26.3757991791
LGPZ,44.0,42.0,95.45454545454545,0.0,0.0,300.0,300.0,293.1,326.0,409.5,782.5,2919.0,-9.541444444444444,-2.6083333333333334,-1.3083333333333333,-0.7628571428571429,-0.36577777777777787,0.0,0.0,0.0,0.0,0.0,0.0,0.0,0.0,0.0,0.0,409.5,2919.0,100.0,0.0,77.27272727272727,18.181818181818183,0.0,46.0,46.0,100.0,0.0,0.0,,,-2769.0,-1102.0,-765.5,-648.75,-583.0,,,,,,,,,,,,,,,,765.5,2769.0,100.0,,84.78260869565217,13.043478260869565,2.1739130434782608,0.0,nm_inferred,46.0,97.72727272727272,,Aktion National Airport,38.925499,20.765301
LGRP,320.0,317.0,99.0625,0.0,0.0,480.0,70.0,-1002.0,-726.0,-591.0,-471.0,-161.9999999999988,0.3248333333333334,0.9266666666666666,1.1375,1.4291666666666667,1.9700000000000013,0.44772727272727275,0.7142857142857143,0.8888888888888888,1.0,1.0,0.370952380952381,0.5476190476190477,0.6851851851851852,0.7685185185185185,0.8333333333333334,611.0,1088.0000000000018,6.624605678233438,0.0,89.6875,8.75,0.625,346.0,340.0,98.26589595375722,0.0,0.0,,,55.79999999999998,217.75,290.5,438.75,697.0,,,,,,,,,,,,,,,,317.0,864.5000000000001,8.235294117647058,,91.90751445086705,6.069364161849711,0.28901734104046245,0.0,nm_inferred,346.0,98.66419797687861,,"Rhodes International Airport ""Diagoras""",36.405399,28.086201
LGRX,11.0,11.0,100.0,0.0,0.0,300.0,300.0,324.0,519.0,614.0,989.0,3324.0,-11.08,-3.296666666666667,-2.013333333333333,-1.3716666666666666,-0.6822222222222222,0.0,0.0,0.0,0.0,0.0,0.0,0.0,0.0,0.0,0.0,614.0,3324.0,100.0,0.0,63.63636363636363,36.36363636363637,0.0,12.0,12.0,100.0,0.0,0.0,,,-1169.9,-1094.75,-1022.5,-885.0,-749.1,,,,,,,,,,,,,,,,1022.5,1169.9,100.0,,83.33333333333333,16.666666666666668,0.0,0.0,nm_inferred,12.0,100.0,,Patras Araxos Agamemnon Airport,38.1511,21.4256
LGSA,184.0,183.0,99.45652173913044,0.0,0.0,1200.0,1200.0,29.999999999999996,104.0,181.0,263.0,345.4000000000001,-0.5770416666666667,-0.2547863247863248,-0.19333333333333333,-0.10375000000000001,-0.03251851851851846,0.0,0.0,0.0,0.0,0.0,0.0,0.0,0.0,0.0,0.0,181.0,345.4000000000001,97.26775956284153,0.0,82.6086956521739,16.847826086956523,0.0,198.0,197.0,99.4949494949495,0.0,0.0,,,-1020.0,-837.0,-630.0,-277.0,-105.39999999999998,,,,,,,,,,,,,,,,630.0,1020.0,98.4771573604061,,83.83838383838383,15.151515151515152,0.5050505050505051,0.0,nm_inferred,198.0,99.47573561703996,,Chania International Airport,35.531207,24.150673
LGSK,37.0,37.0,100.0,0.0,0.0,720.0,720.0,142.0,178.0,244.0,342.0,467.5999999999998,-0.775,-0.4777777777777778,-0.33194444444444443,-0.24333333333333335,-0.15933333333333333,0.0,0.0,0.0,0.0,0.0,0.0,0.0,0.0,0.0,0.0,244.0,467.5999999999998,100.0,0.0,91.89189189189189,8.108108108108109,0.0,37.0,37.0,100.0,0.0,0.0,,,-472.0,-332.0,-301.0,-279.0,-113.60000000000008,,,,,,,,,,,,,,,,301.0,472.0,97.29729729729729,,94.5945945945946,5.405405405405405,0.0,0.0,nm_inferred,37.0,100.0,,Skiathos Island National Airport,39.177101,23.5037
LGSM,41.0,40.0,97.5609756097561,0.0,0.0,360.0,360.0,110.8,157.25,214.0,363.75,712.3000000000004,-1.9409523809523808,-1.0104166666666667,-0.5944444444444444,-0.43680555555555556,-0.2694444444444444,0.0,0.0,0.0,0.0,0.0,0.0,0.0,0.0,0.0,0.0,214.0,712.3000000000004,100.0,0.0,85.36585365853658,12.195121951219512,0.0,42.0,41.0,97.61904761904762,0.0,0.0,,,-629.0,-496.0,-329.0,-264.0,-126.0,,,,,,,,,,,,,,,,329.0,629.0,100.0,,95.23809523809524,2.380952380952381,0.0,0.0,nm_inferred,42.0,97.59001161440186,,Samos Airport,37.689999,26.911699
LGSO,4.0,4.0,100.0,0.0,0.0,300.0,300.0,132.5,220.25,289.0,516.5,890.0000000000001,-2.966666666666667,-1.7216666666666667,-0.9633333333333334,-0.7341666666666666,-0.44166666666666654,0.0,0.0,0.0,0.0,0.0,0.0,0.0,0.0,0.0,0.0,289.0,890.0000000000001,100.0,0.0,100.0,0.0,0.0,4.0,4.0,100.0,0.0,0.0,,,-603.6,-537.0,-268.5,-28.25,-12.499999999999993,,,,,,,,,,,,,,,,268.5,603.6,100.0,,100.0,0.0,0.0,0.0,nm_inferred,4.0,100.0,,Syros Airport,37.4227981567,24.9508991241
LGSR,139.0,135.0,97.12230215827338,0.0,0.0,420.0,420.0,394.2,444.0,499.0,936.5,1129.2,-2.7095238095238097,-2.1566666666666667,-1.2595238095238095,-1.0577380952380953,-0.8464550264550263,0.0,0.0,0.0,0.0,0.0,0.0,0.0,0.0,0.0,0.0,499.0,1129.2,100.0,0.0,85.61151079136691,11.510791366906474,0.0,139.0,136.0,97.84172661870504,0.0,0.0,,,-1072.0,-895.5,-801.0,-623.25,-546.0,,,,,,,,,,,,,,,,801.5,1080.0,99.26470588235294,,90.64748201438849,6.474820143884892,0.7194244604316546,0.0,nm_inferred,139.0,97.4820143884892,,Santorini International Airport,36.400045,25.478638
LGST,8.0,6.0,75.0,0.0,0.0,300.0,300.0,944.0,1196.5,1219.0,1286.5,1331.5,-4.4383333333333335,-4.288333333333333,-4.0633333333333335,-3.9883333333333333,-3.1466666666666665,0.0,0.0,0.0,0.0,0.0,0.0,0.0,0.0,0.0,0.0,1219.0,1331.5,100.0,0.0,75.0,0.0,0.0,8.0,6.0,75.0,0.0,0.0,,,-2007.5,-1769.0,-1185.0,-1025.5,-977.5,,,,,,,,,,,,,,,,1185.0,2007.5,100.0,,75.0,0.0,0.0,0.0,nm_inferred,8.0,75.0,,Sitia Airport,35.21609878540039,26.101299285888672
LGSY,3.0,3.0,100.0,0.0,0.0,300.0,217.0,-669.0,-480.0,-165.0,-119.0,-91.39999999999999,0.3046666666666667,0.3966666666666667,0.55,1.6,2.23,0.3,0.3,0.3,0.35,0.38,0.23333333333333334,0.23333333333333334,0.23333333333333334,0.2583333333333333,0.2733333333333333,165.0,669.0,0.0,0.0,100.0,0.0,0.0,3.0,3.0,100.0,0.0,0.0,,,72.0,93.0,128.0,150.0,163.2,,,,,,,,,,,,,,,,128.0,163.2,0.0,,100.0,0.0,0.0,0.0,nm_inferred,3.0,100.0,,Skiros Airport,38.9676017761,24.4871997833
LGTG,1.0,1.0,100.0,0.0,0.0,300.0,300.0,99.0,99.0,99.0,99.0,99.0,-0.33,-0.33,-0.33,-0.33,-0.33,0.0,0.0,0.0,0.0,0.0,0.0,0.0,0.0,0.0,0.0,99.0,99.0,100.0,0.0,100.0,0.0,0.0,,,,,,,,,,,,,,,,,,,,,,,,,,,,,,,,,,,0.0,nm_inferred,1.0,100.0,,Tanagra Air Base,38.339802,23.565001
LGTS,279.0,276.0,98.9247311827957,0.0,0.0,600.0,499.0,-536.0,-304.75,-101.0,55.25,204.0,-0.34,-0.08954545454545455,0.16833333333333333,0.474375,0.8891666666666667,0.0,0.0,0.1,0.25,0.4,0.0,0.0,0.041666666666666664,0.10833333333333334,0.1784090909090909,182.5,561.0,37.31884057971015,0.0,93.18996415770609,5.017921146953405,0.7168458781362007,280.0,278.0,99.28571428571429,0.0,0.0,,,-87.6,-13.0,115.0,219.75,345.90000000000003,,,,,,,,,,,,,,,,154.0,403.3000000000001,28.41726618705036,,94.28571428571429,4.285714285714286,0.7142857142857143,0.0,nm_inferred,280.0,99.105222734255,,Thessaloniki Macedonia International Airport,40.51928,22.970009
LGZA,126.0,126.0,100.0,0.0,0.0,720.0,720.0,-33.5,7.5,27.0,74.0,3534.0,-4.908333333333333,-0.10798611111111112,-0.0375,-0.010416666666666668,0.05347222222222223,0.0,0.0,0.0,0.041666666666666664,0.1,0.0,0.0,0.0,0.006944444444444444,0.0798611111111111,34.5,3534.0,77.77777777777777,0.0,83.33333333333333,14.285714285714286,2.380952380952381,126.0,126.0,100.0,0.0,0.0,,,-3841.5,-62.75,-44.0,-30.25,-2.0,,,,,,,,,,,,,,,,51.0,3841.5,90.47619047619048,,85.71428571428571,14.285714285714286,0.0,0.0,nm_inferred,126.0,100.0,,Zakynthos International Airport Dionysios Solomos,37.7509,20.8843
LHBP,572.0,563.0,98.42657342657343,0.0,99.82517482517483,641.0,59.0,-1056.0,-776.0,-646.0,-561.0,-481.0,0.8683333333333333,0.9264583333333334,0.9829302987197724,1.0919723733075233,1.6439420289855073,0.727972027972028,0.8248081841432224,0.9333333333333333,1.0,1.0,0.5631256921063523,0.6420407636738907,0.7288135593220338,0.8004665629860032,0.8679533779978114,646.0,1056.0,0.0,2.4866785079928952,88.98601398601399,8.741258741258742,0.6993006993006993,570.0,563.0,98.7719298245614,1.0,100.0,269.5,15.0,169.0,214.0,269.0,344.0,489.0,0.8010830895722982,0.949274478722107,1.027931508375738,1.1117490613266583,1.2733201237529113,0.8181818181818182,0.8888888888888888,1.0,1.0,1.0,0.5895840790321426,0.7330088965870173,0.8258593414843416,0.9305402056331425,0.9787234042553191,279.0,574.0,3.197158081705151,20.462633451957295,87.54385964912281,10.526315789473685,0.7017543859649122,100.0,apdf,572.0,98.5992516255674,0.766447922710293,Budapest Liszt Ferenc International Airport,47.43018,19.262393
LHDC,7.0,7.0,100.0,0.0,0.0,300.0,300.0,213.8,229.0,241.0,272.5,343.6,-1.0273333333333332,-0.8066666666666666,-0.7966666666666666,-0.5230952380952381,-0.33738095238095234,0.0,0.0,0.0,0.0,0.0,0.0,0.0,0.0,0.0,0.0,241.0,343.6,100.0,0.0,100.0,0.0,0.0,6.0,6.0,100.0,0.0,0.0,,,-714.5,-638.75,-583.5,-520.0,-499.0,,,,,,,,,,,,,,,,583.5,714.5,100.0,,100.0,0.0,0.0,0.0,nm_inferred,7.0,100.0,,Debrecen International Airport,47.489469,21.616278
LHPR,1.0,1.0,100.0,0.0,0.0,300.0,300.0,104.0,104.0,104.0,104.0,104.0,-0.3466666666666667,-0.3466666666666667,-0.3466666666666667,-0.3466666666666667,-0.3466666666666667,0.0,0.0,0.0,0.0,0.0,0.0,0.0,0.0,0.0,0.0,104.0,104.0,100.0,0.0,100.0,0.0,0.0,1.0,1.0,100.0,0.0,0.0,,,4.0,4.0,4.0,4.0,4.0,,,,,,,,,,,,,,,,4.0,4.0,0.0,,100.0,0.0,0.0,0.0,nm_inferred,1.0,100.0,,Győr-Pér Airport,47.628436,17.804718
LIBC,13.0,13.0,100.0,0.0,0.0,300.0,300.0,318.0,484.0,789.0,844.0,1199.0000000000002,-3.9966666666666666,-2.8133333333333335,-2.63,-1.6133333333333333,-1.0599999999999996,0.0,0.0,0.0,0.0,0.0,0.0,0.0,0.0,0.0,0.0,789.0,1199.0000000000002,100.0,0.0,100.0,0.0,0.0,12.0,11.0,91.66666666666667,0.0,0.0,,,-1806.0,-1553.5,-1331.0,-1293.5,-1251.0,,,,,,,,,,,,,,,,1331.0,1806.0,100.0,,91.66666666666667,0.0,0.0,0.0,nm_inferred,13.0,95.83333333333334,,Crotone Sant'Anna Pythagoras Airport,38.9972,17.0802
LIBD,228.0,215.0,94.29824561403508,0.0,0.0,480.0,480.0,666.0,814.0,1104.0,1301.0,1491.4,-3.107083333333333,-2.6958333333333333,-2.20625,-1.6385416666666668,-1.3354166666666667,0.0,0.0,0.0,0.0,0.0,0.0,0.0,0.0,0.0,0.0,1104.0,1491.4,100.0,0.0,92.98245614035088,0.43859649122807015,0.8771929824561403,229.0,215.0,93.88646288209607,0.0,0.0,,,-1956.6,-1697.0,-1303.0,-835.5,-756.0,,,,,,,,,,,,,,,,1311.0,1966.0,99.53488372093024,,92.5764192139738,0.8733624454148472,0.4366812227074236,0.0,nm_inferred,229.0,94.09235424806558,,Bari Karol Wojtyła International Airport,41.138901,16.760599
LIBF,7.0,7.0,100.0,0.0,0.0,240.0,240.0,518.0,529.0,554.0,572.0,591.6,-2.4650000000000003,-2.3833333333333333,-2.308333333333333,-2.2041666666666666,-2.158333333333333,0.0,0.0,0.0,0.0,0.0,0.0,0.0,0.0,0.0,0.0,554.0,591.6,100.0,0.0,100.0,0.0,0.0,12.0,11.0,91.66666666666667,0.0,0.0,,,-1897.0,-971.5,-849.0,-762.5,-663.0,,,,,,,,,,,,,,,,849.0,1897.0,100.0,,83.33333333333333,8.333333333333334,0.0,0.0,nm_inferred,12.0,95.83333333333334,,Foggia Gino Lisa Airport,41.433596,15.534566
LIBG,2.0,2.0,100.0,0.0,0.0,420.0,420.0,1045.0,1069.0,1109.0,1149.0,1173.0,-2.792857142857143,-2.7357142857142858,-2.640476190476191,-2.5452380952380955,-2.488095238095238,0.0,0.0,0.0,0.0,0.0,0.0,0.0,0.0,0.0,0.0,1109.0,1173.0,100.0,0.0,100.0,0.0,0.0,2.0,2.0,100.0,0.0,0.0,,,-1533.9,-1476.75,-1381.5,-1286.25,-1229.1,,,,,,,,,,,,,,,,1381.5,1533.9,100.0,,100.0,0.0,0.0,0.0,nm_inferred,2.0,100.0,,Taranto-Grottaglie Marcello Arlotta Airport,40.517502,17.4032
LIBP,41.0,41.0,100.0,0.0,0.0,420.0,420.0,9.0,20.0,44.0,54.0,64.0,-0.16428571428571428,-0.12857142857142856,-0.11666666666666667,-0.047619047619047616,-0.02142857142857143,0.0,0.0,0.0,0.0,0.0,0.0,0.0,0.0,0.0,0.0,44.0,64.0,100.0,0.0,97.5609756097561,2.4390243902439024,0.0,43.0,42.0,97.67441860465117,0.0,0.0,,,-60.5,-36.0,-26.0,-1.0,9.0,,,,,,,,,,,,,,,,28.5,69.0,83.33333333333333,,93.02325581395348,4.651162790697675,0.0,0.0,nm_inferred,43.0,98.83720930232559,,Abruzzo Airport,42.431079,14.182981
LIBR,129.0,127.0,98.44961240310077,0.0,0.0,600.0,600.0,877.0,966.5,1064.0,1521.5,1760.2,-2.8819999999999997,-2.310833333333333,-1.7066666666666668,-1.3569444444444443,-0.9744444444444444,0.0,0.0,0.0,0.0,0.0,0.0,0.0,0.0,0.0,0.0,1064.0,1760.2,100.0,0.0,96.12403100775194,1.550387596899225,0.7751937984496124,125.0,121.0,96.8,0.0,0.0,,,-2021.0,-1761.0,-1421.0,-1191.0,-1136.0,,,,,,,,,,,,,,,,1421.0,2021.0,100.0,,96.0,0.0,0.8,0.0,nm_inferred,129.0,97.62480620155038,,Brindisi Airport,40.6576,17.947001
LICA,107.0,107.0,100.0,0.0,0.0,480.0,480.0,524.0,604.0,679.0,829.0,1045.0,-2.3125,-1.813095238095238,-1.4354166666666666,-1.3052083333333333,-1.1317857142857142,0.0,0.0,0.0,0.0,0.0,0.0,0.0,0.0,0.0,0.0,679.0,1045.0,100.0,0.0,99.06542056074767,0.9345794392523364,0.0,112.0,110.0,98.21428571428571,0.0,0.0,,,-1528.0,-1289.0,-1121.0,-887.25,-785.5,,,,,,,,,,,,,,,,1122.5,1550.0000000000005,99.0909090909091,,97.32142857142857,0.0,0.8928571428571429,0.0,nm_inferred,112.0,99.10714285714286,,Lamezia Terme Sant'Eufemia International Airport,38.906214,16.246007
LICB,9.0,9.0,100.0,0.0,0.0,420.0,420.0,73.0,79.0,104.0,109.0,120.0,-0.2857142857142857,-0.25952380952380955,-0.24761904761904763,-0.1880952380952381,-0.17380952380952383,0.0,0.0,0.0,0.0,0.0,0.0,0.0,0.0,0.0,0.0,104.0,120.0,100.0,0.0,100.0,0.0,0.0,11.0,11.0,100.0,0.0,0.0,,,-51.0,-13.5,14.0,24.0,184.0,,,,,,,,,,,,,,,,24.0,184.0,36.36363636363637,,90.9090909090909,0.0,9.090909090909092,0.0,nm_inferred,11.0,100.0,,Comiso Airport,36.99583,14.60889
LICC,389.0,388.0,99.74293059125964,0.0,99.74293059125964,660.0,660.0,124.0,149.0,184.0,215.25,262.0000000000001,-0.4769191919191919,-0.35375,-0.26375000000000004,-0.19247076023391813,-0.14058333333333334,0.0,0.0,0.0,0.0,0.0,0.0,0.0,0.0,0.0,0.0,184.0,262.0000000000001,99.74226804123711,0.0,97.4293059125964,2.056555269922879,0.2570694087403599,390.0,389.0,99.74358974358974,0.0,100.0,360.0,360.0,-392.0,-301.0,-261.0,-231.0,-201.0,-1.5117777777777777,-1.025,-0.7527777777777778,-0.5645833333333333,-0.397,0.0,0.0,0.0,0.0,0.0,0.0,0.0,0.0,0.0,0.0,261.0,397.9999999999999,98.97172236503856,0.0,96.41025641025641,3.076923076923077,0.2564102564102564,100.0,apdf,390.0,99.7432601674247,0.0,Catania-Fontanarossa Airport,37.466801,15.0664
LICD,27.0,27.0,100.0,0.0,0.0,300.0,300.0,189.4,214.0,237.0,309.5,369.8,-1.2326666666666666,-1.0316666666666667,-0.79,-0.7133333333333334,-0.6313333333333333,0.0,0.0,0.0,0.0,0.0,0.0,0.0,0.0,0.0,0.0,237.0,369.8,100.0,0.0,100.0,0.0,0.0,27.0,27.0,100.0,0.0,0.0,,,-793.6,-661.0,-559.0,-382.0,-322.4,,,,,,,,,,,,,,,,559.0,793.6,96.29629629629629,,96.29629629629629,3.7037037037037037,0.0,0.0,nm_inferred,27.0,100.0,,Lampedusa Airport,35.497898,12.6181
LICG,24.0,20.0,83.33333333333333,0.0,0.0,240.0,240.0,356.0,377.75,437.0,777.75,1021.3000000000001,-4.255416666666666,-3.2406249999999996,-1.8208333333333333,-1.5739583333333333,-1.4833333333333327,0.0,0.0,0.0,0.0,0.0,0.0,0.0,0.0,0.0,0.0,437.0,1021.3000000000001,100.0,0.0,83.33333333333333,0.0,0.0,23.0,21.0,91.30434782608695,0.0,0.0,,,-1576.0,-911.0,-611.0,-451.0,-41.0,,,,,,,,,,,,,,,,611.0,1576.0,95.23809523809524,,91.30434782608695,0.0,0.0,0.0,nm_inferred,24.0,87.31884057971014,,Pantelleria Airport,36.816502,11.9689
LICJ,309.0,309.0,100.0,0.0,0.0,720.0,720.0,-407.0,-201.0,84.0,124.0,294.99999999999994,-0.4111111111111111,-0.18611111111111112,-0.11666666666666667,0.2930555555555555,0.5708333333333333,0.0,0.0,0.0,0.16666666666666666,0.3916666666666681,0.0,0.0,0.0,0.0763888888888889,0.25972222222222247,159.0,469.99999999999994,59.8705501618123,0.0,99.35275080906149,0.6472491909385113,0.0,313.0,312.0,99.68051118210863,0.0,0.0,,,-620.0,-501.0,-76.0,88.25,258.00000000000034,,,,,,,,,,,,,,,,234.0,632.3000000000002,59.93589743589744,,96.48562300319489,3.194888178913738,0.0,0.0,nm_inferred,313.0,99.84025559105432,,Falcone–Borsellino Airport,38.175999,13.091
LICR,33.0,33.0,100.0,0.0,0.0,300.0,300.0,315.0,354.0,409.0,479.0,582.0,-1.9400000000000002,-1.5966666666666667,-1.3633333333333333,-1.18,-1.05,0.0,0.0,0.0,0.0,0.0,0.0,0.0,0.0,0.0,0.0,409.0,582.0,100.0,0.0,100.0,0.0,0.0,34.0,34.0,100.0,0.0,0.0,,,-1174.5,-931.0,-854.5,-787.5,-678.7,,,,,,,,,,,,,,,,854.5,1174.5,100.0,,100.0,0.0,0.0,0.0,nm_inferred,34.0,100.0,,Reggio Calabria Airport,38.071201,15.6516
LICT,39.0,37.0,94.87179487179488,0.0,0.0,900.0,900.0,-1.9999999999999982,74.0,454.0,789.0,937.9999999999999,-1.1355555555555557,-1.0044444444444445,-0.6044444444444445,-0.08222222222222222,0.0022222222222221984,0.0,0.0,0.0,0.0,0.013333333333333286,0.0,0.0,0.0,0.0,0.006666666666666643,454.0,937.9999999999999,89.1891891891892,0.0,94.87179487179488,0.0,0.0,40.0,36.0,90.0,0.0,0.0,,,-1271.5,-1176.25,-879.5,-291.0,-13.5,,,,,,,,,,,,,,,,879.5,1271.5,94.44444444444444,,85.0,5.0,0.0,0.0,nm_inferred,40.0,92.43589743589743,,Vincenzo Florio Airport Trapani-Birgi,37.9114,12.488
LIEA,62.0,62.0,100.0,0.0,0.0,600.0,464.0,-274.5,-204.75,-136.0,-67.25,-36.50000000000001,0.060833333333333336,0.11208333333333334,0.22666666666666666,0.34125,0.45749999999999996,0.1,0.15,0.25,0.35,0.44499999999999995,0.05083333333333334,0.09375,0.175,0.30625,0.3733333333333333,136.0,274.5,1.6129032258064515,0.0,100.0,0.0,0.0,62.0,62.0,100.0,0.0,0.0,,,40.50000000000001,69.5,114.0,144.0,178.7,,,,,,,,,,,,,,,,114.0,178.7,1.6129032258064515,,100.0,0.0,0.0,0.0,nm_inferred,62.0,100.0,,Alghero-Fertilia Airport,40.632099,8.29077
LIEE,191.0,189.0,98.95287958115183,0.0,0.0,600.0,600.0,284.0,334.0,379.0,429.0,537.0000000000002,-0.8975000000000001,-0.7170833333333333,-0.6316666666666667,-0.5566666666666666,-0.47333333333333333,0.0,0.0,0.0,0.0,0.0,0.0,0.0,0.0,0.0,0.0,379.0,537.0000000000002,100.0,0.0,97.90575916230367,0.5235602094240838,0.5235602094240838,195.0,195.0,100.0,0.0,0.0,,,-837.0,-663.5,-531.0,-451.0,-373.0,,,,,,,,,,,,,,,,531.0,837.0,100.0,,99.48717948717949,0.5128205128205128,0.0,0.0,nm_inferred,195.0,99.47643979057591,,Cagliari Elmas Airport,39.251499,9.05428
LIEO,227.0,226.0,99.55947136563877,0.0,0.0,600.0,600.0,84.0,164.0,264.0,347.75,410.0,-0.6908333333333334,-0.5816666666666667,-0.44,-0.2733333333333333,-0.14,0.0,0.0,0.0,0.0,0.0,0.0,0.0,0.0,0.0,0.0,271.5,421.5,96.01769911504425,0.0,97.79735682819383,1.7621145374449338,0.0,252.0,251.0,99.60317460317461,0.0,0.0,,,-896.0,-675.0,-391.0,-190.0,-86.0,,,,,,,,,,,,,,,,391.0,896.0,94.42231075697211,,96.82539682539682,2.380952380952381,0.3968253968253968,0.0,nm_inferred,252.0,99.58132298440668,,Olbia Costa Smeralda Airport,40.898953,9.518457
LIMC,963.0,960.0,99.68847352024922,0.0,99.48078920041536,960.0,345.0,-1477.5,-1047.25,-741.0,-474.75,-214.49999999999966,0.24975000000000008,0.5619444444444444,0.7900472334682861,0.9413690476190476,1.192484848484849,0.08289473684210528,0.21428571428571427,0.39285714285714285,0.5689935064935066,0.7276223776223777,0.029726890756302523,0.09568452380952382,0.2,0.3388888888888889,0.4792892156862746,751.0,1556.0,6.041666666666667,0.0,87.7466251298027,11.630321910695743,0.3115264797507788,939.0,937.0,99.78700745473908,0.0,99.89350372736953,360.0,125.0,69.0,214.0,339.0,464.0,629.0,0.24699074074074073,0.6738888888888889,0.9125,1.08,1.2650000000000001,0.25,0.39895833333333336,0.6111111111111112,0.8333333333333334,1.0,0.14583333333333334,0.21666666666666667,0.3229166666666667,0.44843750000000004,0.6041666666666666,344.0,654.0,1.6008537886873,0.21367521367521367,87.8594249201278,11.608093716719916,0.3194888178913738,99.89350372736953,apdf,963.0,99.73774048749415,0.26077263398292744,Milan Malpensa International Airport,45.6306,8.72811
LIME,449.0,448.0,99.77728285077951,0.0,99.33184855233853,720.0,720.0,-1.0,9.0,26.5,44.0,54.0,-0.08188811188811189,-0.056666666666666664,-0.03333333333333333,-0.010714285714285714,0.0014267676767676781,0.0,0.0,0.0,0.0,0.03571428571428571,0.0,0.0,0.0,0.0,0.007575757575757576,29.0,54.0,86.83035714285714,0.22321428571428573,96.88195991091314,2.4498886414253898,0.44543429844098,459.0,459.0,100.0,0.0,100.0,300.0,296.0,-46.0,-31.0,-16.0,4.0,19.0,-0.19166666666666668,-0.11666666666666667,-0.044444444444444446,0.016666666666666666,0.06333333333333334,0.0,0.0,0.0,0.07142857142857142,0.125,0.0,0.0,0.0,0.016666666666666666,0.0625,21.0,51.0,70.37037037037037,0.2178649237472767,93.89978213507625,5.664488017429194,0.4357298474945534,100.0,apdf,459.0,99.88864142538975,0.0,Il Caravaggio International Airport,45.669362,9.708851
LIMF,157.0,157.0,100.0,0.0,100.0,540.0,184.0,-683.0,-546.0,-451.0,-366.0,-256.0,0.5433333333333333,0.7625,0.86,0.9183333333333333,1.0131018518518522,0.2222222222222222,0.3333333333333333,0.45454545454545453,0.5833333333333334,0.713888888888889,0.10952380952380952,0.14583333333333334,0.21875,0.3020833333333333,0.4166666666666667,451.0,683.0,2.5477707006369426,0.0,96.81528662420382,1.2738853503184713,1.910828025477707,156.0,156.0,100.0,0.0,100.0,360.0,107.5,189.0,229.0,259.0,309.0,351.5,0.3905011655011655,0.5108333333333334,0.83,1.0133333333333334,1.1133333333333333,0.29583333333333334,0.4375,0.6125,0.8333333333333334,0.875,0.0954861111111111,0.14709595959595959,0.21666666666666667,0.3055555555555556,0.3472222222222222,259.0,351.5,1.2820512820512822,0.0,97.43589743589743,0.6410256410256411,1.9230769230769231,100.0,apdf,157.0,100.0,0.21770833333333334,Turin Airport,45.200802,7.64963
LIMG,1.0,1.0,100.0,0.0,0.0,480.0,480.0,104.0,104.0,104.0,104.0,104.0,-0.21666666666666667,-0.21666666666666667,-0.21666666666666667,-0.21666666666666667,-0.21666666666666667,0.0,0.0,0.0,0.0,0.0,0.0,0.0,0.0,0.0,0.0,104.0,104.0,100.0,0.0,100.0,0.0,0.0,1.0,1.0,100.0,0.0,0.0,,,-91.0,-91.0,-91.0,-91.0,-91.0,,,,,,,,,,,,,,,,91.0,91.0,100.0,,100.0,0.0,0.0,0.0,nm_inferred,1.0,100.0,,Riviera Villanova d'Albenga International Airport,44.050598,8.12743
LIMJ,79.0,79.0,100.0,0.0,0.0,600.0,600.0,48.6,59.0,79.0,99.0,114.0,-0.19051851851851853,-0.15916666666666668,-0.125,-0.09833333333333333,-0.07333333333333333,0.0,0.0,0.0,0.0,0.0,0.0,0.0,0.0,0.0,0.0,79.0,114.0,100.0,0.0,97.46835443037975,2.5316455696202533,0.0,86.0,86.0,100.0,0.0,0.0,,,-138.5,-112.75,-84.5,-47.25,-23.5,,,,,,,,,,,,,,,,84.5,138.5,97.67441860465117,,98.83720930232558,1.1627906976744187,0.0,0.0,nm_inferred,86.0,100.0,,Genoa Cristoforo Colombo Airport,44.412039,8.840732
LIML,459.0,452.0,98.47494553376906,0.0,100.0,780.0,540.0,-550.0,-386.0,-226.0,29.0,49.0,-0.07305555555555555,-0.04006944444444445,0.27901785714285715,0.5488095238095239,0.77,0.0,0.0,0.08333333333333333,0.25,0.37386363636363673,0.0,0.0,0.031650641025641024,0.14166666666666666,0.21174242424242437,226.0,550.0000000000003,39.823008849557525,0.0,96.94989106753813,1.3071895424836601,0.2178649237472767,465.0,458.0,98.49462365591398,0.0,100.0,300.0,231.0,-6.0,14.0,34.0,64.0,139.0,-0.025,0.04666666666666667,0.12222222222222222,0.23,0.6216666666666669,0.0,0.1,0.16666666666666666,0.25,0.3825000000000003,0.0,0.041666666666666664,0.11666666666666667,0.16666666666666666,0.23333333333333334,34.0,140.50000000000006,16.593886462882097,0.0,96.55913978494624,1.5053763440860215,0.43010752688172044,100.0,apdf,465.0,98.48478459484153,0.07303499049881877,Milano Linate Airport,45.445099,9.27674
LIMP,10.0,10.0,100.0,0.0,0.0,240.0,240.0,44.2,65.25,106.5,132.75,152.0,-0.5770833333333334,-0.5270833333333333,-0.33958333333333335,-0.2529166666666667,-0.18416666666666673,0.0,0.0,0.0,0.0,0.0,0.0,0.0,0.0,0.0,0.0,106.5,152.0,100.0,0.0,100.0,0.0,0.0,7.0,5.0,71.42857142857143,0.0,0.0,,,-128.4,-126.0,-114.0,-104.0,-84.2,,,,,,,,,,,,,,,,114.0,128.4,100.0,,71.42857142857143,0.0,0.0,0.0,nm_inferred,10.0,85.71428571428572,,Parma Airport,44.826351,10.29705
LIMW,,,,,,,,,,,,,,,,,,,,,,,,,,,,,,,,,,,1.0,1.0,100.0,0.0,0.0,,,-366.0,-366.0,-366.0,-366.0,-366.0,,,,,,,,,,,,,,,,366.0,366.0,100.0,,100.0,0.0,0.0,0.0,nm_inferred,1.0,100.0,,Aosta Corrado Gex Airport,45.738552,7.3683
LIMZ,5.0,5.0,100.0,0.0,0.0,480.0,480.0,45.0,54.0,64.0,69.0,69.0,-0.13958333333333334,-0.13333333333333333,-0.1125,-0.08125,-0.0785,0.0,0.0,0.0,0.0,0.0,0.0,0.0,0.0,0.0,0.0,64.0,69.0,100.0,0.0,100.0,0.0,0.0,6.0,6.0,100.0,0.0,0.0,,,-95.0,-81.5,-55.5,-34.75,-31.0,,,,,,,,,,,,,,,,55.5,95.0,100.0,,100.0,0.0,0.0,0.0,nm_inferred,6.0,100.0,,Cuneo International Airport,44.547458,7.623045
LIPB,26.0,26.0,100.0,0.0,0.0,420.0,420.0,154.0,215.25,276.5,299.0,311.5,-0.7416666666666667,-0.7119047619047619,-0.6583333333333333,-0.5125,-0.3666666666666667,0.0,0.0,0.0,0.0,0.0,0.0,0.0,0.0,0.0,0.0,276.5,311.5,100.0,0.0,92.3076923076923,7.6923076923076925,0.0,27.0,27.0,100.0,0.0,0.0,,,-440.0,-343.5,-181.0,-71.0,-35.99999999999994,,,,,,,,,,,,,,,,181.0,440.0,92.5925925925926,,92.5925925925926,3.7037037037037037,3.7037037037037037,0.0,nm_inferred,27.0,100.0,,Bolzano Airport,46.459245,11.326125
LIPE,380.0,378.0,99.47368421052632,0.0,94.47368421052632,660.0,660.0,18.0,43.0,68.0,136.75,327.50000000000017,-0.5525416666666667,-0.2341666666666667,-0.08833333333333333,-0.05187908496732026,-0.020379844961240304,0.0,0.0,0.0,0.0,0.0,0.0,0.0,0.0,0.0,0.0,68.0,341.0000000000001,94.44444444444444,0.26455026455026454,96.57894736842105,2.8947368421052633,0.0,375.0,374.0,99.73333333333333,0.0,96.53333333333333,208.5,210.0,-89.0,-62.0,-40.0,-27.0,2.499999999999943,-0.5454545454545454,-0.3092500812479688,-0.2054909560723514,-0.12206837280366692,-0.04566217150760718,0.0,0.0,0.0,0.0,0.0,0.0,0.0,0.0,0.0,0.0,43.5,91.69999999999999,89.83957219251337,0.0,97.33333333333333,1.8666666666666667,0.5333333333333333,96.53333333333333,apdf,380.0,99.60350877192982,0.0,Bologna Guglielmo Marconi Airport,44.5354,11.2887
LIPH,85.0,85.0,100.0,0.0,0.0,600.0,600.0,-1.0,9.0,29.0,44.0,59.0,-0.09499999999999999,-0.065,-0.04777777777777778,-0.015,0.0014444444444444491,0.0,0.0,0.0,0.0,0.043333333333333474,0.0,0.0,0.0,0.0,0.007222222222222246,29.0,59.0,88.23529411764706,0.0,97.6470588235294,2.3529411764705883,0.0,85.0,85.0,100.0,0.0,0.0,,,-34.6,9.0,24.0,44.0,54.0,,,,,,,,,,,,,,,,34.0,57.00000000000004,21.176470588235293,,96.47058823529412,3.5294117647058822,0.0,0.0,nm_inferred,85.0,100.0,,Treviso Airport,45.648399,12.1944
LIPK,10.0,9.0,90.0,0.0,0.0,600.0,600.0,24.0,34.0,34.0,69.0,354.0000000000002,-0.5899999999999999,-0.115,-0.056666666666666664,-0.056666666666666664,-0.03999999999999998,0.0,0.0,0.0,0.0,0.010000000000000009,0.0,0.0,0.0,0.0,0.006666666666666672,34.0,354.0000000000002,88.88888888888889,0.0,90.0,0.0,0.0,10.0,9.0,90.0,0.0,0.0,,,-521.8,-55.0,-51.0,-36.0,-10.999999999999982,,,,,,,,,,,,,,,,51.0,528.2000000000004,88.88888888888889,,90.0,0.0,0.0,0.0,nm_inferred,10.0,90.0,,Forlì-Luigi Ridolfi International Airport,44.194801,12.0701
LIPO,11.0,11.0,100.0,0.0,0.0,480.0,444.0,-96.0,-83.5,-36.0,107.0,171.0,-0.35625,-0.22291666666666665,0.075,0.17395833333333333,0.2,0.0,0.0,0.125,0.1875,0.25,0.0,0.0,0.052083333333333336,0.125,0.13541666666666666,86.0,181.0,45.45454545454545,0.0,100.0,0.0,0.0,18.0,18.0,100.0,0.0,0.0,,,-1363.0,-55.5,21.5,107.5,166.00000000000003,,,,,,,,,,,,,,,,103.0,1363.0,44.44444444444444,,100.0,0.0,0.0,0.0,nm_inferred,18.0,100.0,,Brescia Gabriele d'Annunzio Airport,45.428902,10.3306
LIPQ,61.0,59.0,96.72131147540983,0.0,0.0,600.0,209.0,-599.0,-528.5,-406.0,-221.0,-150.0,0.25,0.3683333333333333,0.6766666666666666,0.8808333333333334,0.9983333333333334,0.29000000000000004,0.35,0.6,0.8,0.9100000000000001,0.225,0.3041666666666667,0.4166666666666667,0.5583333333333333,0.6533333333333334,406.0,599.0,0.0,0.0,95.08196721311475,0.0,1.639344262295082,59.0,59.0,100.0,0.0,0.0,,,121.4,163.0,189.0,231.5,277.00000000000006,,,,,,,,,,,,,,,,189.0,277.00000000000006,0.0,,98.30508474576271,1.694915254237288,0.0,0.0,nm_inferred,61.0,98.36065573770492,,Trieste Airport,45.827862,13.466672
LIPR,24.0,24.0,100.0,0.0,0.0,600.0,362.5,-966.9999999999999,-584.75,-273.5,-53.5,35.99999999999999,-0.06,0.08916666666666667,0.4558333333333333,1.0162499999999999,1.9036666666666666,0.0,0.05,0.15,0.2625,0.45,0.0,0.016666666666666666,0.058333333333333334,0.09375,0.18083333333333332,273.5,966.9999999999997,16.666666666666668,0.0,87.5,0.0,12.5,24.0,24.0,100.0,0.0,0.0,,,-18.599999999999994,52.75,263.5,336.75,2325.199999999998,,,,,,,,,,,,,,,,263.5,2325.199999999998,12.5,,83.33333333333333,4.166666666666667,12.5,0.0,nm_inferred,24.0,100.0,,Federico Fellini International Airport,44.020024,12.612198
LIPX,144.0,144.0,100.0,0.0,0.0,900.0,900.0,39.0,54.0,74.0,94.0,109.0,-0.1331111111111111,-0.11,-0.08222222222222222,-0.06,-0.04355555555555556,0.0,0.0,0.0,0.0,0.0,0.0,0.0,0.0,0.0,0.0,74.0,109.0,100.0,0.0,96.52777777777777,3.4722222222222223,0.0,140.0,140.0,100.0,0.0,0.0,,,-158.2,-134.0,-103.0,-71.0,-50.49999999999996,,,,,,,,,,,,,,,,103.0,158.20000000000002,100.0,,94.28571428571429,5.714285714285714,0.0,0.0,nm_inferred,144.0,100.0,,Verona Villafranca Valerio Catullo Airport,45.394955,10.887303
LIPY,37.0,37.0,100.0,0.0,0.0,300.0,300.0,123.0,149.0,179.0,214.0,244.0,-0.8133333333333334,-0.7133333333333334,-0.5966666666666667,-0.49666666666666665,-0.4100000000000001,0.0,0.0,0.0,0.0,0.0,0.0,0.0,0.0,0.0,0.0,179.0,244.0,100.0,0.0,100.0,0.0,0.0,36.0,36.0,100.0,0.0,0.0,,,-541.0,-477.25,-428.5,-349.75,-273.5,,,,,,,,,,,,,,,,428.5,541.0,91.66666666666667,,100.0,0.0,0.0,0.0,nm_inferred,37.0,100.0,,Marche Airport,43.616299,13.3623
LIPZ,410.0,407.0,99.26829268292683,0.0,99.7560975609756,660.0,660.0,-46.0,-6.0,14.0,34.0,49.0,-0.07788461538461537,-0.04833333333333333,-0.021212121212121213,0.010555555555555556,0.06887878787878793,0.0,0.0,0.0,0.041666666666666664,0.09090909090909091,0.0,0.0,0.0,0.015151515151515152,0.041666666666666664,24.0,69.0,64.61916461916462,0.0,94.63414634146342,4.390243902439025,0.24390243902439024,405.0,402.0,99.25925925925925,0.0,100.0,360.0,291.0,9.0,24.0,39.0,59.0,69.0,0.03,0.06488095238095237,0.11333333333333333,0.16418650793650794,0.21333333333333335,0.07583333333333334,0.1,0.16666666666666666,0.2,0.2950000000000017,0.03333333333333333,0.06666666666666667,0.1111111111111111,0.16666666666666666,0.20833333333333334,39.0,74.0,5.223880597014926,0.0,95.06172839506173,4.197530864197531,0.0,100.0,apdf,410.0,99.26377597109304,0.055146542206162795,Venice Marco Polo Airport,45.505299,12.3519
LIQS,,,,,,,,,,,,,,,,,,,,,,,,,,,,,,,,,,,1.0,1.0,100.0,0.0,0.0,,,-681.0,-681.0,-681.0,-681.0,-681.0,,,,,,,,,,,,,,,,681.0,681.0,100.0,,100.0,0.0,0.0,0.0,nm_inferred,1.0,100.0,,Siena-Ampugnano Airport,43.254942,11.255084
LIRA,154.0,152.0,98.7012987012987,0.0,99.35064935064936,720.0,720.0,-1.0,9.0,29.0,44.0,59.0,-0.105,-0.06111111111111111,-0.04,-0.015436507936507936,0.004083333333333338,0.0,0.0,0.0,0.0,0.038186813186813204,0.0,0.0,0.0,0.0,0.012728937728937734,29.0,59.0,84.21052631578948,0.0,94.8051948051948,3.2467532467532467,0.6493506493506493,155.0,154.0,99.35483870967742,0.0,100.0,360.0,301.0,29.0,44.0,59.0,74.0,84.0,0.07333333333333333,0.10833333333333334,0.14666666666666667,0.19666666666666666,0.30583333333333346,0.1,0.14285714285714285,0.1875,0.25,0.375,0.075,0.1111111111111111,0.15,0.2,0.3104166666666668,59.0,84.0,1.948051948051948,0.0,94.19354838709677,5.161290322580645,0.0,100.0,apdf,155.0,99.02806870548807,0.07427105152911605,Ciampino–G. B. Pastine International Airport,41.798769,12.595331
LIRF,1430.0,1426.0,99.72027972027972,0.0,98.46153846153847,1080.0,1080.0,-1.0,9.0,24.0,39.0,49.0,-0.051041666666666666,-0.034523809523809526,-0.019333333333333334,-0.0057692307692307696,0.001388888888888889,0.0,0.0,0.0,0.0,0.025,0.0,0.0,0.0,0.0,0.005952380952380952,24.0,49.0,83.66058906030855,0.0,93.4965034965035,6.153846153846154,0.06993006993006994,1387.0,1380.0,99.49531362653208,0.0,99.13482335976929,600.0,561.0,14.0,24.0,39.0,59.0,69.0,0.0203125,0.03958333333333333,0.06555555555555556,0.09833333333333333,0.13166666666666665,0.038461538461538464,0.05555555555555555,0.09090909090909091,0.125,0.16666666666666666,0.02126068376068377,0.041666666666666664,0.06666666666666667,0.09848484848484848,0.13095238095238096,44.0,69.0,2.608695652173913,0.07304601899196493,92.86229271809661,6.488824801730353,0.14419610670511895,99.13482335976929,apdf,1430.0,99.6077966734059,0.0332025988911353,Rome–Fiumicino Leonardo da Vinci International Airport,41.804532,12.251998
LIRI,44.0,42.0,95.45454545454545,0.0,0.0,420.0,420.0,234.0,259.0,286.5,376.5,591.4999999999998,-1.4083333333333332,-0.8964285714285715,-0.6821428571428572,-0.6166666666666667,-0.5571428571428572,0.0,0.0,0.0,0.0,0.0,0.0,0.0,0.0,0.0,0.0,286.5,591.4999999999998,100.0,0.0,95.45454545454545,0.0,0.0,42.0,42.0,100.0,0.0,0.0,,,-946.3,-715.75,-428.5,-369.75,-257.5,,,,,,,,,,,,,,,,428.5,946.3,100.0,,95.23809523809524,0.0,4.761904761904762,0.0,nm_inferred,44.0,97.72727272727272,,Salerno Costa d'Amalfi Airport,40.620399,14.9113
LIRJ,1.0,0.0,0.0,0.0,0.0,60.0,,,,,,,,,,,,,,,,,,,,,,,,,,0.0,0.0,0.0,1.0,0.0,0.0,0.0,0.0,,,,,,,,,,,,,,,,,,,,,,,,,,,0.0,0.0,0.0,0.0,nm_inferred,1.0,0.0,,Marina di Campo Airport,42.760871,10.239811
LIRN,448.0,447.0,99.77678571428571,0.0,99.33035714285714,660.0,660.0,179.0,196.5,224.0,336.5,554.0,-0.9357435897435897,-0.5691391941391941,-0.365,-0.265,-0.21729166666666663,0.0,0.0,0.0,0.0,0.0,0.0,0.0,0.0,0.0,0.0,224.0,554.0,99.77628635346755,0.0,97.09821428571429,2.6785714285714284,0.0,443.0,441.0,99.54853273137698,0.0,100.0,240.0,240.0,-911.0,-771.0,-586.0,-491.0,-421.0,-4.727777777777778,-3.7125,-2.6972222222222224,-1.9866666666666666,-1.4555555555555555,0.0,0.0,0.0,0.0,0.0,0.0,0.0,0.0,0.0,0.0,586.0,911.0,99.54648526077098,0.0,93.90519187358916,5.191873589164786,0.45146726862302483,100.0,apdf,448.0,99.66265922283134,0.0,Naples International Airport,40.886002,14.2908
LIRP,220.0,219.0,99.54545454545455,0.0,0.0,900.0,900.0,49.0,78.0,109.0,134.0,154.0,-0.23166666666666666,-0.17138888888888887,-0.1322222222222222,-0.0975,-0.05966666666666664,0.0,0.0,0.0,0.0,0.0,0.0,0.0,0.0,0.0,0.0,109.0,154.0,99.08675799086758,0.0,97.27272727272727,2.272727272727273,0.0,228.0,227.0,99.56140350877193,0.0,0.0,,,-396.0,-288.0,-236.0,-162.0,-55.39999999999998,,,,,,,,,,,,,,,,241.0,404.80000000000007,97.79735682819383,,96.9298245614035,2.192982456140351,0.43859649122807015,0.0,nm_inferred,228.0,99.55342902711324,,Pisa International Airport,43.683899,10.3927
LIRQ,202.0,201.0,99.5049504950495,0.0,0.0,1200.0,1200.0,144.0,169.0,194.0,219.0,239.0,-0.6245555555555555,-0.21166666666666667,-0.17208333333333334,-0.14916666666666667,-0.12416666666666666,0.0,0.0,0.0,0.0,0.0,0.0,0.0,0.0,0.0,0.0,194.0,239.0,100.0,0.0,98.51485148514851,0.49504950495049505,0.49504950495049505,198.0,197.0,99.4949494949495,0.0,0.0,,,-521.0,-452.0,-361.0,-286.0,-176.0,,,,,,,,,,,,,,,,361.0,521.0,100.0,,98.48484848484848,1.0101010101010102,0.0,0.0,nm_inferred,202.0,99.4999499949995,,"Florence Airport, Peretola",43.808558,11.202822
LIRS,12.0,12.0,100.0,0.0,0.0,600.0,600.0,139.5,159.0,209.0,277.75,307.0,-0.5116666666666667,-0.46291666666666664,-0.34833333333333333,-0.265,-0.23249999999999998,0.0,0.0,0.0,0.0,0.0,0.0,0.0,0.0,0.0,0.0,209.0,307.0,100.0,0.0,91.66666666666667,0.0,8.333333333333334,11.0,11.0,100.0,0.0,0.0,,,-616.0,-553.5,-411.0,-291.0,-221.0,,,,,,,,,,,,,,,,411.0,616.0,100.0,,100.0,0.0,0.0,0.0,nm_inferred,12.0,100.0,,Grosseto Corrado Baccarini Air Base / Grosseto Airport,42.759701,11.0719
LIRZ,39.0,39.0,100.0,0.0,0.0,240.0,81.0,-1244.9999999999998,-671.0,-446.0,-208.5,-98.99999999999997,0.41250000000000003,0.8687499999999999,1.8583333333333334,2.7958333333333334,5.187500000000014,0.22500000000000003,0.4375,0.75,1.0,1.0,0.10416666666666669,0.2708333333333333,0.5,0.7083333333333334,0.8625,446.0,1245.0000000000034,5.128205128205129,2.5641025641025643,89.74358974358974,2.5641025641025643,7.6923076923076925,41.0,41.0,100.0,0.0,0.0,,,224.0,279.0,384.0,444.0,1284.0,,,,,,,,,,,,,,,,384.0,1284.0,0.0,,90.2439024390244,2.4390243902439024,7.317073170731708,0.0,nm_inferred,41.0,100.0,,Perugia San Francesco d'Assisi – Umbria International Airport,43.095901,12.5132
LJLJ,90.0,87.0,96.66666666666667,0.0,100.0,592.5,600.0,26.6,34.0,45.0,52.0,61.80000000000001,-0.10876765920452075,-0.09470636172905866,-0.07631578947368421,-0.05183186424416862,-0.0400448175524265,0.0,0.0,0.0,0.0,0.0,0.0,0.0,0.0,0.0,0.0,45.0,61.80000000000001,97.70114942528735,0.0,92.22222222222223,4.444444444444445,0.0,94.0,90.0,95.74468085106383,0.0,100.0,186.0,186.0,-73.4,-50.0,-24.0,-16.25,-1.0,-0.4212258064516129,-0.2785330948121646,-0.1394657863145258,-0.08540339129495625,-0.003990043088389422,0.0,0.0,0.0,0.0,0.0,0.0,0.0,0.0,0.0,0.0,25.0,73.40000000000003,91.11111111111111,0.0,88.29787234042553,6.382978723404255,1.0638297872340425,100.0,apdf,94.0,96.20567375886526,0.0,Ljubljana Jože Pučnik Airport,46.223701,14.4576
LJMB,2.0,1.0,50.0,0.0,0.0,300.0,300.0,29.0,29.0,29.0,29.0,29.0,-0.09666666666666666,-0.09666666666666666,-0.09666666666666666,-0.09666666666666666,-0.09666666666666666,0.0,0.0,0.0,0.0,0.0,0.0,0.0,0.0,0.0,0.0,29.0,29.0,100.0,0.0,50.0,0.0,0.0,2.0,2.0,100.0,0.0,0.0,,,79.70000000000002,299.75,666.5,1033.25,1253.3,,,,,,,,,,,,,,,,733.5,1266.7,50.0,,0.0,0.0,100.0,0.0,nm_inferred,2.0,75.0,,Maribor Edvard Rusjan Airport,46.4799,15.6861
LJPZ,4.0,3.0,75.0,0.0,0.0,300.0,300.0,62.0,96.5,154.0,2161.5,3366.0,-11.219999999999999,-7.205,-0.5133333333333333,-0.32166666666666666,-0.20666666666666667,0.0,0.0,0.0,0.3,0.48,0.0,0.0,0.0,0.275,0.44000000000000006,154.0,3366.0,100.0,0.0,50.0,25.0,0.0,1.0,1.0,100.0,0.0,0.0,,,-36.0,-36.0,-36.0,-36.0,-36.0,,,,,,,,,,,,,,,,36.0,36.0,100.0,,100.0,0.0,0.0,0.0,nm_inferred,4.0,87.5,,Portorož Airport,45.47201,13.615951
LKCS,4.0,4.0,100.0,0.0,0.0,300.0,30.0,-331.0,-331.0,-321.0,-303.5,-290.0,0.9666666666666667,1.0116666666666667,1.0699999999999998,1.1033333333333333,1.1033333333333333,0.8600000000000001,0.95,1.0,1.0,1.0,0.6883333333333334,0.6958333333333333,0.7749999999999999,0.8666666666666667,0.8966666666666666,321.0,331.0,0.0,0.0,100.0,0.0,0.0,4.0,4.0,100.0,0.0,0.0,,,211.6,221.5,238.0,252.0,257.4,,,,,,,,,,,,,,,,238.0,257.4,0.0,,100.0,0.0,0.0,0.0,nm_inferred,4.0,100.0,,České Budějovice South Bohemian Airport,48.948171,14.42832
LKHK,4.0,4.0,100.0,0.0,0.0,600.0,600.0,-57.5,-19.25,18.0,52.75,86.50000000000001,-0.14416666666666667,-0.08791666666666667,-0.03,0.03208333333333333,0.09583333333333335,0.0,0.0,0.0,0.0375,0.10500000000000002,0.0,0.0,0.0,0.035416666666666666,0.09916666666666668,58.5,101.2,75.0,0.0,100.0,0.0,0.0,4.0,4.0,100.0,0.0,0.0,,,-84.3,-66.75,-48.0,-35.5,-29.199999999999996,,,,,,,,,,,,,,,,48.0,84.30000000000001,100.0,,100.0,0.0,0.0,0.0,nm_inferred,4.0,100.0,,Hradec Králové Airport,50.253201,15.8452
LKJI,1.0,1.0,100.0,0.0,0.0,300.0,300.0,129.0,129.0,129.0,129.0,129.0,-0.43,-0.43,-0.43,-0.43,-0.43,0.0,0.0,0.0,0.0,0.0,0.0,0.0,0.0,0.0,0.0,129.0,129.0,100.0,0.0,100.0,0.0,0.0,,,,,,,,,,,,,,,,,,,,,,,,,,,,,,,,,,,0.0,nm_inferred,1.0,100.0,,Jihlava Airfield,49.419399,15.6353
LKKU,1.0,1.0,100.0,0.0,0.0,300.0,300.0,19.0,19.0,19.0,19.0,19.0,-0.06333333333333334,-0.06333333333333334,-0.06333333333333334,-0.06333333333333334,-0.06333333333333334,0.0,0.0,0.0,0.0,0.0,0.0,0.0,0.0,0.0,0.0,19.0,19.0,100.0,0.0,100.0,0.0,0.0,,,,,,,,,,,,,,,,,,,,,,,,,,,,,,,,,,,0.0,nm_inferred,1.0,100.0,,Kunovice Airport,49.0294,17.439699
LKKV,2.0,2.0,100.0,0.0,0.0,300.0,300.0,63.5,70.25,81.5,92.75,99.5,-0.33166666666666667,-0.3091666666666667,-0.27166666666666667,-0.23416666666666666,-0.21166666666666667,0.0,0.0,0.0,0.0,0.0,0.0,0.0,0.0,0.0,0.0,81.5,99.5,100.0,0.0,100.0,0.0,0.0,2.0,2.0,100.0,0.0,0.0,,,-112.5,-107.25,-98.5,-89.75,-84.5,,,,,,,,,,,,,,,,98.5,112.5,100.0,,50.0,50.0,0.0,0.0,nm_inferred,2.0,100.0,,Karlovy Vary Airport,50.202999,12.915
LKMH,1.0,1.0,100.0,0.0,0.0,600.0,224.0,-376.0,-376.0,-376.0,-376.0,-376.0,0.6266666666666667,0.6266666666666667,0.6266666666666667,0.6266666666666667,0.6266666666666667,0.35,0.35,0.35,0.35,0.35,0.15833333333333333,0.15833333333333333,0.15833333333333333,0.15833333333333333,0.15833333333333333,376.0,376.0,0.0,0.0,0.0,0.0,100.0,1.0,1.0,100.0,0.0,0.0,,,43.0,43.0,43.0,43.0,43.0,,,,,,,,,,,,,,,,43.0,43.0,0.0,,100.0,0.0,0.0,0.0,nm_inferred,1.0,100.0,,Mnichovo Hradiště Airport,50.540199,15.0066
LKMT,43.0,40.0,93.02325581395348,0.0,0.0,300.0,300.0,63.0,69.0,84.0,104.0,155.0,-0.5166666666666666,-0.35083333333333333,-0.28,-0.23,-0.18,0.0,0.0,0.0,0.0,0.0,0.0,0.0,0.0,0.0,0.0,84.0,155.0,100.0,0.0,86.04651162790698,6.976744186046512,0.0,43.0,39.0,90.69767441860465,0.0,0.0,,,-127.0,-102.0,-81.0,-70.5,-56.0,,,,,,,,,,,,,,,,81.0,127.00000000000001,100.0,,90.69767441860465,0.0,0.0,0.0,nm_inferred,43.0,91.86046511627907,,Leoš Janáček Airport Ostrava,49.696301,18.111099
LKPD,9.0,9.0,100.0,0.0,0.0,600.0,600.0,8.0,14.0,24.0,49.0,76.0,-0.14133333333333334,-0.10277777777777777,-0.04,-0.023333333333333334,-0.014666666666666666,0.0,0.0,0.0,0.0,0.0,0.0,0.0,0.0,0.0,0.0,24.0,76.0,100.0,0.0,100.0,0.0,0.0,8.0,8.0,100.0,0.0,0.0,,,-30.4,-26.5,-9.0,-1.75,0.7999999999999989,,,,,,,,,,,,,,,,9.0,30.4,87.5,,87.5,12.5,0.0,0.0,nm_inferred,9.0,100.0,,Pardubice Airport,50.015049,15.73981
LKPM,1.0,1.0,100.0,0.0,0.0,300.0,300.0,4.0,4.0,4.0,4.0,4.0,-0.013333333333333334,-0.013333333333333334,-0.013333333333333334,-0.013333333333333334,-0.013333333333333334,0.0,0.0,0.0,0.0,0.0,0.0,0.0,0.0,0.0,0.0,4.0,4.0,100.0,0.0,100.0,0.0,0.0,,,,,,,,,,,,,,,,,,,,,,,,,,,,,,,,,,,0.0,nm_inferred,1.0,100.0,,Příbram Airfield,49.7201,14.1006
LKPR,661.0,657.0,99.3948562783661,0.0,99.54614220877458,780.0,254.0,-1028.0,-766.0,-561.0,-401.0,-286.0,0.43400000000000005,0.5288888888888889,0.7652777777777777,0.9787878787878788,1.2185714285714284,0.3912698412698413,0.5,0.6428571428571429,0.84375,0.9833333333333327,0.27654320987654324,0.3888888888888889,0.48717948717948717,0.6190476190476191,0.7632478632478632,561.0,1028.0,0.60882800608828,0.45662100456621,91.83055975794251,7.110438729198185,0.45385779122541603,646.0,643.0,99.53560371517028,0.0,99.84520123839009,240.0,40.5,150.0,199.0,239.0,284.0,353.00000000000034,0.5583333333333333,0.7466666666666667,0.9466666666666667,1.1833333333333333,1.355,0.5714285714285714,0.75,0.9,1.0,1.0,0.3125,0.4375,0.5277777777777778,0.625,0.6944444444444444,239.0,373.00000000000034,2.177293934681182,0.0,91.0216718266254,7.894736842105263,0.6191950464396285,99.84520123839009,apdf,661.0,99.46522999676819,0.5047647889793258,Václav Havel Airport Prague,50.100874,14.259911
LKRO,1.0,1.0,100.0,0.0,0.0,600.0,600.0,54.0,54.0,54.0,54.0,54.0,-0.09,-0.09,-0.09,-0.09,-0.09,0.0,0.0,0.0,0.0,0.0,0.0,0.0,0.0,0.0,0.0,54.0,54.0,100.0,0.0,100.0,0.0,0.0,1.0,1.0,100.0,0.0,0.0,,,-10.0,-10.0,-10.0,-10.0,-10.0,,,,,,,,,,,,,,,,10.0,10.0,100.0,,100.0,0.0,0.0,0.0,nm_inferred,1.0,100.0,,Roudnice nad Labem Airfield,50.410186,14.22708
LKTB,51.0,51.0,100.0,0.0,0.0,300.0,239.0,-336.0,-233.5,-126.0,31.5,54.0,-0.21333333333333335,-0.10904761904761905,0.3357142857142857,0.7783333333333333,1.12,0.0,0.0,0.2857142857142857,0.6,0.8,0.0,0.0,0.11666666666666667,0.36666666666666664,0.5333333333333333,126.0,336.0,37.254901960784316,0.0,94.11764705882354,1.9607843137254901,3.9215686274509802,51.0,51.0,100.0,0.0,0.0,,,29.0,124.0,169.0,234.0,299.0,,,,,,,,,,,,,,,,169.0,299.0,0.0,,88.23529411764706,7.8431372549019605,3.9215686274509802,0.0,nm_inferred,51.0,100.0,,Brno-Tuřany Airport,49.151276,16.693972
LLBG,497.0,487.0,97.98792756539235,0.0,0.0,900.0,554.0,-868.8,-626.0,-361.0,-13.5,314.00000000001876,-0.348888888888888,0.015000000000000001,0.3844444444444444,0.6983333333333334,0.9945858585858586,0.0,0.1,0.16666666666666666,0.23333333333333334,0.45181818181818195,0.0,0.044444444444444446,0.1,0.15555555555555556,0.2833333333333333,481.0,3526.800000000009,23.613963039014372,0.0,82.09255533199195,15.895372233400403,0.0,497.0,484.0,97.38430583501005,0.0,0.0,,,-67.69999999999996,116.25,205.5,264.25,339.0,,,,,,,,,,,,,,,,226.5,872.8999999999992,11.983471074380166,,82.09255533199195,15.29175050301811,0.0,0.0,nm_inferred,497.0,97.68611670020121,,Ben Gurion International Airport,32.011398,34.8867
LLER,22.0,21.0,95.45454545454545,0.0,0.0,600.0,600.0,494.0,529.0,559.0,619.0,1784.0,-2.973333333333333,-1.0316666666666667,-0.9316666666666666,-0.8816666666666667,-0.8233333333333334,0.0,0.0,0.0,0.0,0.0,0.0,0.0,0.0,0.0,0.0,559.0,1784.0,100.0,0.0,77.27272727272727,18.181818181818183,0.0,22.0,22.0,100.0,0.0,0.0,,,-1641.0,-1470.25,-966.0,-756.0,-608.4999999999999,,,,,,,,,,,,,,,,966.0,1641.0,100.0,,100.0,0.0,0.0,0.0,nm_inferred,22.0,97.72727272727272,,Ramon International Airport,29.727009,35.014116
LLHA,14.0,14.0,100.0,0.0,0.0,600.0,600.0,-19.4,3.75,288.0,469.0,557.0000000000001,-0.9283333333333333,-0.7816666666666667,-0.48000000000000004,-0.00625,0.03233333333333335,0.0,0.0,0.0,0.05,0.20500000000000015,0.0,0.0,0.0,0.0375,0.17166666666666683,288.0,557.0000000000001,78.57142857142857,0.0,78.57142857142857,21.428571428571427,0.0,15.0,13.0,86.66666666666667,0.0,0.0,,,-216.8,-195.0,-178.0,-66.0,-31.79999999999998,,,,,,,,,,,,,,,,178.0,216.8,92.3076923076923,,86.66666666666667,0.0,0.0,0.0,nm_inferred,15.0,93.33333333333334,,Uri Michaeli Haifa International Airport,32.810219,35.043719
LMML,323.0,323.0,100.0,0.0,98.14241486068111,480.0,105.0,-944.0,-701.0,-506.0,-288.5,-161.99999999999994,0.3816666666666667,0.5870833333333334,0.930952380952381,1.4035714285714285,2.5375000000000005,0.375,0.5,0.7777777777777778,0.9444444444444444,1.0,0.26545454545454544,0.3787878787878788,0.5520833333333334,0.696969696969697,0.8166666666666667,521.0,1021.0000000000006,3.0959752321981426,3.0959752321981426,94.73684210526316,3.4055727554179565,1.8575851393188854,325.0,325.0,100.0,0.0,98.46153846153847,240.0,20.0,139.0,184.0,279.0,539.0,768.0000000000003,0.5791666666666667,0.7666666666666667,1.1729166666666666,2.2510416666666666,3.2312500000000015,0.625,0.875,1.0,1.0,1.0,0.3541666666666667,0.4583333333333333,0.5416666666666666,0.625,0.6666666666666666,294.0,814.0,2.4615384615384617,0.625,94.46153846153847,4.0,1.5384615384615385,98.46153846153847,apdf,325.0,100.0,0.546875,Malta International Airport,35.845932,14.491546
LOAN,,,,,,,,,,,,,,,,,,,,,,,,,,,,,,,,,,,2.0,2.0,100.0,0.0,0.0,,,106.0,109.0,114.0,119.0,122.0,,,,,,,,,,,,,,,,114.0,122.0,0.0,,100.0,0.0,0.0,0.0,nm_inferred,2.0,100.0,,Wiener Neustadt East Airport,47.8433,16.260099
LOIH,1.0,1.0,100.0,0.0,0.0,600.0,600.0,124.0,124.0,124.0,124.0,124.0,-0.20666666666666667,-0.20666666666666667,-0.20666666666666667,-0.20666666666666667,-0.20666666666666667,0.0,0.0,0.0,0.0,0.0,0.0,0.0,0.0,0.0,0.0,124.0,124.0,100.0,0.0,0.0,100.0,0.0,,,,,,,,,,,,,,,,,,,,,,,,,,,,,,,,,,,0.0,nm_inferred,1.0,100.0,,Hohenems-Dornbirn Airfield,47.384477,9.699776
LOLW,1.0,1.0,100.0,0.0,0.0,600.0,174.0,-3381.0,-3381.0,-3381.0,-3381.0,-3381.0,5.635,5.635,5.635,5.635,5.635,0.6,0.6,0.6,0.6,0.6,0.4166666666666667,0.4166666666666667,0.4166666666666667,0.4166666666666667,0.4166666666666667,3381.0,3381.0,0.0,0.0,0.0,0.0,100.0,1.0,1.0,100.0,0.0,0.0,,,4074.0,4074.0,4074.0,4074.0,4074.0,,,,,,,,,,,,,,,,4074.0,4074.0,0.0,,0.0,0.0,100.0,0.0,nm_inferred,1.0,100.0,,Wels Airfield,48.182513,14.039283
LOWG,56.0,56.0,100.0,0.0,0.0,180.0,22.0,-861.0,-542.25,-418.5,-333.5,-228.5,0.8476190476190476,1.1392857142857142,1.4583333333333333,2.811111111111111,4.783333333333333,0.8571428571428571,1.0,1.0,1.0,1.0,0.5892857142857142,0.6934523809523809,0.7817460317460317,0.9791666666666666,1.0,418.5,861.0,1.7857142857142858,30.357142857142858,91.07142857142857,5.357142857142857,3.5714285714285716,53.0,52.0,98.11320754716981,0.0,0.0,,,149.5,174.0,199.0,268.25,357.0,,,,,,,,,,,,,,,,199.0,357.0,0.0,,88.67924528301887,5.660377358490566,3.7735849056603774,0.0,nm_inferred,56.0,99.0566037735849,,Graz Airport,46.9911,15.4396
LOWI,33.0,32.0,96.96969696969697,0.0,0.0,360.0,360.0,-115.5,11.0,39.0,57.75,78.50000000000001,-0.41,-0.21583333333333332,-0.0786111111111111,-0.012222222222222221,0.18233333333333346,0.0,0.0,0.0,0.0,0.09833333333333337,0.0,0.0,0.0,0.0,0.0377777777777778,46.5,158.70000000000002,78.125,0.0,93.93939393939394,3.0303030303030303,0.0,43.0,40.0,93.02325581395348,0.0,0.0,,,-307.0,-103.5,-21.0,19.0,39.0,,,,,,,,,,,,,,,,49.0,307.0,62.5,,83.72093023255815,9.30232558139535,0.0,0.0,nm_inferred,43.0,94.99647639182523,,Innsbruck Airport,47.260201,11.344
LOWK,19.0,19.0,100.0,0.0,0.0,180.0,180.0,113.0,184.0,229.0,251.5,358.0,-1.788888888888889,-1.3416666666666668,-1.1055555555555556,-0.5916666666666666,-0.26755555555555555,0.0,0.0,0.0,0.0,0.0,0.0,0.0,0.0,0.0,0.0,229.0,358.0,100.0,0.0,100.0,0.0,0.0,18.0,17.0,94.44444444444444,0.0,0.0,,,-391.0,-376.0,-321.0,-276.0,-259.0,,,,,,,,,,,,,,,,321.0,391.0,100.0,,94.44444444444444,0.0,0.0,0.0,nm_inferred,19.0,97.22222222222223,,Klagenfurt Airport,46.642502,14.3377
LOWL,37.0,36.0,97.29729729729729,0.0,0.0,300.0,164.5,-611.0,-389.75,-198.5,-82.25,34.0,-0.11333333333333333,0.27416666666666667,0.645,1.6229166666666666,2.203333333333333,0.0,0.0,0.25,0.4,0.6499999999999999,0.0,0.0,0.08333333333333333,0.1875,0.2833333333333333,198.5,611.0,25.0,0.0,91.89189189189189,5.405405405405405,0.0,34.0,33.0,97.05882352941177,0.0,0.0,,,20.0,159.0,229.0,309.0,350.0,,,,,,,,,,,,,,,,244.0,370.0,6.0606060606060606,,91.17647058823529,5.882352941176471,0.0,0.0,nm_inferred,37.0,97.17806041335453,,Linz-Hörsching Airport,48.235362,14.188128
LOWS,96.0,95.0,98.95833333333333,0.0,0.0,300.0,300.0,1.0000000000000018,19.0,34.0,59.0,67.00000000000004,-0.23,-0.19666666666666666,-0.11333333333333333,-0.07601010101010101,-0.001999999999999887,0.0,0.0,0.0,0.0,0.0,0.0,0.0,0.0,0.0,0.0,44.0,104.0,89.47368421052632,0.0,94.79166666666667,1.0416666666666667,3.125,95.0,94.0,98.94736842105263,0.0,0.0,,,2.6000000000000014,14.0,29.0,54.0,94.0,,,,,,,,,,,,,,,,31.5,102.50000000000001,9.574468085106384,,93.6842105263158,3.1578947368421053,2.1052631578947367,0.0,nm_inferred,96.0,98.95285087719299,,Salzburg Airport,47.793301,13.0043
LOWW,1151.0,1147.0,99.65247610773241,0.0,98.87054735013032,600.0,145.0,-2598.0,-933.5,-606.0,-416.0,-281.0,0.5476767676767677,0.8138888888888889,0.9555555555555556,1.2739814814814814,5.364121212121215,0.5,0.6091269841269842,0.75,0.9,1.0,0.35714285714285715,0.4351851851851852,0.5416666666666666,0.6666666666666666,0.8,611.0,2601.0,0.5231037489102005,1.6564952048823016,90.96437880104257,7.645525629887055,1.0425716768027802,1124.0,1121.0,99.73309608540926,0.0,100.0,300.0,31.0,194.0,254.0,354.0,529.0,1589.0,0.7233333333333334,0.8916666666666667,1.025,1.3133333333333332,6.058333333333334,0.7,0.875,1.0,1.0,1.0,0.4166666666666667,0.5119047619047619,0.6166666666666667,0.7708333333333334,0.8888888888888888,354.0,1854.0,1.2488849241748439,3.9250669045495092,90.5693950177936,8.540925266903914,0.6227758007117438,100.0,apdf,1151.0,99.69278609657084,0.5773873861426394,Vienna International Airport,48.110298,16.5697
LPAZ,17.0,17.0,100.0,0.0,0.0,360.0,360.0,101.0,144.0,159.0,244.0,296.0,-0.8222222222222222,-0.6777777777777778,-0.44166666666666665,-0.4,-0.22099999999999997,0.0,0.0,0.0,0.0,0.0,0.0,0.0,0.0,0.0,0.0,159.0,296.0,100.0,0.0,94.11764705882354,5.882352941176471,0.0,14.0,14.0,100.0,0.0,0.0,,,-445.0,-282.25,-243.5,-167.25,-114.99999999999997,,,,,,,,,,,,,,,,243.5,445.0,100.0,,100.0,0.0,0.0,0.0,nm_inferred,17.0,100.0,,Santa Maria Airport,36.97140121459961,-25.17060089111328
LPBJ,3.0,3.0,100.0,0.0,0.0,300.0,300.0,1.0,4.0,9.0,309.0,489.0,-1.63,-1.0299999999999998,-0.03,-0.013333333333333332,-0.003333333333333332,0.0,0.0,0.0,0.05,0.08000000000000002,0.0,0.0,0.0,0.008333333333333333,0.013333333333333334,9.0,489.0,66.66666666666667,0.0,66.66666666666667,33.333333333333336,0.0,,,,,,,,,,,,,,,,,,,,,,,,,,,,,,,,,,,0.0,nm_inferred,3.0,100.0,,Beja Airport / Airbase,38.078899,-7.9324
LPCS,26.0,26.0,100.0,0.0,0.0,360.0,360.0,-361.0,-4.75,9.0,49.0,61.5,-0.15,-0.09333333333333332,-0.025,0.007916666666666667,1.0027777777777778,0.0,0.0,0.0,0.037500000000000006,0.10833333333333334,0.0,0.0,0.0,0.00625,0.048611111111111105,31.5,361.0,69.23076923076923,0.0,96.15384615384616,0.0,3.8461538461538463,25.0,25.0,100.0,0.0,0.0,,,-10.799999999999995,8.0,79.0,134.0,150.0,,,,,,,,,,,,,,,,79.0,150.0,24.0,,92.0,4.0,4.0,0.0,nm_inferred,26.0,100.0,,Cascais Airport,38.724998,-9.35523
LPEV,1.0,1.0,100.0,0.0,0.0,300.0,30.0,-481.0,-481.0,-481.0,-481.0,-481.0,1.6033333333333333,1.6033333333333333,1.6033333333333333,1.6033333333333333,1.6033333333333333,1.0,1.0,1.0,1.0,1.0,0.6333333333333333,0.6333333333333333,0.6333333333333333,0.6333333333333333,0.6333333333333333,481.0,481.0,0.0,0.0,100.0,0.0,0.0,1.0,1.0,100.0,0.0,0.0,,,124.0,124.0,124.0,124.0,124.0,,,,,,,,,,,,,,,,124.0,124.0,0.0,,100.0,0.0,0.0,0.0,nm_inferred,1.0,100.0,,Évora Airfield,38.533501,-7.88964
LPFR,399.0,399.0,100.0,0.0,99.49874686716792,600.0,180.0,-801.0,-631.0,-496.0,-228.5,-116.0,0.22614814814814815,0.3989583333333333,0.9537366548042705,1.0132140369209335,1.202925457102672,0.2,0.3333333333333333,0.5714285714285714,0.8235294117647058,0.9206153846153846,0.09960784313725492,0.1749403815580286,0.32142857142857145,0.5247997048281678,0.6443374120516686,501.0,801.0,1.0025062656641603,0.0,97.74436090225564,1.5037593984962405,0.7518796992481203,407.0,407.0,100.0,0.0,100.0,300.0,26.0,184.0,219.0,264.0,309.0,359.0,0.5553968253968254,0.6966666666666667,0.9583333333333334,1.03584229390681,1.2259952606635072,0.5833333333333334,0.75,0.9,1.0,1.0,0.3055555555555556,0.384375,0.5084745762711864,0.5590727816550349,0.5931793027116768,264.0,359.0,0.0,0.0,98.52579852579852,0.7371007371007371,0.7371007371007371,100.0,apdf,407.0,100.0,0.4149515738498789,Faro - Gago Coutinho International Airport,37.015909,-7.970939
LPMA,156.0,156.0,100.0,0.0,0.0,480.0,70.0,2756.5,2871.5,2996.5,3270.25,3429.0,-8.378125,-6.724479166666667,-6.061689814814815,-5.458796296296296,-4.19032634032634,0.4375,0.625,0.875,1.0,1.0,0.3371212121212121,0.4791666666666667,0.625,0.71875,0.7546296296296297,2996.5,3429.0,94.87179487179488,0.6410256410256411,5.128205128205129,94.23076923076923,0.6410256410256411,157.0,157.0,100.0,0.0,0.0,,,-4164.0,-3886.0,-3586.0,-3406.0,-3117.9999999999995,,,,,,,,,,,,,,,,3586.0,4164.0,94.26751592356688,,5.095541401273885,94.26751592356688,0.6369426751592356,0.0,nm_inferred,157.0,100.0,,Cristiano Ronaldo International Airport,32.697812,-16.774613
LPPD,149.0,77.0,51.67785234899329,0.0,0.0,300.0,300.0,44.0,74.0,5199.0,5419.0,5690.000000000001,-18.546666666666667,-17.73,-15.196666666666667,-0.21333333333333335,-0.14066666666666658,0.0,0.0,0.0,0.0,0.0,0.0,0.0,0.0,0.0,0.0,5199.0,5690.000000000001,96.1038961038961,0.0,27.516778523489933,24.161073825503355,0.0,151.0,151.0,100.0,0.0,0.0,,,-5416.0,-4996.0,-46.0,-11.0,4.0,,,,,,,,,,,,,,,,46.0,5416.0,88.0794701986755,,58.94039735099338,41.05960264900662,0.0,0.0,nm_inferred,151.0,75.83892617449665,,João Paulo II Airport,37.7411994934,-25.6979007721
LPPM,6.0,6.0,100.0,0.0,0.0,600.0,594.0,-15.0,-10.5,11.5,115.25,351.5,-0.5858333333333333,-0.19208333333333333,-0.019166666666666665,0.0175,0.025,0.0,0.0,0.025,0.05,0.19999999999999998,0.0,0.0,0.0125,0.025,0.1375,23.5,351.5,50.0,0.0,83.33333333333333,16.666666666666668,0.0,5.0,5.0,100.0,0.0,0.0,,,-76.2,-66.0,-26.0,14.0,20.0,,,,,,,,,,,,,,,,26.0,76.2,60.0,,80.0,0.0,20.0,0.0,nm_inferred,6.0,100.0,,Portimão Airport,37.1493,-8.58396
LPPR,511.0,510.0,99.80430528375734,0.0,99.02152641878669,600.0,600.0,14.0,24.0,34.0,49.0,59.0,-0.12298021235521235,-0.08932957710812864,-0.059059343434343436,-0.03315911730545877,-0.01890614545413307,0.0,0.0,0.0,0.0,0.0,0.0,0.0,0.0,0.0,0.0,34.0,59.0,98.43137254901961,0.19607843137254902,92.17221135029354,7.045009784735812,0.5870841487279843,508.0,507.0,99.80314960629921,0.0,99.60629921259843,354.0,360.0,-41.0,-31.0,-16.0,-1.0,9.0,-0.13666666666666666,-0.1,-0.044444444444444446,-0.003194888178913738,0.025555555555555578,0.0,0.0,0.0,0.0,0.08333333333333333,0.0,0.0,0.0,0.0,0.024637159649754138,16.0,41.0,81.26232741617358,0.0,94.29133858267717,5.31496062992126,0.1968503937007874,99.60629921259843,apdf,511.0,99.80372744502827,0.0,Francisco de Sá Carneiro Airport,41.2481002808,-8.68138980865
LPPS,13.0,13.0,100.0,0.0,0.0,360.0,360.0,141.0,354.0,2309.0,2674.0,2829.0,-7.425,-6.483333333333333,-3.7625,-0.9833333333333333,-0.3916666666666666,0.0,0.0,0.0,0.0,0.0,0.0,0.0,0.0,0.0,0.0,2309.0,2829.0,100.0,0.0,92.3076923076923,7.6923076923076925,0.0,13.0,13.0,100.0,0.0,0.0,,,-3479.8,-3351.0,-3178.0,-71.0,-60.0,,,,,,,,,,,,,,,,3178.0,3479.8,100.0,,46.15384615384615,53.84615384615385,0.0,0.0,nm_inferred,13.0,100.0,,Porto Santo Airport,33.0733985901,-16.3500003815
LPPT,984.0,983.0,99.89837398373983,0.0,99.08536585365853,840.0,720.0,-851.0,-621.0,44.0,74.0,89.0,-0.1141025641025641,-0.0824780701754386,-0.051041666666666666,0.8551041666666667,0.953888888888889,0.0,0.0,0.0,0.4583333333333333,0.65,0.0,0.0,0.0,0.26875,0.3973604826546003,89.0,851.0,60.83418107833164,0.0,88.10975609756098,11.788617886178862,0.0,982.0,981.0,99.89816700610999,0.0,100.0,349.5,300.0,-31.0,-16.0,9.0,299.0,409.0,-0.09748427672955975,-0.04751131221719457,0.02710843373493976,0.9489795918367347,1.0,0.0,0.0,0.07692307692307693,0.5,0.7142857142857143,0.0,0.0,0.02824858757062147,0.19784172661870503,0.2924791086350975,36.0,414.0,42.813455657492355,0.0,90.12219959266803,9.775967413441956,0.0,100.0,apdf,984.0,99.8982704949249,0.014109925211147584,Lisbon Humberto Delgado Airport,38.7813,-9.13592
LPVR,,,,,,,,,,,,,,,,,,,,,,,,,,,,,,,,,,,1.0,1.0,100.0,0.0,0.0,,,-196.0,-196.0,-196.0,-196.0,-196.0,,,,,,,,,,,,,,,,196.0,196.0,100.0,,100.0,0.0,0.0,0.0,nm_inferred,1.0,100.0,,Vila Real Airport,41.2743,-7.72047
LPVZ,6.0,6.0,100.0,0.0,0.0,600.0,600.0,-1405.5,-1107.5,-341.0,24.25,94.0,-0.15666666666666668,-0.04041666666666667,0.5683333333333334,1.8458333333333332,2.3425000000000002,0.0,0.0,0.0,0.07500000000000001,0.5249999999999999,0.0,0.0,0.0,0.03125,0.4041666666666667,381.5,1405.5,33.333333333333336,0.0,83.33333333333333,0.0,16.666666666666668,5.0,5.0,100.0,0.0,0.0,,,-687.4,-181.0,345.0,1067.0,1074.8,,,,,,,,,,,,,,,,1025.0,1074.8,40.0,,100.0,0.0,0.0,0.0,nm_inferred,6.0,100.0,,Aerodromo Goncalves Lobato (Viseu Airport),40.725498,-7.88899
LQBK,17.0,17.0,100.0,0.0,0.0,300.0,300.0,199.0,204.0,239.0,274.0,282.2,-0.9406666666666667,-0.9133333333333333,-0.7966666666666666,-0.68,-0.6633333333333333,0.0,0.0,0.0,0.0,0.0,0.0,0.0,0.0,0.0,0.0,239.0,282.2,100.0,0.0,100.0,0.0,0.0,17.0,17.0,100.0,0.0,0.0,,,-971.0,-421.0,-341.0,-336.0,-321.0,,,,,,,,,,,,,,,,341.0,971.0000000000001,100.0,,100.0,0.0,0.0,0.0,nm_inferred,17.0,100.0,,Banja Luka International Airport,44.941399,17.297501
LQMO,10.0,9.0,90.0,0.0,0.0,300.0,300.0,634.6,759.0,1004.0,1339.0,1619.0,-5.3966666666666665,-4.463333333333333,-3.3466666666666667,-2.53,-2.1153333333333335,0.0,0.0,0.0,0.0,0.0,0.0,0.0,0.0,0.0,0.0,1004.0,1619.0,100.0,0.0,90.0,0.0,0.0,9.0,8.0,88.88888888888889,0.0,0.0,,,-1853.0,-1657.25,-1443.5,-1262.25,-1156.5,,,,,,,,,,,,,,,,1443.5,1853.0,100.0,,88.88888888888889,0.0,0.0,0.0,nm_inferred,10.0,89.44444444444444,,Mostar International Airport,43.282489,17.846101
LQSA,93.0,92.0,98.9247311827957,0.0,0.0,600.0,600.0,254.5,269.0,294.0,355.25,467.50000000000034,-0.7791666666666668,-0.5920833333333333,-0.49,-0.4483333333333333,-0.42416666666666664,0.0,0.0,0.0,0.0,0.0,0.0,0.0,0.0,0.0,0.0,294.0,467.50000000000034,100.0,0.0,82.79569892473118,16.129032258064516,0.0,93.0,92.0,98.9247311827957,0.0,0.0,,,-964.5,-737.25,-633.5,-511.0,-462.0999999999999,,,,,,,,,,,,,,,,633.5,964.5000000000001,100.0,,79.56989247311827,19.35483870967742,0.0,0.0,nm_inferred,93.0,98.9247311827957,,Sarajevo International Airport,43.8246,18.331499
LQTZ,8.0,8.0,100.0,0.0,0.0,600.0,600.0,18.0,27.75,39.0,107.75,167.0,-0.2783333333333333,-0.17958333333333334,-0.065,-0.04625,-0.030000000000000006,0.0,0.0,0.0,0.0,0.0,0.0,0.0,0.0,0.0,0.0,39.0,167.0,100.0,0.0,100.0,0.0,0.0,8.0,8.0,100.0,0.0,0.0,,,-696.0,-579.75,-528.5,-467.25,-351.0,,,,,,,,,,,,,,,,528.5,696.0,100.0,,100.0,0.0,0.0,0.0,nm_inferred,8.0,100.0,,Tuzla International Airport,44.459858,18.723627
LRAR,1.0,1.0,100.0,0.0,0.0,180.0,180.0,194.0,194.0,194.0,194.0,194.0,-1.0777777777777777,-1.0777777777777777,-1.0777777777777777,-1.0777777777777777,-1.0777777777777777,0.0,0.0,0.0,0.0,0.0,0.0,0.0,0.0,0.0,0.0,194.0,194.0,100.0,0.0,100.0,0.0,0.0,1.0,1.0,100.0,0.0,0.0,,,-1116.0,-1116.0,-1116.0,-1116.0,-1116.0,,,,,,,,,,,,,,,,1116.0,1116.0,100.0,,100.0,0.0,0.0,0.0,nm_inferred,1.0,100.0,,Arad International Airport,46.176136,21.264322
LRBC,19.0,19.0,100.0,0.0,0.0,600.0,600.0,118.0,146.0,169.0,201.5,216.0,-0.3566666666666667,-0.315,-0.265,-0.20273809523809525,-0.18776190476190477,0.0,0.0,0.0,0.0,0.0,0.0,0.0,0.0,0.0,0.0,169.0,216.0,100.0,0.0,100.0,0.0,0.0,19.0,18.0,94.73684210526316,0.0,0.0,,,-645.6999999999999,-573.25,-554.5,-499.5,-431.3,,,,,,,,,,,,,,,,554.5,645.7,100.0,,94.73684210526316,0.0,0.0,0.0,nm_inferred,19.0,97.36842105263159,,Bacău George Enescu International  Airport,46.5219,26.910299
LRBM,3.0,3.0,100.0,0.0,0.0,360.0,360.0,449.0,479.0,529.0,731.5,853.0,-2.3694444444444445,-2.0319444444444446,-1.4694444444444446,-1.3305555555555557,-1.2472222222222222,0.0,0.0,0.0,0.0,0.0,0.0,0.0,0.0,0.0,0.0,529.0,853.0,100.0,0.0,100.0,0.0,0.0,4.0,4.0,100.0,0.0,0.0,,,-1158.0,-996.0,-900.0,-781.75,-579.6999999999999,,,,,,,,,,,,,,,,900.0,1158.0,100.0,,75.0,25.0,0.0,0.0,nm_inferred,4.0,100.0,,Maramureș International Airport,47.658444,23.464445
LRBS,26.0,26.0,100.0,0.0,0.0,420.0,420.0,4.0,10.25,23.5,29.0,46.5,-0.09142857142857143,-0.06607142857142857,-0.04458874458874459,-0.023268398268398268,-0.008095238095238096,0.0,0.0,0.0,0.0,0.0,0.0,0.0,0.0,0.0,0.0,23.5,46.5,92.3076923076923,0.0,92.3076923076923,7.6923076923076925,0.0,22.0,21.0,95.45454545454545,0.0,0.0,,,-94.0,-54.0,-30.0,-20.0,-8.0,,,,,,,,,,,,,,,,30.0,94.0,95.23809523809524,,86.36363636363636,9.090909090909092,0.0,0.0,nm_inferred,26.0,97.72727272727272,,Bucharest Băneasa Aurel Vlaicu International Airport,44.503133,26.102944
LRBV,11.0,10.0,90.9090909090909,0.0,0.0,180.0,15.0,-3357.5,-1106.0,-628.5,-534.75,-497.00000000000006,1.8053333333333335,1.945,3.1166666666666667,6.144444444444444,18.652777777777764,0.99,1.0,1.0,1.0,1.0,0.715,0.7847222222222222,0.8527777777777777,0.9166666666666666,0.95,628.5,3357.4999999999977,0.0,10.0,81.81818181818181,0.0,9.090909090909092,9.0,9.0,100.0,0.0,0.0,,,134.0,159.0,184.0,229.0,2499.6000000000017,,,,,,,,,,,,,,,,184.0,2499.6000000000017,0.0,,88.88888888888889,0.0,11.11111111111111,0.0,nm_inferred,11.0,95.45454545454545,,Brașov-Ghimbav International Airport,45.70558,25.522871
LRCK,3.0,3.0,100.0,0.0,0.0,300.0,300.0,320.0,351.5,404.0,411.5,416.0,-1.3866666666666667,-1.3716666666666666,-1.3466666666666667,-1.1716666666666666,-1.0666666666666667,0.0,0.0,0.0,0.0,0.0,0.0,0.0,0.0,0.0,0.0,404.0,416.0,100.0,0.0,100.0,0.0,0.0,2.0,2.0,100.0,0.0,0.0,,,-890.9,-881.75,-866.5,-851.25,-842.1,,,,,,,,,,,,,,,,866.5,890.9,100.0,,100.0,0.0,0.0,0.0,nm_inferred,3.0,100.0,,Mihail Kogălniceanu International Airport,44.362202,28.4883
LRCL,128.0,124.0,96.875,0.0,0.0,600.0,600.0,249.0,284.0,324.0,369.0,467.50000000000017,-0.6918148148148148,-0.58375,-0.5143181818181819,-0.4508333333333333,-0.38825,0.0,0.0,0.0,0.0,0.0,0.0,0.0,0.0,0.0,0.0,324.0,467.50000000000017,100.0,0.0,96.09375,0.78125,0.0,128.0,123.0,96.09375,0.0,0.0,,,-969.4,-902.0,-811.0,-581.5,-459.0,,,,,,,,,,,,,,,,811.0,969.4,100.0,,96.09375,0.0,0.0,0.0,nm_inferred,128.0,96.484375,,Avram Iancu Cluj International Airport,46.786042,23.685733
LRCV,22.0,21.0,95.45454545454545,0.0,0.0,420.0,420.0,464.0,749.0,849.0,1119.0,1209.0,-2.830952380952381,-2.4976190476190476,-1.9976190476190476,-1.29,-1.0983333333333334,0.0,0.0,0.0,0.0,0.0,0.0,0.0,0.0,0.0,0.0,849.0,1209.0,100.0,0.0,95.45454545454545,0.0,0.0,21.0,20.0,95.23809523809524,0.0,0.0,,,-1423.4,-1180.0,-1105.0,-981.75,-667.7999999999998,,,,,,,,,,,,,,,,1105.0,1423.4,100.0,,95.23809523809524,0.0,0.0,0.0,nm_inferred,22.0,95.34632034632034,,Craiova International Airport,44.3181,23.888599
LRIA,71.0,69.0,97.1830985915493,0.0,0.0,600.0,600.0,289.0,334.0,374.0,429.0,686.0,-1.1133333333333333,-0.715,-0.6066666666666667,-0.5233333333333333,-0.4424444444444444,0.0,0.0,0.0,0.0,0.0,0.0,0.0,0.0,0.0,0.0,374.0,686.0,100.0,0.0,94.36619718309859,2.816901408450704,0.0,68.0,66.0,97.05882352941177,0.0,0.0,,,-1406.0,-946.0,-795.5,-719.0,-681.5,,,,,,,,,,,,,,,,795.5,1406.0,100.0,,97.05882352941177,0.0,0.0,0.0,nm_inferred,71.0,97.12096106048054,,Iaşi International Airport,47.179633,27.621431
LROD,14.0,13.0,92.85714285714286,0.0,0.0,420.0,420.0,295.0,319.0,424.0,549.0,1555.0000000000002,-3.7023809523809526,-1.3071428571428572,-1.0095238095238095,-0.8071428571428572,-0.7214285714285714,0.0,0.0,0.0,0.0,0.0,0.0,0.0,0.0,0.0,0.0,424.0,1555.0000000000002,100.0,0.0,85.71428571428571,7.142857142857143,0.0,13.0,12.0,92.3076923076923,0.0,0.0,,,-1481.0,-1255.25,-1019.0,-719.0,-682.7,,,,,,,,,,,,,,,,1019.0,1481.0,100.0,,92.3076923076923,0.0,0.0,0.0,nm_inferred,14.0,92.58241758241758,,Oradea International Airport,47.025299,21.9025
LROP,503.0,494.0,98.2107355864811,11.0,99.40357852882704,540.0,540.0,29.0,44.0,64.0,79.0,99.0,-0.2966666666666667,-0.18675595238095238,-0.12333333333333334,-0.08055555555555556,-0.04122004357298473,0.0,0.0,0.0,0.0,0.0,0.0,0.0,0.0,0.0,0.0,64.0,102.49999999999994,98.38056680161944,0.0,93.04174950298211,5.168986083499006,0.0,508.0,500.0,98.4251968503937,11.0,100.0,360.0,351.0,-36.0,-16.0,9.0,24.0,49.0,-0.10857142857142857,-0.0380952380952381,0.02142857142857143,0.07083333333333333,0.14433333333333329,0.0,0.0,0.07142857142857142,0.1,0.2,0.0,0.0,0.023809523809523808,0.06944444444444445,0.14345238095238091,21.0,61.0,42.2,0.0,92.51968503937007,5.905511811023622,0.0,100.0,apdf,508.0,98.3179662184374,0.011704519787909214,Bucharest Henri Coandă International Airport,44.571792,26.103285
LRSB,22.0,22.0,100.0,0.0,0.0,300.0,300.0,214.5,239.0,301.5,490.25,759.5000000000001,-2.5316666666666667,-1.6341666666666668,-0.8447619047619048,-0.738452380952381,-0.5834761904761901,0.0,0.0,0.0,0.0,0.0,0.0,0.0,0.0,0.0,0.0,301.5,759.5000000000001,100.0,0.0,100.0,0.0,0.0,22.0,22.0,100.0,0.0,0.0,,,-1102.2,-1048.5,-950.5,-367.5,-226.99999999999994,,,,,,,,,,,,,,,,950.5,1102.2,100.0,,100.0,0.0,0.0,0.0,nm_inferred,22.0,100.0,,Sibiu International Airport,45.785841,24.086666
LRSM,2.0,2.0,100.0,0.0,0.0,300.0,300.0,302.0,321.5,354.0,386.5,406.0,-1.3533333333333335,-1.2883333333333333,-1.1800000000000002,-1.0716666666666668,-1.0066666666666666,0.0,0.0,0.0,0.0,0.0,0.0,0.0,0.0,0.0,0.0,354.0,406.0,100.0,0.0,100.0,0.0,0.0,1.0,1.0,100.0,0.0,0.0,,,-767.0,-767.0,-767.0,-767.0,-767.0,,,,,,,,,,,,,,,,767.0,767.0,100.0,,100.0,0.0,0.0,0.0,nm_inferred,2.0,100.0,,Satu Mare International Airport,47.7033,22.8857
LRSV,20.0,19.0,95.0,0.0,0.0,300.0,300.0,333.4,356.5,419.0,531.5,904.999999999999,-2.5273333333333334,-1.6883333333333335,-1.2133333333333334,-1.0933333333333333,-0.7333333333333334,0.0,0.0,0.0,0.0,0.0,0.0,0.0,0.0,0.0,0.0,419.0,904.999999999999,100.0,0.0,95.0,0.0,0.0,20.0,20.0,100.0,0.0,0.0,,,-1103.3999999999999,-922.5,-736.0,-613.75,-589.5999999999999,,,,,,,,,,,,,,,,736.0,1103.4000000000003,100.0,,100.0,0.0,0.0,0.0,nm_inferred,20.0,97.5,,Suceava Ștefan cel Mare International Airport,47.6875,26.354099
LRTM,5.0,5.0,100.0,0.0,0.0,480.0,480.0,119.0,134.0,184.0,224.0,230.0,-0.42592592592592593,-0.4148148148148148,-0.38333333333333336,-0.2791666666666667,-0.24791666666666667,0.0,0.0,0.0,0.0,0.0,0.0,0.0,0.0,0.0,0.0,184.0,230.0,100.0,0.0,100.0,0.0,0.0,5.0,5.0,100.0,0.0,0.0,,,-652.6,-592.0,-460.0,-448.0,-364.0,,,,,,,,,,,,,,,,460.0,652.6,100.0,,100.0,0.0,0.0,0.0,nm_inferred,5.0,100.0,,Târgu Mureş Transilvania International Airport,46.467701,24.4125
LRTR,59.0,54.0,91.52542372881356,0.0,0.0,600.0,600.0,224.0,250.25,296.5,477.75,1781.0,-2.9683333333333333,-0.79625,-0.47750000000000004,-0.3995833333333333,-0.36399999999999993,0.0,0.0,0.0,0.0,0.0,0.0,0.0,0.0,0.0,0.0,296.5,1781.0,100.0,0.0,91.52542372881356,0.0,0.0,57.0,53.0,92.98245614035088,0.0,0.0,,,-1198.6,-714.0,-554.0,-508.0,-470.0,,,,,,,,,,,,,,,,554.0,1198.6000000000001,100.0,,92.98245614035088,0.0,0.0,0.0,nm_inferred,59.0,92.25393993458222,,Timișoara Traian Vuia International Airport,45.809898,21.3379
LSGC,2.0,2.0,100.0,0.0,0.0,300.0,300.0,47.7,71.25,110.5,149.75,173.3,-0.5776666666666667,-0.49916666666666665,-0.36833333333333335,-0.2375,-0.159,0.0,0.0,0.0,0.0,0.0,0.0,0.0,0.0,0.0,0.0,110.5,173.3,100.0,0.0,50.0,50.0,0.0,2.0,2.0,100.0,0.0,0.0,,,-79.7,-77.75,-74.5,-71.25,-69.3,,,,,,,,,,,,,,,,74.5,79.7,100.0,,100.0,0.0,0.0,0.0,nm_inferred,2.0,100.0,,Les Eplatures Airport,47.0839004517,6.792840003970001
LSGG,678.0,676.0,99.70501474926253,1.0,99.70501474926253,720.0,720.0,14.0,29.0,49.0,64.0,84.0,-0.14416666666666664,-0.09696969696969697,-0.06388888888888888,-0.03874269005847954,-0.01886904761904761,0.0,0.0,0.0,0.0,0.0,0.0,0.0,0.0,0.0,0.0,54.0,94.0,93.93491124260355,0.0,95.57522123893806,3.982300884955752,0.14749262536873156,666.0,664.0,99.69969969969969,1.0,100.0,240.0,180.0,-16.0,-1.0,24.0,99.0,152.50000000000023,-0.07,-0.002380952380952381,0.1,0.4388888888888889,0.725,0.0,0.025,0.16666666666666666,0.31666666666666665,0.5,0.0,0.006944444444444444,0.06666666666666667,0.15,0.25,29.0,154.0,25.451807228915662,0.0,94.44444444444444,4.954954954954955,0.3003003003003003,100.0,apdf,678.0,99.70235722448112,0.03323411907482704,Geneva International Airport,46.238098,6.10895
LSGK,2.0,2.0,100.0,0.0,0.0,300.0,300.0,192.5,197.75,206.5,215.25,220.5,-0.735,-0.7175,-0.6883333333333334,-0.6591666666666667,-0.6416666666666667,0.0,0.0,0.0,0.0,0.0,0.0,0.0,0.0,0.0,0.0,206.5,220.5,100.0,0.0,100.0,0.0,0.0,2.0,2.0,100.0,0.0,0.0,,,-351.5,-314.75,-253.5,-192.25,-155.5,,,,,,,,,,,,,,,,253.5,351.5,100.0,,100.0,0.0,0.0,0.0,nm_inferred,2.0,100.0,,Saanen Airfield,46.486525,7.248359
LSGL,4.0,4.0,100.0,0.0,0.0,300.0,118.0,-871.6,-719.5,-558.0,-413.5,-291.99999999999994,0.9733333333333334,1.3783333333333334,1.8599999999999999,2.3983333333333334,2.9053333333333335,0.13,0.17500000000000002,0.55,0.925,0.97,0.03333333333333333,0.03333333333333333,0.31666666666666665,0.625,0.6699999999999999,558.0,871.6,0.0,0.0,75.0,0.0,25.0,4.0,4.0,100.0,0.0,0.0,,,66.0,84.0,139.0,222.75,292.5,,,,,,,,,,,,,,,,139.0,292.5,0.0,,75.0,0.0,25.0,0.0,nm_inferred,4.0,100.0,,Lausanne la Blécherette Airport,46.54509,6.616629
LSGS,22.0,22.0,100.0,0.0,0.0,300.0,300.0,149.0,160.25,186.5,260.25,313.5,-1.045,-0.8674999999999999,-0.6216666666666666,-0.505,-0.43333333333333324,0.0,0.0,0.0,0.0,0.0,0.0,0.0,0.0,0.0,0.0,186.5,313.5,100.0,0.0,86.36363636363636,9.090909090909092,4.545454545454546,20.0,20.0,100.0,0.0,0.0,,,-393.8,-304.5,-270.0,-230.0,-80.39999999999993,,,,,,,,,,,,,,,,278.5,498.300000000001,95.0,,90.0,0.0,10.0,0.0,nm_inferred,22.0,100.0,,Sion Airport,46.219166,7.326944
LSMP,8.0,8.0,100.0,0.0,0.0,300.0,300.0,-1.0999999999999996,1.75,39.0,64.0,82.0,-0.2733333333333333,-0.21333333333333332,-0.13,-0.005833333333333334,0.0036666666666666623,0.0,0.0,0.0,0.0,0.029999999999999985,0.0,0.0,0.0,0.0,0.009999999999999993,39.0,82.0,87.5,0.0,100.0,0.0,0.0,8.0,8.0,100.0,0.0,0.0,,,-239.49999999999997,-57.25,-43.5,-22.25,5.499999999999999,,,,,,,,,,,,,,,,43.5,239.49999999999991,75.0,,100.0,0.0,0.0,0.0,nm_inferred,8.0,100.0,,Payerne Air Base,46.8432,6.91506
LSTS,2.0,2.0,100.0,0.0,0.0,600.0,516.0,-151.0,-125.5,-83.0,-40.5,-14.999999999999996,0.025000000000000005,0.06750000000000002,0.13833333333333334,0.20916666666666667,0.2516666666666667,0.03,0.075,0.15,0.22499999999999998,0.27,0.028333333333333335,0.07083333333333333,0.14166666666666666,0.2125,0.255,85.0,151.4,50.0,0.0,100.0,0.0,0.0,1.0,1.0,100.0,0.0,0.0,,,299.0,299.0,299.0,299.0,299.0,,,,,,,,,,,,,,,,299.0,299.0,0.0,,100.0,0.0,0.0,0.0,nm_inferred,2.0,100.0,,Sankt Stephan Airfield,46.497398,7.41257
LSZA,4.0,4.0,100.0,0.0,0.0,300.0,300.0,4.500000000000002,20.25,39.0,55.25,66.5,-0.22166666666666668,-0.18416666666666667,-0.13,-0.0675,-0.014999999999999982,0.0,0.0,0.0,0.025,0.07000000000000002,0.0,0.0,0.0,0.008333333333333333,0.023333333333333338,39.0,66.5,75.0,0.0,100.0,0.0,0.0,4.0,4.0,100.0,0.0,0.0,,,-73.0,-68.5,-51.0,-32.25,-25.499999999999996,,,,,,,,,,,,,,,,51.0,73.0,100.0,,100.0,0.0,0.0,0.0,nm_inferred,4.0,100.0,,Lugano Airport,46.004299,8.91058
LSZB,20.0,19.0,95.0,0.0,0.0,300.0,30.0,-2725.0,-843.5,-641.0,-503.5,-329.00000000000006,1.0966666666666667,1.6783333333333332,2.1366666666666667,2.8116666666666665,9.083333333333332,0.7,0.9,1.0,1.0,1.0,0.6266666666666666,0.6916666666666667,0.7666666666666667,0.8416666666666667,0.8666666666666667,641.0,2725.0,0.0,0.0,85.0,5.0,5.0,21.0,20.0,95.23809523809524,0.0,0.0,,,193.8,239.5,290.5,316.25,544.7000000000018,,,,,,,,,,,,,,,,290.5,544.7000000000018,0.0,,90.47619047619048,0.0,4.761904761904762,0.0,nm_inferred,21.0,95.11904761904762,,Bern Airport,46.912736,7.498819
LSZC,3.0,3.0,100.0,0.0,0.0,300.0,75.0,-394.2,-363.0,-311.0,-286.0,-271.0,0.9033333333333333,0.9533333333333334,1.0366666666666666,1.21,1.314,0.74,0.8,0.9,0.9,0.9,0.5433333333333333,0.5583333333333333,0.5833333333333334,0.675,0.7300000000000001,311.0,394.2,0.0,0.0,100.0,0.0,0.0,1.0,1.0,100.0,0.0,0.0,,,389.0,389.0,389.0,389.0,389.0,,,,,,,,,,,,,,,,389.0,389.0,0.0,,100.0,0.0,0.0,0.0,nm_inferred,3.0,100.0,,Buochs Airport,46.974444,8.396944
LSZG,1.0,1.0,100.0,0.0,0.0,300.0,300.0,69.0,69.0,69.0,69.0,69.0,-0.23,-0.23,-0.23,-0.23,-0.23,0.0,0.0,0.0,0.0,0.0,0.0,0.0,0.0,0.0,0.0,69.0,69.0,100.0,0.0,100.0,0.0,0.0,,,,,,,,,,,,,,,,,,,,,,,,,,,,,,,,,,,0.0,nm_inferred,1.0,100.0,,Grenchen Airfield,47.181599,7.41719
LSZH,1167.0,1159.0,99.31448157669237,1.0,99.57155098543274,739.0,95.0,-2384.0,-1126.5,-809.0,-620.0,-454.0,0.8566196616645301,0.9508566268168916,0.9959758551307847,1.286622951146163,3.40833251360745,0.6294179894179894,0.7391304347826086,0.8571428571428571,0.9523809523809523,1.0,0.41389410854426884,0.5050511412304126,0.6199460916442048,0.7182535550233144,0.7935856909122678,810.0,2426.2000000000016,0.1725625539257981,0.08628127696289906,91.51670951156812,7.02656383890317,0.7712082262210797,1137.0,1131.0,99.47229551451187,0.0,99.8240985048373,334.0,20.0,210.0,266.0,350.0,491.0,737.0,0.8695451587412262,0.9538012804494498,0.9983049194621633,1.0805237315875613,2.094715921136316,0.8323529411764706,0.9,1.0,1.0,1.0,0.48012857297951206,0.539568345323741,0.6633702902359618,0.7995305164319249,0.8602962674203294,351.0,755.0,0.3536693191865606,1.238938053097345,91.73262972735269,7.211961301671065,0.5277044854881267,99.8240985048373,apdf,1167.0,99.39338854560212,0.6377658188557587,Zürich Airport,47.458056,8.548056
LSZR,19.0,19.0,100.0,0.0,0.0,300.0,300.0,-163.0,-133.5,14.0,566.5,713.0,-2.3766666666666665,-1.8883333333333334,-0.04666666666666667,0.445,0.5433333333333332,0.0,0.0,0.0,0.35,0.5199999999999999,0.0,0.0,0.0,0.16666666666666669,0.23666666666666666,301.0,713.0,52.63157894736842,0.0,100.0,0.0,0.0,19.0,19.0,100.0,0.0,0.0,,,57.2,95.5,118.0,174.5,221.2,,,,,,,,,,,,,,,,118.0,221.2,0.0,,89.47368421052632,10.526315789473685,0.0,0.0,nm_inferred,19.0,100.0,,Sankt Gallen Altenrhein Airport,47.485001,9.56077
LSZS,3.0,3.0,100.0,0.0,0.0,300.0,300.0,140.0,156.5,184.0,201.5,212.0,-0.7066666666666667,-0.6716666666666666,-0.6133333333333333,-0.5216666666666666,-0.4666666666666667,0.0,0.0,0.0,0.0,0.0,0.0,0.0,0.0,0.0,0.0,184.0,212.0,100.0,0.0,100.0,0.0,0.0,5.0,5.0,100.0,0.0,0.0,,,-419.0,-416.0,-411.0,-356.0,-356.0,,,,,,,,,,,,,,,,411.0,419.0,100.0,,100.0,0.0,0.0,0.0,nm_inferred,5.0,100.0,,Engadin Airport,46.5341,9.88411
LTAC,376.0,283.0,75.26595744680851,0.0,0.0,600.0,600.0,639.0,689.0,804.0,1231.5,2075.0,-3.458333333333333,-2.0275,-1.34,-1.1441666666666666,-1.0483333333333333,0.0,0.0,0.0,0.0,0.0,0.0,0.0,0.0,0.0,0.0,804.0,2075.0,100.0,0.0,73.40425531914893,1.8617021276595744,0.0,370.0,272.0,73.51351351351352,0.0,0.0,,,-2243.0,-1521.0,-1081.0,-969.75,-886.5,,,,,,,,,,,,,,,,1081.0,2243.0,100.0,,72.70270270270271,0.8108108108108109,0.0,0.0,nm_inferred,376.0,74.38973548016102,,Esenboğa International Airport,40.128101,32.995098
LTAG,2.0,2.0,100.0,0.0,0.0,300.0,300.0,693.0,729.0,789.0,849.0,885.0,-2.9499999999999997,-2.83,-2.63,-2.4299999999999997,-2.31,0.0,0.0,0.0,0.0,0.0,0.0,0.0,0.0,0.0,0.0,789.0,885.0,100.0,0.0,100.0,0.0,0.0,2.0,2.0,100.0,0.0,0.0,,,-2642.8,-2638.0,-2630.0,-2622.0,-2617.2,,,,,,,,,,,,,,,,2630.0,2642.8,100.0,,100.0,0.0,0.0,0.0,nm_inferred,2.0,100.0,,İncirlik Air Base,37.002102,35.4259
LTAI,1382.0,1363.0,98.62518089725036,0.0,0.0,1320.0,1289.0,-41.0,-21.0,9.0,141.5,239.0,-0.19083333333333333,-0.11287878787878788,-0.006818181818181818,0.0175,0.034166666666666665,0.0,0.0,0.0,0.025,0.045454545454545456,0.0,0.0,0.0,0.0125,0.022727272727272728,31.0,239.0,54.805575935436536,0.0,89.29088277858176,9.261939218523878,0.0723589001447178,1383.0,1346.0,97.32465654374548,0.0,0.0,,,-1438.5,-418.5,-16.0,24.0,154.0,,,,,,,,,,,,,,,,72.5,1441.0,61.73848439821694,,75.77729573391179,21.475054229934923,0.07230657989877079,0.0,nm_inferred,1383.0,97.97491872049793,,Antalya International Airport,36.898701,30.800501
LTAJ,72.0,63.0,87.5,0.0,0.0,300.0,300.0,1281.0,2539.0,2704.0,2804.0,2841.0,-9.47,-9.346666666666668,-8.896666666666667,-8.171666666666667,-1.651282051282051,0.0,0.0,0.0,0.0,0.0,0.0,0.0,0.0,0.0,0.0,2704.0,2841.0,100.0,0.0,87.5,0.0,0.0,74.0,62.0,83.78378378378379,0.0,0.0,,,-3061.5,-2944.75,-2828.5,-2707.25,-1323.0,,,,,,,,,,,,,,,,2828.5,3061.5,100.0,,83.78378378378379,0.0,0.0,0.0,nm_inferred,74.0,85.6418918918919,,Gaziantep Oğuzeli International Airport,36.947201,37.478699
LTAL,3.0,3.0,100.0,0.0,0.0,0.0,,775.0,799.0,839.0,884.0,911.0,,,,,,,,,,,,,,,,839.0,911.0,100.0,,100.0,0.0,0.0,3.0,3.0,100.0,0.0,0.0,,,-1428.0,-1416.0,-1396.0,-1278.5,-1208.0,,,,,,,,,,,,,,,,1396.0,1428.0,100.0,,100.0,0.0,0.0,0.0,nm_inferred,3.0,100.0,,Kastamonu Airport,41.314201,33.795799
LTAN,26.0,26.0,100.0,0.0,0.0,300.0,300.0,531.5,614.0,673.5,777.0,875.5,-2.9183333333333334,-2.59,-2.245,-2.0466666666666664,-1.7716666666666665,0.0,0.0,0.0,0.0,0.0,0.0,0.0,0.0,0.0,0.0,673.5,875.5,100.0,0.0,100.0,0.0,0.0,26.0,25.0,96.15384615384616,0.0,0.0,,,-1547.0,-1461.0,-1351.0,-1221.0,-1090.0,,,,,,,,,,,,,,,,1351.0,1547.0000000000002,100.0,,96.15384615384616,0.0,0.0,0.0,nm_inferred,26.0,98.07692307692308,,Konya Airport,37.979,32.561901
LTAP,4.0,4.0,100.0,0.0,0.0,300.0,300.0,1323.5,1352.75,1536.5,1810.25,2001.5,-6.671666666666667,-6.034166666666667,-5.121666666666666,-4.509166666666667,-4.411666666666667,0.0,0.0,0.0,0.0,0.0,0.0,0.0,0.0,0.0,0.0,1536.5,2001.5,100.0,0.0,100.0,0.0,0.0,4.0,4.0,100.0,0.0,0.0,,,-2400.0,-1941.0,-1618.5,-1547.25,-1540.5,,,,,,,,,,,,,,,,1618.5,2400.0,100.0,,100.0,0.0,0.0,0.0,nm_inferred,4.0,100.0,,Amasya Merzifon Airport,40.829399,35.521999
LTAR,14.0,14.0,100.0,0.0,0.0,300.0,300.0,962.5,1702.75,1789.0,1914.0,1960.5,-6.535,-6.38,-5.8966666666666665,-5.475833333333333,-2.205,0.0,0.0,0.0,0.0,0.0,0.0,0.0,0.0,0.0,0.0,1789.0,1960.5,100.0,0.0,100.0,0.0,0.0,14.0,14.0,100.0,0.0,0.0,,,-2412.5,-2188.5,-2068.5,-1923.5,-1545.4999999999995,,,,,,,,,,,,,,,,2068.5,2412.5000000000005,100.0,,100.0,0.0,0.0,0.0,nm_inferred,14.0,100.0,,Sivas Nuri Demirağ Airport,39.813801,36.9035
LTAS,3.0,3.0,100.0,0.0,0.0,300.0,300.0,350.0,374.0,414.0,454.0,478.0,-1.5933333333333333,-1.5133333333333332,-1.38,-1.2466666666666666,-1.1666666666666665,0.0,0.0,0.0,0.0,0.0,0.0,0.0,0.0,0.0,0.0,414.0,478.0,100.0,0.0,100.0,0.0,0.0,4.0,4.0,100.0,0.0,0.0,,,-849.2,-707.0,-594.0,-558.0,-554.4,,,,,,,,,,,,,,,,594.0,849.2,100.0,,100.0,0.0,0.0,0.0,nm_inferred,4.0,100.0,,Zonguldak Çaycuma Airport,41.506401,32.0886
LTAT,26.0,20.0,76.92307692307692,0.0,0.0,300.0,300.0,2410.5,2506.75,2537.5,2626.5,2703.3,-9.011000000000001,-8.657499999999999,-8.415,-8.0175,-3.611944444444444,0.0,0.0,0.0,0.0,0.0,0.0,0.0,0.0,0.0,0.0,2537.5,2703.3,100.0,0.0,73.07692307692308,3.8461538461538463,0.0,24.0,18.0,75.0,0.0,0.0,,,-3007.0,-2976.0,-2778.5,-2673.5,-2661.5,,,,,,,,,,,,,,,,2778.5,3007.0,100.0,,75.0,0.0,0.0,0.0,nm_inferred,26.0,75.96153846153845,,Malatya Erhaç Airport,38.4352989197,38.0909996033
LTAU,70.0,70.0,100.0,0.0,0.0,600.0,600.0,1295.1,1513.75,1611.5,1690.5,1786.9,-2.9571666666666667,-2.814583333333333,-2.6683333333333334,-2.4629166666666666,-1.8308888888888888,0.0,0.0,0.0,0.0,0.0,0.0,0.0,0.0,0.0,0.0,1611.5,1786.9,100.0,0.0,100.0,0.0,0.0,73.0,73.0,100.0,0.0,0.0,,,-2108.0,-1970.0,-1871.0,-1772.0,-1627.2,,,,,,,,,,,,,,,,1871.0,2108.0,100.0,,100.0,0.0,0.0,0.0,nm_inferred,73.0,100.0,,Kayseri Erkilet International Airport,38.770401,35.495399
LTAW,5.0,5.0,100.0,0.0,0.0,300.0,300.0,1563.0,1614.0,1784.0,1894.0,2068.0,-6.8933333333333335,-6.3133333333333335,-5.946666666666666,-5.38,-5.21,0.0,0.0,0.0,0.0,0.0,0.0,0.0,0.0,0.0,0.0,1784.0,2068.0,100.0,0.0,100.0,0.0,0.0,5.0,5.0,100.0,0.0,0.0,,,-2327.0,-2261.0,-2096.0,-1946.0,-1937.0,,,,,,,,,,,,,,,,2096.0,2327.0,100.0,,100.0,0.0,0.0,0.0,nm_inferred,5.0,100.0,,Tokat Airport,40.32472,36.39056
LTAY,14.0,14.0,100.0,0.0,0.0,300.0,300.0,291.5,372.75,479.0,625.25,642.5,-2.1416666666666666,-2.0841666666666665,-1.5966666666666667,-1.2425000000000002,-0.9716666666666663,0.0,0.0,0.0,0.0,0.0,0.0,0.0,0.0,0.0,0.0,479.0,642.5,100.0,0.0,100.0,0.0,0.0,13.0,13.0,100.0,0.0,0.0,,,-1610.9999999999998,-976.0,-906.0,-841.0,-800.0,,,,,,,,,,,,,,,,906.0,1611.0000000000005,100.0,,100.0,0.0,0.0,0.0,nm_inferred,14.0,100.0,,Çardak Airport,37.7855987549,29.7012996674
LTAZ,29.0,29.0,100.0,0.0,0.0,300.0,300.0,1154.0,1304.0,1389.0,1484.0,1563.0,-5.21,-4.946666666666666,-4.613333333333333,-4.246666666666667,-3.836666666666667,0.0,0.0,0.0,0.0,0.0,0.0,0.0,0.0,0.0,0.0,1389.0,1563.0,100.0,0.0,100.0,0.0,0.0,29.0,28.0,96.55172413793103,0.0,0.0,,,-1571.0,-1527.25,-1453.5,-1354.75,-1249.0,,,,,,,,,,,,,,,,1453.5,1571.0,100.0,,96.55172413793103,0.0,0.0,0.0,nm_inferred,29.0,98.27586206896552,,Nevşehir Kapadokya Airport,38.7719,34.5345
LTBA,58.0,58.0,100.0,0.0,0.0,900.0,779.0,-320.0,-223.5,-161.0,-101.0,1191.500000000018,-1.1991666666666658,0.10208333333333333,0.1488888888888889,0.2386111111111111,0.35555555555555596,0.09250000000000001,0.13333333333333333,0.16666666666666666,0.24583333333333335,0.3,0.0475,0.07291666666666666,0.10277777777777777,0.15763888888888888,0.18888888888888888,191.0,1672.400000000015,10.344827586206897,0.0,75.86206896551724,18.96551724137931,5.172413793103448,55.0,54.0,98.18181818181819,0.0,0.0,,,65.5,114.0,166.5,204.0,279.0,,,,,,,,,,,,,,,,184.0,352.0000000000001,9.25925925925926,,81.81818181818181,7.2727272727272725,9.090909090909092,0.0,nm_inferred,58.0,99.0909090909091,,İstanbul Atatürk Airport,40.971913,28.823714
LTBH,3.0,3.0,100.0,0.0,0.0,300.0,300.0,77.0,96.5,129.0,164.0,185.0,-0.6166666666666667,-0.5466666666666666,-0.43,-0.32166666666666666,-0.25666666666666665,0.0,0.0,0.0,0.0,0.0,0.0,0.0,0.0,0.0,0.0,129.0,185.0,100.0,0.0,100.0,0.0,0.0,3.0,3.0,100.0,0.0,0.0,,,-448.0,-443.5,-436.0,-268.5,-168.0,,,,,,,,,,,,,,,,436.0,448.0,100.0,,100.0,0.0,0.0,0.0,nm_inferred,3.0,100.0,,Çanakkale Airport,40.1376991272,26.4267997742
LTBJ,340.0,338.0,99.41176470588235,0.0,0.0,600.0,600.0,114.0,149.0,211.5,264.0,329.0,-0.5321666666666667,-0.43166666666666664,-0.3318589743589744,-0.23319444444444443,-0.1698717948717948,0.0,0.0,0.0,0.0,0.0,0.0,0.0,0.0,0.0,0.0,211.5,329.0,100.0,0.0,97.05882352941177,2.3529411764705883,0.0,335.0,332.0,99.1044776119403,0.0,0.0,,,-760.5,-691.0,-601.0,-526.0,-486.0,,,,,,,,,,,,,,,,601.0,765.5000000000002,99.6987951807229,,95.82089552238806,2.985074626865672,0.29850746268656714,0.0,nm_inferred,340.0,99.25812115891132,,Adnan Menderes International Airport,38.2924,27.157
LTBR,9.0,9.0,100.0,0.0,0.0,300.0,300.0,43.0,59.0,89.0,99.0,107.0,-0.3566666666666667,-0.31333333333333335,-0.28,-0.165,-0.14333333333333334,0.0,0.0,0.0,0.0,0.0,0.0,0.0,0.0,0.0,0.0,89.0,107.0,100.0,0.0,88.88888888888889,11.11111111111111,0.0,9.0,9.0,100.0,0.0,0.0,,,-426.0,-231.0,-226.0,-191.0,-183.0,,,,,,,,,,,,,,,,226.0,426.00000000000017,100.0,,88.88888888888889,11.11111111111111,0.0,0.0,nm_inferred,9.0,100.0,,Bursa Yenişehir Airport,40.255199,29.562599
LTBS,259.0,259.0,100.0,0.0,0.0,720.0,720.0,208.0,244.0,284.0,334.0,540.0000000000001,-0.7594444444444444,-0.5070370370370371,-0.4083333333333333,-0.3388888888888889,-0.27666666666666667,0.0,0.0,0.0,0.0,0.0,0.0,0.0,0.0,0.0,0.0,284.0,540.0000000000001,100.0,0.0,96.91119691119691,3.088803088803089,0.0,281.0,280.0,99.644128113879,0.0,0.0,,,-958.0,-741.0,-661.0,-611.0,-476.0,,,,,,,,,,,,,,,,661.0,957.9999999999999,100.0,,95.37366548042705,4.270462633451957,0.0,0.0,nm_inferred,281.0,99.8220640569395,,Dalaman International Airport,36.7131,28.7925
LTBU,2.0,2.0,100.0,0.0,0.0,300.0,300.0,53.5,60.25,71.5,82.75,89.5,-0.29833333333333334,-0.2758333333333334,-0.23833333333333334,-0.20083333333333334,-0.17833333333333334,0.0,0.0,0.0,0.0,0.0,0.0,0.0,0.0,0.0,0.0,71.5,89.5,100.0,0.0,100.0,0.0,0.0,2.0,2.0,100.0,0.0,0.0,,,-384.0,-351.0,-296.0,-241.0,-208.0,,,,,,,,,,,,,,,,296.0,384.0,100.0,,50.0,50.0,0.0,0.0,nm_inferred,2.0,100.0,,Tekirdağ Çorlu Airport,41.138199,27.9191
LTBY,2.0,2.0,100.0,0.0,0.0,450.0,450.0,224.0,269.0,344.0,419.0,464.0,-0.8056666666666666,-0.7791666666666667,-0.735,-0.6908333333333333,-0.6643333333333333,0.0,0.0,0.0,0.0,0.0,0.0,0.0,0.0,0.0,0.0,344.0,464.0,100.0,0.0,50.0,50.0,0.0,2.0,2.0,100.0,0.0,0.0,,,-638.5,-582.25,-488.5,-394.75,-338.5,,,,,,,,,,,,,,,,488.5,638.5,100.0,,100.0,0.0,0.0,0.0,nm_inferred,2.0,100.0,,Hasan Polatkan Airport,39.811644,30.519268
LTBZ,2.0,2.0,100.0,0.0,0.0,150.0,300.0,293.7,341.25,420.5,499.75,547.3,-1.93,-1.93,-1.93,-1.93,-1.93,0.0,0.0,0.0,0.0,0.0,0.0,0.0,0.0,0.0,0.0,420.5,547.3,100.0,0.0,100.0,0.0,0.0,2.0,2.0,100.0,0.0,0.0,,,-450.5,-442.25,-428.5,-414.75,-406.5,,,,,,,,,,,,,,,,428.5,450.5,100.0,,100.0,0.0,0.0,0.0,nm_inferred,2.0,100.0,,Zafer Airport,39.111107,30.130405
LTCA,27.0,21.0,77.77777777777777,0.0,0.0,300.0,300.0,1939.0,2904.0,2964.0,3029.0,3119.0,-10.396666666666667,-10.096666666666666,-9.88,-9.68,-6.463333333333333,0.0,0.0,0.0,0.0,0.0,0.0,0.0,0.0,0.0,0.0,2964.0,3119.0,100.0,0.0,77.77777777777777,0.0,0.0,26.0,21.0,80.76923076923077,0.0,0.0,,,-3526.0,-3316.0,-3181.0,-3046.0,-2986.0,,,,,,,,,,,,,,,,3181.0,3526.0,100.0,,76.92307692307692,3.8461538461538463,0.0,0.0,nm_inferred,27.0,79.27350427350427,,Elazığ Airport,38.597974,39.28348
LTCB,32.0,30.0,93.75,0.0,0.0,300.0,300.0,38.0,474.0,2334.0,3002.75,3237.5,-10.791666666666666,-10.009166666666667,-6.713333333333333,-1.58,-0.12666666666666662,0.0,0.0,0.0,0.0,0.05000000000000024,0.0,0.0,0.0,0.0,0.035000000000000024,2334.0,3237.5,93.33333333333333,0.0,62.5,31.25,0.0,30.0,30.0,100.0,0.0,0.0,,,-3355.0,-2978.5,-758.5,-409.75,65.50000000000009,,,,,,,,,,,,,,,,758.5,3355.0000000000005,83.33333333333333,,70.0,30.0,0.0,0.0,nm_inferred,32.0,96.875,,Ordu–Giresun Airport,40.966872,38.085995
LTCC,55.0,45.0,81.81818181818181,0.0,0.0,300.0,300.0,2656.0,3339.0,3449.0,3534.0,3589.0,-11.963333333333333,-11.713333333333333,-11.363333333333333,-6.163333333333333,-2.8137254901960778,0.0,0.0,0.0,0.0,0.0,0.0,0.0,0.0,0.0,0.0,3449.0,3589.0,100.0,0.0,81.81818181818181,0.0,0.0,56.0,47.0,83.92857142857143,0.0,0.0,,,-4028.9999999999995,-3526.0,-3260.0,-3063.5,-1957.0,,,,,,,,,,,,,,,,3260.0,4028.999999999999,100.0,,83.92857142857143,0.0,0.0,0.0,nm_inferred,56.0,82.87337662337663,,Diyarbakır Airport,37.893902,40.201
LTCD,11.0,9.0,81.81818181818181,0.0,0.0,300.0,300.0,957.0,1059.0,1074.0,1089.0,1522.0000000000005,-5.073333333333332,-3.63,-3.58,-3.53,-3.19,0.0,0.0,0.0,0.0,0.0,0.0,0.0,0.0,0.0,0.0,1074.0,1522.0000000000005,100.0,0.0,81.81818181818181,0.0,0.0,12.0,12.0,100.0,0.0,0.0,,,-3133.0,-2074.75,-1993.5,-1844.75,-1803.5,,,,,,,,,,,,,,,,1993.5,3133.0000000000005,100.0,,100.0,0.0,0.0,0.0,nm_inferred,12.0,90.9090909090909,,Erzincan Airport,39.7102012634,39.5270004272
LTCE,29.0,26.0,89.65517241379311,0.0,0.0,300.0,300.0,1371.5,1559.0,1669.0,1899.0,2826.5,-6.655,-6.109166666666667,-5.513333333333334,-5.196666666666666,-4.571666666666667,0.0,0.0,0.0,0.0,0.0,0.0,0.0,0.0,0.0,0.0,1669.0,2826.5,100.0,0.0,82.75862068965517,6.896551724137931,0.0,31.0,29.0,93.54838709677419,0.0,0.0,,,-2816.0,-1876.0,-1776.0,-1671.0,-1568.0,,,,,,,,,,,,,,,,1776.0,2815.9999999999995,100.0,,93.54838709677419,0.0,0.0,0.0,nm_inferred,31.0,91.60177975528364,,Erzurum International Airport,39.956501,41.1702
LTCF,16.0,15.0,93.75,0.0,0.0,300.0,300.0,681.0,735.0,774.0,4716.0,5013.8,-16.712666666666667,-15.719999999999999,-2.58,-2.45,-2.27,0.0,0.0,0.0,0.0,0.0,0.0,0.0,0.0,0.0,0.0,774.0,5013.8,100.0,0.0,56.25,37.5,0.0,16.0,16.0,100.0,0.0,0.0,,,-5038.5,-4409.75,-1358.0,-1103.0,-940.5,,,,,,,,,,,,,,,,1358.0,5038.5,100.0,,62.5,37.5,0.0,0.0,nm_inferred,16.0,96.875,,Kars Airport,40.562198638916016,43.1150016784668
LTCG,131.0,130.0,99.23664122137404,0.0,0.0,300.0,300.0,-597.0,44.0,121.5,3897.75,4862.0,-15.725,-12.425833333333333,-0.405,-0.13416666666666666,1.9100000000000006,0.0,0.0,0.0,0.3,0.8100000000000009,0.0,0.0,0.0,0.11493055555555555,0.6275000000000002,1186.0,4862.0,78.46153846153847,0.7692307692307693,45.80152671755725,52.67175572519084,0.7633587786259542,137.0,133.0,97.08029197080292,0.0,0.0,,,-6364.0,-3511.0,-291.0,4.0,217.2,,,,,,,,,,,,,,,,351.0,6364.0,74.43609022556392,,56.2043795620438,40.14598540145985,0.7299270072992701,0.0,nm_inferred,137.0,98.15846659608849,,Trabzon International Airport,40.995098,39.7897
LTCI,33.0,24.0,72.72727272727273,0.0,0.0,300.0,300.0,2713.5,2861.5,3446.5,4495.25,4627.5,-15.425,-14.984166666666667,-9.855,-9.025833333333333,-4.6618055555555555,0.0,0.0,0.0,0.0,0.0,0.0,0.0,0.0,0.0,0.0,3446.5,4627.5,100.0,0.0,66.66666666666667,3.0303030303030303,3.0303030303030303,32.0,23.0,71.875,0.0,0.0,,,-4499.0,-4471.0,-4341.0,-4261.0,-3882.9999999999995,,,,,,,,,,,,,,,,4341.0,4499.0,100.0,,71.875,0.0,0.0,0.0,nm_inferred,33.0,72.30113636363637,,Van Ferit Melen Airport,38.46820068359375,43.332298278808594
LTCJ,19.0,14.0,73.6842105263158,0.0,0.0,300.0,300.0,3774.0,3796.5,3856.5,3932.75,4134.0,-13.78,-13.109166666666667,-12.855,-12.655,-12.58,0.0,0.0,0.0,0.0,0.0,0.0,0.0,0.0,0.0,0.0,3856.5,4134.0,100.0,0.0,73.6842105263158,0.0,0.0,19.0,14.0,73.6842105263158,0.0,0.0,,,-3805.2,-3633.25,-3582.0,-3473.0,-3425.2,,,,,,,,,,,,,,,,3582.0,3805.2000000000003,100.0,,73.6842105263158,0.0,0.0,0.0,nm_inferred,19.0,73.6842105263158,,Batman Airport,37.929001,41.1166
LTCK,15.0,13.0,86.66666666666667,0.0,0.0,300.0,300.0,2081.2,2889.0,4014.0,4124.0,4355.0,-14.516666666666666,-13.746666666666666,-13.38,-9.63,-6.937333333333333,0.0,0.0,0.0,0.0,0.0,0.0,0.0,0.0,0.0,0.0,4014.0,4355.0,100.0,0.0,80.0,0.0,6.666666666666667,15.0,12.0,80.0,0.0,0.0,,,-4695.5,-4334.75,-4116.0,-3886.0,-3793.9,,,,,,,,,,,,,,,,4116.0,4695.5,100.0,,73.33333333333333,6.666666666666667,0.0,0.0,nm_inferred,15.0,83.33333333333334,,Muş Airport,38.74779891967773,41.66120147705078
LTCL,5.0,4.0,80.0,0.0,0.0,300.0,300.0,3953.5,4095.25,4256.5,4351.5,4374.0,-14.58,-14.504999999999999,-14.188333333333333,-13.650833333333335,-13.178333333333333,0.0,0.0,0.0,0.0,0.0,0.0,0.0,0.0,0.0,0.0,4256.5,4374.0,100.0,0.0,80.0,0.0,0.0,5.0,4.0,80.0,0.0,0.0,,,-4034.5,-4009.75,-3938.5,-3864.75,-3835.5,,,,,,,,,,,,,,,,3938.5,4034.5,100.0,,80.0,0.0,0.0,0.0,nm_inferred,5.0,80.0,,Siirt Airport,37.97890090942383,41.84040069580078
LTCM,5.0,5.0,100.0,0.0,0.0,300.0,300.0,1608.0,1854.0,2084.0,2444.0,2516.0,-8.386666666666667,-8.146666666666667,-6.946666666666666,-6.18,-5.359999999999999,0.0,0.0,0.0,0.0,0.0,0.0,0.0,0.0,0.0,0.0,2084.0,2516.0,100.0,0.0,100.0,0.0,0.0,5.0,5.0,100.0,0.0,0.0,,,-2221.0,-2056.0,-1721.0,-1372.0,-1335.4,,,,,,,,,,,,,,,,1721.0,2221.0,100.0,,100.0,0.0,0.0,0.0,nm_inferred,5.0,100.0,,Sinop Airport,42.018313,35.071774
LTCN,12.0,9.0,75.0,0.0,0.0,300.0,300.0,2374.0,2424.0,2439.0,2484.0,2495.0,-8.316666666666666,-8.28,-8.13,-8.08,-7.913333333333333,0.0,0.0,0.0,0.0,0.0,0.0,0.0,0.0,0.0,0.0,2439.0,2495.0,100.0,0.0,75.0,0.0,0.0,12.0,9.0,75.0,0.0,0.0,,,-3064.0,-2981.0,-2921.0,-2826.0,-2672.0,,,,,,,,,,,,,,,,2921.0,3064.0,100.0,,75.0,0.0,0.0,0.0,nm_inferred,12.0,75.0,,Kahramanmaraş Airport,37.5388259888,36.9535217285
LTCO,9.0,9.0,100.0,0.0,0.0,300.0,300.0,1183.0,2619.0,2704.0,4429.0,4583.8,-15.279333333333334,-14.763333333333334,-9.013333333333334,-8.73,-3.9433333333333334,0.0,0.0,0.0,0.0,0.0,0.0,0.0,0.0,0.0,0.0,2704.0,4583.8,100.0,0.0,88.88888888888889,11.11111111111111,0.0,9.0,8.0,88.88888888888889,0.0,0.0,,,-2599.0,-1917.25,-1548.5,-1386.25,-1278.7,,,,,,,,,,,,,,,,1548.5,2599.0,100.0,,88.88888888888889,0.0,0.0,0.0,nm_inferred,9.0,94.44444444444444,,Ağrı Airport,39.655642,43.025742
LTCP,12.0,9.0,75.0,0.0,0.0,300.0,300.0,2901.0,2919.0,2984.0,3074.0,3116.0,-10.386666666666667,-10.23,-9.73,-9.43,-3.3955555555555557,0.0,0.0,0.0,0.0,0.0,0.0,0.0,0.0,0.0,0.0,2984.0,3116.0,100.0,0.0,75.0,0.0,0.0,11.0,8.0,72.72727272727273,0.0,0.0,,,-3200.5,-3091.0,-3056.0,-2949.75,-2901.0,,,,,,,,,,,,,,,,3056.0,3200.5,100.0,,72.72727272727273,0.0,0.0,0.0,nm_inferred,12.0,73.86363636363637,,Adıyaman Airport,37.7314,38.468899
LTCR,20.0,17.0,85.0,0.0,0.0,300.0,300.0,3656.0,3754.0,3809.0,3959.0,4012.0,-13.373333333333333,-13.196666666666667,-12.696666666666667,-12.513333333333334,-12.09,0.0,0.0,0.0,0.0,0.0,0.0,0.0,0.0,0.0,0.0,3809.0,4012.0,100.0,0.0,85.0,0.0,0.0,20.0,17.0,85.0,0.0,0.0,,,-4119.0,-3996.0,-3856.0,-3766.0,-3653.0,,,,,,,,,,,,,,,,3856.0,4119.0,100.0,,85.0,0.0,0.0,0.0,nm_inferred,20.0,85.0,,Mardin Airport,37.2233009338,40.6316986084
LTCS,26.0,20.0,76.92307692307692,0.0,0.0,300.0,300.0,3013.5,3067.75,3084.0,3240.25,3349.5,-11.165000000000001,-10.800833333333333,-10.271666666666667,-10.213333333333333,-8.144272727272721,0.0,0.0,0.0,0.0,0.0,0.0,0.0,0.0,0.0,0.0,3084.0,3349.5,100.0,0.0,76.92307692307692,0.0,0.0,26.0,21.0,80.76923076923077,0.0,0.0,,,-3681.0,-3331.0,-3201.0,-3071.0,-2451.0,,,,,,,,,,,,,,,,3201.0,3681.0,100.0,,80.76923076923077,0.0,0.0,0.0,nm_inferred,26.0,78.84615384615384,,Şanlıurfa GAP Airport,37.445663,38.895592
LTCT,13.0,13.0,100.0,0.0,0.0,300.0,300.0,1234.0,1289.0,1339.0,2724.0,4414.000000000002,-14.713333333333333,-9.08,-4.463333333333333,-4.296666666666667,-4.113333333333333,0.0,0.0,0.0,0.0,0.0,0.0,0.0,0.0,0.0,0.0,1339.0,4414.000000000002,100.0,0.0,84.61538461538461,15.384615384615385,0.0,13.0,12.0,92.3076923076923,0.0,0.0,,,-5654.0,-5122.25,-1623.5,-1536.0,-1483.5,,,,,,,,,,,,,,,,1623.5,5654.0,100.0,,53.84615384615385,38.46153846153846,0.0,0.0,nm_inferred,13.0,96.15384615384616,,Iğdır Airport,39.976627,43.876648
LTCU,6.0,4.0,66.66666666666667,0.0,0.0,300.0,300.0,3491.0,3644.0,3792.0,3881.0,3927.8,-13.092666666666666,-12.936666666666667,-12.64,-12.146666666666667,-11.636666666666667,0.0,0.0,0.0,0.0,0.0,0.0,0.0,0.0,0.0,0.0,3792.0,3927.8,100.0,0.0,66.66666666666667,0.0,0.0,6.0,4.0,66.66666666666667,0.0,0.0,,,-4219.5,-4217.25,-4198.5,-4109.75,-3981.5,,,,,,,,,,,,,,,,4198.5,4219.5,100.0,,66.66666666666667,0.0,0.0,0.0,nm_inferred,6.0,66.66666666666667,,Bingöl Airport,38.860131,40.594489
LTCV,11.0,7.0,63.63636363636363,0.0,0.0,300.0,300.0,4064.0,4141.5,4284.0,4361.5,4476.0,-14.92,-14.538333333333334,-14.28,-13.805,-13.546666666666667,0.0,0.0,0.0,0.0,0.0,0.0,0.0,0.0,0.0,0.0,4284.0,4476.0,100.0,0.0,63.63636363636363,0.0,0.0,11.0,7.0,63.63636363636363,0.0,0.0,,,-4345.6,-4124.5,-4004.0,-3901.5,-3805.8,,,,,,,,,,,,,,,,4004.0,4345.6,100.0,,63.63636363636363,0.0,0.0,0.0,nm_inferred,11.0,63.63636363636363,,Şırnak Şerafettin Elçi Airport,37.3647,42.0582
LTCW,7.0,7.0,100.0,0.0,0.0,300.0,300.0,3352.0,3444.0,3509.0,3601.5,3808.0,-12.693333333333333,-12.004999999999999,-11.696666666666667,-11.48,-11.173333333333334,0.0,0.0,0.0,0.0,0.0,0.0,0.0,0.0,0.0,0.0,3509.0,3808.0,100.0,0.0,100.0,0.0,0.0,7.0,4.0,57.142857142857146,0.0,0.0,,,-4949.0,-4841.0,-4731.0,-4669.75,-4649.5,,,,,,,,,,,,,,,,4731.0,4949.0,100.0,,57.142857142857146,0.0,0.0,0.0,nm_inferred,7.0,78.57142857142857,,Hakkari Yüksekova Airport,37.5497,44.2381
LTDA,13.0,10.0,76.92307692307692,0.0,0.0,300.0,300.0,587.0,637.75,846.5,1023.75,2739.0,-4.084,-3.1430555555555557,-2.8216666666666663,-2.1258333333333335,-1.9566666666666668,0.0,0.0,0.0,0.0,0.0,0.0,0.0,0.0,0.0,0.0,846.5,2739.0,100.0,0.0,69.23076923076923,7.6923076923076925,0.0,11.0,11.0,100.0,0.0,0.0,,,-1721.0,-1581.0,-1381.0,-1301.0,-1226.0,,,,,,,,,,,,,,,,1381.0,1721.0,100.0,,100.0,0.0,0.0,0.0,nm_inferred,13.0,88.46153846153845,,Hatay Airport,36.36079,36.285589
LTDB,131.0,114.0,87.02290076335878,0.0,0.0,300.0,300.0,524.0,594.0,2024.0,2234.0,2368.0,-7.8933333333333335,-7.446666666666666,-6.638333333333334,-1.9008333333333334,-0.8619999999999999,0.0,0.0,0.0,0.0,0.0,0.0,0.0,0.0,0.0,0.0,2024.0,2368.0,100.0,0.0,86.25954198473282,0.0,0.7633587786259542,128.0,114.0,89.0625,0.0,0.0,,,-2394.5,-2174.75,-1251.0,-1102.25,-941.0,,,,,,,,,,,,,,,,1261.0,2394.5,99.12280701754386,,88.28125,0.0,0.78125,0.0,nm_inferred,131.0,88.0427003816794,,Çukurova International Airport,36.891478,35.071235
LTFC,4.0,4.0,100.0,0.0,0.0,300.0,300.0,420.5,467.75,534.0,586.5,609.0,-2.0300000000000002,-1.955,-1.78,-1.5591666666666666,-1.4016666666666666,0.0,0.0,0.0,0.0,0.0,0.0,0.0,0.0,0.0,0.0,534.0,609.0,100.0,0.0,100.0,0.0,0.0,4.0,4.0,100.0,0.0,0.0,,,-1126.5,-917.25,-743.5,-671.0,-644.0,,,,,,,,,,,,,,,,743.5,1126.5,100.0,,100.0,0.0,0.0,0.0,nm_inferred,4.0,100.0,,Süleyman Demirel International Airport,37.8554,30.368401
LTFD,12.0,12.0,100.0,0.0,0.0,300.0,300.0,-4.999999999999999,4.0,11.5,44.0,66.50000000000001,-0.14666666666666667,-0.14666666666666667,-0.03833333333333333,-0.013333333333333334,0.01666666666666668,0.0,0.0,0.0,0.0,0.09000000000000004,0.0,0.0,0.0,0.0,0.030000000000000013,29.0,68.7,83.33333333333333,0.0,100.0,0.0,0.0,12.0,12.0,100.0,0.0,0.0,,,-101.0,-93.5,-76.0,-34.75,-26.5,,,,,,,,,,,,,,,,76.0,101.0,100.0,,100.0,0.0,0.0,0.0,nm_inferred,12.0,100.0,,Balıkesir Koca Seyit Airport,39.552533,27.010192
LTFE,219.0,216.0,98.63013698630137,0.0,0.0,600.0,600.0,89.0,129.0,174.0,229.0,279.0,-0.465,-0.37333333333333335,-0.28583333333333333,-0.215,-0.14833333333333334,0.0,0.0,0.0,0.0,0.0,0.0,0.0,0.0,0.0,0.0,174.0,326.5,98.14814814814815,0.0,90.8675799086758,5.936073059360731,1.82648401826484,233.0,229.0,98.28326180257511,0.0,0.0,,,-369.0,-201.0,-166.0,-151.0,-131.0,,,,,,,,,,,,,,,,169.0,443.00000000000017,97.81659388646288,,88.41201716738198,8.15450643776824,1.7167381974248928,0.0,nm_inferred,233.0,98.45669939443823,,Milas Bodrum International Airport,37.249314,27.66401
LTFG,34.0,34.0,100.0,0.0,0.0,600.0,584.0,-74.5,-39.75,-11.0,19.0,42.5,-0.07083333333333333,-0.03760416666666667,0.018333333333333333,0.06625,0.12416666666666666,0.0,0.0,0.05,0.10833333333333334,0.15,0.0,0.0,0.025,0.06666666666666667,0.10833333333333334,32.5,74.5,41.1764705882353,0.0,85.29411764705883,14.705882352941176,0.0,35.0,35.0,100.0,0.0,0.0,,,-61.0,-51.0,-31.0,-16.0,-11.0,,,,,,,,,,,,,,,,31.0,64.0,97.14285714285714,,82.85714285714286,17.142857142857142,0.0,0.0,nm_inferred,35.0,100.0,,Gazipaşa-Alanya Airport,36.298832,32.297017
LTFH,45.0,40.0,88.88888888888889,0.0,0.0,600.0,600.0,81.50000000000003,1579.0,2046.5,2467.75,2905.0000000000005,-4.841666666666667,-4.112916666666667,-3.165,-2.4741666666666666,-0.13583333333333317,0.0,0.0,0.0,0.0,0.0,0.0,0.0,0.0,0.0,0.0,2046.5,2905.0000000000005,95.0,0.0,77.77777777777777,11.11111111111111,0.0,45.0,43.0,95.55555555555556,0.0,0.0,,,-2680.0,-2366.0,-2096.0,-1921.0,-586.9999999999995,,,,,,,,,,,,,,,,2096.0,2680.0,100.0,,84.44444444444444,11.11111111111111,0.0,0.0,nm_inferred,45.0,92.22222222222223,,Samsun-Çarşamba Airport,41.253988,36.567546
LTFJ,1118.0,1117.0,99.91055456171735,0.0,0.0,900.0,900.0,19.0,34.0,49.0,69.0,89.0,-0.09888888888888889,-0.07666666666666666,-0.05444444444444444,-0.03777777777777778,-0.021111111111111112,0.0,0.0,0.0,0.0,0.0,0.0,0.0,0.0,0.0,0.0,49.0,89.0,99.37332139659803,0.0,89.53488372093024,10.196779964221825,0.17889087656529518,1118.0,1109.0,99.19499105545617,0.0,0.0,,,-301.0,-101.0,-71.0,-46.0,-26.0,,,,,,,,,,,,,,,,71.0,301.0,99.54914337240757,,85.77817531305904,13.32737030411449,0.08944543828264759,0.0,nm_inferred,1118.0,99.55277280858675,,Istanbul Sabiha Gökçen International Airport,40.898602,29.3092
LTFM,2207.0,2185.0,99.00317172632533,0.0,99.86406887177164,900.0,900.0,74.0,89.0,109.0,139.0,189.0,-0.2564242424242424,-0.16166666666666665,-0.12051282051282051,-0.0912280701754386,-0.07,0.0,0.0,0.0,0.0,0.0,0.0,0.0,0.0,0.0,0.0,109.0,192.00000000000068,99.86270022883295,0.0,81.06026280018123,17.897598550067965,0.045310376076121435,2159.0,2134.0,98.84205650764243,0.0,99.9536822603057,780.0,780.0,-311.0,-86.0,-71.0,-51.0,-36.0,-0.448076923076923,-0.13787878787878788,-0.08472222222222223,-0.054901960784313725,-0.038636363636363635,0.0,0.0,0.0,0.0,0.0,0.0,0.0,0.0,0.0,0.0,71.0,311.0,100.0,0.046860356138706656,80.91709124594719,17.78601204261232,0.13895321908290875,99.9536822603057,apdf,2207.0,98.92261411698388,0.0,İstanbul Airport,41.274874,28.732136
LTFO,35.0,35.0,100.0,0.0,0.0,300.0,300.0,241.0,271.5,314.0,3779.0,4242.0,-14.14,-12.446666666666665,-1.0466666666666666,-0.905,-0.8033333333333333,0.0,0.0,0.0,0.0,0.0,0.0,0.0,0.0,0.0,0.0,314.0,4242.0,100.0,0.0,48.57142857142857,48.57142857142857,2.857142857142857,36.0,36.0,100.0,0.0,0.0,,,-3931.0,-3631.0,-463.5,-328.5,-303.5,,,,,,,,,,,,,,,,692.5,3931.0,97.22222222222223,,50.0,50.0,0.0,0.0,nm_inferred,36.0,100.0,,Rize–Artvin Airport,41.179766,40.848802
LUKK,216.0,209.0,96.75925925925925,0.0,0.0,600.0,600.0,468.0,529.0,654.0,1484.0,2709.000000000001,-4.515,-2.473333333333333,-1.09,-0.8816666666666667,-0.7799999999999998,0.0,0.0,0.0,0.0,0.0,0.0,0.0,0.0,0.0,0.0,654.0,2709.000000000001,100.0,0.0,88.88888888888889,7.87037037037037,0.0,209.0,206.0,98.56459330143541,0.0,0.0,,,-2538.5,-1604.75,-978.5,-831.0,-723.5,,,,,,,,,,,,,,,,978.5,2538.5,100.0,,95.69377990430623,2.8708133971291865,0.0,0.0,nm_inferred,216.0,97.66192628034733,,Chişinău International Airport,46.92774,28.931704
LWOH,5.0,5.0,100.0,0.0,0.0,300.0,300.0,281.8,289.0,809.0,1229.0,1898.0,-5.766666666666667,-2.6966666666666668,-2.560416666666667,-0.9633333333333334,-0.9393333333333334,0.0,0.0,0.0,0.0,0.0,0.0,0.0,0.0,0.0,0.0,809.0,1898.0,100.0,0.0,100.0,0.0,0.0,6.0,6.0,100.0,0.0,0.0,,,-1895.5,-1709.75,-1207.5,-1040.5,-702.5,,,,,,,,,,,,,,,,1207.5,1895.5,100.0,,100.0,0.0,0.0,0.0,nm_inferred,6.0,100.0,,Ohrid St. Paul the Apostle Airport,41.18,20.7423
LWSK,105.0,104.0,99.04761904761905,0.0,0.0,540.0,540.0,355.2,536.5,981.5,1190.25,2127.5000000000005,-3.6686060606060606,-3.275,-1.76,-1.4133333333333333,-1.045,0.0,0.0,0.0,0.0,0.0,0.0,0.0,0.0,0.0,0.0,981.5,2127.5000000000005,100.0,0.0,97.14285714285714,1.9047619047619047,0.0,104.0,102.0,98.07692307692308,0.0,0.0,,,-2370.0,-1697.25,-1423.5,-801.0,-521.0,,,,,,,,,,,,,,,,1423.5,2370.0000000000005,100.0,,96.15384615384616,1.9230769230769231,0.0,0.0,nm_inferred,105.0,98.56227106227107,,Skopje International Airport,41.958087,21.622581
LXGB,16.0,15.0,93.75,0.0,0.0,420.0,140.0,-738.0,-684.0,-601.0,-246.0,-183.00000000000003,0.3388888888888889,0.7092424242424242,1.112962962962963,1.7581481481481482,2.1733333333333333,0.26666666666666666,0.4222222222222222,0.6111111111111112,0.7,0.8533333333333333,0.18666666666666668,0.26296296296296295,0.3333333333333333,0.44166666666666665,0.5748148148148148,601.0,738.0,0.0,0.0,93.75,0.0,0.0,16.0,15.0,93.75,0.0,0.0,,,132.6,187.0,213.0,243.0,270.2,,,,,,,,,,,,,,,,213.0,270.2,0.0,,93.75,0.0,0.0,0.0,nm_inferred,16.0,93.75,,Gibraltar Airport,36.151679,-5.34978
LYBE,390.0,387.0,99.23076923076923,0.0,0.0,600.0,549.0,-402.0,-241.0,-71.0,4.0,34.0,-0.055333333333333325,-0.006666666666666667,0.11833333333333333,0.37642857142857145,0.6550000000000002,0.0,0.034523809523809526,0.1,0.3,0.45,0.0,0.008333333333333333,0.05,0.17916666666666664,0.2916666666666667,96.0,441.0,25.839793281653748,0.0,90.76923076923077,8.205128205128204,0.2564102564102564,389.0,386.0,99.22879177377892,0.0,0.0,,,-34.0,3.5,117.5,205.75,285.0,,,,,,,,,,,,,,,,139.0,345.5,24.352331606217618,,88.94601542416453,10.025706940874036,0.2570694087403599,0.0,nm_inferred,390.0,99.22978050227408,,Belgrade Nikola Tesla Airport,44.818401,20.309099
LYKV,1.0,1.0,100.0,0.0,0.0,600.0,600.0,1984.0,1984.0,1984.0,1984.0,1984.0,-3.3066666666666666,-3.3066666666666666,-3.3066666666666666,-3.3066666666666666,-3.3066666666666666,0.0,0.0,0.0,0.0,0.0,0.0,0.0,0.0,0.0,0.0,1984.0,1984.0,100.0,0.0,100.0,0.0,0.0,1.0,1.0,100.0,0.0,0.0,,,-1483.0,-1483.0,-1483.0,-1483.0,-1483.0,,,,,,,,,,,,,,,,1483.0,1483.0,100.0,,100.0,0.0,0.0,0.0,nm_inferred,1.0,100.0,,Morava Airport,43.817519,20.586662
LYNI,16.0,14.0,87.5,0.0,0.0,600.0,600.0,414.0,481.5,611.5,785.25,2481.0000000000023,-3.077,-1.4420833333333334,-0.9486111111111111,-0.75375,-0.69,0.0,0.0,0.0,0.0,0.0,0.0,0.0,0.0,0.0,0.0,611.5,2481.0000000000023,100.0,0.0,75.0,12.5,0.0,16.0,16.0,100.0,0.0,0.0,,,-2009.5,-1083.75,-927.5,-870.0,-851.5,,,,,,,,,,,,,,,,927.5,2009.5,100.0,,87.5,12.5,0.0,0.0,nm_inferred,16.0,93.75,,Niš Constantine the Great Airport,43.336538,21.856242
LYPG,76.0,75.0,98.6842105263158,0.0,0.0,600.0,600.0,773.0,859.0,1019.0,1169.0,1489.0000000000005,-2.9566666666666666,-2.1664285714285714,-1.7566666666666666,-1.3610714285714285,-1.0946349206349204,0.0,0.0,0.0,0.0,0.0,0.0,0.0,0.0,0.0,0.0,1019.0,1489.0000000000005,100.0,0.0,96.05263157894737,2.6315789473684212,0.0,77.0,75.0,97.40259740259741,0.0,0.0,,,-1623.4,-1409.0,-1164.0,-1020.0,-963.0,,,,,,,,,,,,,,,,1164.0,1623.4,100.0,,92.20779220779221,3.896103896103896,1.2987012987012987,0.0,nm_inferred,77.0,98.0434039644566,,Podgorica Airport / Podgorica Golubovci Airbase,42.359402,19.2519
LYTV,82.0,79.0,96.34146341463415,0.0,0.0,600.0,600.0,911.0,1029.0,1149.0,1351.5,1516.0,-6.355777777777777,-3.171666666666667,-2.2483333333333335,-1.7733333333333334,-1.5566666666666664,0.0,0.0,0.0,0.0,0.0,0.0,0.0,0.0,0.0,0.0,1149.0,1516.0,100.0,0.0,84.14634146341463,12.195121951219512,0.0,83.0,82.0,98.79518072289157,0.0,0.0,,,-1961.8,-1717.25,-1449.0,-1226.25,-1119.3,,,,,,,,,,,,,,,,1449.0,1961.8000000000002,100.0,,86.74698795180723,12.048192771084338,0.0,0.0,nm_inferred,83.0,97.56832206876285,,Tivat Airport,42.404701,18.723301
LZIB,105.0,103.0,98.0952380952381,0.0,100.0,600.0,260.0,-686.0,-556.0,-396.0,-188.5,-123.00000000000003,0.24503703703703705,0.3672222222222222,0.7861111111111111,0.8904166666666666,1.0788888888888888,0.2737373737373737,0.35,0.5,0.6,0.672463768115942,0.1611111111111111,0.23273809523809524,0.3125,0.3846618357487923,0.48287878787878785,406.0,686.0,4.854368932038835,0.0,89.52380952380952,4.761904761904762,3.8095238095238093,105.0,104.0,99.04761904761905,0.0,99.04761904761905,240.0,45.0,139.0,182.75,221.5,286.5,383.5000000000001,0.5722222222222222,0.7844444444444445,0.8916666666666667,1.0583333333333333,1.3559999999999999,0.5,0.7863636363636364,0.875,1.0,1.0,0.28055555555555556,0.48333333333333334,0.6388888888888888,0.7569444444444444,0.9138888888888889,224.0,414.50000000000006,1.9230769230769231,2.912621359223301,92.38095238095238,2.857142857142857,3.8095238095238093,100.0,apdf,105.0,98.57142857142858,0.4688988095238096,M. R. Štefánik Airport,48.1702,17.2127
LZKZ,35.0,35.0,100.0,0.0,0.0,600.0,600.0,31.0,49.0,84.0,136.5,247.0,-0.4385,-0.26083333333333336,-0.14,-0.10125,-0.04199999999999998,0.0,0.0,0.0,0.0,0.0,0.0,0.0,0.0,0.0,0.0,84.0,247.0,100.0,0.0,88.57142857142857,11.428571428571429,0.0,34.0,34.0,100.0,0.0,0.0,,,-357.09999999999997,-172.75,-80.0,-42.5,-25.6,,,,,,,,,,,,,,,,80.0,357.0999999999999,100.0,,97.05882352941177,2.9411764705882355,0.0,0.0,nm_inferred,35.0,100.0,,Košice International Airport,48.663101,21.2411
LZPP,2.0,2.0,100.0,0.0,0.0,600.0,600.0,50.0,51.5,54.0,56.5,58.0,-0.09666666666666666,-0.09416666666666666,-0.09,-0.08583333333333333,-0.08333333333333333,0.0,0.0,0.0,0.0,0.0,0.0,0.0,0.0,0.0,0.0,54.0,58.0,100.0,0.0,100.0,0.0,0.0,3.0,3.0,100.0,0.0,0.0,,,-39.4,-37.0,-33.0,-8.0,7.000000000000002,,,,,,,,,,,,,,,,33.0,39.4,66.66666666666667,,100.0,0.0,0.0,0.0,nm_inferred,3.0,100.0,,Piešťany Airport,48.62519836425781,17.828399658203125
LZTT,4.0,4.0,100.0,0.0,0.0,630.0,630.0,125.5,127.75,136.5,144.0,144.0,-0.23345454545454544,-0.22363636363636363,-0.2124242424242424,-0.19083333333333333,-0.16233333333333333,0.0,0.0,0.0,0.0,0.0,0.0,0.0,0.0,0.0,0.0,136.5,144.0,100.0,0.0,100.0,0.0,0.0,4.0,4.0,100.0,0.0,0.0,,,-423.0,-328.5,-234.5,-189.5,-183.2,,,,,,,,,,,,,,,,234.5,423.00000000000006,100.0,,75.0,0.0,25.0,0.0,nm_inferred,4.0,100.0,,Poprad-Tatry Airport,49.070994,20.241394
OENN,2.0,2.0,100.0,0.0,0.0,0.0,,1323.1,1336.75,1359.5,1382.25,1395.9,,,,,,,,,,,,,,,,1359.5,1395.9,100.0,,100.0,0.0,0.0,2.0,2.0,100.0,0.0,0.0,,,-2524.3,-2518.75,-2509.5,-2500.25,-2494.7,,,,,,,,,,,,,,,,2509.5,2524.3,100.0,,100.0,0.0,0.0,0.0,nm_inferred,2.0,100.0,,Neom Bay Airport,27.924261,35.29358
OIGG,1.0,0.0,0.0,0.0,0.0,600.0,,,,,,,,,,,,,,,,,,,,,,,,,,0.0,0.0,0.0,1.0,0.0,0.0,0.0,0.0,,,,,,,,,,,,,,,,,,,,,,,,,,,0.0,0.0,0.0,0.0,nm_inferred,1.0,0.0,,Sardar-e-Jangal Airport,37.323333,49.617778
OITT,7.0,6.0,85.71428571428571,0.0,0.0,600.0,600.0,3934.5,4002.25,4230.5,4578.0,5185.0,-8.641666666666666,-7.63,-7.050833333333333,-6.670416666666666,-6.5575,0.0,0.0,0.0,0.0,0.0,0.0,0.0,0.0,0.0,0.0,4230.5,5185.0,100.0,0.0,57.142857142857146,28.571428571428573,0.0,7.0,6.0,85.71428571428571,0.0,0.0,,,-5262.5,-5245.5,-5010.0,-3950.25,-3634.5,,,,,,,,,,,,,,,,5010.0,5262.5,100.0,,85.71428571428571,0.0,0.0,0.0,nm_inferred,7.0,85.71428571428571,,Tabriz International Airport,38.1339,46.235001
OJAI,111.0,107.0,96.3963963963964,0.0,0.0,600.0,600.0,222.60000000000002,274.0,579.0,911.5,1662.6000000000004,-2.771,-1.5191666666666666,-0.965,-0.45666666666666667,-0.37099999999999994,0.0,0.0,0.0,0.0,0.0,0.0,0.0,0.0,0.0,0.0,579.0,1662.6000000000004,100.0,0.0,79.27927927927928,17.117117117117118,0.0,113.0,111.0,98.23008849557522,0.0,0.0,,,-1333.0,-1033.5,-786.0,-558.5,-417.0,,,,,,,,,,,,,,,,786.0,1333.0,100.0,,92.92035398230088,5.3097345132743365,0.0,0.0,nm_inferred,113.0,97.31324244598581,,Queen Alia International Airport,31.7226009369,35.9931983948
OJAM,3.0,3.0,100.0,0.0,0.0,600.0,600.0,1492.8,1633.5,1868.0,1941.5,1985.6,-3.3093333333333335,-3.2358333333333333,-3.1133333333333333,-2.7225,-2.488,0.0,0.0,0.0,0.0,0.0,0.0,0.0,0.0,0.0,0.0,1868.0,1985.6,100.0,0.0,100.0,0.0,0.0,3.0,3.0,100.0,0.0,0.0,,,-1381.8,-1291.5,-1141.0,-888.5,-737.0,,,,,,,,,,,,,,,,1141.0,1381.8,100.0,,100.0,0.0,0.0,0.0,nm_inferred,3.0,100.0,,Marka International (Amman Civil) Airport,31.9727,35.9916
OJAQ,1.0,1.0,100.0,0.0,0.0,600.0,600.0,1234.0,1234.0,1234.0,1234.0,1234.0,-2.0566666666666666,-2.0566666666666666,-2.0566666666666666,-2.0566666666666666,-2.0566666666666666,0.0,0.0,0.0,0.0,0.0,0.0,0.0,0.0,0.0,0.0,1234.0,1234.0,100.0,0.0,100.0,0.0,0.0,2.0,2.0,100.0,0.0,0.0,,,-463.8,-445.5,-415.0,-384.5,-366.2,,,,,,,,,,,,,,,,415.0,463.8,100.0,,100.0,0.0,0.0,0.0,nm_inferred,2.0,100.0,,King Hussein International Airport,29.611601,35.018101
OKKK,104.0,104.0,100.0,0.0,0.0,600.0,335.5,-576.5999999999999,-144.75,9049.5,9664.75,10119.7,-16.86616666666667,-16.107916666666668,-15.0825,0.24125000000000002,0.9610000000000004,0.05,0.15,0.25,0.4,0.6,0.016666666666666666,0.06666666666666667,0.14166666666666666,0.22708333333333333,0.3508333333333334,9049.5,10119.7,68.26923076923077,0.9615384615384616,14.423076923076923,85.57692307692308,0.0,99.0,99.0,100.0,0.0,0.0,,,-9101.4,-8219.5,-5084.0,232.0,389.0000000000001,,,,,,,,,,,,,,,,5084.0,9101.400000000001,51.515151515151516,,15.151515151515152,84.84848484848484,0.0,0.0,nm_inferred,104.0,100.0,,Kuwait International Airport,29.224487,47.969813
OLBA,145.0,144.0,99.3103448275862,0.0,0.0,600.0,600.0,114.3,137.0,204.5,301.5,424.7000000000005,-0.7078333333333333,-0.5025000000000001,-0.3408333333333333,-0.22833333333333333,-0.19049999999999997,0.0,0.0,0.0,0.0,0.0,0.0,0.0,0.0,0.0,0.0,205.0,444.5000000000002,99.30555555555556,0.0,83.44827586206897,15.172413793103448,0.6896551724137931,142.0,140.0,98.59154929577464,0.0,0.0,,,-898.5,-721.25,-616.5,-280.25,-54.0,,,,,,,,,,,,,,,,616.5,898.5000000000002,95.0,,82.3943661971831,15.492957746478874,0.704225352112676,0.0,nm_inferred,145.0,98.95094706168042,,Beirut Rafic Hariri International Airport,33.819833,35.487443
ORBI,41.0,29.0,70.73170731707317,0.0,0.0,600.0,600.0,4961.4,5431.0,6611.0,6895.0,7115.0,-11.858333333333333,-11.491666666666667,-11.018333333333333,-9.051666666666666,-8.269,0.0,0.0,0.0,0.0,0.0,0.0,0.0,0.0,0.0,0.0,6611.0,7115.0,100.0,0.0,70.73170731707317,0.0,0.0,46.0,37.0,80.43478260869566,0.0,0.0,,,-6992.4,-6670.0,-5137.0,-4978.0,-4779.4,,,,,,,,,,,,,,,,5137.0,6992.4,100.0,,80.43478260869566,0.0,0.0,0.0,nm_inferred,46.0,75.58324496288441,,Baghdad International Airport / New Al Muthana Air Base,33.262501,44.2346
ORER,42.0,38.0,90.47619047619048,0.0,0.0,0.0,,4108.7,5497.25,5885.5,6429.75,7930.9000000000015,,,,,,,,,,,,,,,,5885.5,7930.9000000000015,100.0,,69.04761904761905,21.428571428571427,0.0,42.0,36.0,85.71428571428571,0.0,0.0,,,-6048.0,-5070.5,-4825.5,-3671.75,-3310.0,,,,,,,,,,,,,,,,4825.5,6048.0,100.0,,73.80952380952381,11.904761904761905,0.0,0.0,nm_inferred,42.0,88.0952380952381,,Erbil International Airport,36.236047,43.946615
ORKK,4.0,3.0,75.0,0.0,0.0,0.0,,5807.0,5834.0,5879.0,5954.5,5999.8,,,,,,,,,,,,,,,,5879.0,5999.8,100.0,,75.0,0.0,0.0,2.0,1.0,50.0,0.0,0.0,,,-4046.0,-4046.0,-4046.0,-4046.0,-4046.0,,,,,,,,,,,,,,,,4046.0,4046.0,100.0,,50.0,0.0,0.0,0.0,nm_inferred,4.0,62.5,,Kirkuk International Airport,35.469501,44.3489
ORMM,5.0,5.0,100.0,0.0,0.0,0.0,,8934.2,9053.0,9076.0,9390.0,9415.2,,,,,,,,,,,,,,,,9076.0,9415.2,100.0,,0.0,100.0,0.0,5.0,5.0,100.0,0.0,0.0,,,-7631.0,-7073.0,-6551.0,-6529.0,-2324.1999999999994,,,,,,,,,,,,,,,,6551.0,7631.0,80.0,,20.0,80.0,0.0,0.0,nm_inferred,5.0,100.0,,Basra International Airport,30.549101,47.662102
ORNI,2.0,1.0,50.0,0.0,0.0,0.0,,7743.0,7743.0,7743.0,7743.0,7743.0,,,,,,,,,,,,,,,,7743.0,7743.0,100.0,,50.0,0.0,0.0,2.0,2.0,100.0,0.0,0.0,,,-5780.5,-5691.25,-5542.5,-5393.75,-5304.5,,,,,,,,,,,,,,,,5542.5,5780.5,100.0,,100.0,0.0,0.0,0.0,nm_inferred,2.0,75.0,,Al Najaf International Airport,31.991116,44.405019
OSDI,3.0,3.0,100.0,0.0,0.0,600.0,600.0,704.6,710.0,719.0,745.5,761.4,-1.269,-1.2425,-1.1983333333333333,-1.1833333333333331,-1.1743333333333332,0.0,0.0,0.0,0.0,0.0,0.0,0.0,0.0,0.0,0.0,719.0,761.4,100.0,0.0,100.0,0.0,0.0,3.0,3.0,100.0,0.0,0.0,,,-768.6,-738.0,-687.0,-667.0,-655.0,,,,,,,,,,,,,,,,687.0,768.6,100.0,,100.0,0.0,0.0,0.0,nm_inferred,3.0,100.0,,Damascus International Airport,33.4114990234375,36.51559829711914
UBBF,1.0,0.0,0.0,0.0,0.0,600.0,,,,,,,,,,,,,,,,,,,,,,,,,,0.0,0.0,0.0,1.0,0.0,0.0,0.0,0.0,,,,,,,,,,,,,,,,,,,,,,,,,,,0.0,0.0,0.0,0.0,nm_inferred,1.0,0.0,,Fuzuli International Airport,39.594578,47.196128
UBBG,7.0,3.0,42.857142857142854,0.0,0.0,600.0,600.0,6339.0,6781.5,7519.0,8004.0,8295.0,-13.825,-13.34,-12.531666666666666,-11.3025,-10.565000000000001,0.0,0.0,0.0,0.0,0.0,0.0,0.0,0.0,0.0,0.0,7519.0,8295.0,100.0,0.0,28.571428571428573,14.285714285714286,0.0,5.0,4.0,80.0,0.0,0.0,,,-7820.9,-7804.25,-6463.0,-4203.5,-2533.999999999999,,,,,,,,,,,,,,,,6463.0,7820.9,100.0,,60.0,20.0,0.0,0.0,nm_inferred,7.0,61.42857142857143,,Ganja International Airport,40.738692,46.320383
UBBL,1.0,1.0,100.0,0.0,0.0,600.0,600.0,8701.0,8701.0,8701.0,8701.0,8701.0,-14.501666666666667,-14.501666666666667,-14.501666666666667,-14.501666666666667,-14.501666666666667,0.0,0.0,0.0,0.0,0.0,0.0,0.0,0.0,0.0,0.0,8701.0,8701.0,100.0,0.0,100.0,0.0,0.0,1.0,1.0,100.0,0.0,0.0,,,-8611.0,-8611.0,-8611.0,-8611.0,-8611.0,,,,,,,,,,,,,,,,8611.0,8611.0,100.0,,100.0,0.0,0.0,0.0,nm_inferred,1.0,100.0,,Lankaran International Airport,38.757919,48.807042
UBBN,48.0,2.0,4.166666666666667,0.0,0.0,600.0,600.0,2670.5,3707.75,5436.5,7165.25,8202.5,-13.670833333333334,-11.942083333333334,-9.060833333333333,-6.179583333333333,-4.450833333333334,0.0,0.0,0.0,0.0,0.0,0.0,0.0,0.0,0.0,0.0,5436.5,8202.5,100.0,0.0,4.166666666666667,0.0,0.0,48.0,1.0,2.0833333333333335,0.0,0.0,,,-9661.0,-9661.0,-9661.0,-9661.0,-9661.0,,,,,,,,,,,,,,,,9661.0,9661.0,100.0,,2.0833333333333335,0.0,0.0,0.0,nm_inferred,48.0,3.125,,Nakhchivan International Airport,39.188801,45.458401
UDSG,3.0,1.0,33.333333333333336,0.0,0.0,600.0,600.0,804.0,804.0,804.0,804.0,804.0,-1.34,-1.34,-1.34,-1.34,-1.34,0.0,0.0,0.0,0.0,0.0,0.0,0.0,0.0,0.0,0.0,804.0,804.0,100.0,0.0,33.333333333333336,0.0,0.0,3.0,0.0,0.0,0.0,0.0,,,,,,,,,,,,,,,,,,,,,,,,,,,0.0,0.0,0.0,0.0,nm_inferred,3.0,16.666666666666668,,Shirak International Airport,40.750401,43.859299
UDYZ,188.0,91.0,48.40425531914894,0.0,0.0,600.0,600.0,1174.0,1416.5,3854.0,5716.5,7239.0,-11.556666666666667,-8.756666666666668,-4.155208333333333,-2.3316666666666666,-1.8066666666666666,0.0,0.0,0.0,0.0,0.0,0.0,0.0,0.0,0.0,0.0,3854.0,7239.0,100.0,0.0,31.914893617021278,16.48936170212766,0.0,188.0,88.0,46.808510638297875,0.0,0.0,,,-6923.0,-6047.25,-4498.5,-1643.5,-1336.5000000000002,,,,,,,,,,,,,,,,4498.5,6923.0,100.0,,27.127659574468087,19.680851063829788,0.0,0.0,nm_inferred,188.0,47.6063829787234,,Zvartnots International Airport,40.148941,44.397887
UGKO,49.0,41.0,83.6734693877551,0.0,0.0,900.0,780.0,365.0,934.0,5229.0,6169.0,6789.0,-9.181666666666667,-7.7615384615384615,-6.66,-1.0377777777777777,-0.4666666666666667,0.0,0.0,0.0,0.0,0.0,0.0,0.0,0.0,0.0,0.0,5229.0,6789.0,100.0,0.0,26.53061224489796,57.142857142857146,0.0,49.0,43.0,87.75510204081633,0.0,0.0,,,-6391.0,-5526.0,-4366.0,-3828.5,-819.9999999999983,,,,,,,,,,,,,,,,4366.0,6391.000000000002,100.0,,40.816326530612244,46.93877551020408,0.0,0.0,nm_inferred,49.0,85.71428571428572,,David the Builder Kutaisi International Airport,42.177448,42.485353
UGSA,1.0,0.0,0.0,0.0,0.0,600.0,,,,,,,,,,,,,,,,,,,,,,,,,,0.0,0.0,0.0,1.0,0.0,0.0,0.0,0.0,,,,,,,,,,,,,,,,,,,,,,,,,,,0.0,0.0,0.0,0.0,nm_inferred,1.0,0.0,,Natakhtari Airfield,41.921198,44.714186
UGSB,67.0,60.0,89.55223880597015,0.0,0.0,900.0,474.0,-741.8,-493.5,-158.5,3571.5,4995.0,-5.911111111111111,-3.9683333333333333,0.1761111111111111,0.5483333333333333,0.8242222222222223,0.030000000000000013,0.15833333333333333,0.3,0.43333333333333335,0.7333333333333333,0.010000000000000004,0.0763888888888889,0.175,0.2625,0.36833333333333335,688.5,4995.0,41.666666666666664,0.0,53.73134328358209,35.82089552238806,0.0,67.0,55.0,82.08955223880596,0.0,0.0,,,-5483.0,-1398.5,144.0,191.5,239.0,,,,,,,,,,,,,,,,194.0,5483.000000000002,29.09090909090909,,55.223880597014926,25.37313432835821,1.492537313432836,0.0,nm_inferred,67.0,85.82089552238806,,Alexander Kartveli Batumi International Airport,41.60939,41.600315
UGTB,250.0,179.0,71.6,0.0,0.0,900.0,900.0,99.0,129.0,184.0,5354.0,6746.0,-8.374444444444444,-5.982222222222222,-0.21555555555555556,-0.14333333333333334,-0.11,0.0,0.0,0.0,0.0,0.0,0.0,0.0,0.0,0.0,0.0,184.0,6746.0,100.0,0.0,41.2,30.4,0.0,248.0,149.0,60.08064516129032,0.0,0.0,,,-6366.0,-5636.0,-3331.0,-161.0,-134.99999999999991,,,,,,,,,,,,,,,,3331.0,6366.000000000001,100.0,,33.87096774193548,26.20967741935484,0.0,0.0,nm_inferred,250.0,65.84032258064516,,Tbilisi International Airport,41.669201,44.9547
ULAA,1.0,0.0,0.0,0.0,0.0,0.0,,,,,,,,,,,,,,,,,,,,,,,,,,0.0,0.0,0.0,3.0,1.0,33.333333333333336,0.0,0.0,,,-19454.0,-19454.0,-19454.0,-19454.0,-19454.0,,,,,,,,,,,,,,,,19454.0,19454.0,100.0,,0.0,33.333333333333336,0.0,0.0,nm_inferred,3.0,16.666666666666668,,Talagi Airport,64.60030364990234,40.71670150756836
ULLI,130.0,92.0,70.76923076923077,0.0,0.0,600.0,600.0,2419.9,2831.75,6049.0,9046.5,13075.800000000001,-21.793,-15.0775,-10.081666666666667,-4.719583333333333,-4.033166666666666,0.0,0.0,0.0,0.0,0.0,0.0,0.0,0.0,0.0,0.0,6049.0,13075.800000000001,100.0,0.0,49.23076923076923,20.76923076923077,0.7692307692307693,145.0,91.0,62.758620689655174,0.0,0.0,,,-14154.0,-4425.5,-4039.0,-2495.5,-1745.0,,,,,,,,,,,,,,,,4039.0,14154.0,100.0,,55.172413793103445,7.586206896551724,0.0,0.0,nm_inferred,145.0,66.76392572944297,,Pulkovo Airport,59.800301,30.262501
ULMM,1.0,1.0,100.0,0.0,0.0,600.0,600.0,1775.0,1775.0,1775.0,1775.0,1775.0,-2.9583333333333335,-2.9583333333333335,-2.9583333333333335,-2.9583333333333335,-2.9583333333333335,0.0,0.0,0.0,0.0,0.0,0.0,0.0,0.0,0.0,0.0,1775.0,1775.0,100.0,0.0,100.0,0.0,0.0,,,,,,,,,,,,,,,,,,,,,,,,,,,,,,,,,,,0.0,nm_inferred,1.0,100.0,,Emperor Nicholas II Murmansk Airport,68.7817,32.750801
ULPB,1.0,0.0,0.0,0.0,0.0,0.0,,,,,,,,,,,,,,,,,,,,,,,,,,0.0,0.0,0.0,1.0,0.0,0.0,0.0,0.0,,,,,,,,,,,,,,,,,,,,,,,,,,,0.0,0.0,0.0,0.0,nm_inferred,1.0,0.0,,Petrozavodsk Airport,61.885201,34.154701
ULWC,1.0,0.0,0.0,0.0,0.0,0.0,,,,,,,,,,,,,,,,,,,,,,,,,,0.0,0.0,0.0,1.0,0.0,0.0,0.0,0.0,,,,,,,,,,,,,,,,,,,,,,,,,,,0.0,0.0,0.0,0.0,nm_inferred,1.0,0.0,,Cherepovets Airport,59.273601532,38.0158004761
UMII,1.0,1.0,100.0,0.0,0.0,600.0,600.0,11594.0,11594.0,11594.0,11594.0,11594.0,-19.323333333333334,-19.323333333333334,-19.323333333333334,-19.323333333333334,-19.323333333333334,0.0,0.0,0.0,0.0,0.0,0.0,0.0,0.0,0.0,0.0,11594.0,11594.0,100.0,0.0,0.0,100.0,0.0,1.0,1.0,100.0,0.0,0.0,,,-11131.0,-11131.0,-11131.0,-11131.0,-11131.0,,,,,,,,,,,,,,,,11131.0,11131.0,100.0,,100.0,0.0,0.0,0.0,nm_inferred,1.0,100.0,,Vitebsk Vostochny Airport,55.126499176025,30.349599838257
UMKK,158.0,73.0,46.20253164556962,0.0,0.0,600.0,600.0,980.0,1374.0,1884.0,2379.0,2816.0,-4.693333333333333,-3.965,-3.14,-2.29,-1.633333333333334,0.0,0.0,0.0,0.0,0.0,0.0,0.0,0.0,0.0,0.0,1884.0,2816.0,100.0,0.0,43.67088607594937,2.5316455696202533,0.0,157.0,104.0,66.24203821656052,0.0,0.0,,,-5941.999999999998,-2293.5,-1878.5,-1611.0,-1203.9999999999995,,,,,,,,,,,,,,,,1878.5,5942.000000000009,100.0,,55.4140127388535,10.828025477707007,0.0,0.0,nm_inferred,158.0,56.22228493106507,,Khrabrovo Airport,54.89161,20.598559
UMMS,36.0,27.0,75.0,0.0,0.0,600.0,600.0,82.0,339.0,4119.0,14256.5,16286.0,-27.143333333333334,-23.760833333333334,-6.865,-0.565,-0.13666666666666666,0.0,0.0,0.0,0.0,0.0,0.0,0.0,0.0,0.0,0.0,4119.0,16286.0,100.0,0.0,44.44444444444444,30.555555555555557,0.0,40.0,28.0,70.0,0.0,0.0,,,-17055.5,-16068.5,-12741.0,-684.75,-487.99999999999994,,,,,,,,,,,,,,,,12741.0,17055.5,100.0,,40.0,30.0,0.0,0.0,nm_inferred,40.0,72.5,,Minsk National Airport,53.888071,28.039964
URMG,3.0,3.0,100.0,0.0,0.0,600.0,600.0,6305.0,6471.5,6749.0,6981.5,7121.0,-11.868333333333334,-11.635833333333334,-11.248333333333333,-10.785833333333333,-10.508333333333335,0.0,0.0,0.0,0.0,0.0,0.0,0.0,0.0,0.0,0.0,6749.0,7121.0,100.0,0.0,66.66666666666667,33.333333333333336,0.0,5.0,5.0,100.0,0.0,0.0,,,-6292.4,-6044.0,-5845.0,-5800.0,-5536.6,,,,,,,,,,,,,,,,5845.0,6292.4,100.0,,100.0,0.0,0.0,0.0,nm_inferred,5.0,100.0,,Akhmat Kadyrov Grozny International Airport,43.388106,45.699772
URML,5.0,1.0,20.0,0.0,0.0,600.0,600.0,2384.0,2384.0,2384.0,2384.0,2384.0,-3.973333333333333,-3.973333333333333,-3.973333333333333,-3.973333333333333,-3.973333333333333,0.0,0.0,0.0,0.0,0.0,0.0,0.0,0.0,0.0,0.0,2384.0,2384.0,100.0,0.0,20.0,0.0,0.0,9.0,4.0,44.44444444444444,0.0,0.0,,,-6620.7,-6539.25,-6404.5,-5307.75,-3494.6999999999994,,,,,,,,,,,,,,,,6404.5,6620.7,100.0,,44.44444444444444,0.0,0.0,0.0,nm_inferred,9.0,32.22222222222222,,Makhachkala Uytash International Airport,42.816799,47.652302
URMM,30.0,13.0,43.333333333333336,0.0,0.0,600.0,600.0,246.0,2039.0,5009.0,5154.0,5264.0,-8.773333333333333,-8.59,-8.348333333333333,-3.3983333333333334,-0.41,0.0,0.0,0.0,0.0,0.0,0.0,0.0,0.0,0.0,0.0,5009.0,5264.0,100.0,0.0,33.333333333333336,6.666666666666667,3.3333333333333335,29.0,20.0,68.96551724137932,0.0,0.0,,,-5660.0,-5352.25,-2178.5,-1877.25,-1734.5,,,,,,,,,,,,,,,,2178.5,5660.0,100.0,,58.62068965517241,10.344827586206897,0.0,0.0,nm_inferred,30.0,56.14942528735632,,Mineralnye Vody Airport,44.225101,43.081902
URMO,3.0,3.0,100.0,0.0,0.0,0.0,,5364.0,5401.5,5464.0,5709.0,5856.0,,,,,,,,,,,,,,,,5464.0,5856.0,100.0,,100.0,0.0,0.0,4.0,4.0,100.0,0.0,0.0,,,-6038.0,-5966.0,-5716.0,-4603.5,-2978.999999999999,,,,,,,,,,,,,,,,5716.0,6038.0,100.0,,75.0,25.0,0.0,0.0,nm_inferred,4.0,100.0,,Vladikavkaz Beslan International Airport,43.205101,44.606602
URSS,53.0,42.0,79.24528301886792,0.0,0.0,600.0,600.0,751.5,856.5,3256.5,3955.25,4241.0,-7.068333333333333,-6.592083333333333,-5.4275,-1.4275,-1.2525,0.0,0.0,0.0,0.0,0.0,0.0,0.0,0.0,0.0,0.0,3256.5,4241.0,100.0,0.0,69.81132075471699,9.433962264150944,0.0,66.0,57.0,86.36363636363636,0.0,0.0,,,-4121.6,-3651.0,-2995.0,-1718.0,-1328.2,,,,,,,,,,,,,,,,2995.0,4121.6,100.0,,78.78787878787878,7.575757575757576,0.0,0.0,nm_inferred,66.0,82.80445969125213,,Sochi International Airport,43.449902,39.9566
URWA,1.0,0.0,0.0,0.0,0.0,0.0,,,,,,,,,,,,,,,,,,,,,,,,,,0.0,0.0,0.0,1.0,1.0,100.0,0.0,0.0,,,-4626.0,-4626.0,-4626.0,-4626.0,-4626.0,,,,,,,,,,,,,,,,4626.0,4626.0,100.0,,100.0,0.0,0.0,0.0,nm_inferred,1.0,50.0,,Astrakhan Narimanovo Boris M. Kustodiev International Airport,46.282843,48.010511
URWW,2.0,1.0,50.0,0.0,0.0,0.0,,6214.0,6214.0,6214.0,6214.0,6214.0,,,,,,,,,,,,,,,,6214.0,6214.0,100.0,,50.0,0.0,0.0,3.0,1.0,33.333333333333336,0.0,0.0,,,-7006.0,-7006.0,-7006.0,-7006.0,-7006.0,,,,,,,,,,,,,,,,7006.0,7006.0,100.0,,0.0,33.333333333333336,0.0,0.0,nm_inferred,3.0,41.66666666666667,,Volgograd International Airport,48.78134,44.339194
USKK,1.0,0.0,0.0,0.0,0.0,0.0,,,,,,,,,,,,,,,,,,,,,,,,,,0.0,0.0,0.0,1.0,0.0,0.0,0.0,0.0,,,,,,,,,,,,,,,,,,,,,,,,,,,0.0,0.0,0.0,0.0,nm_inferred,1.0,0.0,,Pobedilovo Airport,58.503883,49.347831
UUBC,1.0,0.0,0.0,0.0,0.0,0.0,,,,,,,,,,,,,,,,,,,,,,,,,,0.0,0.0,0.0,1.0,0.0,0.0,0.0,0.0,,,,,,,,,,,,,,,,,,,,,,,,,,,0.0,0.0,0.0,0.0,nm_inferred,1.0,0.0,,Grabtsevo Airport,54.5499992371,36.3666687012
UUBI,1.0,1.0,100.0,0.0,0.0,600.0,600.0,1352.0,1352.0,1352.0,1352.0,1352.0,-2.2533333333333334,-2.2533333333333334,-2.2533333333333334,-2.2533333333333334,-2.2533333333333334,0.0,0.0,0.0,0.0,0.0,0.0,0.0,0.0,0.0,0.0,1352.0,1352.0,100.0,0.0,100.0,0.0,0.0,1.0,1.0,100.0,0.0,0.0,,,-4262.0,-4262.0,-4262.0,-4262.0,-4262.0,,,,,,,,,,,,,,,,4262.0,4262.0,100.0,,100.0,0.0,0.0,0.0,nm_inferred,1.0,100.0,,Ivanovo South Airport,56.93939971923828,40.940799713134766
UUBW,7.0,2.0,28.571428571428573,0.0,0.0,0.0,,803.9,1636.25,3023.5,4410.75,5243.1,,,,,,,,,,,,,,,,3023.5,5243.1,100.0,,28.571428571428573,0.0,0.0,9.0,3.0,33.333333333333336,0.0,0.0,,,-10084.6,-9805.0,-9339.0,-7148.0,-5833.4,,,,,,,,,,,,,,,,9339.0,10084.6,100.0,,33.333333333333336,0.0,0.0,0.0,nm_inferred,9.0,30.952380952380956,,Zhukovsky International Airport,55.553299,38.150002
UUDD,85.0,41.0,48.23529411764706,0.0,0.0,600.0,600.0,58.0,5484.0,8584.0,13859.0,15065.0,-25.108333333333334,-23.098333333333333,-14.306666666666667,-9.14,-0.09666666666666666,0.0,0.0,0.0,0.0,0.0,0.0,0.0,0.0,0.0,0.0,8584.0,15065.0,95.1219512195122,2.4390243902439024,41.1764705882353,7.0588235294117645,0.0,72.0,34.0,47.22222222222222,0.0,0.0,,,-14478.3,-13578.25,-10387.0,-5586.0,-4478.400000000001,,,,,,,,,,,,,,,,10387.0,14478.3,97.05882352941177,,34.72222222222222,12.5,0.0,0.0,nm_inferred,85.0,47.728758169934636,,Domodedovo International Airport,55.408798,37.9063
UUEE,203.0,146.0,71.92118226600985,0.0,0.0,600.0,600.0,214.0,5164.5,7804.0,12970.25,14194.0,-23.656666666666666,-21.617083333333333,-13.006666666666668,-8.6075,-0.3566666666666667,0.0,0.0,0.0,0.0,0.05,0.0,0.0,0.0,0.0,0.020833333333333336,7804.0,14194.0,97.26027397260275,0.0,45.320197044334975,26.600985221674875,0.0,207.0,133.0,64.2512077294686,0.0,0.0,,,-14995.0,-13721.0,-10252.0,-4954.0,-4071.4,,,,,,,,,,,,,,,,10252.0,14995.0,99.24812030075188,,51.690821256038646,12.560386473429952,0.0,0.0,nm_inferred,207.0,68.08619499773923,,Sheremetyevo International Airport,55.976858,37.41121
UUWW,206.0,136.0,66.01941747572816,0.0,0.0,1080.0,1080.0,2621.5,6150.25,8371.5,10588.5,13239.0,-12.258333333333333,-9.804166666666667,-7.751388888888889,-5.694675925925926,-2.4273148148148147,0.0,0.0,0.0,0.0,0.0,0.0,0.0,0.0,0.0,0.0,8371.5,13239.0,100.0,0.0,38.349514563106794,27.66990291262136,0.0,218.0,153.0,70.18348623853211,0.0,0.0,,,-11113.6,-10285.0,-4918.0,-4125.0,-2294.7999999999984,,,,,,,,,,,,,,,,4918.0,11113.6,99.34640522875817,,49.54128440366973,20.642201834862384,0.0,0.0,nm_inferred,218.0,68.10145185713014,,Vnukovo International Airport,55.591499,37.261501
UWGG,13.0,8.0,61.53846153846154,0.0,0.0,600.0,600.0,9462.4,9794.5,13265.5,13466.0,13796.3,-22.99383333333333,-22.443333333333335,-22.109166666666667,-16.324166666666667,-15.770666666666665,0.0,0.0,0.0,0.0,0.0,0.0,0.0,0.0,0.0,0.0,13265.5,13796.3,100.0,0.0,30.76923076923077,30.76923076923077,0.0,12.0,8.0,66.66666666666667,0.0,0.0,,,-13964.3,-11654.75,-10699.0,-10247.0,-9803.9,,,,,,,,,,,,,,,,10699.0,13964.3,100.0,,50.0,16.666666666666668,0.0,0.0,nm_inferred,13.0,64.1025641025641,,Nizhny Novgorod / Strigino International Airport,56.227351,43.785152
UWKD,33.0,25.0,75.75757575757575,0.0,0.0,600.0,600.0,1149.0000000000005,9667.0,11277.0,13205.0,13578.0,-22.63,-22.008333333333333,-18.795,-16.111666666666668,-1.9149999999999974,0.0,0.0,0.0,0.0,0.0,0.0,0.0,0.0,0.0,0.0,11277.0,13578.0,100.0,0.0,45.45454545454545,30.303030303030305,0.0,38.0,29.0,76.3157894736842,0.0,0.0,,,-14122.8,-13258.0,-10181.0,-9166.0,-7972.0,,,,,,,,,,,,,,,,10181.0,14122.8,100.0,,52.63157894736842,23.68421052631579,0.0,0.0,nm_inferred,38.0,76.03668261562999,,Kazan International Airport,55.606201,49.278702
UWPS,1.0,1.0,100.0,0.0,0.0,0.0,,7959.0,7959.0,7959.0,7959.0,7959.0,,,,,,,,,,,,,,,,7959.0,7959.0,100.0,,0.0,100.0,0.0,1.0,1.0,100.0,0.0,0.0,,,-13715.0,-13715.0,-13715.0,-13715.0,-13715.0,,,,,,,,,,,,,,,,13715.0,13715.0,100.0,,100.0,0.0,0.0,0.0,nm_inferred,1.0,100.0,,Saransk International Airport,54.12513,45.212257
UWSG,4.0,2.0,50.0,0.0,0.0,0.0,,907.9000000000001,2053.75,3963.5,5873.25,7019.1,,,,,,,,,,,,,,,,3963.5,7019.1,100.0,,50.0,0.0,0.0,4.0,4.0,100.0,0.0,0.0,,,-8751.7,-8737.75,-8272.5,-5882.25,-2403.299999999999,,,,,,,,,,,,,,,,8272.5,8751.7,100.0,,75.0,25.0,0.0,0.0,nm_inferred,4.0,75.0,,Gagarin International Airport,51.712778,46.171111
