rank,icao,n_gt_dep,n_detected_dep,detection_pct_dep,n_capture_excluded_dep,measured_pct_dep,taxi_out_median_s,dep_max_gap_median_s,off_s_p10,off_s_p25,off_s_p50,off_s_p75,off_s_p90,dep_reach_p10,dep_reach_p25,dep_reach_p50,dep_reach_p75,dep_reach_p90,dep_continuity_p10,dep_continuity_p25,dep_continuity_p50,dep_continuity_p75,dep_continuity_p90,dep_signal_p10,dep_signal_p25,dep_signal_p50,dep_signal_p75,dep_signal_p90,off_abs_p50,off_abs_p90,dep_no_ground_pct,dep_full_capture_pct,clean_pct_dep,fragmented_pct_dep,merged_pct_dep,n_gt_arr,n_detected_arr,detection_pct_arr,n_capture_excluded_arr,measured_pct_arr,taxi_in_median_s,arr_max_gap_median_s,land_s_p10,land_s_p25,land_s_p50,land_s_p75,land_s_p90,arr_reach_p10,arr_reach_p25,arr_reach_p50,arr_reach_p75,arr_reach_p90,arr_continuity_p10,arr_continuity_p25,arr_continuity_p50,arr_continuity_p75,arr_continuity_p90,arr_signal_p10,arr_signal_p25,arr_signal_p50,arr_signal_p75,arr_signal_p90,land_abs_p50,land_abs_p90,arr_no_ground_pct,arr_full_capture_pct,clean_pct_arr,fragmented_pct_arr,merged_pct_arr,measured_pct,t_source,n_gt,detection_pct,coverage_index,name,lat,lon,measured
1,EGGW,590.0,590.0,100.0,0.0,99.66101694915255,840.0,840.0,20.0,30.0,50.0,70.0,735.5000000000001,-1.02092803030303,-0.13062169312169314,-0.057291666666666664,-0.03333333333333333,-0.019230769230769232,0.0,0.0,0.0,0.0,0.0,0.0,0.0,0.0,0.0,0.0,50.0,735.5000000000001,100.0,0.0,72.71186440677967,26.271186440677965,1.0169491525423728,581.0,581.0,100.0,0.0,99.82788296041308,300.0,5.0,-770.0,255.0,300.0,320.0,335.0,-2.8541666666666665,0.5810185185185186,0.95,1.2291666666666667,1.6388888888888888,0.6666666666666666,0.8571428571428571,1.0,1.0,1.0,0.6385416666666667,0.8214285714285714,1.0,1.0,1.0,315.0,770.0,19.44922547332186,63.96551724137931,73.66609294320138,25.645438898450948,0.6884681583476764,99.82788296041308,apdf,590.0,100.0,0.5,London Luton Airport,51.874699,-0.368333,yes
2,LPFR,398.0,398.0,100.0,0.0,99.74874371859298,576.0,40.0,-853.0,-660.0,-517.5,-260.0,-121.99999999999989,0.22708333333333333,0.47684369202226345,0.9545454545454546,1.0267837708414957,1.254026369168358,0.2833333333333333,0.5,0.9486842105263158,1.0,1.0,0.2588469669865019,0.47556818181818183,0.9372539370078741,0.991081742670114,1.0,525.0,911.5,3.5175879396984926,46.733668341708544,94.22110552763819,4.773869346733668,1.0050251256281406,397.0,397.0,100.0,0.0,100.0,300.0,5.0,435.0,510.0,565.0,610.0,690.0,1.3472222222222223,1.5833333333333333,1.900958466453674,2.1645021645021645,2.536373276776246,1.0,1.0,1.0,1.0,1.0,1.0,1.0,1.0,1.0043668122270744,1.0119047619047619,565.0,710.0,1.2594458438287153,98.48866498740554,91.183879093199,7.8085642317380355,1.0075566750629723,100.0,apdf,398.0,100.0,0.968626968503937,Faro - Gago Coutinho International Airport,37.015909,-7.970939,yes
3,LIPE,390.0,390.0,100.0,0.0,95.8974358974359,600.0,600.0,-6.0,29.0,54.0,169.0,554.0,-0.9233333333333333,-0.2816666666666667,-0.07564102564102564,-0.03533876955714665,0.006625000000000086,0.0,0.0,0.0,0.0,0.03571428571428571,0.0,0.0,0.0,0.0,0.017380952380952542,61.0,555.5000000000003,88.97435897435898,0.0,88.2051282051282,11.538461538461538,0.2564102564102564,392.0,392.0,100.0,0.0,96.1734693877551,229.0,5.0,198.4,241.75,262.0,273.0,285.90000000000003,0.5555596785211298,0.8255813953488372,1.1085972850678734,1.464705882352941,1.9574603174603176,0.6092307692307692,0.8333333333333334,1.0,1.0,1.0,0.6011392116655274,0.8566433566433566,1.0,1.0106382978723405,1.0196106844418682,263.0,290.90000000000003,3.061224489795918,67.10875331564986,93.11224489795919,6.63265306122449,0.25510204081632654,96.1734693877551,apdf,392.0,100.0,0.5,Bologna Guglielmo Marconi Airport,44.5354,11.2887,yes
4,EGGD,373.0,373.0,100.0,0.0,99.19571045576407,668.0,52.0,-950.0,-725.0,-585.0,-395.0,1253.0000000000005,-1.8465428276573788,0.6624888093106536,0.9084302325581395,0.9624145785876993,1.0297979797979797,0.7028571428571428,0.88,0.9444444444444444,1.0,1.0,0.6985106382978723,0.8636363636363636,0.9166666666666666,0.964765100671141,0.9989286199359366,670.0,2133.000000000001,19.571045576407506,31.367292225201073,75.06702412868633,22.5201072386059,2.4128686327077746,370.0,370.0,100.0,0.0,100.0,300.0,5.0,-1406.0,456.25,585.0,640.0,735.5000000000001,-5.272083333333335,1.1338562753036436,1.845741952032833,2.3541666666666665,2.947222222222223,1.0,1.0,1.0,1.0,1.0,0.9895107938718664,1.0,1.0,1.0035058969735369,1.009324060303852,620.0,1869.000000000001,18.37837837837838,95.13513513513513,78.64864864864865,19.18918918918919,2.1621621621621623,100.0,apdf,373.0,100.0,0.9583333333333333,Bristol Airport,51.382326,-2.716453,yes
5,LFLL,373.0,373.0,100.0,0.0,98.65951742627345,540.0,25.0,-824.0,-660.0,-540.0,-445.0,-300.99999999999994,0.5016666666666667,0.8809523809523809,0.9583333333333334,1.0595238095238095,1.6666666666666667,0.5600000000000002,0.9090909090909091,1.0,1.0,1.0,0.5450000000000002,0.8796296296296297,0.9523809523809523,1.0,1.0,545.0,849.0,1.3404825737265416,51.206434316353885,96.51474530831099,2.9490616621983916,0.5361930294906166,372.0,372.0,100.0,0.0,100.0,300.0,5.0,530.0,585.0,655.0,720.0,840.0,1.6489583333333333,1.8869047619047619,2.1166666666666667,2.3833333333333333,2.998333333333334,1.0,1.0,1.0,1.0,1.0,1.0,1.0,1.0,1.0,1.0,660.0,875.0,1.3440860215053763,99.46236559139786,92.74193548387096,6.451612903225806,0.8064516129032258,100.0,apdf,373.0,100.0,0.9761904761904762,Lyon Saint-Exupéry Airport,45.725996,5.090139,yes
6,EGPF,332.0,332.0,100.0,0.0,0.0,600.0,90.0,-915.0,-691.25,-537.5,-390.0,-65.49999999999812,0.1091666666666668,0.6232638888888888,0.8333333333333334,1.0850694444444444,1.5,0.45,0.7,0.875,1.0,1.0,0.41750000000000004,0.6666666666666666,0.85625,1.0,1.0,577.5,2160.0000000000036,9.337349397590362,35.54216867469879,80.42168674698796,18.072289156626507,1.5060240963855422,319.0,319.0,100.0,0.0,0.0,,,301.8,453.0,526.0,641.0,1353.599999999999,,,,,,,,,,,,,,,,549.0,2302.5999999999995,7.210031347962382,,80.25078369905957,17.86833855799373,1.8808777429467085,0.0,nm_inferred,332.0,100.0,,Glasgow Airport,55.871899,-4.43306,no
7,LBSF,295.0,295.0,100.0,0.0,0.0,960.0,900.0,-243.99999999999997,-37.5,20.0,45.0,65.0,-0.07291666666666667,-0.054292929292929296,-0.022727272727272728,0.03707264957264957,0.30333333333333345,0.0,0.0,0.0,0.06458333333333333,0.3125,0.0,0.0,0.0,0.04027777777777777,0.30333333333333345,45.0,314.00000000000034,72.54237288135593,0.6779661016949152,91.1864406779661,8.813559322033898,0.0,301.0,301.0,100.0,0.0,0.0,,,240.0,298.0,455.0,547.0,627.0,,,,,,,,,,,,,,,,468.0,637.0,2.990033222591362,,89.70099667774086,10.299003322259136,0.0,0.0,nm_inferred,301.0,100.0,,Sofia Airport,42.696357,23.417671,no
8,LFBO,262.0,262.0,100.0,0.0,98.47328244274809,600.0,90.0,-775.0,-625.0,-500.0,-305.0,-165.99999999999994,0.30365384615384616,0.5112847222222222,0.8888888888888888,0.9828703703703703,1.4675189393939396,0.3513636363636364,0.5,0.875,0.9895833333333334,1.0,0.32651515151515154,0.5,0.8449519230769231,0.9533730158730158,1.0,505.0,830.5000000000002,2.6717557251908395,26.717557251908396,91.22137404580153,5.7251908396946565,3.053435114503817,266.0,266.0,100.0,0.0,96.99248120300751,240.0,5.0,392.5,496.25,565.0,638.75,770.0,1.6135416666666669,1.9666666666666666,2.2708333333333335,2.7777777777777777,3.875,1.0,1.0,1.0,1.0,1.0,1.0,1.0,1.0,1.0,1.0,565.0,770.0,0.0,94.18604651162791,96.2406015037594,0.7518796992481203,3.007518796992481,98.47328244274809,apdf,266.0,100.0,0.9224759615384616,Toulouse-Blagnac Airport,43.629101,1.36382,yes
9,LFRS,262.0,262.0,100.0,0.0,0.0,600.0,600.0,15.0,25.0,45.0,60.0,79.50000000000003,-0.12749999999999997,-0.1,-0.075,-0.041666666666666664,-0.025,0.0,0.0,0.0,0.0,0.0,0.0,0.0,0.0,0.0,0.0,45.0,79.50000000000003,98.85496183206106,0.0,96.56488549618321,3.053435114503817,0.3816793893129771,258.0,258.0,100.0,0.0,0.0,,,215.7,239.25,263.5,284.0,296.3,,,,,,,,,,,,,,,,264.0,297.0,1.937984496124031,,96.12403100775194,3.10077519379845,0.7751937984496124,0.0,nm_inferred,262.0,100.0,,Nantes Atlantique Airport,47.153198,-1.61073,no
10,LGKR,251.0,251.0,100.0,0.0,0.0,900.0,900.0,85.0,267.5,450.0,540.0,730.0,-1.212962962962963,-0.7472222222222222,-0.5166666666666667,-0.3194444444444444,-0.10185185185185185,0.0,0.0,0.0,0.0,0.0,0.0,0.0,0.0,0.0,0.0,450.0,730.0,99.60159362549801,0.0,84.4621513944223,15.53784860557769,0.0,255.0,255.0,100.0,0.0,0.0,,,-847.2,-664.0,-328.0,100.0,186.2,,,,,,,,,,,,,,,,415.0,847.2,65.49019607843137,,82.74509803921569,17.254901960784313,0.0,0.0,nm_inferred,255.0,100.0,,Corfu Ioannis Kapodistrias International Airport,39.60145,19.912179,no
11,EDDP,233.0,233.0,100.0,0.0,97.85407725321889,840.0,60.0,-1017.0,-845.0,-720.0,-600.0,-290.99999999999994,0.38919753086419756,0.796875,0.9222222222222223,0.9930555555555556,1.201666666666667,0.5972222222222223,0.8461538461538461,0.9375,1.0,1.0,0.5743464052287582,0.8333333333333334,0.921875,0.9833333333333333,1.0,735.0,1333.0,6.008583690987124,38.62660944206009,79.39914163090128,20.600858369098713,0.0,218.0,218.0,100.0,0.0,100.0,360.0,5.0,415.0,591.25,695.0,785.0,1001.5,1.1323717948717948,1.5925595238095238,1.9666666666666666,2.3333333333333335,2.7000000000000006,1.0,1.0,1.0,1.0,1.0,0.9870833333333334,1.0,1.0,1.0,1.0,715.0,1546.0000000000002,7.339449541284404,96.78899082568807,78.89908256880734,21.10091743119266,0.0,100.0,apdf,233.0,100.0,0.9609375,Leipzig/Halle Airport,51.420657,12.232705,yes
12,EGAA,221.0,221.0,100.0,0.0,0.0,720.0,720.0,15.0,25.0,40.0,60.0,70.0,-0.10714285714285714,-0.08333333333333333,-0.0625,-0.03571428571428571,-0.020833333333333332,0.0,0.0,0.0,0.0,0.0,0.0,0.0,0.0,0.0,0.0,40.0,70.0,99.09502262443439,0.0,89.14027149321267,10.407239819004525,0.45248868778280543,223.0,223.0,100.0,0.0,0.0,,,175.0,245.5,265.0,280.0,295.0,,,,,,,,,,,,,,,,266.0,300.0,3.587443946188341,,89.23766816143498,9.865470852017937,0.8968609865470852,0.0,nm_inferred,223.0,100.0,,Belfast International Airport,54.6575012207,-6.21582984924,no
13,LIEE,223.0,223.0,100.0,0.0,0.0,600.0,600.0,60.0,85.0,280.0,415.0,493.0000000000001,-0.8258333333333333,-0.69375,-0.45833333333333337,-0.13958333333333334,-0.1,0.0,0.0,0.0,0.0,0.0,0.0,0.0,0.0,0.0,0.0,280.0,493.0000000000001,100.0,0.0,96.8609865470852,3.1390134529147984,0.0,223.0,223.0,100.0,0.0,0.0,,,-485.0,-312.5,-100.0,237.5,295.0,,,,,,,,,,,,,,,,260.0,485.0,55.15695067264574,,98.20627802690584,1.7937219730941705,0.0,0.0,nm_inferred,223.0,100.0,,Cagliari Elmas Airport,39.251499,9.05428,no
14,EPWR,211.0,211.0,100.0,0.0,0.0,900.0,160.0,-1122.0,-865.0,-685.0,-498.0,95.0,-0.15833333333333333,0.4675,0.7125,1.121212121212121,1.4884615384615385,0.425,0.55,0.85,1.0,1.0,0.4125,0.5458333333333333,0.8257575757575758,1.0,1.0,745.0,1925.0,10.90047393364929,37.44075829383886,85.78199052132702,12.796208530805687,1.4218009478672986,209.0,209.0,100.0,0.0,0.0,,,355.0,460.0,535.0,655.0,1908.0000000000007,,,,,,,,,,,,,,,,560.0,2105.0000000000005,6.220095693779904,,86.60287081339713,11.961722488038278,1.4354066985645932,0.0,nm_inferred,211.0,100.0,,Copernicus Wrocław Airport,51.103719,16.882096,no
15,DAAG,206.0,206.0,100.0,0.0,0.0,600.0,600.0,547.5,643.5,775.0,952.0,2981.5,-5.0,-2.5370833333333334,-1.2966666666666666,-1.05,-0.8641666666666666,0.0,0.0,0.0,0.0,0.0,0.0,0.0,0.0,0.0,0.0,775.0,2981.5,100.0,0.0,94.1747572815534,5.825242718446602,0.0,203.0,203.0,100.0,0.0,0.0,,,-3155.7999999999997,-1192.5,-702.0,-426.5,122.80000000000013,,,,,,,,,,,,,,,,702.0,3155.8,86.69950738916256,,91.6256157635468,8.374384236453203,0.0,0.0,nm_inferred,206.0,100.0,,Houari Boumediene Airport,36.693886,3.214531,no
16,EDDN,192.0,192.0,100.0,0.0,98.95833333333334,653.0,115.0,-864.0,-662.25,-495.5,-231.5,2.9000000000000057,-0.004607213902338324,0.3815096668778072,0.8214699632992081,0.9221861339363517,1.5071670635647558,0.278125,0.4738095238095238,0.8333333333333334,0.9175,1.0,0.25014140210440877,0.44614766284054763,0.801854714064915,0.8953061972863953,1.001750972762646,523.0,1102.9000000000003,10.9375,16.666666666666668,89.0625,9.895833333333334,1.0416666666666667,204.0,204.0,100.0,0.0,99.01960784313727,216.0,5.0,239.3,445.0,510.5,579.5,642.4000000000001,1.1078438410843254,2.016284466939324,2.367125573633709,2.8009933774834437,3.517716535433071,0.89,1.0,1.0,1.0,1.0,0.9766506109022557,0.9873949579831932,0.9950852533449257,1.0,1.0,528.5,782.3000000000002,6.862745098039215,93.06930693069307,89.2156862745098,9.313725490196079,1.4705882352941178,99.01960784313727,apdf,204.0,100.0,0.8984699837049204,Nuremberg Airport,49.498699,11.078056,yes
17,EGNM,200.0,200.0,100.0,0.0,0.0,600.0,75.0,-890.5,-722.5,-572.5,-398.75,875.4999999999983,-1.4277777777777778,0.5138888888888888,0.875,1.15,1.4450000000000003,0.34,0.6416666666666666,0.9,1.0,1.0,0.30833333333333335,0.6333333333333333,0.875,1.0,1.0,622.5,1418.9999999999998,11.5,40.20100502512563,84.0,14.5,1.5,190.0,190.0,100.0,0.0,0.0,,,-1426.8,424.0,514.5,566.0,689.9,,,,,,,,,,,,,,,,538.5,1856.6,15.263157894736842,,81.05263157894737,17.36842105263158,1.5789473684210527,0.0,nm_inferred,200.0,100.0,,Leeds Bradford Airport,53.865898,-1.66057,no
18,DTTA,197.0,197.0,100.0,0.0,0.0,600.0,600.0,278.0,505.0,650.0,1055.0,1195.0,-2.0388888888888888,-1.7777777777777777,-1.0583333333333333,-0.8083333333333333,-0.4466666666666666,0.0,0.0,0.0,0.0,0.0,0.0,0.0,0.0,0.0,0.0,650.0,1195.0,96.95431472081218,0.0,94.41624365482234,5.0761421319796955,0.5076142131979695,192.0,192.0,100.0,0.0,0.0,,,-1271.5,-813.25,-566.0,-311.25,-36.0,,,,,,,,,,,,,,,,583.0,1271.5000000000002,90.625,,92.70833333333333,7.291666666666667,0.0,0.0,nm_inferred,197.0,100.0,,Tunis Carthage International Airport,36.851002,10.2272,no
19,EHEH,189.0,189.0,100.0,0.0,0.0,600.0,600.0,0.0,10.0,20.0,35.0,45.0,-0.06666666666666667,-0.05,-0.027777777777777776,-0.016666666666666666,0.0,0.0,0.0,0.0,0.0,0.0,0.0,0.0,0.0,0.0,0.0,20.0,45.0,94.17989417989418,0.0,91.005291005291,8.465608465608465,0.5291005291005291,188.0,188.0,100.0,0.0,0.0,,,204.09999999999997,262.0,272.0,280.25,295.0,,,,,,,,,,,,,,,,273.0,302.3,6.382978723404255,,88.82978723404256,10.638297872340425,0.5319148936170213,0.0,nm_inferred,189.0,100.0,,Eindhoven Airport,51.4500999451,5.37452983856,no
20,LFOB,171.0,171.0,100.0,0.0,0.0,900.0,900.0,40.0,55.0,75.0,95.0,135.0,-0.31666666666666665,-0.1611111111111111,-0.09444444444444444,-0.0671875,-0.044444444444444446,0.0,0.0,0.0,0.0,0.0,0.0,0.0,0.0,0.0,0.0,75.0,135.0,100.0,0.0,87.13450292397661,11.695906432748538,1.1695906432748537,171.0,171.0,100.0,0.0,0.0,,,31.0,96.0,133.0,154.5,219.0,,,,,,,,,,,,,,,,139.0,245.0,8.771929824561404,,85.96491228070175,14.035087719298245,0.0,0.0,nm_inferred,171.0,100.0,,Beauvais-Tillé airport,49.454399,2.11278,no
21,LZIB,167.0,167.0,100.0,0.0,100.0,600.0,90.0,-825.0,-630.0,-520.0,-395.0,-190.0,0.3611111111111111,0.7458333333333333,0.8630952380952381,0.9553429027113238,1.2166666666666668,0.4,0.7247474747474747,0.875,0.95,1.0,0.3611111111111111,0.712391774891775,0.8484848484848485,0.925,1.0,525.0,991.0000000000002,4.790419161676646,19.760479041916167,91.61676646706587,6.586826347305389,1.7964071856287425,170.0,170.0,100.0,0.0,99.41176470588235,240.0,5.0,415.0,480.0,542.5,603.75,797.9999999999995,1.413888888888889,1.7916666666666667,2.1875,2.5555555555555554,3.7166666666666677,1.0,1.0,1.0,1.0,1.0,1.0,1.0,1.0,1.0,1.0,545.0,977.4999999999987,1.1764705882352942,97.0414201183432,91.17647058823529,6.470588235294118,2.3529411764705883,100.0,apdf,170.0,100.0,0.9242424242424243,M. R. Štefánik Airport,48.1702,17.2127,yes
22,LIPX,165.0,165.0,100.0,0.0,0.0,900.0,900.0,57.000000000000014,80.0,100.0,125.0,155.0,-0.19499999999999998,-0.1388888888888889,-0.1111111111111111,-0.08888888888888889,-0.06277777777777768,0.0,0.0,0.0,0.0,0.0,0.0,0.0,0.0,0.0,0.0,100.0,155.0,99.39393939393939,0.0,93.33333333333333,5.454545454545454,1.2121212121212122,163.0,163.0,100.0,0.0,0.0,,,59.2,112.0,140.0,165.0,194.00000000000006,,,,,,,,,,,,,,,,145.0,200.0,6.134969325153374,,91.41104294478528,7.975460122699387,0.6134969325153374,0.0,nm_inferred,165.0,100.0,,Verona Villafranca Valerio Catullo Airport,45.394955,10.887303,no
23,EGLC,158.0,158.0,100.0,0.0,100.0,360.0,165.0,-355.0,-275.0,-175.0,-100.0,46.50000000000006,-0.20333333333333325,0.32638888888888884,0.5257936507936508,0.6666666666666666,0.7684848484848485,0.0,0.4166666666666667,0.5833333333333334,0.7,0.8037500000000002,0.0,0.40069444444444446,0.5416666666666666,0.6643518518518519,0.7801948051948054,195.0,576.5,18.9873417721519,1.8987341772151898,90.50632911392405,8.227848101265822,1.2658227848101267,158.0,158.0,100.0,0.0,100.0,180.0,5.0,295.0,381.25,455.0,505.0,565.0,1.4458333333333333,2.0388888888888888,2.6666666666666665,3.6666666666666665,4.208333333333333,1.0,1.0,1.0,1.0,1.0,1.0,1.0,1.0,1.0,1.0,465.0,585.0,4.430379746835443,98.10126582278481,93.0379746835443,5.69620253164557,1.2658227848101267,100.0,apdf,158.0,100.0,0.7708333333333333,London City Airport,51.505299,0.055278,yes
24,LIRA,150.0,150.0,100.0,0.0,99.33333333333333,660.0,660.0,0.0,11.25,30.0,45.0,60.49999999999997,-0.14,-0.06944444444444445,-0.047619047619047616,-0.016666666666666666,0.0,0.0,0.0,0.0,0.0,0.03357142857142856,0.0,0.0,0.0,0.0,0.005595238095238093,30.0,60.49999999999997,90.66666666666667,0.0,88.66666666666667,11.333333333333334,0.0,149.0,149.0,100.0,0.0,99.32885906040269,360.0,12.5,295.0,315.0,335.0,355.0,370.0,0.5166666666666667,0.6924189814814814,0.9652777777777778,1.1875,1.360416666666667,0.55,0.7430555555555556,1.0,1.0,1.0,0.525,0.7025462962962963,0.9777777777777777,1.0,1.0,340.0,375.0,1.342281879194631,54.054054054054056,92.61744966442953,6.040268456375839,1.342281879194631,99.33333333333333,apdf,150.0,100.0,0.4888888888888889,Ciampino–G. B. Pastine International Airport,41.798769,12.595331,yes
25,EKBI,142.0,142.0,100.0,0.0,0.0,600.0,600.0,10.0,25.0,40.0,50.0,65.0,-0.10833333333333334,-0.08333333333333333,-0.06666666666666667,-0.041666666666666664,-0.016666666666666666,0.0,0.0,0.0,0.0,0.0,0.0,0.0,0.0,0.0,0.0,40.0,65.0,100.0,0.0,90.14084507042253,9.859154929577464,0.0,148.0,148.0,100.0,0.0,0.0,,,84.80000000000001,250.0,264.0,274.0,284.3,,,,,,,,,,,,,,,,268.0,288.0,4.72972972972973,,91.21621621621621,8.783783783783784,0.0,0.0,nm_inferred,148.0,100.0,,Billund Airport,55.740335,9.157019,no
26,LIBR,144.0,144.0,100.0,0.0,0.0,600.0,377.5,-610.5,-486.25,-222.5,5.0,35.0,-0.058333333333333334,-0.008333333333333333,0.37083333333333335,0.8020833333333334,1.0,0.0,0.0,0.4,0.7833333333333333,1.0,0.0,0.0,0.37083333333333335,0.7583333333333333,0.9641666666666668,272.5,655.0,29.86111111111111,11.11111111111111,84.02777777777777,13.88888888888889,2.0833333333333335,144.0,144.0,100.0,0.0,0.0,,,257.3,340.0,447.0,546.25,664.5000000000006,,,,,,,,,,,,,,,,450.5,705.0,2.0833333333333335,,90.27777777777777,7.638888888888889,2.0833333333333335,0.0,nm_inferred,144.0,100.0,,Brindisi Airport,40.6576,17.947001,no
27,BKPR,130.0,130.0,100.0,0.0,0.0,300.0,300.0,324.0,390.0,466.5,500.0,575.5000000000005,-1.7333333333333334,-1.5833333333333333,-1.1833333333333333,-0.7037037037037037,-0.4874999999999998,0.0,0.0,0.0,0.0,0.0,0.0,0.0,0.0,0.0,0.0,466.5,575.5000000000005,100.0,0.0,90.76923076923077,8.461538461538462,0.7692307692307693,137.0,137.0,100.0,0.0,0.0,,,-896.6,-744.0,-545.0,-440.0,-325.0,,,,,,,,,,,,,,,,545.0,896.6000000000001,99.27007299270073,,88.32116788321167,10.94890510948905,0.7299270072992701,0.0,nm_inferred,137.0,100.0,,Priština Adem Jashari International Airport,42.5728,21.035801,no
28,LGZA,129.0,129.0,100.0,0.0,0.0,720.0,715.0,-60.0,-40.0,5.0,51.0,121.00000000000001,-0.19,-0.07083333333333333,-0.006944444444444444,0.05555555555555555,0.08472222222222224,0.0,0.0,0.0,0.06666666666666667,0.10500000000000008,0.0,0.0,0.0,0.05555555555555555,0.08472222222222224,44.0,127.00000000000003,52.713178294573645,0.0,81.3953488372093,18.6046511627907,0.0,126.0,126.0,100.0,0.0,0.0,,,202.5,225.25,241.5,258.0,324.5,,,,,,,,,,,,,,,,242.0,346.5,1.5873015873015872,,77.77777777777777,22.22222222222222,0.0,0.0,nm_inferred,129.0,100.0,,Zakynthos International Airport Dionysios Solomos,37.7509,20.8843,no
29,LICA,127.0,127.0,100.0,0.0,0.0,480.0,480.0,35.0,50.0,65.0,80.0,102.00000000000003,-0.21875,-0.16666666666666666,-0.13541666666666666,-0.10416666666666667,-0.07291666666666667,0.0,0.0,0.0,0.0,0.0,0.0,0.0,0.0,0.0,0.0,65.0,102.00000000000003,100.0,0.0,95.2755905511811,3.1496062992125986,1.5748031496062993,127.0,127.0,100.0,0.0,0.0,,,99.6,150.0,185.0,225.0,265.0,,,,,,,,,,,,,,,,190.0,282.0,6.299212598425197,,93.7007874015748,6.299212598425197,0.0,0.0,nm_inferred,127.0,100.0,,Lamezia Terme Sant'Eufemia International Airport,38.906214,16.246007,no
30,LGMK,124.0,124.0,100.0,0.0,0.0,660.0,447.5,-703.5,-377.5,-150.0,26.25,74.00000000000006,-0.18999999999999997,-0.042279411764705885,0.19375,0.6049107142857142,1.2703525641025644,0.0,0.0,0.20833333333333334,0.5113636363636364,1.0,0.0,0.0,0.19375,0.5018939393939394,0.9785256410256411,190.0,789.9000000000002,39.516129032258064,11.290322580645162,91.93548387096774,4.838709677419355,3.225806451612903,124.0,124.0,100.0,0.0,0.0,,,222.6,267.25,382.5,495.0,577.7,,,,,,,,,,,,,,,,388.0,579.4,1.6129032258064515,,87.09677419354838,8.064516129032258,4.838709677419355,0.0,nm_inferred,124.0,100.0,,Mykonos Island National Airport,37.435101,25.348101,no
31,ENBO,122.0,122.0,100.0,0.0,0.0,360.0,360.0,15.0,29.0,40.0,54.75,106.30000000000004,-0.2977777777777777,-0.1527777777777778,-0.1111111111111111,-0.07777777777777778,-0.041666666666666664,0.0,0.0,0.0,0.0,0.0,0.0,0.0,0.0,0.0,0.0,40.0,106.30000000000004,99.18032786885246,0.0,85.24590163934427,3.278688524590164,11.475409836065573,123.0,123.0,100.0,0.0,0.0,,,-129.2,-4.0,150.0,230.0,259.0,,,,,,,,,,,,,,,,172.0,263.79999999999995,26.016260162601625,,86.99186991869918,0.0,13.008130081300813,0.0,nm_inferred,123.0,100.0,,Bodø Airport,67.269203,14.3653,no
32,EPMO,116.0,116.0,100.0,0.0,0.0,900.0,900.0,-5.0,4.75,25.0,718.75,1572.5,-2.103888888888889,-0.7694444444444444,-0.027777777777777776,-0.004583333333333333,0.006944444444444444,0.0,0.0,0.0,0.0,0.03333333333333333,0.0,0.0,0.0,0.0,0.011111111111111112,25.0,1572.5,83.62068965517241,0.0,64.65517241379311,34.48275862068966,0.8620689655172413,120.0,120.0,100.0,0.0,0.0,,,-1775.0,112.0,272.0,281.25,292.1,,,,,,,,,,,,,,,,280.0,1775.0000000000002,21.666666666666668,,73.33333333333333,25.833333333333332,0.8333333333333334,0.0,nm_inferred,120.0,100.0,,Warsaw Modlin Airport,52.451099,20.6518,no
33,EINN,107.0,107.0,100.0,0.0,0.0,600.0,600.0,50.0,60.0,80.0,100.0,115.0,-0.19166666666666668,-0.16249999999999998,-0.13333333333333333,-0.1,-0.08333333333333333,0.0,0.0,0.0,0.0,0.0,0.0,0.0,0.0,0.0,0.0,80.0,115.0,100.0,0.0,88.78504672897196,9.345794392523365,1.8691588785046729,100.0,100.0,100.0,0.0,0.0,,,107.9,136.25,155.0,172.0,181.0,,,,,,,,,,,,,,,,160.5,183.0,6.0,,87.0,11.0,2.0,0.0,nm_inferred,107.0,100.0,,Shannon Airport,52.702,-8.92482,no
34,LEGE,105.0,105.0,100.0,0.0,0.0,540.0,540.0,70.0,90.0,115.0,135.0,155.0,-0.28703703703703703,-0.25,-0.21296296296296297,-0.16666666666666666,-0.12962962962962962,0.0,0.0,0.0,0.0,0.0,0.0,0.0,0.0,0.0,0.0,115.0,155.0,100.0,0.0,91.42857142857143,8.571428571428571,0.0,107.0,107.0,100.0,0.0,0.0,,,-104.99999999999999,17.0,166.0,218.0,232.0,,,,,,,,,,,,,,,,179.0,234.4,22.429906542056074,,87.85046728971963,11.214953271028037,0.9345794392523364,0.0,nm_inferred,107.0,100.0,,Girona-Costa Brava Airport,41.904639,2.761774,no
35,EDJA,103.0,103.0,100.0,0.0,0.0,900.0,900.0,-13.999999999999995,1.0,15.0,170.0,408.0,-0.4952380952380952,-0.2241830065359477,-0.017857142857142856,-0.0011111111111111111,0.016458333333333332,0.0,0.0,0.0,0.030330882352941176,0.03333333333333333,0.0,0.0,0.0,0.005228758169934641,0.020833333333333332,20.0,408.0,80.58252427184466,0.0,69.90291262135922,30.097087378640776,0.0,104.0,104.0,100.0,0.0,0.0,,,214.60000000000005,274.0,287.0,299.25,305.0,,,,,,,,,,,,,,,,290.5,350.6,8.653846153846153,,87.5,12.5,0.0,0.0,nm_inferred,104.0,100.0,,Memmingen Allgau Airport,47.988092,10.238248,no
36,EGLF,96.0,96.0,100.0,0.0,0.0,600.0,600.0,15.0,25.0,40.0,60.0,387.5,-0.6458333333333333,-0.1,-0.06666666666666667,-0.041666666666666664,-0.025,0.0,0.0,0.0,0.0,0.0,0.0,0.0,0.0,0.0,0.0,40.0,387.5,100.0,0.0,81.25,15.625,3.125,102.0,102.0,100.0,0.0,0.0,,,12.800000000000011,263.5,280.0,295.0,310.0,,,,,,,,,,,,,,,,285.0,518.5000000000013,9.803921568627452,,83.33333333333333,13.72549019607843,2.9411764705882355,0.0,nm_inferred,102.0,100.0,,Farnborough Airport,51.275799,-0.776333,no
37,LEST,99.0,99.0,100.0,0.0,0.0,900.0,900.0,94.0,112.5,130.0,150.0,172.00000000000003,-0.22999999999999998,-0.17777777777777778,-0.15555555555555556,-0.12777777777777777,-0.10444444444444442,0.0,0.0,0.0,0.0,0.0,0.0,0.0,0.0,0.0,0.0,130.0,172.00000000000003,100.0,0.0,97.97979797979798,1.0101010101010102,1.0101010101010102,99.0,99.0,100.0,0.0,0.0,,,-129.2,-34.5,48.0,92.0,121.0,,,,,,,,,,,,,,,,70.0,143.8,35.35353535353536,,92.92929292929293,6.0606060606060606,1.0101010101010102,0.0,nm_inferred,99.0,100.0,,Santiago-Rosalía de Castro Airport,42.896301,-8.41514,no
38,EDLW,88.0,88.0,100.0,0.0,0.0,720.0,95.0,-914.9999999999999,-730.0,-606.5,-517.25,-299.4,0.4166666666666667,0.7065972222222222,0.8583333333333334,1.0963541666666665,1.5263888888888888,0.5,0.7395833333333334,0.875,1.0,1.0,0.49333333333333335,0.7118055555555556,0.8583333333333334,1.0,1.0,617.5,985.0,4.545454545454546,37.5,87.5,10.227272727272727,2.272727272727273,88.0,88.0,100.0,0.0,0.0,,,497.00000000000006,561.75,644.5,725.5,859.3999999999999,,,,,,,,,,,,,,,,656.5,895.6,4.545454545454546,,87.5,10.227272727272727,2.272727272727273,0.0,nm_inferred,88.0,100.0,,Dortmund Airport,51.518299,7.61224,no
39,LFKJ,86.0,86.0,100.0,0.0,0.0,300.0,300.0,60.0,76.25,92.5,105.0,125.0,-0.3944444444444445,-0.34375,-0.29166666666666663,-0.23333333333333334,-0.18333333333333332,0.0,0.0,0.0,0.0,0.0,0.0,0.0,0.0,0.0,0.0,92.5,125.0,100.0,0.0,98.83720930232558,1.1627906976744187,0.0,87.0,87.0,100.0,0.0,0.0,,,45.59999999999999,139.5,169.0,189.0,229.80000000000007,,,,,,,,,,,,,,,,169.0,229.80000000000007,8.045977011494253,,98.85057471264368,1.1494252873563218,0.0,0.0,nm_inferred,87.0,100.0,,Ajaccio Napoléon Bonaparte airport,41.923599,8.80292,no
40,DTTJ,83.0,83.0,100.0,0.0,0.0,600.0,600.0,-370.99999999999994,42.5,395.0,720.0,2496.0,-4.346111111111111,-1.2291666666666665,-0.6944444444444444,-0.07083333333333333,0.7183333333333327,0.0,0.0,0.0,0.0,0.31999999999999956,0.0,0.0,0.0,0.0,0.2916666666666663,515.0,2496.0,84.33734939759036,6.024096385542169,84.33734939759036,15.662650602409638,0.0,86.0,86.0,100.0,0.0,0.0,,,-2462.5,-2316.25,-580.5,273.75,492.5,,,,,,,,,,,,,,,,594.0,2462.5,68.6046511627907,,82.55813953488372,17.441860465116278,0.0,0.0,nm_inferred,86.0,100.0,,Djerba Zarzis International Airport,33.873719,10.7773,no
41,EGHI,84.0,84.0,100.0,0.0,0.0,600.0,187.5,-1173.9999999999998,-527.5,-340.0,-157.5,865.0000000000001,-1.4416666666666664,0.2625,0.5958333333333333,0.89375,1.956666666666668,0.2,0.4375,0.7,0.9,1.0,0.18583333333333332,0.4041666666666667,0.6791666666666667,0.8761574074074074,1.0,460.0,1759.0000000000011,20.238095238095237,17.857142857142858,75.0,13.095238095238095,11.904761904761905,86.0,86.0,100.0,0.0,0.0,,,-1095.5,395.5,459.5,653.5,2113.5,,,,,,,,,,,,,,,,516.5,2161.0,12.790697674418604,,73.25581395348837,15.116279069767442,11.627906976744185,0.0,nm_inferred,86.0,100.0,,Southampton Airport,50.950298,-1.3568,no
42,LIPH,86.0,86.0,100.0,0.0,0.0,600.0,600.0,10.0,20.0,40.0,55.0,75.0,-0.11666666666666667,-0.08333333333333333,-0.05277777777777778,-0.03333333333333333,-0.016666666666666666,0.0,0.0,0.0,0.0,0.0,0.0,0.0,0.0,0.0,0.0,40.0,75.0,97.67441860465117,1.1627906976744187,88.37209302325581,11.627906976744185,0.0,85.0,85.0,100.0,0.0,0.0,,,192.60000000000002,256.0,285.0,310.0,325.0,,,,,,,,,,,,,,,,285.0,328.00000000000006,3.5294117647058822,,94.11764705882354,5.882352941176471,0.0,0.0,nm_inferred,86.0,100.0,,Treviso Airport,45.648399,12.1944,no
43,EGNS,85.0,85.0,100.0,0.0,0.0,600.0,600.0,160.0,170.0,185.0,205.0,220.0,-0.39055555555555554,-0.36666666666666664,-0.32407407407407407,-0.2962962962962963,-0.275,0.0,0.0,0.0,0.0,0.0,0.0,0.0,0.0,0.0,0.0,185.0,220.0,100.0,0.0,88.23529411764706,8.235294117647058,3.5294117647058822,83.0,83.0,100.0,0.0,0.0,,,-58.599999999999994,71.0,245.0,269.0,277.0,,,,,,,,,,,,,,,,245.0,281.0,18.072289156626507,,89.1566265060241,6.024096385542169,4.819277108433735,0.0,nm_inferred,85.0,100.0,,Isle of Man Airport,54.083081,-4.623871,no
44,OJAI,82.0,82.0,100.0,0.0,0.0,720.0,720.0,56.1,70.0,90.0,110.0,144.50000000000003,-0.20069444444444445,-0.16493055555555555,-0.125,-0.09555555555555556,-0.07527777777777776,0.0,0.0,0.0,0.0,0.0,0.0,0.0,0.0,0.0,0.0,90.0,144.50000000000003,100.0,0.0,73.17073170731707,26.829268292682926,0.0,84.0,84.0,100.0,0.0,0.0,,,-166.99999999999994,-43.75,62.5,133.75,216.00000000000003,,,,,,,,,,,,,,,,95.0,407.00000000000017,33.333333333333336,,84.52380952380952,15.476190476190476,0.0,0.0,nm_inferred,84.0,100.0,,Queen Alia International Airport,31.7226009369,35.9931983948,no
45,LIMJ,82.0,82.0,100.0,0.0,0.0,600.0,600.0,50.0,70.0,80.0,105.0,124.50000000000003,-0.20750000000000002,-0.175,-0.13333333333333333,-0.11875,-0.08399999999999996,0.0,0.0,0.0,0.0,0.0,0.0,0.0,0.0,0.0,0.0,80.0,124.50000000000003,100.0,0.0,97.5609756097561,2.4390243902439024,0.0,81.0,81.0,100.0,0.0,0.0,,,190.0,219.0,260.0,290.0,320.0,,,,,,,,,,,,,,,,260.0,320.0,2.4691358024691357,,98.76543209876543,1.2345679012345678,0.0,0.0,nm_inferred,82.0,100.0,,Genoa Cristoforo Colombo Airport,44.412039,8.840732,no
46,LFMD,78.0,78.0,100.0,0.0,0.0,600.0,600.0,-5.0,5.0,20.0,35.0,50.0,-0.08333333333333333,-0.06458333333333333,-0.03333333333333333,-0.008333333333333333,0.008333333333333333,0.0,0.0,0.0,0.0,0.014999999999999859,0.0,0.0,0.0,0.0,0.002499999999999976,25.0,51.499999999999986,88.46153846153847,0.0,91.02564102564102,6.410256410256411,2.5641025641025643,81.0,81.0,100.0,0.0,0.0,,,355.0,435.0,488.0,569.0,844.0,,,,,,,,,,,,,,,,490.0,903.0,1.2345679012345678,,88.88888888888889,8.641975308641975,2.4691358024691357,0.0,nm_inferred,81.0,100.0,,Cannes Mandelieu Airport,43.547998,6.955176,no
47,LQSA,79.0,79.0,100.0,0.0,0.0,600.0,600.0,155.0,175.0,190.0,220.0,251.0,-0.41833333333333333,-0.36666666666666664,-0.31666666666666665,-0.28409090909090906,-0.22374999999999998,0.0,0.0,0.0,0.0,0.0,0.0,0.0,0.0,0.0,0.0,195.0,255.0,98.73417721518987,0.0,91.13924050632912,7.594936708860759,1.2658227848101267,81.0,81.0,100.0,0.0,0.0,,,-205.0,-161.0,-105.0,-45.0,-15.0,,,,,,,,,,,,,,,,111.0,210.0,95.06172839506173,,91.35802469135803,7.407407407407407,1.2345679012345678,0.0,nm_inferred,81.0,100.0,,Sarajevo International Airport,43.8246,18.331499,no
48,LEAS,77.0,77.0,100.0,0.0,0.0,300.0,300.0,25.0,50.0,70.0,110.0,207.00000000000003,-0.8499999999999999,-0.43333333333333335,-0.25,-0.16666666666666666,-0.09333333333333324,0.0,0.0,0.0,0.0,0.0,0.0,0.0,0.0,0.0,0.0,70.0,207.00000000000003,100.0,0.0,96.1038961038961,3.896103896103896,0.0,77.0,77.0,100.0,0.0,0.0,,,-289.2,-252.0,-187.0,116.0,189.8,,,,,,,,,,,,,,,,202.0,289.20000000000005,74.02597402597402,,98.7012987012987,1.2987012987012987,0.0,0.0,nm_inferred,77.0,100.0,,Asturias Airport,43.563599,-6.03462,no
49,LFMT,75.0,75.0,100.0,0.0,0.0,600.0,600.0,-284.0,62.5,90.0,112.5,125.0,-0.21666666666666667,-0.18333333333333332,-0.15,-0.08694444444444445,0.47333333333333427,0.0,0.0,0.0,0.0,0.4800000000000004,0.0,0.0,0.0,0.0,0.450833333333334,100.0,355.0000000000006,85.33333333333333,0.0,98.66666666666667,1.3333333333333333,0.0,77.0,77.0,100.0,0.0,0.0,,,25.400000000000006,152.0,176.0,214.0,387.6,,,,,,,,,,,,,,,,176.0,387.6,5.194805194805195,,97.40259740259741,1.2987012987012987,1.2987012987012987,0.0,nm_inferred,77.0,100.0,,Montpellier-Méditerranée Airport,43.576199,3.96301,no
50,EDLV,74.0,74.0,100.0,0.0,0.0,660.0,660.0,-70.0,-60.0,-20.0,17.25,24.400000000000006,-0.0715,-0.02,0.025,0.08333333333333333,0.11500000000000002,0.0,0.0,0.05277777777777778,0.1,0.14500000000000005,0.0,0.0,0.030555555555555555,0.08333333333333333,0.11500000000000002,31.0,75.0,41.891891891891895,0.0,93.24324324324324,6.756756756756757,0.0,72.0,72.0,100.0,0.0,0.0,,,260.0,276.75,297.0,377.75,471.29999999999995,,,,,,,,,,,,,,,,302.0,559.9,6.944444444444445,,87.5,12.5,0.0,0.0,nm_inferred,74.0,100.0,,Weeze (Niederrhein) Airport,51.601362,6.141228,no
51,ENTO,68.0,68.0,100.0,0.0,0.0,600.0,600.0,-11.5,0.0,10.0,19.0,25.0,-0.03933333333333333,-0.025,-0.016666666666666666,0.0,0.016666666666666666,0.0,0.0,0.0,0.0,0.05,0.0,0.0,0.0,0.0,0.016666666666666666,15.0,25.0,77.94117647058823,0.0,89.70588235294117,8.823529411764707,1.4705882352941178,69.0,69.0,100.0,0.0,0.0,,,160.8,239.0,259.0,282.0,293.0,,,,,,,,,,,,,,,,261.0,293.2,1.4492753623188406,,86.95652173913044,5.797101449275362,7.246376811594203,0.0,nm_inferred,69.0,100.0,,"Sandefjord Airport, Torp",59.186699,10.2586,no
52,LERS,66.0,66.0,100.0,0.0,0.0,900.0,900.0,210.0,230.0,250.0,275.0,332.5,-0.4375,-0.375,-0.29444444444444445,-0.25555555555555554,-0.23333333333333334,0.0,0.0,0.0,0.0,0.0,0.0,0.0,0.0,0.0,0.0,250.0,332.5,100.0,0.0,83.33333333333333,16.666666666666668,0.0,68.0,68.0,100.0,0.0,0.0,,,-387.1,-213.75,-178.0,-18.5,34.60000000000001,,,,,,,,,,,,,,,,179.5,387.1,77.94117647058823,,86.76470588235294,11.764705882352942,1.4705882352941178,0.0,nm_inferred,68.0,100.0,,Reus Airport,41.147509,1.168354,no
53,EGHH,66.0,66.0,100.0,0.0,0.0,600.0,235.0,-917.5,-665.0,-577.5,-420.0,-45.0,0.03958333333333343,0.5166666666666667,0.6916666666666667,0.975,1.3383333333333334,0.37,0.5666666666666667,0.7,0.95,1.0,0.3516666666666667,0.5444444444444444,0.6833333333333333,0.9333333333333333,1.0,597.5,1427.5,10.606060606060606,23.076923076923077,84.84848484848484,13.636363636363637,1.5151515151515151,65.0,65.0,100.0,0.0,0.0,,,172.60000000000005,529.0,591.0,638.0,1345.4,,,,,,,,,,,,,,,,612.0,2278.6,9.23076923076923,,87.6923076923077,10.76923076923077,1.5384615384615385,0.0,nm_inferred,66.0,100.0,,Bournemouth Airport,50.780483,-1.839576,no
54,LIPQ,64.0,64.0,100.0,0.0,0.0,600.0,155.0,-682.0,-556.25,-445.0,-358.75,-170.4999999999999,0.28416666666666673,0.5979166666666667,0.7416666666666667,0.9270833333333334,1.1366666666666667,0.3950000000000001,0.65,0.75,0.95,1.0,0.38166666666666677,0.6208333333333333,0.7416666666666667,0.91875,1.0,475.0,747.5000000000001,4.6875,18.75,96.875,3.125,0.0,62.0,62.0,100.0,0.0,0.0,,,419.3,480.75,524.0,570.0,903.4999999999998,,,,,,,,,,,,,,,,525.0,1887.4999999999984,1.6129032258064515,,95.16129032258064,4.838709677419355,0.0,0.0,nm_inferred,64.0,100.0,,Trieste Airport,45.827862,13.466672,no
55,EDDG,62.0,62.0,100.0,0.0,100.0,322.0,330.0,9.0,11.25,14.0,19.75,58.49999999999998,-0.19499999999999998,-0.062055353114697204,-0.04114376140134948,-0.03197674418604651,-0.02267270570679727,0.0,0.0,0.0,0.0,0.0,0.0,0.0,0.0,0.0,0.0,14.5,58.49999999999998,96.7741935483871,0.0,96.7741935483871,3.225806451612903,0.0,62.0,62.0,100.0,0.0,100.0,342.0,75.0,64.70000000000005,252.5,277.0,283.0,287.9,0.08772543884143937,0.556588669950739,0.7562364106481754,0.9088016554642768,3.4540335051546385,0.42045454545454547,0.5950226244343891,0.8257575757575758,0.9090909090909091,1.0,0.41460832745236414,0.5987894716648122,0.7891318087123429,0.920195848677603,0.9989399293286219,279.0,293.9,8.064516129032258,22.580645161290324,88.70967741935483,9.67741935483871,1.6129032258064515,100.0,apdf,62.0,100.0,0.39456590435617145,Münster Osnabrück Airport,52.133816,7.688482,yes
56,LFQQ,58.0,58.0,100.0,0.0,0.0,300.0,300.0,25.0,36.25,50.0,70.0,226.50000000000193,-0.7549999999999997,-0.225,-0.15,-0.08333333333333333,-0.06166666666666659,0.0,0.0,0.0,0.0,0.0,0.0,0.0,0.0,0.0,0.0,50.0,226.50000000000193,100.0,0.0,91.37931034482759,8.620689655172415,0.0,61.0,61.0,100.0,0.0,0.0,,,36.0,174.0,197.0,216.0,229.0,,,,,,,,,,,,,,,,206.0,242.0,8.19672131147541,,86.88524590163935,11.475409836065573,1.639344262295082,0.0,nm_inferred,61.0,100.0,,Lille Airport,50.566564,3.102429,no
57,LGPZ,59.0,59.0,100.0,0.0,0.0,600.0,600.0,-64.2,17.0,268.0,731.0,970.8000000000002,-2.061333333333333,-1.1608333333333332,-0.455,-0.0325,0.10700000000000001,0.0,0.0,0.0,0.0,0.21000000000000016,0.0,0.0,0.0,0.0,0.1883333333333334,273.0,970.8000000000002,84.7457627118644,0.0,77.96610169491525,22.033898305084747,0.0,60.0,60.0,100.0,0.0,0.0,,,-1121.7,-707.75,-98.0,256.75,305.30000000000007,,,,,,,,,,,,,,,,295.5,1121.7,53.333333333333336,,81.66666666666667,18.333333333333332,0.0,0.0,nm_inferred,60.0,100.0,,Aktion National Airport,38.925499,20.765301,no
58,LRIA,60.0,60.0,100.0,0.0,0.0,600.0,600.0,324.5,358.75,442.5,522.5,765.0000000000006,-1.2749999999999997,-0.8541666666666666,-0.675,-0.56875,-0.5033333333333333,0.0,0.0,0.0,0.0,0.0,0.0,0.0,0.0,0.0,0.0,442.5,765.0000000000006,100.0,0.0,91.66666666666667,8.333333333333334,0.0,60.0,60.0,100.0,0.0,0.0,,,-1392.9999999999995,-605.0,-492.5,-398.75,-353.5,,,,,,,,,,,,,,,,492.5,1393.0000000000014,100.0,,86.66666666666667,13.333333333333334,0.0,0.0,nm_inferred,60.0,100.0,,Iaşi International Airport,47.179633,27.621431,no
59,LFTH,55.0,55.0,100.0,0.0,0.0,360.0,360.0,34.0,55.0,100.0,140.0,175.0,-0.4861111111111111,-0.375,-0.26666666666666666,-0.1527777777777778,-0.07499999999999998,0.0,0.0,0.0,0.0,0.0,0.0,0.0,0.0,0.0,0.0,100.0,178.0,96.36363636363636,0.0,96.36363636363636,1.8181818181818181,1.8181818181818181,58.0,58.0,100.0,0.0,0.0,,,-116.19999999999999,-8.75,105.5,251.25,275.20000000000005,,,,,,,,,,,,,,,,134.5,275.20000000000005,25.862068965517242,,96.55172413793103,1.7241379310344827,1.7241379310344827,0.0,nm_inferred,58.0,100.0,,Toulon-Hyères Airport,43.097301,6.14603,no
60,LFBZ,56.0,56.0,100.0,0.0,0.0,480.0,480.0,95.0,113.75,145.0,166.25,192.5,-0.51875,-0.42708333333333337,-0.3333333333333333,-0.25416666666666665,-0.1826388888888889,0.0,0.0,0.0,0.0,0.0,0.0,0.0,0.0,0.0,0.0,145.0,192.5,100.0,0.0,100.0,0.0,0.0,57.0,57.0,100.0,0.0,0.0,,,-156.2,-30.0,53.0,75.0,95.19999999999999,,,,,,,,,,,,,,,,71.0,156.2,33.333333333333336,,96.49122807017544,3.508771929824561,0.0,0.0,nm_inferred,57.0,100.0,,Biarritz Pays Basque airport,43.468372,-1.523223,no
61,LICT,57.0,57.0,100.0,0.0,0.0,900.0,900.0,15.0,35.0,55.0,90.0,277.99999999999994,-0.37666666666666665,-0.13333333333333333,-0.06666666666666667,-0.03888888888888889,-0.016666666666666666,0.0,0.0,0.0,0.0,0.0,0.0,0.0,0.0,0.0,0.0,55.0,277.99999999999994,98.24561403508773,0.0,92.98245614035088,7.017543859649122,0.0,56.0,56.0,100.0,0.0,0.0,,,-5.0,155.0,240.0,265.0,295.0,,,,,,,,,,,,,,,,245.0,382.5,12.5,,94.64285714285714,5.357142857142857,0.0,0.0,nm_inferred,57.0,100.0,,Vincenzo Florio Airport Trapani-Birgi,37.9114,12.488,no
62,LKTB,54.0,54.0,100.0,0.0,0.0,300.0,155.0,-357.0,-208.75,-145.0,-36.25,40.0,-0.13333333333333333,0.12083333333333333,0.48333333333333334,0.7083333333333334,1.25,0.0,0.2,0.5,0.7,1.0,0.0,0.15763888888888888,0.4666666666666667,0.6791666666666667,0.995,150.0,370.50000000000006,16.666666666666668,16.666666666666668,90.74074074074075,5.555555555555555,3.7037037037037037,57.0,57.0,100.0,0.0,0.0,,,263.20000000000005,407.0,475.0,545.0,628.0,,,,,,,,,,,,,,,,475.0,642.0,1.7543859649122806,,94.73684210526316,1.7543859649122806,3.508771929824561,0.0,nm_inferred,57.0,100.0,,Brno-Tuřany Airport,49.151276,16.693972,no
63,LGKF,55.0,55.0,100.0,0.0,0.0,600.0,520.0,-600.6,-292.5,-55.0,55.5,281.0,-0.5119999999999999,-0.08611111111111111,0.09166666666666666,0.4875,0.9726666666666668,0.0,0.0,0.125,0.5,0.8733333333333334,0.0,0.0,0.11805555555555555,0.48888888888888893,0.8444444444444446,145.0,771.8000000000001,36.36363636363637,3.6363636363636362,81.81818181818181,18.181818181818183,0.0,56.0,56.0,100.0,0.0,0.0,,,246.0,284.5,320.5,484.25,632.5,,,,,,,,,,,,,,,,330.5,729.5,3.5714285714285716,,80.35714285714286,19.642857142857142,0.0,0.0,nm_inferred,56.0,100.0,,Kefallinia Airport,38.12009811401367,20.5004997253418,no
64,GEML,53.0,53.0,100.0,0.0,0.0,300.0,300.0,5.0,40.0,275.0,345.0,415.0,-1.3833333333333333,-1.15,-0.9166666666666666,-0.13333333333333333,-0.016666666666666666,0.0,0.0,0.0,0.0,0.0,0.0,0.0,0.0,0.0,0.0,275.0,415.0,94.33962264150944,0.0,98.11320754716981,1.8867924528301887,0.0,53.0,53.0,100.0,0.0,0.0,,,-314.6,-135.0,-39.0,222.0,255.8,,,,,,,,,,,,,,,,209.0,314.6,54.716981132075475,,96.22641509433963,3.7735849056603774,0.0,0.0,nm_inferred,53.0,100.0,,Melilla Airport,35.2798,-2.95626,no
65,LIBP,53.0,53.0,100.0,0.0,0.0,420.0,420.0,15.0,25.0,40.0,60.0,86.00000000000009,-0.20476190476190476,-0.14285714285714285,-0.09523809523809523,-0.05952380952380952,-0.03571428571428571,0.0,0.0,0.0,0.0,0.0,0.0,0.0,0.0,0.0,0.0,40.0,86.00000000000009,98.11320754716981,0.0,84.90566037735849,15.09433962264151,0.0,52.0,52.0,100.0,0.0,0.0,,,236.0,289.25,310.0,336.25,424.9,,,,,,,,,,,,,,,,310.0,434.4,3.8461538461538463,,88.46153846153847,11.538461538461538,0.0,0.0,nm_inferred,53.0,100.0,,Abruzzo Airport,42.431079,14.182981,no
66,EYKA,52.0,52.0,100.0,0.0,0.0,300.0,5.0,-726.0,-435.0,-262.5,1772.5,3278.5,-10.928333333333333,-5.908333333333333,0.8583333333333334,1.45,2.42,0.7,0.9,1.0,1.0,1.0,0.6533333333333333,0.85,1.0,1.0,1.0,635.0,3356.5,36.53846153846154,65.38461538461539,53.84615384615385,44.23076923076923,1.9230769230769231,52.0,52.0,100.0,0.0,0.0,,,-1897.2999999999995,443.25,572.5,667.5,2143.5,,,,,,,,,,,,,,,,637.5,2808.2999999999993,15.384615384615385,,80.76923076923077,17.307692307692307,1.9230769230769231,0.0,nm_inferred,52.0,100.0,,Kaunas International Airport,54.963965,24.08582,no
67,EGFF,50.0,50.0,100.0,0.0,0.0,600.0,230.0,-586.0,-475.0,-200.0,31.25,1276.5,-2.208125,-0.052083333333333336,0.2986111111111111,0.7,1.0922222222222222,0.0,0.21250000000000002,0.65,0.85,1.0,0.0,0.18958333333333333,0.6416666666666667,0.825,1.0,417.5,1290.5,32.0,16.0,70.0,28.0,2.0,47.0,47.0,100.0,0.0,0.0,,,-1501.0,355.0,485.0,577.5,620.0,,,,,,,,,,,,,,,,550.0,1755.0,17.02127659574468,,76.59574468085107,21.27659574468085,2.127659574468085,0.0,nm_inferred,50.0,100.0,,Cardiff International Airport,51.396702,-3.34333,no
68,ENAL,48.0,48.0,100.0,0.0,0.0,300.0,300.0,315.6,365.75,405.0,455.0,479.5,-1.622,-1.4641666666666668,-1.315,-0.7758333333333333,-0.6166666666666667,0.0,0.0,0.0,0.0,0.0,0.0,0.0,0.0,0.0,0.0,405.0,479.5,100.0,0.0,97.91666666666667,2.0833333333333335,0.0,50.0,50.0,100.0,0.0,0.0,,,-739.1,-573.75,-445.0,-353.75,-308.4,,,,,,,,,,,,,,,,445.0,739.1,98.0,,98.0,2.0,0.0,0.0,nm_inferred,50.0,100.0,,Ålesund Airport,62.560443,6.110845,no
69,DTNH,49.0,49.0,100.0,0.0,0.0,480.0,440.0,-590.0,-285.0,-115.0,50.0,73.00000000000004,-0.14374999999999996,-0.09375,0.19166666666666668,0.5520833333333334,1.195,0.0,0.0,0.2,0.55,1.0,0.0,0.0,0.19166666666666668,0.5166666666666667,1.0,210.0,703.0,46.93877551020408,14.285714285714286,93.87755102040816,6.122448979591836,0.0,48.0,48.0,100.0,0.0,0.0,,,-1292.8,-1009.75,256.0,367.75,510.3,,,,,,,,,,,,,,,,489.5,1292.8000000000002,35.416666666666664,,64.58333333333333,35.416666666666664,0.0,0.0,nm_inferred,49.0,100.0,,Enfidha - Hammamet International Airport,36.075833,10.438611,no
70,LEJR,48.0,48.0,100.0,0.0,0.0,420.0,420.0,0.5000000000000027,23.75,35.0,55.0,71.50000000000003,-0.17023809523809524,-0.13095238095238096,-0.08333333333333333,-0.047619047619047616,-0.0011904761904760388,0.0,0.0,0.0,0.0,0.02142857142857173,0.0,0.0,0.0,0.0,0.007142857142857244,35.0,71.50000000000003,89.58333333333333,0.0,89.58333333333333,10.416666666666666,0.0,47.0,47.0,100.0,0.0,0.0,,,216.00000000000003,252.0,263.0,275.0,285.6,,,,,,,,,,,,,,,,263.0,285.6,2.127659574468085,,91.48936170212765,8.51063829787234,0.0,0.0,nm_inferred,48.0,100.0,,Jerez Airport,36.744598,-6.06011,no
71,LGSK,47.0,47.0,100.0,0.0,0.0,720.0,720.0,95.00000000000001,135.0,185.0,237.5,386.99999999999994,-0.48240740740740734,-0.3472222222222222,-0.25,-0.1875,-0.11777777777777779,0.0,0.0,0.0,0.0,0.0,0.0,0.0,0.0,0.0,0.0,185.0,386.99999999999994,100.0,0.0,72.34042553191489,25.53191489361702,2.127659574468085,46.0,46.0,100.0,0.0,0.0,,,-95.0,-32.0,10.0,76.0,157.5,,,,,,,,,,,,,,,,47.5,186.0,45.65217391304348,,82.6086956521739,17.391304347826086,0.0,0.0,nm_inferred,47.0,100.0,,Skiathos Island National Airport,39.177101,23.5037,no
72,LEAM,44.0,44.0,100.0,0.0,0.0,300.0,295.0,-68.5,-31.25,-5.0,25.0,50.0,-0.16666666666666666,-0.08333333333333333,0.016666666666666666,0.10416666666666667,0.2283333333333334,0.0,0.0,0.1,0.125,0.2700000000000003,0.0,0.0,0.016666666666666666,0.10416666666666667,0.21166666666666673,30.0,187.00000000000003,43.18181818181818,0.0,93.18181818181819,6.818181818181818,0.0,46.0,46.0,100.0,0.0,0.0,,,109.0,252.25,282.0,344.0,451.5,,,,,,,,,,,,,,,,285.0,464.5,6.521739130434782,,97.82608695652173,2.1739130434782608,0.0,0.0,nm_inferred,46.0,100.0,,Almería Airport,36.843899,-2.3701,no
73,LRBS,46.0,46.0,100.0,0.0,0.0,900.0,900.0,20.0,30.0,50.0,70.0,107.5,-0.2142857142857143,-0.10803571428571429,-0.0671875,-0.032638888888888884,-0.023809523809523808,0.0,0.0,0.0,0.0,0.0,0.0,0.0,0.0,0.0,0.0,50.0,107.5,100.0,0.0,80.43478260869566,19.565217391304348,0.0,44.0,44.0,100.0,0.0,0.0,,,267.2,275.0,287.5,301.25,315.0,,,,,,,,,,,,,,,,290.0,315.0,4.545454545454546,,81.81818181818181,18.181818181818183,0.0,0.0,nm_inferred,46.0,100.0,,Bucharest Băneasa Aurel Vlaicu International Airport,44.503133,26.102944,no
74,LFST,45.0,45.0,100.0,0.0,0.0,420.0,420.0,27.0,35.0,50.0,65.0,80.0,-0.19047619047619047,-0.15476190476190477,-0.10714285714285714,-0.08333333333333333,-0.057142857142857134,0.0,0.0,0.0,0.0,0.0,0.0,0.0,0.0,0.0,0.0,50.0,80.0,97.77777777777777,0.0,100.0,0.0,0.0,45.0,45.0,100.0,0.0,0.0,,,225.4,242.0,256.0,272.0,282.2,,,,,,,,,,,,,,,,256.0,282.2,2.2222222222222223,,100.0,0.0,0.0,0.0,nm_inferred,45.0,100.0,,Strasbourg Airport,48.5383,7.62823,no
75,DAOO,44.0,44.0,100.0,0.0,0.0,480.0,480.0,23.9,99.75,138.0,359.0,3119.000000000011,-5.3950000000000005,-0.9189236111111112,-0.39479166666666665,-0.22447916666666667,-0.08562499999999984,0.0,0.0,0.0,0.0,0.0,0.0,0.0,0.0,0.0,0.0,138.0,3119.000000000011,95.45454545454545,0.0,88.63636363636364,11.363636363636363,0.0,44.0,44.0,100.0,0.0,0.0,,,-3488.800000000001,-254.25,-193.0,-118.25,171.40000000000003,,,,,,,,,,,,,,,,197.0,3488.800000000012,79.54545454545455,,86.36363636363636,13.636363636363637,0.0,0.0,nm_inferred,44.0,100.0,,Oran Es-Sénia (Ahmed Ben Bella) International Airport,35.620648,-0.622486,no
76,LEGR,43.0,43.0,100.0,0.0,0.0,300.0,300.0,197.0,225.0,255.0,282.5,397.00000000000006,-1.3233333333333333,-0.9416666666666667,-0.85,-0.75,-0.6566666666666665,0.0,0.0,0.0,0.0,0.0,0.0,0.0,0.0,0.0,0.0,255.0,397.00000000000006,100.0,0.0,90.69767441860465,9.30232558139535,0.0,42.0,42.0,100.0,0.0,0.0,,,-549.5,-326.75,-247.5,-124.25,2.3999999999999773,,,,,,,,,,,,,,,,247.5,549.5,88.0952380952381,,92.85714285714286,7.142857142857143,0.0,0.0,nm_inferred,43.0,100.0,,F.G.L. Airport Granada-Jaén Airport,37.188702,-3.77736,no
77,ESMS,41.0,41.0,100.0,0.0,0.0,600.0,600.0,35.0,55.0,70.0,80.0,90.0,-0.15,-0.13541666666666666,-0.10833333333333334,-0.09166666666666666,-0.058333333333333334,0.0,0.0,0.0,0.0,0.0,0.0,0.0,0.0,0.0,0.0,70.0,90.0,100.0,0.0,90.2439024390244,9.75609756097561,0.0,42.0,42.0,100.0,0.0,0.0,,,110.00000000000001,158.5,196.0,222.75,237.6,,,,,,,,,,,,,,,,203.0,241.0,4.761904761904762,,85.71428571428571,14.285714285714286,0.0,0.0,nm_inferred,42.0,100.0,,Malmö Sturup Airport,55.535564,13.376327,no
78,EGMC,40.0,40.0,100.0,0.0,0.0,600.0,600.0,40.0,50.0,70.0,81.25,95.0,-0.2683333333333333,-0.18392857142857144,-0.12121212121212122,-0.08333333333333333,-0.06666666666666667,0.0,0.0,0.0,0.0,0.0,0.0,0.0,0.0,0.0,0.0,70.0,95.0,100.0,0.0,90.0,10.0,0.0,40.0,40.0,100.0,0.0,0.0,,,247.4,262.75,279.0,296.25,306.1,,,,,,,,,,,,,,,,280.5,307.1,2.5,,95.0,5.0,0.0,0.0,nm_inferred,40.0,100.0,,London Southend Airport,51.570562,0.693627,no
79,EGTE,39.0,39.0,100.0,0.0,0.0,600.0,600.0,78.8,115.0,150.0,220.0,589.0000000000014,-0.9816666666666665,-0.3666666666666667,-0.24166666666666667,-0.16666666666666666,-0.1313333333333333,0.0,0.0,0.0,0.0,0.0,0.0,0.0,0.0,0.0,0.0,150.0,589.0000000000014,100.0,0.0,89.74358974358974,7.6923076923076925,2.5641025641025643,40.0,40.0,100.0,0.0,0.0,,,-230.49999999999963,67.25,163.5,184.0,200.10000000000002,,,,,,,,,,,,,,,,168.5,322.3000000000013,20.0,,87.5,10.0,2.5,0.0,nm_inferred,40.0,100.0,,Exeter International Airport,50.734261,-3.413984,no
80,LEXJ,39.0,39.0,100.0,0.0,0.0,300.0,300.0,220.0,237.5,280.0,330.0,665.000000000003,-2.216666666666666,-1.1,-0.9333333333333333,-0.7916666666666667,-0.7333333333333333,0.0,0.0,0.0,0.0,0.0,0.0,0.0,0.0,0.0,0.0,280.0,665.000000000003,100.0,0.0,87.17948717948718,10.256410256410257,2.5641025641025643,39.0,39.0,100.0,0.0,0.0,,,-596.0,-475.5,-321.0,-238.5,-205.59999999999997,,,,,,,,,,,,,,,,321.0,596.0,100.0,,89.74358974358974,10.256410256410257,0.0,0.0,nm_inferred,39.0,100.0,,Seve Ballesteros-Santander Airport,43.427101,-3.82001,no
81,LGSM,38.0,38.0,100.0,0.0,0.0,360.0,360.0,94.0,125.0,182.5,245.0,585.5000000000003,-1.5678888888888889,-0.5820833333333334,-0.43518518518518523,-0.28383838383838383,-0.22416666666666665,0.0,0.0,0.0,0.0,0.0,0.0,0.0,0.0,0.0,0.0,182.5,585.5000000000003,100.0,0.0,81.57894736842105,18.42105263157895,0.0,39.0,39.0,100.0,0.0,0.0,,,-328.4,-224.5,-90.0,20.0,107.00000000000021,,,,,,,,,,,,,,,,127.0,328.40000000000003,66.66666666666667,,84.61538461538461,15.384615384615385,0.0,0.0,nm_inferred,39.0,100.0,,Samos Airport,37.689999,26.911699,no
82,BIRK,38.0,38.0,100.0,0.0,0.0,300.0,165.0,-231.5,-200.0,-127.5,0.0,21.50000000000002,-0.07166666666666666,0.0,0.42500000000000004,0.6666666666666666,0.7716666666666667,0.0,0.1,0.5,0.7,0.8,0.0,0.03333333333333333,0.43333333333333335,0.6666666666666666,0.7716666666666667,137.5,471.5000000000032,28.94736842105263,2.6315789473684212,94.73684210526316,5.2631578947368425,0.0,37.0,37.0,100.0,0.0,0.0,,,89.00000000000001,270.0,410.0,460.0,502.0,,,,,,,,,,,,,,,,415.0,582.0,10.81081081081081,,91.89189189189189,8.108108108108109,0.0,0.0,nm_inferred,38.0,100.0,,Reykjavík Domestic Airport,64.128732,-21.93759,no
83,ENCN,38.0,38.0,100.0,0.0,0.0,600.0,35.0,-771.0,-656.75,-520.0,-446.0,-407.59999999999997,0.6793333333333333,0.7683333333333333,0.9537037037037037,1.3,1.8793333333333335,0.7,0.8125,0.95,1.0,1.0,0.6916666666666667,0.7708333333333333,0.9388888888888889,1.0,1.0,520.0,771.0000000000001,0.0,47.36842105263158,100.0,0.0,0.0,38.0,38.0,100.0,0.0,0.0,,,314.40000000000003,420.5,475.0,557.5,2001.0000000000007,,,,,,,,,,,,,,,,484.5,2001.0000000000007,2.6315789473684212,,94.73684210526316,5.2631578947368425,0.0,0.0,nm_inferred,38.0,100.0,,Kristiansand Airport,58.204201,8.08537,no
84,LIPB,38.0,38.0,100.0,0.0,0.0,420.0,420.0,170.5,221.25,270.0,300.0,350.0,-0.8333333333333334,-0.7142857142857143,-0.6428571428571429,-0.5267857142857143,-0.4059523809523808,0.0,0.0,0.0,0.0,0.0,0.0,0.0,0.0,0.0,0.0,270.0,350.0,100.0,0.0,97.36842105263158,2.6315789473684212,0.0,38.0,38.0,100.0,0.0,0.0,,,-306.0,-185.0,-145.0,-66.0,14.500000000000064,,,,,,,,,,,,,,,,160.0,306.0000000000001,86.84210526315789,,100.0,0.0,0.0,0.0,nm_inferred,38.0,100.0,,Bolzano Airport,46.459245,11.326125,no
85,LOWI,34.0,34.0,100.0,0.0,0.0,300.0,102.5,-618.5,-396.25,-257.5,-172.5,16.999999999999993,-0.05666666666666666,0.45625000000000004,0.784375,1.2361111111111112,3.4027777777777772,0.050000000000000044,0.41250000000000003,0.7541666666666667,1.0,1.0,0.00833333333333334,0.4083333333333333,0.7375,0.9444444444444444,1.0,262.5,675.5,14.705882352941176,23.529411764705884,91.17647058823529,5.882352941176471,2.9411764705882355,38.0,38.0,100.0,0.0,0.0,,,270.0,453.75,490.0,518.5,543.3000000000001,,,,,,,,,,,,,,,,492.5,562.7000000000002,5.2631578947368425,,89.47368421052632,7.894736842105263,2.6315789473684212,0.0,nm_inferred,38.0,100.0,,Innsbruck Airport,47.260201,11.344,no
86,LZKZ,37.0,37.0,100.0,0.0,0.0,600.0,600.0,33.0,60.0,70.0,110.0,432.9999999999996,-0.6611111111111111,-0.22916666666666666,-0.11666666666666667,-0.08333333333333333,-0.0615686274509804,0.0,0.0,0.0,0.0,0.0,0.0,0.0,0.0,0.0,0.0,70.0,432.9999999999996,100.0,0.0,81.08108108108108,18.91891891891892,0.0,38.0,38.0,100.0,0.0,0.0,,,19.10000000000001,228.75,259.0,268.75,278.0,,,,,,,,,,,,,,,,262.0,284.6,10.526315789473685,,86.84210526315789,10.526315789473685,2.6315789473684212,0.0,nm_inferred,38.0,100.0,,Košice International Airport,48.663101,21.2411,no
87,UBBN,37.0,37.0,100.0,0.0,0.0,600.0,600.0,463.0,490.0,550.0,590.0,622.0,-1.0366666666666666,-0.9833333333333333,-0.9166666666666666,-0.8166666666666667,-0.7716666666666667,0.0,0.0,0.0,0.0,0.0,0.0,0.0,0.0,0.0,0.0,550.0,622.0,100.0,0.0,97.29729729729729,2.7027027027027026,0.0,38.0,38.0,100.0,0.0,0.0,,,-658.0,-545.0,-495.0,-465.0,-421.99999999999994,,,,,,,,,,,,,,,,495.0,658.0,100.0,,97.36842105263158,2.6315789473684212,0.0,0.0,nm_inferred,38.0,100.0,,Nakhchivan International Airport,39.188801,45.458401,no
88,LGNX,37.0,37.0,100.0,0.0,0.0,300.0,300.0,-172.2,20.0,250.0,425.0,584.9999999999998,-1.95,-1.4166666666666667,-0.8333333333333334,-0.06666666666666667,0.5739999999999998,0.0,0.0,0.0,0.0,0.6399999999999998,0.0,0.0,0.0,0.0,0.5799999999999998,265.0,584.9999999999998,75.67567567567568,2.7027027027027026,100.0,0.0,0.0,35.0,35.0,100.0,0.0,0.0,,,217.8,256.0,291.0,344.5,381.8,,,,,,,,,,,,,,,,291.0,381.8,0.0,,100.0,0.0,0.0,0.0,nm_inferred,37.0,100.0,,Naxos Island National Airport,37.0811,25.368099,no
89,EDDC,35.0,35.0,100.0,0.0,100.0,540.0,425.0,-218.0,-172.5,-150.0,-85.0,18.000000000000043,-0.029999999999999985,0.1642156862745098,0.2604166666666667,0.3125,0.34444444444444444,0.11000000000000001,0.25,0.3,0.3333333333333333,0.436923076923077,0.10083333333333333,0.21770833333333334,0.275,0.32491582491582494,0.41538461538461546,160.0,303.00000000000017,14.285714285714286,0.0,88.57142857142857,11.428571428571429,0.0,36.0,36.0,100.0,0.0,100.0,240.0,5.0,-1510.0,323.75,385.0,430.0,480.0,-5.574999999999999,1.2135416666666667,1.71875,1.9645833333333333,2.361111111111111,1.0,1.0,1.0,1.0,1.0,0.9791666666666666,1.0,1.0,1.0,1.0,407.5,1510.0,13.88888888888889,94.44444444444444,80.55555555555556,19.444444444444443,0.0,100.0,apdf,36.0,100.0,0.6375,Dresden Airport,51.134123,13.767831,yes
90,EKAH,36.0,36.0,100.0,0.0,0.0,600.0,600.0,52.0,71.5,95.5,130.0,178.5,-0.2975,-0.21041666666666667,-0.1388888888888889,-0.11770833333333333,-0.07916666666666666,0.0,0.0,0.0,0.0,0.0,0.0,0.0,0.0,0.0,0.0,95.5,178.5,100.0,0.0,91.66666666666667,8.333333333333334,0.0,35.0,35.0,100.0,0.0,0.0,,,-119.39999999999998,68.0,109.0,121.5,151.2,,,,,,,,,,,,,,,,117.0,171.8,20.0,,88.57142857142857,11.428571428571429,0.0,0.0,nm_inferred,36.0,100.0,,Aarhus Airport,56.303331,10.618286,no
91,LEMI,36.0,36.0,100.0,0.0,0.0,900.0,900.0,57.5,76.5,104.0,141.25,240.0,-0.4861111111111111,-0.2777777777777778,-0.14166666666666666,-0.10833333333333334,-0.06944444444444445,0.0,0.0,0.0,0.0,0.0,0.0,0.0,0.0,0.0,0.0,104.0,240.0,100.0,0.0,75.0,25.0,0.0,35.0,35.0,100.0,0.0,0.0,,,-537.2,-268.0,-103.0,124.5,149.6,,,,,,,,,,,,,,,,149.0,537.2,65.71428571428571,,82.85714285714286,17.142857142857142,0.0,0.0,nm_inferred,36.0,100.0,,Region of Murcia International Airport,37.802852,-1.124884,no
92,LIRZ,35.0,35.0,100.0,0.0,0.0,240.0,5.0,-927.9999999999999,-700.0,-525.0,-320.0,240.00000000000125,-0.9999999999999989,1.3333333333333335,2.1875,2.916666666666667,3.8666666666666685,0.925,1.0,1.0,1.0,1.0,0.9,1.0,1.0,1.0,1.0,590.0,2797.0000000000005,11.428571428571429,82.85714285714286,82.85714285714286,11.428571428571429,5.714285714285714,36.0,36.0,100.0,0.0,0.0,,,562.5,686.25,735.0,1930.0,2404.0,,,,,,,,,,,,,,,,735.0,2404.0,0.0,,94.44444444444444,0.0,5.555555555555555,0.0,nm_inferred,36.0,100.0,,Perugia San Francesco d'Assisi – Umbria International Airport,43.095901,12.5132,no
93,GMMW,34.0,34.0,100.0,0.0,0.0,900.0,900.0,48.0,75.0,190.0,230.0,266.3,-0.5466666666666666,-0.3063888888888889,-0.24444444444444444,-0.0875,-0.053333333333333344,0.0,0.0,0.0,0.0,0.0,0.0,0.0,0.0,0.0,0.0,190.0,266.3,97.05882352941177,0.0,94.11764705882354,5.882352941176471,0.0,35.0,35.0,100.0,0.0,0.0,,,-263.0,-110.5,-30.0,42.5,196.60000000000002,,,,,,,,,,,,,,,,76.0,263.00000000000006,68.57142857142857,,100.0,0.0,0.0,0.0,nm_inferred,35.0,100.0,,Nador Al Aaroui International Airport,34.9888,-3.02821,no
94,EIKN,34.0,34.0,100.0,0.0,0.0,600.0,142.5,-2726.5,-885.0,-465.0,-326.25,-253.00000000000006,0.4216666666666667,0.5541666666666667,0.7958333333333334,1.475,4.5441666666666665,0.43000000000000005,0.5625,0.8,1.0,1.0,0.4158333333333334,0.5541666666666667,0.7583333333333333,0.9916666666666667,1.0,465.0,2726.4999999999995,0.0,32.35294117647059,79.41176470588235,17.647058823529413,2.9411764705882355,33.0,33.0,100.0,0.0,0.0,,,244.00000000000003,500.0,600.0,670.0,2096.8,,,,,,,,,,,,,,,,623.0,2153.2000000000003,6.0606060606060606,,75.75757575757575,21.21212121212121,3.0303030303030303,0.0,nm_inferred,34.0,100.0,,Ireland West Airport Knock,53.910439,-8.817002,no
95,LICD,34.0,34.0,100.0,0.0,0.0,300.0,23.0,-789.6999999999999,-593.0,-362.5,-97.0,11.7,-0.039,0.32333333333333336,1.2083333333333333,1.9766666666666668,2.632333333333333,0.0,0.39999999999999997,1.0,1.0,1.0,0.0,0.32916666666666666,0.9333333333333333,1.0,1.0,444.0,1188.2999999999997,20.58823529411765,50.0,97.05882352941177,0.0,2.9411764705882355,33.0,33.0,100.0,0.0,0.0,,,400.8,452.0,560.0,604.0,1087.6000000000001,,,,,,,,,,,,,,,,560.0,1087.6000000000001,0.0,,96.96969696969697,0.0,3.0303030303030303,0.0,nm_inferred,34.0,100.0,,Lampedusa Airport,35.497898,12.6181,no
96,LEVT,30.0,30.0,100.0,0.0,0.0,600.0,600.0,159.0,190.0,232.5,277.5,411.00000000000017,-0.6849999999999999,-0.4625,-0.3875,-0.31666666666666665,-0.26499999999999996,0.0,0.0,0.0,0.0,0.0,0.0,0.0,0.0,0.0,0.0,232.5,411.00000000000017,100.0,0.0,96.66666666666667,3.3333333333333335,0.0,33.0,33.0,100.0,0.0,0.0,,,-338.59999999999997,-233.0,-111.0,-38.0,5.0,,,,,,,,,,,,,,,,111.0,338.6,81.81818181818181,,93.93939393939394,6.0606060606060606,0.0,0.0,nm_inferred,33.0,100.0,,Vitoria Airport,42.882801,-2.72447,no
97,LFKC,33.0,33.0,100.0,0.0,0.0,360.0,360.0,31.0,60.0,65.0,90.0,115.0,-0.31666666666666665,-0.25,-0.18055555555555555,-0.16666666666666666,-0.08333333333333333,0.0,0.0,0.0,0.0,0.0,0.0,0.0,0.0,0.0,0.0,65.0,115.0,100.0,0.0,96.96969696969697,0.0,3.0303030303030303,32.0,32.0,100.0,0.0,0.0,,,37.2,116.75,205.0,253.75,277.1,,,,,,,,,,,,,,,,211.5,277.1,6.25,,96.875,0.0,3.125,0.0,nm_inferred,33.0,100.0,,Calvi Sainte Catherine Airport,42.530422,8.792984,no
98,LICR,33.0,33.0,100.0,0.0,0.0,300.0,5.0,-1230.0,-650.0,-500.0,-405.0,-191.39999999999995,0.6380000000000001,1.35,1.6666666666666667,2.1666666666666665,4.1000000000000005,0.66,1.0,1.0,1.0,1.0,0.6533333333333333,0.9833333333333333,1.0,1.0,1.0,505.0,1445.0000000000002,6.0606060606060606,81.81818181818181,87.87878787878788,6.0606060606060606,6.0606060606060606,33.0,33.0,100.0,0.0,0.0,,,501.2,545.0,590.0,729.0,1833.0000000000002,,,,,,,,,,,,,,,,590.0,1833.0000000000002,0.0,,87.87878787878788,6.0606060606060606,6.0606060606060606,0.0,nm_inferred,33.0,100.0,,Reggio Calabria Airport,38.071201,15.6516,no
99,LIPO,30.0,30.0,100.0,0.0,0.0,480.0,480.0,105.0,125.0,152.5,211.25,507.0000000000005,-1.0562499999999997,-0.4401041666666667,-0.31770833333333337,-0.2604166666666667,-0.21875,0.0,0.0,0.0,0.0,0.0,0.0,0.0,0.0,0.0,0.0,152.5,507.0000000000005,100.0,0.0,80.0,20.0,0.0,32.0,32.0,100.0,0.0,0.0,,,-120.0,23.75,93.0,150.0,163.60000000000002,,,,,,,,,,,,,,,,125.0,180.70000000000002,21.875,,90.625,6.25,3.125,0.0,nm_inferred,32.0,100.0,,Brescia Gabriele d'Annunzio Airport,45.428902,10.3306,no
100,LTAN,32.0,32.0,100.0,0.0,0.0,300.0,300.0,515.0,612.5,705.0,818.5,1089.0000000000002,-3.2213333333333334,-2.439814814814815,-2.066666666666667,-0.7395833333333334,-0.5433333333333332,0.0,0.0,0.0,0.0,0.0,0.0,0.0,0.0,0.0,0.0,705.0,1089.0000000000002,100.0,0.0,93.75,6.25,0.0,31.0,31.0,100.0,0.0,0.0,,,-1260.0,-992.5,-870.0,-800.0,-470.0,,,,,,,,,,,,,,,,870.0,1260.0,100.0,,93.54838709677419,6.451612903225806,0.0,0.0,nm_inferred,32.0,100.0,,Konya Airport,37.979,32.561901,no
101,LIPR,31.0,31.0,100.0,0.0,0.0,600.0,600.0,15.0,47.5,70.0,87.5,2155.0,-3.591666666666667,-0.14583333333333331,-0.11666666666666667,-0.07916666666666666,-0.025,0.0,0.0,0.0,0.0,0.0,0.0,0.0,0.0,0.0,0.0,70.0,2155.0,93.54838709677419,0.0,80.64516129032258,19.35483870967742,0.0,27.0,27.0,100.0,0.0,0.0,,,-921.3999999999999,235.0,255.0,312.5,362.0,,,,,,,,,,,,,,,,285.0,1228.0000000000045,11.11111111111111,,77.77777777777777,22.22222222222222,0.0,0.0,nm_inferred,31.0,100.0,,Federico Fellini International Airport,44.020024,12.612198,no
102,LIPY,30.0,30.0,100.0,0.0,0.0,300.0,300.0,54.5,75.0,117.5,158.75,1517.5000000000018,-5.058333333333332,-0.5291666666666667,-0.3916666666666667,-0.25,-0.18166666666666664,0.0,0.0,0.0,0.0,0.0,0.0,0.0,0.0,0.0,0.0,117.5,1517.5000000000018,100.0,0.0,83.33333333333333,16.666666666666668,0.0,31.0,31.0,100.0,0.0,0.0,,,115.0,152.5,205.0,245.0,270.0,,,,,,,,,,,,,,,,215.0,285.0,3.225806451612903,,93.54838709677419,6.451612903225806,0.0,0.0,nm_inferred,31.0,100.0,,Marche Airport,43.616299,13.3623,no
103,GMFO,28.0,28.0,100.0,0.0,0.0,660.0,660.0,186.0,215.0,310.0,390.0,406.5,-0.6083333333333334,-0.5520833333333333,-0.44053030303030305,-0.3184027777777778,-0.2583333333333333,0.0,0.0,0.0,0.0,0.0,0.0,0.0,0.0,0.0,0.0,310.0,406.5,100.0,0.0,100.0,0.0,0.0,30.0,30.0,100.0,0.0,0.0,,,-433.8,-235.5,-133.0,-57.5,15.100000000000087,,,,,,,,,,,,,,,,161.0,433.8,86.66666666666667,,100.0,0.0,0.0,0.0,nm_inferred,30.0,100.0,,Oujda Angads Airport,34.789558,-1.926041,no
104,LPCS,29.0,29.0,100.0,0.0,0.0,360.0,360.0,-5.0,25.0,35.0,50.0,86.0,-0.2361111111111111,-0.1388888888888889,-0.09722222222222222,-0.058333333333333334,0.013888888888888888,0.0,0.0,0.0,0.0,0.08333333333333333,0.0,0.0,0.0,0.0,0.013888888888888888,40.0,86.0,82.75862068965517,0.0,89.65517241379311,6.896551724137931,3.4482758620689653,27.0,27.0,100.0,0.0,0.0,,,252.4,290.0,305.0,334.0,350.0,,,,,,,,,,,,,,,,305.0,350.0,0.0,,92.5925925925926,3.7037037037037037,3.7037037037037037,0.0,nm_inferred,29.0,100.0,,Cascais Airport,38.724998,-9.35523,no
105,LRSV,27.0,27.0,100.0,0.0,0.0,300.0,300.0,379.0,400.0,435.0,600.0,1426.0000000000039,-4.753333333333332,-2.0,-1.4333333333333333,-1.2916666666666667,-0.9766666666666656,0.0,0.0,0.0,0.0,0.0,0.0,0.0,0.0,0.0,0.0,435.0,1426.0000000000039,100.0,0.0,85.18518518518519,14.814814814814815,0.0,27.0,27.0,100.0,0.0,0.0,,,-1395.3999999999999,-537.5,-435.0,-377.5,-341.99999999999994,,,,,,,,,,,,,,,,435.0,1395.4000000000037,100.0,,85.18518518518519,14.814814814814815,0.0,0.0,nm_inferred,27.0,100.0,,Suceava Ștefan cel Mare International Airport,47.6875,26.354099,no
106,LESO,26.0,26.0,100.0,0.0,0.0,420.0,420.0,140.0,157.5,182.5,297.5,385.0,-0.9845238095238095,-0.7535714285714286,-0.43452380952380953,-0.39285714285714285,-0.34523809523809523,0.0,0.0,0.0,0.0,0.0,0.0,0.0,0.0,0.0,0.0,182.5,385.0,100.0,0.0,92.3076923076923,7.6923076923076925,0.0,25.0,25.0,100.0,0.0,0.0,,,-572.4,-317.0,-265.0,-45.0,-2.799999999999983,,,,,,,,,,,,,,,,265.0,572.4000000000001,88.0,,96.0,4.0,0.0,0.0,nm_inferred,26.0,100.0,,San Sebastián Airport,43.356499,-1.79061,no
107,LFRN,26.0,26.0,100.0,0.0,0.0,300.0,5.0,-1737.5,-655.0,-475.0,-330.0,-192.5,0.5375,0.9452380952380952,1.3888888888888888,2.0083333333333333,4.499074074074074,0.55,0.925,1.0,1.0,1.0,0.5375,0.9101190476190476,1.0,1.0,1.0,475.0,1737.5,0.0,69.23076923076923,100.0,0.0,0.0,26.0,26.0,100.0,0.0,0.0,,,443.0,466.25,519.0,668.25,2151.0,,,,,,,,,,,,,,,,519.0,2151.0,0.0,,100.0,0.0,0.0,0.0,nm_inferred,26.0,100.0,,Rennes-Saint-Jacques Airport,48.0695,-1.73479,no
108,EGSH,25.0,25.0,100.0,0.0,0.0,600.0,595.0,-182.39999999999998,-88.0,6.0,105.0,706.8000000000001,-1.178,-0.175,-0.01,0.14666666666666667,0.30400000000000016,0.0,0.0,0.05,0.2,0.33000000000000007,0.0,0.0,0.008333333333333333,0.19166666666666668,0.30833333333333346,105.0,706.8000000000001,56.0,0.0,76.0,24.0,0.0,25.0,25.0,100.0,0.0,0.0,,,-1208.2,269.0,379.0,453.0,634.2000000000002,,,,,,,,,,,,,,,,426.0,1208.2000000000003,16.0,,80.0,20.0,0.0,0.0,nm_inferred,25.0,100.0,,Norwich Airport,52.6758,1.28278,no
109,EKVG,24.0,24.0,100.0,0.0,0.0,300.0,300.0,1462.0,1608.75,1720.0,2040.0,3292.999999999999,-10.976666666666667,-6.800000000000001,-5.733333333333333,-5.3625,-4.873333333333333,0.0,0.0,0.0,0.0,0.0,0.0,0.0,0.0,0.0,0.0,1720.0,3292.999999999999,100.0,0.0,100.0,0.0,0.0,25.0,25.0,100.0,0.0,0.0,,,-3761.7999999999997,-1978.0,-1719.0,-1543.0,-1437.6,,,,,,,,,,,,,,,,1719.0,3761.8,100.0,,92.0,8.0,0.0,0.0,nm_inferred,25.0,100.0,,Vágar Airport,62.063256,-7.275782,no
110,GMTN,25.0,25.0,100.0,0.0,0.0,780.0,710.0,-61.99999999999999,-30.0,-5.0,20.0,30.20000000000001,-0.03666666666666667,-0.027777777777777776,0.005555555555555556,0.05555555555555555,0.08451282051282052,0.0,0.0,0.03333333333333333,0.06666666666666667,0.10923076923076926,0.0,0.0,0.005555555555555556,0.05555555555555555,0.08717948717948719,25.0,62.00000000000003,48.0,0.0,100.0,0.0,0.0,25.0,25.0,100.0,0.0,0.0,,,206.2,240.0,271.0,322.0,365.80000000000007,,,,,,,,,,,,,,,,271.0,365.80000000000007,0.0,,100.0,0.0,0.0,0.0,nm_inferred,25.0,100.0,,Sania Ramel Airport,35.594299,-5.32002,no
111,LFRK,25.0,25.0,100.0,0.0,0.0,300.0,300.0,97.0,115.0,140.0,155.0,179.2,-0.5973333333333334,-0.5166666666666667,-0.4666666666666667,-0.38333333333333336,-0.3233333333333333,0.0,0.0,0.0,0.0,0.0,0.0,0.0,0.0,0.0,0.0,140.0,179.2,100.0,0.0,92.0,4.0,4.0,25.0,25.0,100.0,0.0,0.0,,,-65.99999999999997,35.0,66.0,81.0,89.0,,,,,,,,,,,,,,,,74.0,117.00000000000006,20.0,,96.0,4.0,0.0,0.0,nm_inferred,25.0,100.0,,Caen Carpiquet airport,49.17678,-0.454883,no
112,LGML,25.0,25.0,100.0,0.0,0.0,300.0,300.0,260.40000000000003,345.0,355.0,390.0,413.0,-1.33,-1.28,-1.1666666666666667,-0.6916666666666667,-0.5916666666666667,0.0,0.0,0.0,0.0,0.0,0.0,0.0,0.0,0.0,0.0,355.0,413.0,100.0,0.0,96.0,0.0,4.0,16.0,16.0,100.0,0.0,0.0,,,63.0,137.0,176.5,186.0,193.5,,,,,,,,,,,,,,,,176.5,193.5,6.25,,100.0,0.0,0.0,0.0,nm_inferred,25.0,100.0,,Milos Airport,36.696899,24.4769,no
113,LOWL,25.0,25.0,100.0,0.0,0.0,300.0,20.0,-783.0,-550.0,-360.0,-173.0,-110.99999999999997,0.3766666666666667,0.5722222222222222,1.1,1.75,2.325,0.4,0.5,1.0,1.0,1.0,0.37,0.5,0.9333333333333333,1.0,1.0,360.0,783.0000000000002,8.0,48.0,100.0,0.0,0.0,25.0,25.0,100.0,0.0,0.0,,,410.0,475.0,501.0,630.0,678.0,,,,,,,,,,,,,,,,575.0,689.0,4.0,,92.0,4.0,4.0,0.0,nm_inferred,25.0,100.0,,Linz-Hörsching Airport,48.235362,14.188128,no
114,LIRI,23.0,23.0,100.0,0.0,0.0,420.0,420.0,165.0,182.5,195.0,237.5,287.0,-0.6833333333333332,-0.5654761904761905,-0.4642857142857143,-0.43452380952380953,-0.39285714285714285,0.0,0.0,0.0,0.0,0.0,0.0,0.0,0.0,0.0,0.0,195.0,287.0,100.0,0.0,91.30434782608695,8.695652173913043,0.0,24.0,24.0,100.0,0.0,0.0,,,-297.0,-165.0,-74.5,-8.0,45.699999999999974,,,,,,,,,,,,,,,,80.0,296.99999999999994,79.16666666666667,,95.83333333333333,4.166666666666667,0.0,0.0,nm_inferred,24.0,100.0,,Salerno Costa d'Amalfi Airport,40.620399,14.9113,no
115,EIKY,23.0,23.0,100.0,0.0,0.0,720.0,720.0,6.000000000000001,10.0,30.0,55.0,64.0,-0.11666666666666667,-0.08680555555555555,-0.041666666666666664,-0.017361111111111112,-0.008333333333333328,0.0,0.0,0.0,0.0,0.0,0.0,0.0,0.0,0.0,0.0,30.0,64.0,100.0,0.0,91.30434782608695,8.695652173913043,0.0,23.0,23.0,100.0,0.0,0.0,,,222.6,252.5,262.0,275.5,285.6,,,,,,,,,,,,,,,,262.0,285.6,4.3478260869565215,,82.6086956521739,17.391304347826086,0.0,0.0,nm_inferred,23.0,100.0,,Kerry Airport,52.180901,-9.52378,no
116,ENHD,23.0,23.0,100.0,0.0,0.0,300.0,300.0,190.6,200.0,221.0,397.0,504.00000000000006,-1.68,-1.3233333333333333,-0.6433333333333333,-0.3383333333333334,-0.3253333333333333,0.0,0.0,0.0,0.0,0.0,0.0,0.0,0.0,0.0,0.0,221.0,504.00000000000006,100.0,0.0,95.65217391304348,4.3478260869565215,0.0,23.0,23.0,100.0,0.0,0.0,,,-126.8,-96.5,58.0,81.5,100.4,,,,,,,,,,,,,,,,90.0,126.8,43.47826086956522,,95.65217391304348,4.3478260869565215,0.0,0.0,nm_inferred,23.0,100.0,,"Haugesund Airport, Karmøy",59.345299,5.20836,no
117,HLLM,23.0,23.0,100.0,0.0,0.0,600.0,554.0,-725.0,-414.0,-31.0,696.0,4193.6,-6.989333333333333,-1.16,0.051666666666666666,0.69,1.2083333333333335,0.0,0.0,0.1,0.625,0.8300000000000001,0.0,0.0,0.075,0.6000000000000001,0.795,520.0,4193.6,47.82608695652174,4.3478260869565215,78.26086956521739,21.73913043478261,0.0,22.0,22.0,100.0,0.0,0.0,,,-787.5,-49.25,297.5,653.5,981.3000000000001,,,,,,,,,,,,,,,,586.5,1259.5,27.272727272727273,,86.36363636363636,13.636363636363637,0.0,0.0,nm_inferred,23.0,100.0,,Mitiga International Airport,32.89177,13.287878,no
118,DABC,20.0,20.0,100.0,0.0,0.0,360.0,360.0,899.5,932.5,965.0,1153.75,1642.0000000000002,-4.863888888888889,-2.767361111111111,-2.638888888888889,-2.5479166666666666,-2.359999999999999,0.0,0.0,0.0,0.0,0.0,0.0,0.0,0.0,0.0,0.0,965.0,1642.0000000000002,100.0,0.0,100.0,0.0,0.0,22.0,22.0,100.0,0.0,0.0,,,-1762.9,-1483.0,-1023.5,-859.25,-805.0,,,,,,,,,,,,,,,,1023.5,1762.9,100.0,,95.45454545454545,4.545454545454546,0.0,0.0,nm_inferred,22.0,100.0,,Mohamed Boudiaf International Airport,36.276001,6.62039,no
119,EBAW,18.0,18.0,100.0,0.0,0.0,300.0,210.0,-307.0,-155.0,-80.0,-7.5,26.500000000000004,-0.08833333333333333,0.024999999999999998,0.26666666666666666,0.5166666666666667,1.0233333333333337,0.0,0.2,0.35,0.575,0.7600000000000001,0.0,0.15416666666666667,0.3,0.5166666666666667,0.7550000000000001,90.0,660.0000000000006,27.77777777777778,5.555555555555555,94.44444444444444,5.555555555555555,0.0,22.0,22.0,100.0,0.0,0.0,,,315.0,360.25,437.5,473.75,484.5,,,,,,,,,,,,,,,,437.5,484.5,0.0,,86.36363636363636,4.545454545454546,9.090909090909092,0.0,nm_inferred,22.0,100.0,,Antwerp International Airport (Deurne),51.190667,4.463153,no
120,EHKD,22.0,22.0,100.0,0.0,0.0,600.0,600.0,-14.5,-1.5,11.5,23.75,29.800000000000004,-0.04966666666666667,-0.03958333333333333,-0.019166666666666665,0.0025,0.024166666666666687,0.0,0.0,0.0,0.037500000000000006,0.05,0.0,0.0,0.0,0.00625,0.024166666666666687,15.0,29.800000000000004,72.72727272727273,0.0,86.36363636363636,0.0,13.636363636363637,22.0,22.0,100.0,0.0,0.0,,,269.9,282.5,303.0,321.5,339.0,,,,,,,,,,,,,,,,308.5,395.70000000000016,4.545454545454546,,81.81818181818181,4.545454545454546,13.636363636363637,0.0,nm_inferred,22.0,100.0,,De Kooy Airfield / Den Helder Naval Air Station,52.923401,4.78062,no
121,LICG,22.0,22.0,100.0,0.0,0.0,240.0,240.0,-27.4,16.25,37.5,124.75,242.00000000000017,-1.0083333333333333,-0.5197916666666667,-0.15625,-0.06770833333333333,0.1141666666666669,0.0,0.0,0.0,0.0,0.125,0.0,0.0,0.0,0.0,0.11458333333333355,42.5,242.00000000000017,81.81818181818181,0.0,90.9090909090909,9.090909090909092,0.0,21.0,21.0,100.0,0.0,0.0,,,-267.0,-50.0,195.0,260.0,320.0,,,,,,,,,,,,,,,,235.0,365.0,28.571428571428573,,95.23809523809524,4.761904761904762,0.0,0.0,nm_inferred,22.0,100.0,,Pantelleria Airport,36.816502,11.9689,no
122,LRSB,19.0,19.0,100.0,0.0,0.0,660.0,660.0,249.0,270.0,295.0,320.0,378.99999999999994,-1.1433333333333333,-0.875,-0.5454545454545454,-0.4431818181818182,-0.41111111111111115,0.0,0.0,0.0,0.0,0.0,0.0,0.0,0.0,0.0,0.0,295.0,378.99999999999994,100.0,0.0,89.47368421052632,10.526315789473685,0.0,22.0,22.0,100.0,0.0,0.0,,,-503.1,-456.25,-375.0,-255.0,-115.0,,,,,,,,,,,,,,,,375.0,503.1,100.0,,81.81818181818181,18.181818181818183,0.0,0.0,nm_inferred,22.0,100.0,,Sibiu International Airport,45.785841,24.086666,no
123,ENOV,21.0,21.0,100.0,0.0,0.0,300.0,300.0,575.0,630.0,705.0,735.0,810.0,-2.7,-2.45,-2.35,-2.1,-1.9166666666666667,0.0,0.0,0.0,0.0,0.0,0.0,0.0,0.0,0.0,0.0,705.0,810.0,100.0,0.0,90.47619047619048,0.0,9.523809523809524,20.0,20.0,100.0,0.0,0.0,,,-408.1,-315.5,-206.5,-137.0,-116.19999999999997,,,,,,,,,,,,,,,,206.5,408.1000000000001,100.0,,85.0,0.0,15.0,0.0,nm_inferred,21.0,100.0,,"Ørsta-Volda Airport, Hovden",62.180000305176,6.0741000175476,no
124,LFBT,20.0,20.0,100.0,0.0,0.0,600.0,600.0,-21.99999999999995,27.5,37.5,176.25,194.00000000000006,-0.3242857142857143,-0.29375,-0.05416666666666667,-0.0375,0.024166666666667364,0.0,0.0,0.0,0.0,0.04666666666666733,0.0,0.0,0.0,0.0,0.04666666666666733,60.0,251.50000000000017,90.0,0.0,100.0,0.0,0.0,21.0,21.0,100.0,0.0,0.0,,,-80.0,14.0,311.0,519.0,535.0,,,,,,,,,,,,,,,,311.0,535.0,19.047619047619047,,90.47619047619048,9.523809523809524,0.0,0.0,nm_inferred,21.0,100.0,,Tarbes-Lourdes-Pyrénées Airport,43.178699,-0.006439,no
125,LSZR,21.0,21.0,100.0,0.0,0.0,300.0,145.0,-330.0,-285.0,-155.0,-100.0,-50.0,0.16666666666666666,0.3333333333333333,0.5166666666666667,0.95,1.1,0.1,0.3,0.6,1.0,1.0,0.09166666666666666,0.23333333333333334,0.5166666666666667,0.95,1.0,180.0,335.0,9.523809523809524,28.571428571428573,85.71428571428571,4.761904761904762,9.523809523809524,21.0,21.0,100.0,0.0,0.0,,,258.0,416.0,483.0,525.0,573.0,,,,,,,,,,,,,,,,501.0,649.0,4.761904761904762,,80.95238095238095,9.523809523809524,9.523809523809524,0.0,nm_inferred,21.0,100.0,,Sankt Gallen Altenrhein Airport,47.485001,9.56077,no
126,EBOS,19.0,19.0,100.0,0.0,0.0,900.0,900.0,38.0,40.0,60.0,80.0,1719.9999999999993,-2.191111111111111,-0.12083333333333333,-0.075,-0.044444444444444446,-0.04222222222222223,0.0,0.0,0.0,0.0,0.0,0.0,0.0,0.0,0.0,0.0,60.0,1719.9999999999993,100.0,0.0,78.94736842105263,21.05263157894737,0.0,20.0,20.0,100.0,0.0,0.0,,,43.000000000000014,178.75,207.5,221.25,250.5,,,,,,,,,,,,,,,,212.5,259.00000000000006,10.0,,85.0,15.0,0.0,0.0,nm_inferred,20.0,100.0,,Ostend-Bruges International Airport,51.1998,2.874673,no
127,EGHQ,20.0,20.0,100.0,0.0,0.0,660.0,157.5,-830.5,-728.75,-587.5,-447.0,-346.8,0.46611111111111114,0.5770833333333333,0.7888888888888889,0.9322916666666667,1.3841666666666668,0.49666666666666665,0.6,0.8,0.90625,1.0,0.4811111111111111,0.5770833333333333,0.7916666666666666,0.8989583333333333,1.0,587.5,830.5000000000001,0.0,25.0,100.0,0.0,0.0,20.0,20.0,100.0,0.0,0.0,,,436.5,519.5,576.5,711.25,1945.6000000000004,,,,,,,,,,,,,,,,576.5,1945.6000000000004,0.0,,100.0,0.0,0.0,0.0,nm_inferred,20.0,100.0,,Cornwall Airport Newquay,50.440601,-4.99541,no
128,EGWU,20.0,20.0,100.0,0.0,0.0,600.0,600.0,30.0,41.25,65.0,81.25,147.50000000000082,-0.3508333333333332,-0.14166666666666666,-0.10833333333333334,-0.06875,-0.05,0.0,0.0,0.0,0.0,0.0,0.0,0.0,0.0,0.0,0.0,65.0,685.5000000000003,95.0,5.0,85.0,10.0,5.0,17.0,17.0,100.0,0.0,0.0,,,-834.6,445.0,493.0,563.0,849.8000000000002,,,,,,,,,,,,,,,,542.0,1216.2,17.647058823529413,,76.47058823529412,17.647058823529413,5.882352941176471,0.0,nm_inferred,20.0,100.0,,RAF Northolt,51.553001,-0.418167,no
129,LFBL,20.0,20.0,100.0,0.0,0.0,600.0,600.0,183.5,208.75,242.5,317.5,367.50000000000017,-1.2249999999999999,-0.9583333333333333,-0.44166666666666665,-0.2611111111111111,-0.23277777777777778,0.0,0.0,0.0,0.0,0.0,0.0,0.0,0.0,0.0,0.0,242.5,367.50000000000017,100.0,0.0,85.0,15.0,0.0,20.0,20.0,100.0,0.0,0.0,,,-554.6,-468.25,-300.5,-236.5,-207.29999999999995,,,,,,,,,,,,,,,,300.5,554.6,100.0,,80.0,20.0,0.0,0.0,nm_inferred,20.0,100.0,,Limoges Airport,45.862801,1.17944,no
130,LQTZ,20.0,20.0,100.0,0.0,0.0,600.0,600.0,13.500000000000002,28.75,67.5,88.75,138.30000000000027,-0.23049999999999998,-0.14791666666666667,-0.1125,-0.04791666666666667,-0.022499999999999964,0.0,0.0,0.0,0.0,0.0,0.0,0.0,0.0,0.0,0.0,67.5,138.30000000000027,95.0,0.0,65.0,30.0,5.0,20.0,20.0,100.0,0.0,0.0,,,-123.6,75.0,100.0,151.25,173.00000000000006,,,,,,,,,,,,,,,,116.0,229.0000000000004,15.0,,90.0,5.0,5.0,0.0,nm_inferred,20.0,100.0,,Tuzla International Airport,44.459858,18.723627,no
131,LRCV,20.0,20.0,100.0,0.0,0.0,420.0,420.0,344.5,386.25,412.5,451.25,510.5,-1.2154761904761904,-1.0505952380952381,-0.9761904761904762,-0.8660714285714286,-0.7447186147186148,0.0,0.0,0.0,0.0,0.0,0.0,0.0,0.0,0.0,0.0,412.5,510.5,100.0,0.0,95.0,5.0,0.0,20.0,20.0,100.0,0.0,0.0,,,-684.7,-632.75,-482.5,-403.75,-325.59999999999997,,,,,,,,,,,,,,,,482.5,684.7,100.0,,80.0,20.0,0.0,0.0,nm_inferred,20.0,100.0,,Craiova International Airport,44.3181,23.888599,no
132,LEAL,648.0,647.0,99.84567901234568,0.0,96.14197530864197,711.0,720.0,23.0,27.0,34.0,49.0,76.0,-0.15254789875783822,-0.08720498910372329,-0.05180533751962323,-0.03529791305121702,-0.027210936792385565,0.0,0.0,0.0,0.0,0.0,0.0,0.0,0.0,0.0,0.0,34.0,76.0,100.0,0.0,89.6604938271605,10.030864197530864,0.15432098765432098,650.0,650.0,100.0,0.0,99.6923076923077,192.0,150.0,-256.0,-119.25,30.5,149.0,206.10000000000002,-1.3543312691294753,-0.6523008241758241,0.14738950633238562,0.7021752335469817,1.0837381448068486,0.0,0.0,0.2,0.75,1.0,0.0,0.0,0.17549261083743845,0.7136692518679656,0.9782608695652173,139.5,256.4000000000001,43.53846153846154,15.277777777777779,90.61538461538461,9.23076923076923,0.15384615384615385,99.6923076923077,apdf,650.0,99.92283950617283,0.08767859993614305,Alicante-Elche Miguel Hernández Airport,38.2822,-0.558156,yes
133,EGKK,1217.0,1216.0,99.9178307313065,0.0,97.78142974527528,1140.0,135.0,-1620.0,-1285.0,-985.0,-605.0,955.0,-0.8454269865841073,0.651849376114082,0.9166666666666666,0.9778508771929825,1.0555555555555556,0.42678571428571427,0.6989130434782609,0.8809523809523809,0.9583333333333334,1.0,0.39550264550264547,0.6742857142857144,0.8569047619047618,0.9427083333333334,0.9912280701754386,1087.5,2850.0,14.638157894736842,22.861842105263158,81.42974527526705,17.502054231717338,0.9860312243221035,1201.0,1200.0,99.91673605328893,0.0,98.0849292256453,480.0,5.0,595.0,710.0,790.0,895.0,1135.5000000000007,1.2212121212121212,1.462962962962963,1.6296296296296295,1.7708333333333333,2.005555555555557,1.0,1.0,1.0,1.0,1.0,0.9895833333333334,1.0,1.0,1.0,1.0,805.0,1410.0,4.583333333333333,97.36618521665251,89.67527060782682,9.325562031640299,0.9159034138218152,98.0849292256453,apdf,1217.0,99.91728339229772,0.927684396638726,London Gatwick Airport,51.148744,-0.185739,yes
134,LPPR,557.0,556.0,99.82046678635548,0.0,99.46140035906643,607.0,630.0,20.0,35.0,50.0,65.0,75.0,-0.15476190476190477,-0.11136023916292974,-0.07798983564013841,-0.05053856802836742,-0.03333333333333333,0.0,0.0,0.0,0.0,0.0,0.0,0.0,0.0,0.0,0.0,50.0,75.0,99.82014388489209,0.0,92.45960502692998,7.1813285457809695,0.17953321364452424,540.0,540.0,100.0,0.0,100.0,360.0,5.0,414.5,535.0,600.0,675.0,775.0,1.0977075040542534,1.4259826030927836,1.6370915032679738,1.8517978287636507,2.012987421383648,1.0,1.0,1.0,1.0,1.0,0.9880952380952381,1.0,1.0,1.006028894748407,1.0101183063511832,600.0,790.0,0.5555555555555556,93.33333333333333,93.88888888888889,6.111111111111111,0.0,100.0,apdf,557.0,99.91023339317775,0.49955116696588875,Francisco de Sá Carneiro Airport,41.2481002808,-8.68138980865,yes
135,LIME,519.0,518.0,99.8073217726397,0.0,98.65125240847784,720.0,720.0,0.0,10.0,30.0,45.0,96.50000000000006,-0.11666666666666667,-0.06215277777777778,-0.034722222222222224,-0.015151515151515152,0.0,0.0,0.0,0.0,0.0,0.0,0.0,0.0,0.0,0.0,0.0,30.0,107.50000000000028,92.08494208494209,0.0,88.82466281310212,9.826589595375722,1.1560693641618498,520.0,520.0,100.0,0.0,100.0,240.0,5.0,175.0,245.0,265.0,290.0,300.0,0.539351851851852,0.7833333333333333,1.0,1.2708333333333333,1.5555555555555556,0.625,0.875,1.0,1.0,1.0,0.6,0.8298611111111112,1.0,1.0,1.0,270.0,305.0,3.4615384615384617,63.26923076923077,90.1923076923077,9.23076923076923,0.5769230769230769,100.0,apdf,520.0,99.90366088631984,0.4995183044315992,Il Caravaggio International Airport,45.669362,9.708851,yes
136,EPKK,425.0,424.0,99.76470588235294,0.0,0.0,600.0,600.0,25.0,42.25,70.0,105.0,689.4999999999995,-1.0683333333333331,-0.15833333333333333,-0.1,-0.058333333333333334,-0.03333333333333333,0.0,0.0,0.0,0.0,0.0,0.0,0.0,0.0,0.0,0.0,70.0,689.4999999999995,98.82075471698113,0.0,79.05882352941177,20.235294117647058,0.47058823529411764,426.0,426.0,100.0,0.0,0.0,,,-677.5,46.25,235.0,265.0,275.0,,,,,,,,,,,,,,,,250.0,685.0,19.953051643192488,,80.0469483568075,19.248826291079812,0.704225352112676,0.0,nm_inferred,426.0,99.88235294117646,,Kraków John Paul II International Airport,50.077702,19.7848,no
137,LFMN,815.0,814.0,99.87730061349693,0.0,99.14110429447854,660.0,475.0,-473.49999999999994,-305.0,-210.0,-10.0,25.0,-0.03787878787878788,0.01282051282051282,0.3204365079365079,0.4583333333333333,0.7214646464646466,0.0,0.038461538461538464,0.34615384615384615,0.5,0.7125000000000002,0.0,0.018696581196581196,0.32407407407407407,0.4583333333333333,0.6862500000000002,220.0,515.0,22.604422604422606,2.9484029484029484,90.920245398773,5.889570552147239,3.067484662576687,819.0,818.0,99.87789987789988,0.0,99.87789987789988,240.0,5.0,415.0,530.0,595.0,693.75,943.0000000000007,1.4166666666666667,2.033333333333333,2.4583333333333335,3.0277777777777777,4.391666666666666,1.0,1.0,1.0,1.0,1.0,1.0,1.0,1.0,1.0,1.0,600.0,1088.0000000000007,1.8337408312958434,95.10403916768666,89.74358974358974,7.326007326007326,2.808302808302808,99.87789987789988,apdf,819.0,99.8776002456984,0.6612267053303181,Nice-Côte d'Azur Airport,43.658401,7.21587,yes
138,LFPG,2005.0,2001.0,99.80049875311721,0.0,99.45137157107233,840.0,840.0,0.0,20.0,35.0,55.0,1565.0,-1.3115942028985508,-0.06666666666666667,-0.041666666666666664,-0.019230769230769232,0.0,0.0,0.0,0.0,0.0,0.038461538461538464,0.0,0.0,0.0,0.0,0.023148148148148147,40.0,1655.0,90.45477261369315,0.24987506246876562,81.79551122194513,17.855361596009974,0.14962593516209477,1918.0,1917.0,99.94786235662148,0.0,99.89572471324296,540.0,215.0,235.0,290.0,315.0,370.0,535.0,0.31666666666666665,0.4567589338019918,0.59375,0.7916666666666666,1.1333333333333333,0.36363636363636365,0.5,0.625,0.8333333333333334,1.0,0.35714285714285715,0.4791666666666667,0.6111111111111112,0.810064935064935,1.0,320.0,585.0,3.8601982263954095,16.240208877284594,88.63399374348279,11.209593326381647,0.10427528675703858,99.89572471324296,apdf,2005.0,99.87418055486935,0.3051711072509897,Charles de Gaulle International Airport,49.00896,2.554117,yes
139,ENBR,363.0,363.0,100.0,50.0,100.0,540.0,225.0,-585.0,-435.0,-270.0,-57.5,45.0,0.0,0.36904761904761907,0.5555555555555556,0.8680555555555556,0.966388888888889,0.043333333333333356,0.375,0.5625,0.875,1.0,0.015277777777777796,0.3611111111111111,0.5416666666666666,0.84375,0.9507936507936509,275.0,603.0000000000001,20.385674931129476,10.223642172523961,92.56198347107438,2.203856749311295,5.234159779614325,359.0,358.0,99.72144846796657,5.0,99.72144846796658,180.0,5.0,295.0,366.25,420.0,480.0,571.5,1.1111111111111112,1.8888888888888888,2.5694444444444446,3.4166666666666665,4.0,1.0,1.0,1.0,1.0,1.0,1.0,1.0,1.0,1.0,1.0,422.5,583.0000000000001,1.1173184357541899,95.45454545454545,91.08635097493037,3.8997214484679668,4.735376044568246,100.0,apdf,363.0,99.86072423398329,0.7697597493036211,"Bergen Airport, Flesland",60.2934,5.21814,yes
140,EDDL,679.0,679.0,100.0,0.0,98.67452135493373,663.0,473.0,-621.2,-472.0,6.0,14.0,31.0,-0.045892322695631704,-0.021390986044383435,-0.008556149732620321,0.6846523348295142,0.9586557858059784,0.0,0.0,0.2916666666666667,0.5917508417508417,0.9090909090909091,0.0,0.0,0.2754237288135593,0.5741780272654371,0.8923514443945518,313.0,797.4000000000003,50.8100147275405,7.216494845360825,90.42709867452136,9.278350515463918,0.29455081001472755,679.0,677.0,99.70544918998527,0.0,99.85272459499264,239.5,5.0,108.00000000000004,295.0,421.0,510.0,592.1999999999999,0.4224250859669232,1.2655141272093924,1.7679344151453684,2.1853896970505806,2.56383701188455,0.875,1.0,1.0,1.0,1.0,0.967632345254984,0.9905090693646887,1.0,1.0050251256281408,1.0105004960864292,446.0,997.3999999999995,8.714918759231905,90.53254437869822,86.15611192930781,13.402061855670103,0.14727540500736377,99.85272459499264,apdf,679.0,99.85272459499264,0.6367726716756945,Düsseldorf Airport,51.289501,6.76678,yes
141,LEBL,1661.0,1659.0,99.87959060806743,0.0,99.157134256472,957.0,190.0,-1336.2,-1085.5,-742.0,-364.5,-112.0,0.15931644241388673,0.43275482791944,0.8733535967578521,0.9796910934473668,1.0754960433434977,0.21008771929824563,0.4405882352941176,0.8181818181818182,0.9696969696969697,1.0,0.1767543859649123,0.41347958910019467,0.7966373098478783,0.9556549502201676,1.0008952666903577,769.0,1397.0,4.400241109101868,25.858951175406872,93.19686935580975,6.562311860325106,0.12040939193257075,1643.0,1640.0,99.81740718198418,0.0,99.39135727328059,181.0,5.0,305.0,413.75,465.0,538.0,635.0,1.4263076810212019,1.845427196149218,2.5198237885462555,3.2396353646353644,4.03030303030303,0.875,1.0,1.0,1.0,1.0,0.9701492537313433,0.9803921568627452,0.9893048128342247,0.9954751131221719,1.0,467.0,650.1000000000001,1.2195121951219512,96.13496932515338,92.45283018867924,7.121119902617163,0.24345709068776628,99.39135727328059,apdf,1661.0,99.84849889502581,0.8916182003160201,Josep Tarradellas Barcelona-El Prat Airport,41.2971,2.07846,yes
142,LPPT,970.0,970.0,100.0,0.0,99.58762886597938,840.0,60.0,-1120.5,-945.0,-795.0,-645.0,-480.0,0.6058333333333334,0.8869922969187675,0.9464285714285714,0.9924242424242424,1.0513621794871795,0.5950892857142858,0.85,0.9444444444444444,1.0,1.0,0.5833333333333334,0.8282015931372549,0.9230769230769231,0.9742588141025641,1.0,802.5,1150.5,2.6804123711340204,37.628865979381445,92.78350515463917,7.010309278350515,0.20618556701030927,981.0,978.0,99.69418960244649,0.0,99.89806320081549,360.0,5.0,525.0,580.0,650.0,718.75,841.5000000000003,1.376107226107226,1.6785714285714286,1.9166666666666667,2.2,2.4583333333333335,1.0,1.0,1.0,1.0,1.0,0.9895833333333334,1.0,1.0,1.0,1.0,655.0,901.5000000000003,2.2494887525562373,97.95501022494888,91.74311926605505,7.747196738022426,0.2038735983690112,99.89806320081549,apdf,981.0,99.84709480122325,0.9600682192425313,Lisbon Humberto Delgado Airport,38.7813,-9.13592,yes
143,EBCI,325.0,325.0,100.0,0.0,0.0,900.0,900.0,20.0,30.0,45.0,65.0,331.00000000000534,-0.4972222222222222,-0.07777777777777778,-0.058333333333333334,-0.03888888888888889,-0.025,0.0,0.0,0.0,0.0,0.0,0.0,0.0,0.0,0.0,0.0,45.0,497.00000000000273,99.6923076923077,0.3105590062111801,85.84615384615384,12.923076923076923,1.2307692307692308,325.0,324.0,99.6923076923077,0.0,0.0,,,15.000000000000043,259.75,275.0,290.0,300.0,,,,,,,,,,,,,,,,280.0,323.49999999999994,9.567901234567902,,82.15384615384616,16.615384615384617,0.9230769230769231,0.0,nm_inferred,325.0,99.84615384615384,,Brussels South Charleroi Airport,50.461963,4.459562,no
144,LIMC,969.0,969.0,100.0,0.0,99.89680082559339,900.0,900.0,25.0,35.0,50.0,70.0,80.0,-0.1111111111111111,-0.08333333333333333,-0.05555555555555555,-0.03431372549019608,-0.021739130434782608,0.0,0.0,0.0,0.0,0.0,0.0,0.0,0.0,0.0,0.0,55.0,85.0,97.11042311661507,0.0,89.88648090815273,10.010319917440661,0.10319917440660474,969.0,966.0,99.69040247678019,0.0,100.0,360.0,65.0,215.0,260.0,285.0,315.0,365.0,0.3928030303030303,0.5753472222222222,0.8,1.0833333333333333,1.346875,0.45,0.625,0.8416666666666667,1.0,1.0,0.4384469696969697,0.5964285714285714,0.8204365079365079,1.0,1.0,290.0,417.5,3.9337474120082816,37.37060041407867,88.13209494324046,11.351909184726523,0.20639834881320948,100.0,apdf,969.0,99.8452012383901,0.40958324119121337,Milan Malpensa International Airport,45.6306,8.72811,yes
145,ELLX,314.0,314.0,100.0,0.0,99.36305732484077,660.0,590.0,-303.5,-25.0,0.0,20.0,40.0,-0.059259259259259255,-0.03125,-0.0,0.041666666666666664,0.44696969696969696,0.0,0.0,0.027777777777777776,0.07142857142857142,0.45151515151515137,0.0,0.0,0.005381944444444444,0.04513888888888889,0.41474358974358966,20.0,397.4999999999997,51.59235668789809,0.6369426751592356,86.30573248407643,13.05732484076433,0.6369426751592356,312.0,311.0,99.67948717948718,0.0,99.35897435897436,300.0,5.0,175.0,335.0,430.0,482.5,540.0,0.6340277777777777,1.0555555555555556,1.2916666666666667,1.8541666666666667,2.1875,0.8977777777777778,1.0,1.0,1.0,1.0,0.8611111111111112,1.0,1.0,1.0,1.0,445.0,615.0,7.07395498392283,86.73139158576052,84.61538461538461,13.782051282051283,1.2820512820512822,99.36305732484077,apdf,314.0,99.83974358974359,0.5018853777154558,Luxembourg-Findel International Airport,49.626845,6.212134,yes
146,LEZL,310.0,309.0,99.6774193548387,0.0,99.35483870967742,600.5,75.0,-834.0,-682.0,-522.0,-342.0,-14.0,0.03872008903728437,0.5764462809917356,0.8950381679389313,1.0,1.4303984259714706,0.272027972027972,0.6086956521739131,0.8928571428571429,1.0,1.0,0.22096758675874628,0.578512396694215,0.8766233766233765,0.9772423025435073,1.0042743905726979,544.0,899.5999999999999,6.472491909385114,30.097087378640776,90.96774193548387,7.419354838709677,1.2903225806451613,314.0,314.0,100.0,0.0,99.04458598726114,228.0,5.0,299.3,401.25,444.0,493.0,541.7,1.1750972762645915,1.6795545092357842,1.944206008583691,2.4070855614973263,3.44,0.8888888888888888,1.0,1.0,1.0,1.0,0.9793814432989691,0.9837711501744684,0.9903381642512078,0.99609375,1.0,449.0,568.0999999999999,3.1847133757961785,94.53376205787781,84.71337579617834,14.012738853503185,1.2738853503184713,99.35483870967742,apdf,314.0,99.83870967741936,0.9319751562914256,Seville Airport,37.417999,-5.89311,yes
147,LEMG,906.0,903.0,99.66887417218543,0.0,99.55849889624724,702.0,720.0,33.0,37.0,41.0,48.0,66.80000000000007,-0.1168041237113402,-0.07936148999373002,-0.059077809798270896,-0.04708962118878965,-0.039476979434699765,0.0,0.0,0.0,0.0,0.0,0.0,0.0,0.0,0.0,0.0,41.0,67.0,99.88925802879291,0.0,90.06622516556291,9.381898454746137,0.22075055187637968,908.0,908.0,100.0,0.0,99.11894273127754,247.0,102.5,101.0,133.0,147.0,164.0,207.0,0.23406704839164677,0.371843190310527,0.5773138661202186,0.8905066053080493,1.2296778323021123,0.2777777777777778,0.41544117647058826,0.625,0.8571428571428571,1.0,0.2642546309120641,0.3929830359109936,0.5942318281938326,0.9173002022320427,0.9842723675084656,148.0,213.30000000000007,6.387665198237886,22.77777777777778,89.31718061674009,10.462555066079295,0.22026431718061673,99.55849889624724,apdf,908.0,99.83443708609272,0.2966240003318552,Málaga-Costa del Sol Airport,36.6749,-4.49911,yes
148,LSZH,1187.0,1185.0,99.83150800336983,0.0,99.07329401853411,717.0,5.0,-2903.6,-1102.0,-791.0,-614.0,-272.5999999999988,0.4751313919012229,0.9662698412698413,1.0354938271604939,1.533532041728763,3.7842038216560563,0.9375,1.0,1.0,1.0,1.0,0.9214124800569704,0.9722222222222222,0.995575221238938,1.0,1.002681425231139,846.0,3010.0000000000045,9.113924050632912,86.07594936708861,85.00421229991575,13.732097725358045,1.0951979780960404,1178.0,1176.0,99.830220713073,0.0,99.9151103565365,315.0,5.0,208.5,522.75,603.0,712.25,969.0,0.7634746656023251,1.6139569346156173,1.9233226837060702,2.2999854969996916,2.8605538588243378,1.0,1.0,1.0,1.0,1.0,0.9879032258064516,0.9936402976623797,1.0,1.0037174721189592,1.0087719298245614,643.0,1406.0,9.77891156462585,99.14893617021276,84.63497453310696,14.091680814940577,1.1035653650254669,99.9151103565365,apdf,1187.0,99.83086435822142,0.9960999961406606,Zürich Airport,47.458056,8.548056,yes
149,EGPH,589.0,588.0,99.830220713073,0.0,99.830220713073,780.0,480.0,-897.4999999999999,-625.0,-287.5,-58.75,45.0,-0.056076388888888884,0.0695970695970696,0.38901515151515154,0.788568376068376,0.9052083333333334,0.0,0.15384615384615385,0.36237373737373735,0.6753676470588236,0.8571428571428571,0.0,0.13612689393939392,0.3400106837606838,0.6430759803921569,0.8333333333333334,377.5,1139.500000000001,21.08843537414966,1.530612244897959,83.1918505942275,15.280135823429541,1.3582342954159592,585.0,584.0,99.82905982905983,0.0,99.82905982905983,360.0,5.0,289.3,330.0,492.5,690.0,958.5000000000002,0.562202380952381,0.939935064935065,1.3333333333333333,1.75,2.290000000000003,0.625,0.9090909090909091,1.0,1.0,1.0,0.6096432552954292,0.8697089947089947,1.0,1.0,1.0,535.0,1348.5000000000002,4.965753424657534,67.40994854202401,84.78632478632478,13.675213675213675,1.3675213675213675,99.830220713073,apdf,589.0,99.82964027106641,0.668863922596074,Edinburgh Airport,55.950145,-3.372288,yes
150,LIBD,286.0,285.0,99.65034965034965,0.0,0.0,480.0,5.0,-934.0,-690.0,-560.0,-405.0,42.99999999999997,-0.06083333333333332,0.8020833333333334,1.15625,1.4375,1.945833333333333,0.0,0.75,1.0,1.0,1.0,0.0,0.7083333333333334,1.0,1.0,1.0,575.0,1018.9999999999998,15.43859649122807,67.01754385964912,91.95804195804196,6.293706293706293,1.3986013986013985,286.0,286.0,100.0,0.0,0.0,,,312.5,501.25,590.0,673.75,1352.5,,,,,,,,,,,,,,,,592.5,1874.0,2.4475524475524475,,90.55944055944056,8.041958041958042,1.3986013986013985,0.0,nm_inferred,286.0,99.82517482517483,,Bari Karol Wojtyła International Airport,41.138901,16.760599,no
151,EBBR,843.0,843.0,100.0,0.0,100.0,660.0,5.0,-1195.0,-920.0,-715.0,-570.0,-310.99999999999966,0.534074074074074,0.9654820261437909,1.0416666666666667,1.1694444444444445,1.5637566137566141,0.9444444444444444,1.0,1.0,1.0,1.0,0.9237373737373737,0.9704131652661064,1.0,1.0,1.0,770.0,1758.0000000000007,8.303677342823251,83.7485172004745,88.61209964412811,10.913404507710558,0.4744958481613286,802.0,799.0,99.62593516209476,0.0,99.75062344139651,300.0,5.0,485.0,580.0,670.0,770.0,956.0000000000002,1.4462121212121213,1.7756696428571428,2.0416666666666665,2.4583333333333335,3.0555555555555554,1.0,1.0,1.0,1.0,1.0,0.9919191919191919,1.0,1.0,1.0,1.0,690.0,1260.0000000000023,5.506883604505632,99.24812030075188,88.02992518703242,11.221945137157107,0.3740648379052369,100.0,apdf,843.0,99.81296758104739,0.9981296758104738,Brussels Airport,50.901402,4.48444,yes
152,LOWW,1070.0,1068.0,99.81308411214954,0.0,99.7196261682243,540.0,30.0,-810.0,-640.0,-485.0,-340.0,-215.0,0.43462962962962964,0.7916666666666666,0.9506944444444444,1.037037037037037,1.4833333333333334,0.5,0.8333333333333334,0.9615384615384616,1.0,1.0,0.4878205128205128,0.8055555555555556,0.9355413105413106,1.0,1.0,512.5,943.0000000000007,4.868913857677903,45.2247191011236,88.69158878504673,10.373831775700934,0.7476635514018691,1057.0,1055.0,99.81078524124882,0.0,100.0,300.0,5.0,462.0,535.0,610.0,700.0,838.0000000000001,1.2308333333333334,1.5734953703703705,1.8611111111111112,2.3125,3.0,1.0,1.0,1.0,1.0,1.0,0.9880952380952381,1.0,1.0,1.0,1.0,625.0,933.0000000000001,4.170616113744076,95.73459715639811,88.93093661305582,9.933774834437086,0.9460737937559129,100.0,apdf,1070.0,99.81193467669918,0.9659506142590101,Vienna International Airport,48.110298,16.5697,yes
153,BIKF,254.0,253.0,99.60629921259843,0.0,99.60629921259843,660.0,526.0,-214.99999999999994,10.0,4995.0,5230.0,5574.0,-10.074639260874077,-8.425,-6.226190476190476,-0.021739130434782608,0.30692484895188615,0.0,0.0,0.16666666666666666,0.4,0.84875,0.0,0.0,0.14084507042253522,0.3813038130381304,0.8249305555555555,4995.0,5574.0,76.6798418972332,5.138339920948616,35.039370078740156,64.56692913385827,0.0,258.0,258.0,100.0,0.0,100.0,360.0,5.0,-5222.5,-4913.75,-4650.0,310.0,556.5,-24.544444444444444,-16.008333333333333,-11.604919678714861,1.0954861111111112,1.7729166666666667,0.6875,0.9,1.0,1.0,1.0,0.6713216957605985,0.8689516129032258,1.0,1.0,1.0,4650.0,5222.5,64.34108527131782,69.37984496124031,36.04651162790697,63.95348837209303,0.0,100.0,apdf,258.0,99.80314960629921,0.5692996562049463,Keflavik International Airport,63.985001,-22.6056,yes
154,LEBB,249.0,248.0,99.59839357429719,0.0,99.59839357429718,544.0,570.0,246.7,276.75,330.0,385.25,425.1000000000001,-0.9402149574563368,-0.7483106959218653,-0.6094828939108601,-0.5,-0.4254081211692597,0.0,0.0,0.0,0.0,0.0,0.0,0.0,0.0,0.0,0.0,330.0,425.1000000000001,100.0,0.0,95.18072289156626,4.417670682730924,0.0,244.0,244.0,100.0,0.0,99.18032786885246,173.5,180.0,-604.8,-468.25,-370.5,-273.75,-212.2999999999998,-4.818110737866326,-2.982699554642001,-2.0600524205982116,-1.5459982380048793,-1.0133928571428568,0.0,0.0,0.0,0.0,0.0,0.0,0.0,0.0,0.0,0.0,370.5,604.8000000000001,99.59016393442623,0.0,93.85245901639344,5.737704918032787,0.4098360655737705,99.59839357429718,apdf,249.0,99.79919678714859,0.0,Bilbao Airport,43.301102,-2.91061,yes
155,HECA,255.0,255.0,100.0,0.0,0.0,900.0,900.0,151.4,464.0,635.0,1244.0,3590.0,-3.8200000000000003,-1.3822222222222222,-0.6888888888888889,-0.4970833333333333,-0.16822222222222222,0.0,0.0,0.0,0.0,0.0,0.0,0.0,0.0,0.0,0.0,635.0,3590.0,99.6078431372549,0.0,74.90196078431373,24.313725490196077,0.7843137254901961,241.0,240.0,99.5850622406639,0.0,0.0,,,-1254.1999999999998,-771.0,-539.5,-172.25,192.99999999999994,,,,,,,,,,,,,,,,539.5,1254.1999999999998,81.66666666666667,,85.06224066390041,14.522821576763485,0.0,0.0,nm_inferred,255.0,99.79253112033194,,Cairo International Airport,30.111534,31.396694,no
156,LGSA,222.0,222.0,100.0,0.0,0.0,780.0,720.0,-85.0,-30.0,30.0,124.25,220.0,-0.49191666666666667,-0.19322916666666667,-0.043434343434343436,0.041666666666666664,0.1454166666666667,0.0,0.0,0.0,0.05555555555555555,0.21285714285714294,0.0,0.0,0.0,0.041666666666666664,0.16547619047619053,80.0,249.50000000000003,64.41441441441441,0.9009009009009009,85.58558558558559,13.963963963963964,0.45045045045045046,228.0,227.0,99.56140350877193,0.0,0.0,,,-226.79999999999995,62.5,201.0,232.0,290.0,,,,,,,,,,,,,,,,211.0,356.20000000000005,19.823788546255507,,80.70175438596492,18.859649122807017,0.0,0.0,nm_inferred,228.0,99.78070175438597,,Chania International Airport,35.531207,24.150673,no
157,EGNX,243.0,243.0,100.0,0.0,0.0,600.0,20.0,-974.0,-732.5,-585.0,-155.0,957.0000000000002,-1.595,0.25833333333333336,0.85,1.175,1.5833333333333333,0.6333333333333333,0.8,1.0,1.0,1.0,0.6122222222222223,0.7708333333333334,0.9666666666666667,1.0,1.0,695.0,1248.0000000000007,24.279835390946502,55.1440329218107,69.54732510288066,29.218106995884774,1.2345679012345678,227.0,226.0,99.55947136563877,0.0,0.0,,,-1326.0,-667.75,507.5,572.75,660.0,,,,,,,,,,,,,,,,579.0,1431.5,26.548672566371682,,67.40088105726872,30.837004405286343,1.3215859030837005,0.0,nm_inferred,243.0,99.77973568281939,,East Midlands Airport,52.8311,-1.32806,no
158,EGSS,903.0,902.0,99.88925802879291,0.0,100.0,720.0,720.0,20.0,30.0,45.0,65.0,673.9999999999998,-0.9041666666666667,-0.09962121212121212,-0.05952380952380952,-0.034813596491228074,-0.020833333333333332,0.0,0.0,0.0,0.0,0.0,0.0,0.0,0.0,0.0,0.0,45.0,675.0,99.88913525498891,0.11086474501108648,79.40199335548172,19.601328903654483,0.8859357696566998,893.0,890.0,99.66405375139978,0.0,99.88801791713325,420.0,110.0,-819.9999999999998,285.0,305.0,325.0,335.0,-1.709259259259259,0.5227272727272727,0.6979166666666666,0.8333333333333334,0.9666666666666667,0.5,0.625,0.7857142857142857,0.9166666666666666,1.0,0.4688131313131314,0.6145833333333334,0.75,0.8611111111111112,1.0,315.0,885.5000000000001,13.370786516853933,13.948256467941507,79.28331466965285,19.596864501679732,0.7838745800671892,100.0,apdf,903.0,99.77665589009635,0.3741624595878613,London Stansted Airport,51.884998,0.235,yes
159,LFBD,224.0,224.0,100.0,0.0,0.0,480.0,20.0,-763.5,-627.5,-530.0,-322.5,-82.99999999999983,0.17291666666666666,0.6145833333333334,1.046875,1.2826967592592593,1.601041666666667,0.25,0.671875,1.0,1.0,1.0,0.2141098484848485,0.6354166666666666,0.96875,1.0,1.0,535.0,773.5000000000001,5.357142857142857,53.57142857142857,93.75,4.464285714285714,1.7857142857142858,223.0,222.0,99.55156950672645,0.0,0.0,,,396.8,476.5,532.5,591.75,701.7,,,,,,,,,,,,,,,,534.5,727.2000000000002,0.45045045045045046,,93.27354260089686,4.484304932735426,1.7937219730941705,0.0,nm_inferred,224.0,99.77578475336323,,Bordeaux–Mérignac Airport,44.82865,-0.715356,no
160,EGNT,216.0,215.0,99.53703703703704,0.0,99.53703703703704,720.0,60.0,-1024.0,-812.5,-645.0,-500.0,1992.9999999999998,-2.822222222222222,0.8363095238095238,0.9102564102564102,0.9628314393939394,1.285,0.8181818181818182,0.8846153846153846,0.9444444444444444,1.0,1.0,0.8024621212121212,0.8666666666666667,0.9166666666666666,0.9696969696969697,1.0,730.0,2079.0,15.348837209302326,31.627906976744185,80.0925925925926,18.98148148148148,0.46296296296296297,204.0,204.0,100.0,0.0,100.0,240.0,5.0,193.00000000000006,485.0,540.0,635.0,1674.5000000000007,0.5052083333333334,1.6152777777777778,2.4791666666666665,3.0625,6.257500000000019,1.0,1.0,1.0,1.0,1.0,0.9885416666666668,1.0,1.0,1.0,1.0,555.0,2057.0,9.313725490196079,94.6078431372549,82.3529411764706,17.647058823529413,0.0,100.0,apdf,216.0,99.76851851851852,0.9561149691358024,Newcastle International Airport,55.037958,-1.689577,yes
161,EDDV,210.0,210.0,100.0,0.0,100.0,626.5,146.0,-835.1,-660.0,-450.5,-11.0,7.099999999999994,-0.013891679109542554,0.022134251804139082,0.8367106821534689,0.9658647341564578,1.076541748189769,0.0,0.1294642857142857,0.75,0.9473684210526315,1.0,0.0,0.06482075976457999,0.7130303791112227,0.9317640281741771,0.9967324815719923,501.5,950.3,19.047619047619047,20.476190476190474,90.0,9.047619047619047,0.9523809523809523,210.0,209.0,99.52380952380952,0.0,100.0,325.0,5.0,277.0,419.0,552.0,715.0,826.2,0.6394525392149978,1.4229323308270676,1.6746765249537894,2.121739130434783,2.5803296119085593,0.875,1.0,1.0,1.0,1.0,0.9615271399976452,0.9905660377358491,0.9978308026030368,1.0,1.005618699030373,586.0,913.8000000000006,7.177033492822966,89.95215311004785,86.66666666666667,10.952380952380953,1.9047619047619047,100.0,apdf,210.0,99.76190476190476,0.853393851355089,Hannover Airport,52.461102,9.68508,yes
162,ESGG,209.0,209.0,100.0,0.0,100.0,540.0,540.0,30.0,45.0,55.0,70.0,90.0,-0.19444444444444445,-0.14814814814814814,-0.1111111111111111,-0.075,-0.05284090909090908,0.0,0.0,0.0,0.0,0.0,0.0,0.0,0.0,0.0,0.0,60.0,95.0,98.08612440191388,0.0,92.82296650717703,7.177033492822966,0.0,210.0,209.0,99.52380952380952,0.0,100.0,240.0,5.0,123.0,250.0,270.0,290.0,300.0,0.4791666666666667,0.9,1.0833333333333333,1.2291666666666667,1.3944444444444448,0.8333333333333334,1.0,1.0,1.0,1.0,0.7611111111111111,0.95,1.0,1.0,1.0,270.0,305.0,7.177033492822966,76.07655502392345,90.47619047619048,8.571428571428571,0.47619047619047616,100.0,apdf,210.0,99.76190476190476,0.4988095238095238,Göteborg Landvetter Airport,57.6628,12.2798,yes
163,LIRF,1476.0,1473.0,99.79674796747967,0.0,99.45799457994579,1080.0,1080.0,-10.0,0.0,20.0,35.0,45.0,-0.05303030303030303,-0.031746031746031744,-0.015625,0.0,0.007246376811594203,0.0,0.0,0.0,0.0,0.027777777777777776,0.0,0.0,0.0,0.0,0.007936507936507936,20.0,50.0,83.16361167684997,0.0,88.34688346883469,11.11111111111111,0.33875338753387535,1457.0,1453.0,99.7254632807138,0.0,99.51956074124915,600.0,250.0,295.0,315.0,330.0,350.0,365.0,0.31011351909184726,0.4362980769230769,0.5666666666666667,0.6963383838383839,0.878917378917379,0.3333333333333333,0.46153846153846156,0.6,0.75,0.9166666666666666,0.3198099415204678,0.44696969696969696,0.575,0.7083333333333334,0.8888888888888888,330.0,365.0,0.7570543702684102,8.367911479944675,92.10706932052162,7.27522306108442,0.34317089910775567,99.51956074124915,apdf,1476.0,99.76110562409673,0.2868131786692781,Rome–Fiumicino Leonardo da Vinci International Airport,41.804532,12.251998,yes
164,LDSP,210.0,210.0,100.0,0.0,0.0,540.0,540.0,390.0,477.0,545.0,610.0,849.9999999999955,-2.3776666666666664,-1.8125,-1.171875,-0.6652777777777777,-0.5383333333333333,0.0,0.0,0.0,0.0,0.0,0.0,0.0,0.0,0.0,0.0,545.0,849.9999999999955,100.0,0.0,84.76190476190476,15.238095238095237,0.0,209.0,208.0,99.52153110047847,0.0,0.0,,,-933.1999999999999,-546.5,-385.5,-252.5,-123.39999999999998,,,,,,,,,,,,,,,,385.5,933.2000000000004,94.23076923076923,,80.86124401913875,18.660287081339714,0.0,0.0,nm_inferred,210.0,99.76076555023923,,Split Saint Jerome Airport,43.538898,16.298,no
165,EGGP,208.0,207.0,99.51923076923077,0.0,0.0,600.0,25.0,-1050.9999999999998,-670.0,-580.0,-449.5,1415.0000000000005,-2.4683333333333333,0.634047619047619,0.8916666666666667,1.0703703703703704,1.8883333333333339,0.6666666666666666,0.7583333333333333,1.0,1.0,1.0,0.6412698412698413,0.7402777777777778,0.96875,1.0,1.0,625.0,1927.0000000000002,16.908212560386474,55.072463768115945,77.88461538461539,21.153846153846153,0.4807692307692308,208.0,208.0,100.0,0.0,0.0,,,-624.4999999999983,467.25,536.0,601.0,839.8000000000004,,,,,,,,,,,,,,,,558.5,1971.9000000000003,11.057692307692308,,85.09615384615384,14.423076923076923,0.4807692307692308,0.0,nm_inferred,208.0,99.75961538461539,,Liverpool John Lennon Airport,53.334863,-2.849637,no
166,EYVI,203.0,202.0,99.50738916256158,0.0,0.0,600.0,5.0,-774.5,-680.0,-567.5,1545.0,2695.0,-4.491666666666666,-2.56875,0.9458333333333333,1.1333333333333333,1.2916666666666667,0.75,0.95,1.0,1.0,1.0,0.7425,0.9416666666666667,1.0,1.0,1.0,695.0,2695.0,27.722772277227723,74.25742574257426,64.03940886699507,35.467980295566505,0.0,198.0,198.0,100.0,0.0,0.0,,,-2303.4999999999995,451.25,537.5,625.0,763.0000000000001,,,,,,,,,,,,,,,,607.5,2429.000000000001,21.21212121212121,,72.22222222222223,27.77777777777778,0.0,0.0,nm_inferred,203.0,99.7536945812808,,Vilnius International Airport,54.634102,25.285801,no
167,LSGG,609.0,607.0,99.67159277504105,0.0,99.50738916256158,660.0,600.0,-239.0,20.0,40.0,60.0,75.0,-0.15476190476190477,-0.09375,-0.06060606060606061,-0.02532051282051282,0.41166666666666646,0.0,0.0,0.0,0.0,0.4,0.0,0.0,0.0,0.0,0.37962962962962965,50.0,370.0,85.00823723228996,0.0,92.28243021346469,6.568144499178982,0.8210180623973727,600.0,599.0,99.83333333333333,0.0,99.83333333333333,240.0,5.0,280.0,300.0,330.0,415.0,481.0000000000002,0.8194444444444444,1.25,1.6458333333333333,2.0833333333333335,2.4583333333333335,0.9166666666666666,1.0,1.0,1.0,1.0,0.8611111111111112,1.0,1.0,1.0,1.0,335.0,491.0000000000002,2.003338898163606,87.29096989966555,91.83333333333333,7.333333333333333,0.6666666666666666,99.83333333333333,apdf,609.0,99.75246305418719,0.49876231527093595,Geneva International Airport,46.238098,6.10895,yes
168,LEVC,395.0,394.0,99.74683544303798,0.0,97.9746835443038,659.0,467.5,-546.0,-339.0,-133.0,-19.25,-3.0,0.005000293641405116,0.030731904920860108,0.22742194635950647,0.4851214439076758,0.830504437938566,0.041666666666666664,0.08333333333333333,0.2649122807017544,0.5,0.7730158730158728,0.009458017077798865,0.035926582948197255,0.2283228024660362,0.4666309102349311,0.7367759146341463,143.0,568.0999999999999,7.868020304568528,2.284263959390863,92.9113924050633,6.582278481012659,0.25316455696202533,395.0,394.0,99.74683544303798,0.0,98.9873417721519,237.0,5.0,293.30000000000007,348.0,373.0,464.5,517.0999999999999,0.9763697387518142,1.377277152569222,1.7386141197964244,2.118458207831325,2.449618096357227,0.8571428571428571,1.0,1.0,1.0,1.0,0.966338808250573,0.9836065573770493,0.9895833333333334,0.9957397828160539,1.0,374.0,521.7,0.7614213197969543,91.02564102564102,91.89873417721519,7.341772151898734,0.5063291139240507,98.9873417721519,apdf,395.0,99.74683544303798,0.60741141456323,Valencia Airport,39.489162,-0.480961,yes
169,LDDU,195.0,195.0,100.0,0.0,0.0,600.0,115.0,-904.0,-690.0,-520.0,-342.5,-115.0,0.21666666666666667,0.5111111111111111,0.8,1.1104166666666666,1.5345238095238094,0.4,0.5666666666666667,0.85,1.0,1.0,0.3616666666666667,0.5555555555555556,0.825,1.0,1.0,550.0,1216.999999999999,8.205128205128204,37.94871794871795,84.61538461538461,14.35897435897436,1.0256410256410255,190.0,189.0,99.47368421052632,0.0,0.0,,,386.8,454.0,514.0,577.0,718.8000000000006,,,,,,,,,,,,,,,,524.0,2039.8000000000004,5.8201058201058204,,81.05263157894737,17.36842105263158,1.0526315789473684,0.0,nm_inferred,195.0,99.73684210526315,,Dubrovnik Ruđer Bošković Airport,42.562247,18.265543,no
170,EGLL,1878.0,1874.0,99.78700745473908,0.0,99.84025559105432,1320.0,1320.0,15.0,25.0,45.0,65.0,665.0,-0.49916666666666665,-0.05416666666666667,-0.03333333333333333,-0.0196078431372549,-0.010416666666666666,0.0,0.0,0.0,0.0,0.0,0.0,0.0,0.0,0.0,0.0,45.0,722.0000000000005,97.38527214514407,0.0,75.07987220447285,24.70713525026624,0.0,1903.0,1897.0,99.68470835522858,0.0,99.7372569626905,420.0,110.0,-1055.0,280.0,305.0,330.0,380.0,-2.21724537037037,0.4097222222222222,0.6875,0.9648809523809524,1.25,0.36666666666666664,0.5555555555555556,0.7857142857142857,1.0,1.0,0.3552923976608187,0.5370370370370371,0.75,0.9921875,1.0,320.0,1096.0000000000014,13.073273589878756,29.386892177589854,79.033105622701,20.65160273252759,0.0,99.84025559105432,apdf,1903.0,99.73585790498383,0.3740094671436893,London Heathrow Airport,51.470748,-0.459909,yes
171,LIMF,181.0,180.0,99.4475138121547,0.0,99.4475138121547,540.0,75.0,-767.0,-571.25,-485.0,-383.75,-310.0,0.5892255892255893,0.7873376623376623,0.8888888888888888,1.0416666666666667,1.4547619047619047,0.56125,0.7857142857142857,0.8888888888888888,1.0,1.0,0.5333333333333333,0.7685185185185185,0.8583333333333333,0.9583333333333334,1.0,487.5,801.0,2.7777777777777777,27.77777777777778,92.81767955801105,4.972375690607735,1.6574585635359116,185.0,185.0,100.0,0.0,100.0,420.0,5.0,417.0,525.0,575.0,625.0,748.0,0.8975000000000001,1.0416666666666667,1.4861111111111112,2.1166666666666667,3.1599999999999997,0.9,1.0,1.0,1.0,1.0,0.8693181818181819,0.975,1.0,1.0,1.0,575.0,904.9999999999994,1.6216216216216217,78.37837837837837,92.97297297297297,5.405405405405405,1.6216216216216217,100.0,apdf,185.0,99.72375690607734,0.9265999079189686,Turin Airport,45.200802,7.64963,yes
172,LFSB,345.0,344.0,99.71014492753623,1.0,99.42028985507247,720.0,720.0,15.0,25.0,40.0,55.0,70.0,-0.12037037037037036,-0.08333333333333333,-0.05357142857142857,-0.030303030303030304,-0.015151515151515152,0.0,0.0,0.0,0.0,0.0,0.0,0.0,0.0,0.0,0.0,40.0,70.0,97.09302325581395,0.0,90.72463768115942,8.405797101449275,0.5797101449275363,344.0,343.0,99.70930232558139,0.0,99.4186046511628,180.0,5.0,177.00000000000003,270.0,290.0,312.5,325.0,0.763095238095238,1.1892361111111112,1.4722222222222223,1.6111111111111112,1.75,0.9166666666666666,1.0,1.0,1.0,1.0,0.9041666666666667,1.0,1.0,1.0,1.0,295.0,335.0,6.41399416909621,88.30409356725146,89.53488372093024,10.174418604651162,0.0,99.42028985507247,apdf,345.0,99.70972362655881,0.49854861813279405,EuroAirport Basel–Mulhouse–Freiburg,47.60068,7.521117,yes
173,EHAM,2049.0,2044.0,99.7559785261103,0.0,99.17032698877502,647.0,430.0,-573.7,-364.0,-152.5,-10.0,12.0,-0.022406073082861553,0.019131137049340198,0.26573801267519226,0.4886713324369226,0.7896062613015563,0.0,0.11680672268907563,0.3333333333333333,0.5151515151515151,0.7415770609318997,0.0,0.0617283950617284,0.2858433481805194,0.48303670745272526,0.7195172413793104,207.0,829.1000000000001,17.710371819960862,4.990215264187867,87.75012201073694,11.566617862371888,0.43923865300146414,2031.0,2024.0,99.65534219596258,0.0,99.50763170851798,627.0,5.0,318.0,498.0,714.0,896.0,1050.0,0.7341442761327438,1.0436542338709676,1.2694168096682485,1.4550037552318034,1.76562787277073,0.8,0.9583333333333334,1.0,1.0,1.0,0.7845251531218453,0.9790307213863274,0.998147280475477,1.001489264745702,1.004823151125402,738.0,1107.0,3.705533596837945,78.50049652432969,87.34613490891186,11.964549483013293,0.34465780403741997,99.50763170851798,apdf,2049.0,99.70566036103644,0.6401056676376422,Amsterdam Airport Schiphol,52.308601,4.76389,yes
174,LPMA,162.0,162.0,100.0,0.0,0.0,480.0,5.0,-964.5,-752.5,-555.0,-417.5,-155.0,0.29479166666666673,0.7805397727272727,1.1122685185185186,1.5046296296296298,2.0364583333333335,0.5,0.821969696969697,1.0,1.0,1.0,0.48020833333333335,0.8088942307692308,1.0,1.0,1.0,575.0,1118.0,6.172839506172839,61.111111111111114,88.88888888888889,10.493827160493828,0.6172839506172839,161.0,160.0,99.37888198757764,0.0,0.0,,,405.0,488.75,540.0,605.0,681.0,,,,,,,,,,,,,,,,540.0,741.4999999999999,1.875,,90.6832298136646,8.074534161490684,0.6211180124223602,0.0,nm_inferred,162.0,99.68944099378882,,Cristiano Ronaldo International Airport,32.697812,-16.774613,no
175,EGCC,976.0,973.0,99.69262295081967,1.0,99.79508196721312,960.0,90.0,-1339.0,-1040.0,-735.0,-315.0,1489.000000000002,-1.5044444444444443,0.3999875992063492,0.8869607843137255,0.9862500000000001,1.1111111111111112,0.44473684210526315,0.6810064935064934,0.9210526315789473,1.0,1.0,0.4270833333333333,0.659965034965035,0.9040064102564103,0.9777777777777777,1.0,945.0,2507.0000000000027,19.83556012332991,34.97942386831276,76.02459016393442,22.74590163934426,0.9221311475409836,939.0,936.0,99.68051118210863,0.0,99.89350372736953,420.0,5.0,-1665.0,475.0,687.5,815.0,1022.5,-3.797023809523809,1.1527777777777777,1.6083333333333334,1.9059343434343434,2.4083333333333337,1.0,1.0,1.0,1.0,1.0,0.9861111111111112,1.0,1.0,1.0,1.0,780.0,1895.0,20.192307692307693,94.11764705882354,73.58892438764643,25.13312034078807,0.9584664536741214,99.89350372736953,apdf,976.0,99.68656706646415,0.9490193135550165,Manchester Airport,53.349375,-2.279521,yes
176,LFML,450.0,449.0,99.77777777777777,0.0,98.88888888888889,660.0,660.0,10.0,20.0,35.0,55.0,65.0,-0.09848484848484848,-0.08333333333333333,-0.05303030303030303,-0.030303030303030304,-0.015151515151515152,0.0,0.0,0.0,0.0,0.0,0.0,0.0,0.0,0.0,0.0,40.0,65.0,95.99109131403118,0.0,94.66666666666667,4.222222222222222,0.8888888888888888,450.0,448.0,99.55555555555556,0.0,99.77777777777777,300.0,5.0,340.0,370.0,415.0,505.0,576.5,1.0950000000000002,1.2166666666666666,1.3833333333333333,1.6541666666666666,1.9,1.0,1.0,1.0,1.0,1.0,1.0,1.0,1.0,1.0,1.0,417.5,581.5,1.1160714285714286,94.86607142857143,93.11111111111111,5.111111111111111,1.3333333333333333,99.77777777777777,apdf,450.0,99.66666666666666,0.4983333333333333,Marseille Provence Airport,43.438088,5.2125,yes
177,LICC,431.0,429.0,99.53596287703016,0.0,100.0,720.0,720.0,105.0,135.0,170.0,200.0,230.99999999999994,-0.4166666666666667,-0.3055555555555556,-0.22727272727272727,-0.17083333333333334,-0.125,0.0,0.0,0.0,0.0,0.0,0.0,0.0,0.0,0.0,0.0,170.0,230.99999999999994,99.76689976689977,0.0,91.64733178654292,7.65661252900232,0.23201856148491878,429.0,428.0,99.76689976689977,0.0,100.0,300.0,275.0,-246.5,-35.0,30.0,70.0,110.0,-1.005,-0.11249999999999999,0.078125,0.20833333333333334,0.36666666666666664,0.0,0.0,0.125,0.25,0.4166666666666667,0.0,0.0,0.1,0.23020833333333332,0.38333333333333336,65.0,291.0000000000002,39.48598130841121,0.4672897196261682,89.97668997668998,9.557109557109557,0.2331002331002331,100.0,apdf,431.0,99.65143132196496,0.049825715660982484,Catania-Fontanarossa Airport,37.466801,15.0664,yes
178,EVRA,283.0,282.0,99.64664310954063,0.0,98.23321554770318,720.0,720.0,30.500000000000007,45.0,65.0,85.0,3444.5,-4.74,-0.16435185185185186,-0.09722222222222222,-0.06666666666666667,-0.044487179487179486,0.0,0.0,0.0,0.0,0.0,0.0,0.0,0.0,0.0,0.0,65.0,3444.5,100.0,0.0,72.43816254416961,26.85512367491166,0.35335689045936397,281.0,280.0,99.644128113879,0.0,93.23843416370107,240.0,5.0,-3225.0,235.0,270.0,290.0,305.0,-14.50125,0.6612103174603174,1.1458333333333333,1.5208333333333333,1.7208333333333334,0.717857142857143,1.0,1.0,1.0,1.0,0.6694444444444444,1.0,1.0,1.0,1.0,280.0,3224.9999999999995,18.928571428571427,79.38931297709924,77.93594306049822,21.352313167259787,0.35587188612099646,98.23321554770318,apdf,283.0,99.64538561170983,0.4982269280585491,Riga International Airport,56.920752,23.970711,yes
179,LATI,415.0,413.0,99.51807228915662,0.0,0.0,900.0,900.0,95.0,370.0,530.0,695.0,794.0,-1.5083333333333333,-0.9791666666666666,-0.7,-0.4114583333333333,-0.11979166666666667,0.0,0.0,0.0,0.0,0.0,0.0,0.0,0.0,0.0,0.0,530.0,795.0,99.75786924939467,0.0,91.80722891566265,7.469879518072289,0.24096385542168675,419.0,418.0,99.76133651551312,0.0,0.0,,,-948.9,-782.5,-637.0,-500.25,84.90000000000026,,,,,,,,,,,,,,,,637.0,948.9000000000001,89.47368421052632,,87.11217183770883,12.649164677804295,0.0,0.0,nm_inferred,419.0,99.63970440233487,,Tirana International Airport Mother Teresa,41.4147,19.7206,no
180,EIDW,1198.0,1193.0,99.58263772954925,0.0,99.91652754590984,867.0,620.0,-763.8,-424.0,-128.0,23.0,53.0,-0.0671251109139308,-0.027491408934707903,0.1554959785522788,0.4669365721997301,0.7856594651547133,0.0,0.047619047619047616,0.21621621621621623,0.4444444444444444,0.6535117056856187,0.0,0.03022974607013301,0.1907356948228883,0.4133685136323659,0.6257519243965243,220.0,1133.1999999999998,29.50544844928751,1.4249790444258172,82.80467445742904,15.358931552587647,1.4190317195325544,1177.0,1173.0,99.66015293118097,0.0,100.0,402.0,5.0,224.8,321.0,466.0,595.0,684.8,0.3753529969040528,0.8035714285714286,1.1750599520383693,1.5194805194805194,1.8574534942181997,0.6,0.8571428571428571,1.0,1.0,1.0,0.5951642175516657,0.8616504854368932,0.9936575052854123,1.0,1.0053619302949062,489.0,807.8,6.564364876385337,66.58141517476555,83.94222599830077,14.27357689039932,1.4443500424808835,100.0,apdf,1198.0,99.62139533036512,0.5899545160729263,Dublin Airport,53.428713,-6.262121,yes
181,ENGM,917.0,913.0,99.56379498364231,11.0,100.0,660.0,515.0,-365.0,-210.0,-105.0,-75.0,-45.0,0.06060606060606061,0.10897435897435898,0.1590909090909091,0.3260732323232323,0.492929292929293,0.08877005347593585,0.125,0.1875,0.3514705882352941,0.5,0.07363834422657953,0.1130952380952381,0.16666666666666666,0.33630952380952384,0.4777777777777778,110.0,439.00000000000034,4.381161007667032,0.22148394241417496,93.12977099236642,5.997818974918212,0.4362050163576881,915.0,912.0,99.67213114754098,2.0,99.89071038251366,240.0,5.0,220.0,250.0,385.0,470.0,545.0,0.6111111111111112,1.0476190476190477,1.4444444444444444,2.0166666666666666,2.638888888888889,0.7246753246753248,1.0,1.0,1.0,1.0,0.6934343434343435,1.0,1.0,1.0,1.0,395.0,565.0,4.057017543859649,78.76787678767877,93.11475409836065,6.120218579234972,0.4371584699453552,100.0,apdf,917.0,99.61796306559165,0.5811047845492847,Oslo-Gardermoen International Airport,60.193901,11.1004,yes
182,LROP,509.0,507.0,99.60707269155206,16.0,100.0,420.0,480.0,20.0,40.0,60.0,80.0,95.0,-0.3333333333333333,-0.20238095238095238,-0.125,-0.0763888888888889,-0.041666666666666664,0.0,0.0,0.0,0.0,0.0,0.0,0.0,0.0,0.0,0.0,60.0,100.0,97.63313609467455,0.0,87.62278978388998,11.787819253438114,0.19646365422396855,511.0,509.0,99.60861056751467,11.0,100.0,360.0,65.0,203.00000000000006,275.0,295.0,315.0,335.0,0.4861111111111111,0.6785714285714286,0.814484126984127,1.0,1.2708333333333333,0.5714285714285714,0.7142857142857143,0.8571428571428571,1.0,1.0,0.5714285714285714,0.7023809523809523,0.8333333333333334,1.0,1.0,300.0,340.0,4.715127701375246,33.333333333333336,89.23679060665361,10.176125244618396,0.19569471624266144,100.0,apdf,511.0,99.60784162953337,0.41503267345638906,Bucharest Henri Coandă International Airport,44.571792,26.103285,yes
183,LIRP,247.0,246.0,99.59514170040485,0.0,0.0,900.0,900.0,0.0,25.0,45.0,123.75,177.5,-0.25416666666666665,-0.1388888888888889,-0.058333333333333334,-0.027777777777777776,-0.0,0.0,0.0,0.0,0.0,0.013157894736842105,0.0,0.0,0.0,0.0,0.002777777777777778,50.0,177.5,90.65040650406505,0.0,91.49797570850203,7.6923076923076925,0.4048582995951417,250.0,249.0,99.6,0.0,0.0,,,-110.39999999999999,30.0,251.0,267.0,279.20000000000005,,,,,,,,,,,,,,,,254.0,286.0,18.87550200803213,,88.0,11.6,0.0,0.0,nm_inferred,250.0,99.59757085020243,,Pisa International Airport,43.683899,10.3927,no
184,LHBP,607.0,605.0,99.67051070840198,0.0,99.67051070840198,655.0,30.0,-1092.0,-765.0,-630.0,-535.0,-363.9999999999998,0.7359290880417642,0.8928571428571429,0.9585492227979274,1.0729312762973353,1.704886685552408,0.85,0.9090909090909091,0.9583333333333334,1.0,1.0,0.8242644724447151,0.8935611038107754,0.9527687296416938,0.9939759036144579,0.9982453208556149,650.0,1499.0000000000014,5.454545454545454,50.90909090909091,83.36079077429983,14.168039538714991,2.1416803953871497,613.0,610.0,99.51060358890702,0.0,99.836867862969,254.5,5.0,355.0,480.0,540.0,645.0,871.5000000000003,1.293354726567723,1.8,2.1405750798722045,2.5336322869955157,3.169645262685227,1.0,1.0,1.0,1.0,1.0,1.0,1.0,1.0049627791563276,1.010928961748634,1.015247875216368,565.0,2170.0,7.049180327868853,98.52216748768473,82.54486133768353,14.845024469820554,2.1207177814029365,99.836867862969,apdf,613.0,99.5905571486545,0.9748578585433547,Budapest Liszt Ferenc International Airport,47.43018,19.262393,yes
185,LFPO,966.0,964.0,99.79296066252589,1.0,100.0,660.0,35.0,-1125.0,-830.0,-670.0,-550.0,-440.0,0.7305555555555555,0.9027777777777778,0.9537037037037037,1.0623543123543122,1.3847222222222224,0.8333333333333334,0.9166666666666666,0.9642857142857143,1.0,1.0,0.816017316017316,0.9027777777777778,0.95,1.0,1.0,685.0,1375.5000000000007,4.771784232365145,50.571131879543096,94.92753623188406,4.658385093167702,0.2070393374741201,969.0,963.0,99.38080495356037,0.0,100.0,300.0,5.0,520.0,575.0,650.0,737.5,894.0000000000003,1.5567251461988305,1.8591269841269842,2.1666666666666665,2.5083333333333333,3.0,1.0,1.0,1.0,1.0,1.0,1.0,1.0,1.0,1.0,1.0,650.0,930.0,1.0384215991692627,98.85773624091381,95.76883384932921,3.4055727554179565,0.20639834881320948,100.0,apdf,969.0,99.58688280804313,0.9709721073784205,Paris-Orly Airport,48.729499,2.358963,yes
186,EICK,122.0,122.0,100.0,0.0,100.0,540.0,5.0,-754.5,-657.5,-550.0,-455.0,-251.9999999999999,0.9025925925925926,0.982905982905983,1.0555555555555556,1.1791666666666667,1.3665178571428573,0.9301587301587302,1.0,1.0,1.0,1.0,0.8866666666666667,0.9698322510822511,1.0,1.0,1.0,562.5,936.0000000000002,4.918032786885246,82.78688524590164,87.70491803278688,8.19672131147541,4.098360655737705,120.0,119.0,99.16666666666667,0.0,100.0,240.0,5.0,465.0,510.0,590.0,660.0,2058.0,1.9666666666666668,2.325,2.8055555555555554,4.0,8.575,1.0,1.0,1.0,1.0,1.0,1.0,1.0,1.0,1.0,1.0,595.0,2149.0000000000005,3.361344537815126,99.15966386554622,84.16666666666667,11.666666666666666,3.3333333333333335,100.0,apdf,122.0,99.58333333333334,0.9958333333333335,Cork International Airport,51.841301,-8.49111,yes
187,LMML,352.0,351.0,99.7159090909091,0.0,98.29545454545455,540.0,65.0,-940.0,-675.0,-490.0,-267.5,-35.0,0.06666666666666667,0.4967948717948718,0.8666666666666667,1.2145989974937343,2.283333333333333,0.3181818181818182,0.5645833333333333,0.9,1.0,1.0,0.2962962962962963,0.536096256684492,0.875,1.0,1.0,520.0,2105.0,9.116809116809117,37.60683760683761,87.2159090909091,11.647727272727273,0.8522727272727273,360.0,358.0,99.44444444444444,1.0,98.61111111111111,240.0,5.0,355.0,460.0,515.0,630.0,931.5,1.4826923076923078,2.0,2.5625,3.28125,4.158333333333337,1.0,1.0,1.0,1.0,1.0,1.0,1.0,1.0,1.0,1.0,525.0,1071.5,3.0726256983240225,97.72727272727273,90.0,8.055555555555555,1.3888888888888888,98.61111111111111,apdf,360.0,99.58017676767676,0.9335641571969697,Malta International Airport,35.845932,14.491546,yes
188,EDDM,1400.0,1395.0,99.64285714285714,0.0,99.78571428571429,750.0,600.0,-538.0,-310.0,15.0,45.0,65.0,-0.13541666666666666,-0.0625,-0.016666666666666666,0.375,0.5967948717948719,0.0,0.0,0.0,0.3888888888888889,0.5610294117647064,0.0,0.0,0.0,0.36666666666666664,0.5416666666666666,85.0,838.0000000000007,56.91756272401434,0.7885304659498208,86.92857142857143,12.428571428571429,0.2857142857142857,1397.0,1390.0,99.49892627057982,0.0,99.85683607730851,360.0,5.0,271.0000000000002,321.25,465.0,585.0,675.5000000000007,0.626851851851852,0.9861111111111112,1.3685515873015874,1.6398809523809523,1.939583333333333,0.8,1.0,1.0,1.0,1.0,0.785,1.0,1.0,1.0,1.0,495.0,760.0,5.827338129496403,80.61959654178675,89.19112383679312,10.021474588403722,0.2863278453829635,99.85683607730851,apdf,1400.0,99.57089170671847,0.49785445853359234,Munich Airport,48.353802,11.7861,yes
189,LEPA,1503.0,1496.0,99.53426480372588,0.0,97.93745841650033,777.0,780.0,21.0,61.0,119.0,171.0,214.5,-0.3732430395996316,-0.23338815789473685,-0.14419203421311738,-0.07366849721059972,-0.028346958739475247,0.0,0.0,0.0,0.0,0.0,0.0,0.0,0.0,0.0,0.0,119.0,215.0,99.79946524064171,0.06684491978609626,90.28609447771125,8.449767132401863,0.7984031936127745,1514.0,1508.0,99.60369881109644,0.0,99.40554821664465,253.0,125.0,-167.0,-56.0,180.0,329.0,602.0,-0.7162561576354679,-0.19592163134746102,0.6247464503042597,1.4535170711641299,2.7304363505228997,0.0,0.0,0.5555555555555556,1.0,1.0,0.0,0.0,0.5263157894736843,0.9803921568627451,0.993485342019544,238.0,642.5999999999999,30.17241379310345,30.820547031354238,90.75297225891677,8.45442536327609,0.3963011889035667,99.40554821664465,apdf,1514.0,99.56898180741115,0.2620236363352925,Palma de Mallorca Airport,39.551701,2.73881,yes
190,LEMH,226.0,225.0,99.5575221238938,0.0,0.0,600.0,600.0,10.0,45.0,175.0,355.0,473.0,-1.0004761904761903,-0.6166666666666667,-0.31666666666666665,-0.075,-0.016666666666666666,0.0,0.0,0.0,0.0,0.0,0.0,0.0,0.0,0.0,0.0,215.0,493.0,90.66666666666667,0.8888888888888888,89.82300884955752,7.964601769911504,1.7699115044247788,228.0,227.0,99.56140350877193,0.0,0.0,,,-287.2,-108.0,192.0,263.0,317.6,,,,,,,,,,,,,,,,238.0,411.20000000000005,33.480176211453745,,90.78947368421052,8.771929824561404,0.0,0.0,nm_inferred,228.0,99.55946281633287,,Menorca Airport,39.862598,4.21865,no
191,LEMD,1827.0,1825.0,99.89053092501368,0.0,99.72632731253421,982.0,780.0,-550.0,-345.0,-187.0,4.0,18.0,-0.018656813736144313,-0.004464285714285714,0.18134715025906736,0.35185185185185186,0.559460147695442,0.0,0.0,0.19444444444444445,0.35294117647058826,0.5185185185185185,0.0,0.0,0.1750841750841751,0.32805429864253394,0.4887553714830157,212.0,617.0,32.54794520547945,0.547945205479452,92.11822660098522,7.553366174055829,0.21893814997263272,1813.0,1799.0,99.22779922779922,0.0,98.73138444567016,474.0,40.0,269.0,279.0,460.0,552.0,693.0,0.4908187331536388,0.7131641207885023,0.9342989628423792,1.3357372350507362,1.8112495612495612,0.5392857142857143,0.7241379310344828,0.9090909090909091,1.0,1.0,0.5327805537263077,0.7195728699399639,0.9200180233923325,0.991478765621508,0.9978424399281278,466.0,734.0,2.445803224013341,45.4954954954955,87.92057363485935,11.141753998896856,0.1654715940430226,99.72632731253421,apdf,1827.0,99.55916507640646,0.5451373027682913,Adolfo Suárez Madrid–Barajas Airport,40.493407,-3.572249,yes
192,LDZD,113.0,112.0,99.11504424778761,0.0,0.0,660.0,660.0,60.0,115.0,170.0,220.0,295.0,-0.5,-0.3181818181818182,-0.24242424242424243,-0.1607638888888889,-0.09090909090909091,0.0,0.0,0.0,0.0,0.0,0.0,0.0,0.0,0.0,0.0,170.0,420.00000000000057,98.21428571428571,0.0,82.30088495575221,13.274336283185841,3.5398230088495577,112.0,112.0,100.0,0.0,0.0,,,-330.4,-142.0,95.0,187.25,223.10000000000005,,,,,,,,,,,,,,,,180.5,412.40000000000003,40.17857142857143,,83.03571428571429,13.392857142857142,3.5714285714285716,0.0,nm_inferred,113.0,99.5575221238938,,Zadar Airport,44.096986,15.353565,no
193,EPWA,895.0,891.0,99.55307262569832,0.0,99.77653631284916,596.0,600.0,-23.0,-2.0,12.0,558.0,1812.0,-2.9690721649484537,-0.8287782936356582,-0.02023608768971332,0.0029358879501694855,0.04395604395604396,0.0,0.0,0.0,0.054804804804804805,0.125,0.0,0.0,0.0,0.016963540617536188,0.06361323155216285,18.0,1812.0,72.50280583613917,0.0,65.36312849162012,33.85474860335196,0.33519553072625696,892.0,888.0,99.55156950672645,0.0,100.0,254.5,5.0,-1715.8999999999999,-7.25,268.0,286.0,294.0,-6.943292421251395,-0.026392561255067865,0.9366071428571429,1.2615241597075078,1.5680639585133973,0.5625,0.8333333333333334,1.0,1.0,1.0,0.5468217850851439,0.8307920332610405,0.9891579009226068,1.0,1.009983945414409,285.0,1715.900000000001,25.45045045045045,64.97747747747748,66.14349775784753,33.18385650224215,0.2242152466367713,100.0,apdf,895.0,99.55232106621239,0.4923648246891403,Warsaw Chopin Airport,52.165699,20.9671,yes
194,LWSK,110.0,109.0,99.0909090909091,0.0,0.0,600.0,600.0,310.0,475.0,580.0,690.0,953.0000000000002,-2.2053333333333334,-1.5227272727272727,-1.0,-0.825,-0.4519696969696969,0.0,0.0,0.0,0.0,0.0,0.0,0.0,0.0,0.0,0.0,580.0,1017.0000000000002,99.08256880733946,0.0,90.9090909090909,7.2727272727272725,0.9090909090909091,113.0,113.0,100.0,0.0,0.0,,,-885.0,-680.0,-560.0,-345.0,-187.00000000000003,,,,,,,,,,,,,,,,560.0,893.0,99.11504424778761,,91.15044247787611,7.964601769911504,0.8849557522123894,0.0,nm_inferred,113.0,99.54545454545455,,Skopje International Airport,41.958087,21.622581,no
195,LIRQ,214.0,213.0,99.53271028037383,0.0,0.0,1200.0,1200.0,130.0,155.0,180.0,210.0,245.0,-0.705,-0.203125,-0.15833333333333333,-0.13229166666666667,-0.1125,0.0,0.0,0.0,0.0,0.0,0.0,0.0,0.0,0.0,0.0,180.0,253.0000000000001,99.53051643192488,0.0,92.05607476635514,6.074766355140187,1.4018691588785046,207.0,206.0,99.51690821256038,0.0,0.0,,,-353.0,-156.25,-60.0,103.75,160.0,,,,,,,,,,,,,,,,119.5,356.0,63.592233009708735,,94.20289855072464,4.830917874396135,0.4830917874396135,0.0,nm_inferred,214.0,99.5248092464671,,"Florence Airport, Peretola",43.808558,11.202822,no
196,ENVA,199.0,198.0,99.49748743718592,7.0,100.0,420.0,25.0,-5017.499999999999,-570.0,-427.5,-305.0,-170.49999999999983,0.7222222222222222,0.8707912457912458,0.9621212121212122,1.1024305555555556,11.229166666666666,0.75,0.8867521367521367,1.0,1.0,1.0,0.7361111111111112,0.8628472222222223,0.9444444444444444,1.0,1.0,432.5,5017.500000000002,1.0101010101010102,48.69109947643979,83.41708542713567,1.0050251256281406,15.075376884422111,200.0,199.0,99.5,0.0,99.5,180.0,5.0,413.0,460.0,555.0,1605.0,5049.000000000003,1.9722222222222223,2.5208333333333335,3.25,9.947916666666666,28.877777777777784,1.0,1.0,1.0,1.0,1.0,1.0,1.0,1.0,1.0,1.0,555.0,5183.000000000002,1.0050251256281406,98.48484848484848,83.0,3.5,13.0,100.0,apdf,200.0,99.49874371859296,0.9673488972640982,"Trondheim Airport, Værnes",63.457802,10.924,yes
197,LOWS,102.0,102.0,100.0,0.0,0.0,300.0,300.0,-4.499999999999993,20.0,40.0,50.0,79.00000000000006,-0.32666666666666655,-0.18263888888888888,-0.12083333333333333,-0.05,0.015000000000000095,0.0,0.0,0.0,0.0,0.04500000000000029,0.0,0.0,0.0,0.0,0.015000000000000095,40.0,94.50000000000003,89.2156862745098,0.9803921568627451,94.11764705882354,5.882352941176471,0.0,94.0,93.0,98.93617021276596,0.0,0.0,,,276.0,298.0,325.0,355.0,459.4,,,,,,,,,,,,,,,,330.0,509.0,7.526881720430108,,86.17021276595744,9.574468085106384,3.1914893617021276,0.0,nm_inferred,102.0,99.46808510638297,,Salzburg Airport,47.793301,13.0043,no
198,EGBB,476.0,473.0,99.36974789915966,0.0,99.78991596638656,778.0,750.0,-1.7999999999999972,4.0,9.0,424.0,984.0,-1.481013222735077,-0.48924122310305773,-0.0107095046854083,-0.0048134777376654635,0.002080390535229416,0.0,0.0,0.0,0.0,0.3793103448275862,0.0,0.0,0.0,0.0,0.3585121047643664,10.0,1197.2000000000005,88.58350951374207,0.0,67.43697478991596,30.672268907563026,1.2605042016806722,461.0,459.0,99.56616052060737,0.0,99.56616052060737,221.0,5.0,-1424.6,37.0,274.0,282.0,535.2,-7.061111111111111,0.1037463976945245,1.2445652173913044,1.7388535031847134,2.2703448275862073,0.6666666666666666,0.9090909090909091,1.0,1.0,1.0,0.6367262007976418,0.9364548494983278,0.9941520467836257,1.003787878787879,1.0125013076681662,281.0,1477.6,24.18300653594771,73.96061269146608,70.28199566160521,27.982646420824295,1.3015184381778742,99.78991596638656,apdf,476.0,99.46795420988352,0.4944313513356783,Birmingham Airport,52.453899,-1.74803,yes
199,LIEA,82.0,81.0,98.78048780487805,0.0,0.0,600.0,480.0,-255.0,-190.0,-120.0,-25.0,10.0,-0.016666666666666666,0.041666666666666664,0.2,0.31666666666666665,0.425,0.0,0.05,0.2,0.35,0.45,0.0,0.041666666666666664,0.2,0.31666666666666665,0.425,120.0,260.0,14.814814814814815,0.0,95.1219512195122,3.658536585365854,0.0,83.0,83.0,100.0,0.0,0.0,,,349.6,408.5,433.0,460.0,486.99999999999994,,,,,,,,,,,,,,,,433.0,486.99999999999994,0.0,,96.3855421686747,3.6144578313253013,0.0,0.0,nm_inferred,83.0,99.39024390243902,,Alghero-Fertilia Airport,40.632099,8.29077,no
200,EPPO,158.0,157.0,99.36708860759494,0.0,0.0,900.0,127.0,-991.0,-695.0,-593.0,-500.0,1505.000000000005,-1.83222222222222,0.6,0.7888888888888889,1.9,2.5733333333333337,0.5666666666666667,0.6666666666666666,0.8666666666666667,1.0,1.0,0.5511111111111111,0.6555555555555556,0.8333333333333334,1.0,1.0,635.0,2507.0,11.464968152866241,42.038216560509554,84.17721518987342,13.291139240506329,1.8987341772151898,157.0,156.0,99.36305732484077,0.0,0.0,,,242.5,545.0,605.0,701.25,2005.0,,,,,,,,,,,,,,,,627.5,2500.0,8.974358974358974,,88.53503184713375,8.9171974522293,1.910828025477707,0.0,nm_inferred,158.0,99.36507296621785,,Poznań-Ławica Airport,52.421598,16.823359,no
201,LIRN,470.0,466.0,99.14893617021276,1.0,99.36170212765958,660.0,660.0,175.0,190.0,210.0,238.75,305.0,-0.6488095238095237,-0.4270833333333333,-0.3181818181818182,-0.24305555555555555,-0.19368686868686866,0.0,0.0,0.0,0.0,0.0,0.0,0.0,0.0,0.0,0.0,210.0,307.5,99.35622317596567,0.21505376344086022,89.7872340425532,9.148936170212766,0.2127659574468085,467.0,465.0,99.57173447537473,0.0,99.78586723768737,240.0,240.0,-545.0,-395.0,-275.0,-190.0,-145.0,-2.436111111111111,-1.801388888888889,-1.2222222222222223,-0.7305555555555555,-0.48854166666666665,0.0,0.0,0.0,0.0,0.0,0.0,0.0,0.0,0.0,0.0,275.0,548.0000000000001,98.27956989247312,0.21551724137931033,89.72162740899357,9.635974304068522,0.21413276231263384,99.78586723768737,apdf,470.0,99.36033532279374,0.0,Naples International Airport,40.886002,14.2908,yes
202,LBWN,78.0,77.0,98.71794871794872,0.0,0.0,600.0,600.0,116.0,145.0,180.0,210.0,240.0,-0.5733333333333334,-0.35833333333333334,-0.275,-0.225,-0.17499999999999996,0.0,0.0,0.0,0.0,0.0,0.0,0.0,0.0,0.0,0.0,180.0,240.0,100.0,0.0,82.05128205128206,16.666666666666668,0.0,75.0,75.0,100.0,0.0,0.0,,,-267.0,-106.0,-49.0,-9.5,32.2000000000001,,,,,,,,,,,,,,,,67.0,267.00000000000006,78.66666666666667,,89.33333333333333,9.333333333333334,1.3333333333333333,0.0,nm_inferred,78.0,99.35897435897436,,Varna Airport,43.232101,27.8251,no
203,DTMB,74.0,74.0,100.0,0.0,0.0,900.0,900.0,55.0,413.75,642.5,1216.25,1343.5,-1.6927777777777777,-1.3652777777777778,-0.7138888888888888,-0.4597222222222222,-0.06111111111111111,0.0,0.0,0.0,0.0,0.0,0.0,0.0,0.0,0.0,0.0,642.5,1343.5,97.29729729729729,0.0,91.89189189189189,8.108108108108109,0.0,77.0,76.0,98.7012987012987,0.0,0.0,,,-1509.0,-1062.25,-773.0,-583.5,-232.0,,,,,,,,,,,,,,,,773.0,1509.0,92.10526315789474,,88.31168831168831,10.38961038961039,0.0,0.0,nm_inferred,77.0,99.35064935064935,,Monastir Habib Bourguiba International Airport,35.75809860229492,10.75469970703125,no
204,GMME,75.0,75.0,100.0,0.0,0.0,720.0,720.0,197.0,265.0,320.0,355.0,448.00000000000006,-0.7933333333333333,-0.5791666666666666,-0.44871794871794873,-0.3275793650793651,-0.2676923076923077,0.0,0.0,0.0,0.0,0.0,0.0,0.0,0.0,0.0,0.0,320.0,448.00000000000006,100.0,0.0,96.0,4.0,0.0,76.0,75.0,98.6842105263158,0.0,0.0,,,-343.2,-277.0,-209.0,-36.5,226.60000000000005,,,,,,,,,,,,,,,,236.0,351.4000000000001,77.33333333333333,,96.05263157894737,2.6315789473684212,0.0,0.0,nm_inferred,76.0,99.34210526315789,,Rabat-Salé Airport,34.051498,-6.75152,no
205,EKCH,1208.0,1202.0,99.50331125827815,0.0,99.66887417218543,683.0,690.0,28.0,31.0,35.0,42.75,47.90000000000009,-0.08611599297012303,-0.06606510743649223,-0.05150861623120048,-0.04123156451493367,-0.03213967587478998,0.0,0.0,0.0,0.0,0.0,0.0,0.0,0.0,0.0,0.0,35.0,48.0,99.00166389351081,0.08319467554076539,86.83774834437087,12.168874172185431,0.4966887417218543,1215.0,1205.0,99.17695473251028,0.0,99.91769547325103,317.0,63.0,118.4,256.0,262.0,265.0,269.0,0.31486534372785263,0.6461536356338337,0.7934588605358026,0.9386833493494013,1.0890688259109311,0.47443609022556393,0.6923076923076923,0.8181818181818182,0.9,1.0,0.4845243211164999,0.6778480111951803,0.8130161122550789,0.9532374100719424,1.0,262.0,270.0,6.721991701244813,25.664451827242527,86.66666666666667,12.016460905349794,0.49382716049382713,99.91769547325103,apdf,1215.0,99.34013299539421,0.40382564359408946,Copenhagen Kastrup Airport,55.617900848389,12.656000137329,yes
206,EGKB,75.0,74.0,98.66666666666667,0.0,0.0,600.0,600.0,-477.49999999999994,-113.75,52.5,75.0,95.0,-0.15833333333333333,-0.125,-0.0875,0.18958333333333333,0.7958333333333337,0.0,0.0,0.0,0.2,0.65,0.0,0.0,0.0,0.17708333333333331,0.6308333333333334,80.0,577.5000000000001,70.27027027027027,1.3513513513513513,86.66666666666667,5.333333333333333,6.666666666666667,76.0,76.0,100.0,0.0,0.0,,,270.0,291.0,429.5,500.5,619.0,,,,,,,,,,,,,,,,442.0,730.5,3.9473684210526314,,90.78947368421052,6.578947368421052,2.6315789473684212,0.0,nm_inferred,76.0,99.33333333333334,,London Biggin Hill Airport,51.33079910279999,0.0324999988079,no
207,LIPZ,442.0,439.0,99.32126696832579,0.0,100.0,660.0,660.0,-15.0,5.0,25.0,45.0,100.99999999999994,-0.1866666666666666,-0.06805555555555556,-0.034722222222222224,-0.00458829365079365,0.02606837606837604,0.0,0.0,0.0,0.0,0.0625,0.0,0.0,0.0,0.0,0.03787878787878788,30.0,522.9999999999998,78.35990888382688,2.050113895216401,85.06787330316742,13.800904977375566,0.45248868778280543,432.0,429.0,99.30555555555556,0.0,100.0,300.0,10.0,235.0,295.0,310.0,335.0,397.99999999999955,0.43299663299663305,0.7833333333333333,0.9666666666666667,1.1333333333333333,1.3791666666666664,0.5544444444444445,0.8333333333333334,1.0,1.0,1.0,0.54,0.8055555555555556,0.9833333333333333,1.0,1.0,315.0,541.0,3.4965034965034967,54.312354312354316,88.42592592592592,10.416666666666666,0.46296296296296297,100.0,apdf,442.0,99.31341126194067,0.48829093870454165,Venice Marco Polo Airport,45.505299,12.3519,yes
208,LICJ,347.0,345.0,99.42363112391931,0.0,0.0,720.0,720.0,36.99999999999999,80.0,105.0,140.0,220.0,-0.31180555555555556,-0.19444444444444445,-0.14583333333333334,-0.1111111111111111,-0.04930555555555532,0.0,0.0,0.0,0.0,0.0,0.0,0.0,0.0,0.0,0.0,110.0,283.0000000000001,93.04347826086956,0.0,94.81268011527378,4.034582132564841,0.5763688760806917,347.0,344.0,99.13544668587896,0.0,0.0,,,-353.5,-245.0,-165.0,175.0,260.0,,,,,,,,,,,,,,,,215.0,365.0,68.8953488372093,,95.38904899135447,3.170028818443804,0.5763688760806917,0.0,nm_inferred,347.0,99.27953890489914,,Falcone–Borsellino Airport,38.175999,13.091,no
209,EGAC,133.0,133.0,100.0,0.0,0.0,600.0,600.0,45.0,55.0,70.0,85.0,95.0,-0.16666666666666666,-0.15,-0.11666666666666667,-0.09166666666666666,-0.07527777777777778,0.0,0.0,0.0,0.0,0.0,0.0,0.0,0.0,0.0,0.0,70.0,95.0,100.0,0.0,86.46616541353383,12.781954887218046,0.7518796992481203,133.0,131.0,98.49624060150376,0.0,0.0,,,190.0,220.0,240.0,255.0,265.0,,,,,,,,,,,,,,,,240.0,270.0,4.580152671755725,,87.96992481203007,9.774436090225564,0.7518796992481203,0.0,nm_inferred,133.0,99.24812030075188,,George Best Belfast City Airport,54.618099,-5.8725,no
210,LKPR,667.0,663.0,99.40029985007496,0.0,99.10044977511244,720.0,35.0,-1184.0,-825.0,-635.0,-432.5,-255.0,0.45916666666666667,0.6582924836601307,0.9444444444444444,1.070855614973262,1.7481481481481487,0.5244318181818182,0.6961538461538461,0.9583333333333334,1.0,1.0,0.506043956043956,0.6753565062388591,0.9404761904761905,1.0,1.0,645.0,1391.0000000000032,4.374057315233785,47.51131221719457,90.55472263868066,7.646176911544228,1.199400299850075,670.0,663.0,98.95522388059702,0.0,99.1044776119403,240.0,5.0,446.0,525.0,575.0,642.5,763.0000000000007,1.4861111111111112,1.8111111111111111,2.1875,2.75,3.577777777777783,1.0,1.0,1.0,1.0,1.0,1.0,1.0,1.0,1.0,1.0,585.0,844.0000000000003,3.770739064856712,97.42033383915023,89.1044776119403,8.955223880597014,0.8955223880597015,99.1044776119403,apdf,670.0,99.17776186533598,0.9622604276220098,Václav Havel Airport Prague,50.100874,14.259911,yes
211,LGTS,303.0,301.0,99.33993399339934,0.0,0.0,600.0,295.0,-615.0,-475.0,-220.0,-65.0,60.0,-0.09722222222222222,0.10833333333333334,0.4537037037037037,0.8611111111111112,1.7333333333333334,0.0,0.13333333333333333,0.4666666666666667,0.8636363636363636,1.0,0.0,0.1111111111111111,0.44166666666666665,0.8333333333333334,1.0,230.0,650.0,21.92691029900332,19.93355481727575,90.0990099009901,8.910891089108912,0.33003300330033003,303.0,300.0,99.00990099009901,0.0,0.0,,,138.60000000000002,305.5,457.0,528.25,611.3000000000001,,,,,,,,,,,,,,,,460.0,626.8000000000002,4.333333333333333,,87.7887788778878,10.561056105610561,0.6600660066006601,0.0,nm_inferred,303.0,99.17491749174917,,Thessaloniki Macedonia International Airport,40.51928,22.970009,no
212,LIEO,302.0,298.0,98.67549668874172,0.0,0.0,600.0,600.0,18.500000000000014,200.0,255.0,325.0,405.0,-0.675,-0.5416666666666666,-0.4291666666666667,-0.3333333333333333,-0.03083333333333324,0.0,0.0,0.0,0.0,0.0,0.0,0.0,0.0,0.0,0.0,280.0,503.0000000000001,92.28187919463087,1.342281879194631,94.70198675496688,2.980132450331126,0.9933774834437086,302.0,301.0,99.66887417218543,0.0,0.0,,,-435.0,-305.0,-170.0,10.0,340.0,,,,,,,,,,,,,,,,235.0,565.0,74.08637873754152,,94.03973509933775,4.304635761589404,1.3245033112582782,0.0,nm_inferred,302.0,99.17218543046357,,Olbia Costa Smeralda Airport,40.898953,9.518457,no
213,EDDK,419.0,415.0,99.0453460620525,0.0,99.52267303102626,697.0,125.0,-965.5999999999999,-708.5,-518.0,-278.5,-26.399999999999977,0.042860434749212695,0.39190395332636707,0.8191681735985533,0.9420047155700504,1.15021782121464,0.15789473684210525,0.4478221415607986,0.8260869565217391,0.9444444444444444,1.0,0.10213577120684893,0.4185330015404669,0.8108108108108109,0.9218972108364731,1.0,566.0,1179.2,6.506024096385542,18.795180722891565,86.39618138424821,11.933174224343675,0.7159904534606205,416.0,413.0,99.27884615384616,0.0,100.0,359.0,5.0,284.0,481.0,608.0,723.0,1013.6000000000001,0.8087583746719539,1.3623762376237625,1.6445182724252492,1.976109215017065,2.77010590675838,0.9,1.0,1.0,1.0,1.0,0.9305068012286091,0.9923664122137404,1.0,1.0031847133757963,1.006536017174315,632.0,1846.6000000000008,7.263922518159807,88.86198547215497,84.85576923076923,13.221153846153847,1.2019230769230769,100.0,apdf,419.0,99.16209610794934,0.8978189782746765,Cologne Bonn Airport,50.865898,7.14274,yes
214,LGKO,172.0,171.0,99.4186046511628,0.0,0.0,600.0,540.0,-350.0,-175.0,5.0,50.0,85.0,-0.16666666666666666,-0.08333333333333333,-0.005555555555555556,0.24722222222222223,0.7722222222222223,0.0,0.0,0.0,0.3,0.6818181818181818,0.0,0.0,0.0,0.26666666666666666,0.6666666666666666,60.0,460.0,52.046783625730995,5.847953216374269,86.04651162790698,13.372093023255815,0.0,182.0,180.0,98.9010989010989,0.0,0.0,,,222.70000000000002,253.75,299.0,342.75,474.5,,,,,,,,,,,,,,,,302.0,488.3999999999999,2.2222222222222223,,79.67032967032966,19.23076923076923,0.0,0.0,nm_inferred,182.0,99.15985177613085,,"Kos International Airport ""Ippokratis""",36.794523,27.09115,no
215,EDDF,1952.0,1937.0,99.23155737704919,0.0,99.43647540983606,860.5,307.0,-1055.8,-799.0,-519.0,-319.0,2.0,-0.0025918630160693436,0.4200913242009132,0.6237113402061856,0.9320388349514563,1.0552768685215494,0.27701149425287364,0.46153846153846156,0.6451612903225806,0.9148936170212766,1.0,0.24534511368214829,0.4351851851851852,0.6218274111675127,0.8896797153024911,0.9935709199246124,587.0,1161.0,10.738255033557047,16.159008776458442,85.29713114754098,13.883196721311476,0.05122950819672131,1933.0,1915.0,99.0688049663735,0.0,100.0,521.0,5.0,278.0,564.0,699.0,834.5,979.0,0.514819596306693,1.1691391941391942,1.3526570048309179,1.5298537291504624,1.695325497287523,0.8888888888888888,1.0,1.0,1.0,1.0,0.8717818545236108,0.9924504374424106,0.9983221476510067,1.0020040080160322,1.0048543879821523,740.0,1269.6000000000001,8.77284595300261,84.75195822454307,80.28970512157268,18.67563372995344,0.10346611484738748,100.0,apdf,1952.0,99.15018117171135,0.8031906114106221,Frankfurt Main Airport,50.026706,8.55835,yes
216,EGPE,54.0,54.0,100.0,0.0,0.0,600.0,600.0,30.0,55.0,75.0,98.75,123.50000000000001,-0.2345238095238095,-0.17916666666666664,-0.125,-0.08025793650793651,-0.047619047619047616,0.0,0.0,0.0,0.0,0.0,0.0,0.0,0.0,0.0,0.0,75.0,123.50000000000001,96.29629629629629,0.0,79.62962962962963,20.37037037037037,0.0,58.0,57.0,98.27586206896552,0.0,0.0,,,-218.2,-152.0,-105.0,-42.0,185.4,,,,,,,,,,,,,,,,130.0,289.79999999999995,84.21052631578948,,82.75862068965517,13.793103448275861,1.7241379310344827,0.0,nm_inferred,58.0,99.13793103448276,,Inverness Airport,57.5425,-4.0475,no
217,EFHK,631.0,625.0,99.04912836767036,0.0,100.0,480.0,5.0,-750.0,-595.0,-435.0,-275.0,4143.000000000002,-6.1197479505689465,0.8776595744680851,1.0042735042735043,1.0740291262135921,1.1947589098532494,0.7107142857142857,0.9333333333333333,1.0,1.0,1.0,0.6760366998988585,0.9252669039145907,0.9883720930232558,0.9957627118644067,1.0,495.0,4604.000000000002,11.84,69.44,77.17908082408874,20.126782884310618,1.7432646592709984,622.0,617.0,99.19614147909968,0.0,100.0,232.0,5.0,271.0000000000001,455.0,530.0,640.0,836.9999999999999,1.1127431254191817,1.6624040920716112,2.1561338289962824,2.8980891719745223,4.254551820728291,1.0,1.0,1.0,1.0,1.0,1.0,1.0,1.0062893081761006,1.0130718954248366,1.0201035638135851,560.0,2273.999999999998,8.427876823338735,98.86547811993518,78.93890675241157,18.488745980707396,1.7684887459807075,100.0,apdf,631.0,99.12263492338502,0.9885804693342571,Helsinki Vantaa Airport,60.318363,24.963341,yes
218,LTFJ,1146.0,1142.0,99.65095986038395,0.0,0.0,900.0,900.0,20.0,35.0,55.0,75.0,139.50000000000045,-0.14944444444444438,-0.07777777777777778,-0.05555555555555555,-0.03888888888888889,-0.022222222222222223,0.0,0.0,0.0,0.0,0.0,0.0,0.0,0.0,0.0,0.0,55.0,140.0,99.47460595446584,0.0,86.47469458987784,13.089005235602095,0.08726003490401396,1163.0,1146.0,98.53826311263973,0.0,0.0,,,-20.0,175.0,225.0,250.0,275.0,,,,,,,,,,,,,,,,230.0,295.0,12.216404886561955,,88.65004299226139,9.888220120378332,0.0,0.0,nm_inferred,1163.0,99.09461148651184,,Istanbul Sabiha Gökçen International Airport,40.898602,29.3092,no
219,EPKT,268.0,266.0,99.25373134328358,0.0,0.0,780.0,780.0,15.0,25.0,35.0,58.75,1038.0,-1.4652777777777777,-0.08333333333333333,-0.04641025641025641,-0.03051282051282051,-0.02003205128205128,0.0,0.0,0.0,0.0,0.0,0.0,0.0,0.0,0.0,0.0,35.0,1038.0,99.62406015037594,0.0,78.35820895522389,20.52238805970149,0.373134328358209,260.0,257.0,98.84615384615384,0.0,0.0,,,-1475.0,165.0,215.0,240.0,260.0,,,,,,,,,,,,,,,,235.0,1475.0000000000002,20.622568093385215,,79.23076923076923,19.23076923076923,0.38461538461538464,0.0,nm_inferred,268.0,99.04994259471871,,Katowice Wojciech Korfanty International Airport,50.476015,19.080705,no
220,LEIB,516.0,510.0,98.83720930232558,0.0,99.6124031007752,498.0,5.0,-1526.4999999999998,-905.5,-697.5,-544.5,-337.0,0.8821447380649958,1.0245359083665881,1.349462365591398,1.8721934045005764,3.418751784462845,0.9126482213438735,1.0,1.0,1.0,1.0,0.8919097999174469,0.9895833333333333,1.0023939690890025,1.0058737151248165,1.0097881657570593,705.5,1681.2000000000016,2.7450980392156863,84.50980392156863,91.27906976744185,6.395348837209302,1.1627906976744187,515.0,511.0,99.22330097087378,0.0,99.80582524271846,184.5,5.0,453.0,498.0,549.0,603.5,815.0,1.9332749798007003,2.3457941354458933,2.8421052631578947,3.990847734942223,8.84370922646785,0.875,1.0,1.0,1.0,1.0,0.9689922480620154,0.9805094286518437,0.9876543209876544,0.9945865264658705,1.0,551.0,891.0,0.9784735812133072,96.27450980392157,91.6504854368932,6.601941747572815,0.970873786407767,99.80582524271846,apdf,516.0,99.03025513659968,0.9853749495022261,Ibiza Airport,38.872898,1.37312,yes
221,EDDH,496.0,491.0,98.99193548387096,0.0,99.59677419354838,556.5,76.0,-802.0,-626.5,-453.0,-183.0,-13.0,0.0226928895612708,0.3518786497649907,0.9097222222222222,1.0013190192461963,1.1536273115220483,0.1,0.4375,0.8888888888888888,1.0,1.0,0.04366812227074236,0.3995635412597863,0.8474576271186441,0.9762608318382758,0.9984152139461172,482.0,1077.0,6.720977596741344,32.586558044806516,88.70967741935483,9.274193548387096,1.0080645161290323,504.0,499.0,99.0079365079365,0.0,99.40476190476191,308.0,5.0,308.8,479.5,564.0,642.0,724.5999999999999,1.0840369997252495,1.620303889044054,1.8599806798056617,2.150238988653623,2.595104516716979,1.0,1.0,1.0,1.0,1.0,0.9788903625110521,0.9930211827151649,1.0,1.0032109034528998,1.0092819916440539,582.0,923.2,6.212424849699399,92.54032258064517,86.30952380952381,11.904761904761905,0.7936507936507936,99.59677419354838,apdf,504.0,98.99993599590374,0.9144909341994498,Hamburg Helmut Schmidt Airport,53.630402,9.98823,yes
222,LTBJ,377.0,373.0,98.93899204244032,0.0,0.0,780.0,780.0,80.0,100.0,120.0,170.0,244.00000000000006,-0.35833333333333334,-0.2388888888888889,-0.16025641025641027,-0.125,-0.1,0.0,0.0,0.0,0.0,0.0,0.0,0.0,0.0,0.0,0.0,120.0,245.0,99.73190348525469,0.2680965147453083,89.65517241379311,9.018567639257295,0.26525198938992045,378.0,374.0,98.94179894179894,0.0,0.0,,,-483.2,-333.75,-235.0,-91.25,85.0,,,,,,,,,,,,,,,,237.5,485.0,86.63101604278074,,89.68253968253968,8.994708994708995,0.26455026455026454,0.0,nm_inferred,378.0,98.94039549211962,,Adnan Menderes International Airport,38.2924,27.157,no
223,EHRD,92.0,91.0,98.91304347826087,0.0,0.0,600.0,10.0,-1680.0,-1120.0,-680.0,-467.5,-125.0,0.20833333333333334,0.7458333333333333,1.165,1.8833333333333333,2.825,0.5,0.85,1.0,1.0,1.0,0.49166666666666664,0.8333333333333333,0.9916666666666667,1.0,1.0,715.0,1775.0,5.4945054945054945,64.83516483516483,89.1304347826087,8.695652173913043,1.0869565217391304,96.0,95.0,98.95833333333333,0.0,0.0,,,438.6,507.0,538.0,577.0,1215.6000000000042,,,,,,,,,,,,,,,,545.0,2326.200000000006,6.315789473684211,,85.41666666666667,12.5,1.0416666666666667,0.0,nm_inferred,96.0,98.9356884057971,,Rotterdam The Hague Airport,51.956902,4.43722,no
224,LYBE,406.0,403.0,99.26108374384236,0.0,0.0,600.0,155.0,-853.0,-640.0,-470.0,-262.5,-85.0,0.14166666666666666,0.4083333333333333,0.7371794871794872,1.0117424242424242,1.3816666666666668,0.22444444444444447,0.45,0.75,1.0,1.0,0.2061111111111111,0.4458333333333333,0.7435897435897436,0.9666666666666667,1.0,490.0,964.0,4.714640198511166,26.799007444168733,91.6256157635468,7.142857142857143,0.49261083743842365,411.0,405.0,98.54014598540147,0.0,0.0,,,346.20000000000005,452.0,542.0,635.0,704.0,,,,,,,,,,,,,,,,555.0,732.6000000000003,2.4691358024691357,,89.05109489051095,8.75912408759124,0.7299270072992701,0.0,nm_inferred,411.0,98.90061486462191,,Belgrade Nikola Tesla Airport,44.818401,20.309099,no
225,EBLG,105.0,105.0,100.0,0.0,0.0,900.0,900.0,30.0,40.0,60.0,80.0,103.00000000000004,-0.209047619047619,-0.09444444444444444,-0.06666666666666667,-0.046536796536796536,-0.030382775119617227,0.0,0.0,0.0,0.0,0.0,0.0,0.0,0.0,0.0,0.0,60.0,103.00000000000004,100.0,0.0,72.38095238095238,26.666666666666668,0.9523809523809523,88.0,86.0,97.72727272727273,0.0,0.0,,,-2332.5,259.5,285.5,300.0,327.5,,,,,,,,,,,,,,,,298.0,2332.5,16.27906976744186,,52.27272727272727,43.18181818181818,2.272727272727273,0.0,nm_inferred,105.0,98.86363636363637,,Liège Airport,50.638574,5.443897,no
226,LTFH,44.0,43.0,97.72727272727273,0.0,0.0,600.0,600.0,-39.99999999999999,37.5,355.0,2852.5,3137.0,-5.045,-4.440277777777778,-0.5916666666666667,-0.05208333333333333,0.04888888888888915,0.0,0.0,0.0,0.0,0.06666666666666667,0.0,0.0,0.0,0.0,0.06111111111111111,355.0,3137.0,88.37209302325581,0.0,61.36363636363637,36.36363636363637,0.0,47.0,47.0,100.0,0.0,0.0,,,-2309.0,-1895.0,-1475.0,230.0,252.0,,,,,,,,,,,,,,,,1475.0,2308.9999999999995,63.829787234042556,,72.34042553191489,27.659574468085108,0.0,0.0,nm_inferred,47.0,98.86363636363637,,Samsun-Çarşamba Airport,41.253988,36.567546,no
227,EPRZ,43.0,42.0,97.67441860465117,0.0,0.0,300.0,5.0,-418.4999999999999,-143.75,60.0,698.75,1037.0,-2.9349999999999996,-1.25,-0.2,0.29583333333333334,0.7005555555555554,0.5066666666666667,0.6666666666666666,1.0,1.0,1.0,0.4866666666666667,0.6611111111111111,1.0,1.0,1.0,382.5,1037.0,54.76190476190476,59.523809523809526,39.53488372093023,58.13953488372093,0.0,39.0,39.0,100.0,0.0,0.0,,,-1201.0,-935.0,-85.0,115.0,383.00000000000017,,,,,,,,,,,,,,,,515.0,1201.0,53.84615384615385,,41.02564102564103,58.97435897435897,0.0,0.0,nm_inferred,43.0,98.83720930232559,,Rzeszów-Jasionka Airport,50.109791,22.024155,no
228,LCPH,123.0,121.0,98.3739837398374,0.0,0.0,720.0,720.0,-25.0,21.0,70.0,395.0,2255.0,-3.0833333333333335,-0.8333333333333334,-0.1111111111111111,-0.03333333333333333,0.027777777777777776,0.0,0.0,0.0,0.0,0.07142857142857142,0.0,0.0,0.0,0.0,0.05357142857142857,125.0,2255.0,86.77685950413223,0.8264462809917356,75.60975609756098,22.764227642276424,0.0,133.0,132.0,99.24812030075188,0.0,0.0,,,-959.9999999999998,-5.0,110.0,247.5,429.5,,,,,,,,,,,,,,,,207.5,960.0000000000009,26.515151515151516,,75.18796992481202,24.06015037593985,0.0,0.0,nm_inferred,133.0,98.81105202029464,,Paphos International Airport,34.717999,32.485699,no
229,LKMT,40.0,40.0,100.0,0.0,0.0,300.0,300.0,54.5,65.0,77.5,110.0,580.0000000000005,-2.248333333333333,-0.36666666666666664,-0.25,-0.21666666666666667,-0.18166666666666664,0.0,0.0,0.0,0.0,0.0,0.0,0.0,0.0,0.0,0.0,77.5,580.0000000000005,100.0,0.0,92.5,7.5,0.0,40.0,39.0,97.5,0.0,0.0,,,-136.99999999999997,122.5,195.0,249.0,284.00000000000006,,,,,,,,,,,,,,,,205.0,322.0,15.384615384615385,,80.0,17.5,0.0,0.0,nm_inferred,40.0,98.75,,Leoš Janáček Airport Ostrava,49.696301,18.111099,no
230,EDDS,373.0,368.0,98.65951742627345,0.0,100.0,700.0,10.0,-1556.3999999999999,-925.0,-718.5,-530.5,414.5000000000004,-0.5787493442830526,0.8902636644116732,0.9869175351232953,1.3937958610410457,2.383792938169037,0.8947368421052632,0.9411764705882353,1.0,1.0,1.0,0.872387544351222,0.9271375415164378,0.9947643979057592,1.0020988110446871,1.0049110272962454,745.0,1835.2000000000003,12.5,68.75,84.71849865951742,12.868632707774799,1.0723860589812333,383.0,378.0,98.69451697127937,0.0,100.0,317.0,5.0,-705.6999999999999,491.0,597.5,721.0,852.9000000000001,-1.7961076739523498,1.5871973647281268,1.8745383013675698,2.397285067873303,3.2370909090909104,1.0,1.0,1.0,1.0,1.0,0.9859154929577465,0.9933774834437087,1.0,1.0041626654777418,1.008166169693684,647.0,1073.8000000000002,13.756613756613756,98.94179894179894,81.20104438642298,16.449086161879894,1.0443864229765014,100.0,apdf,383.0,98.67701719877641,0.9841870039982673,Stuttgart Airport,48.689899,9.22196,yes
231,LGIR,443.0,437.0,98.64559819413093,0.0,0.0,600.0,600.0,365.0,400.0,435.0,480.0,777.0000000000002,-1.4166666666666667,-0.8833333333333333,-0.7416666666666667,-0.6666666666666666,-0.575,0.0,0.0,0.0,0.0,0.0,0.0,0.0,0.0,0.0,0.0,435.0,777.0000000000002,100.0,0.0,85.77878103837472,12.866817155756207,0.0,463.0,457.0,98.70410367170626,0.0,0.0,,,-595.0,-441.0,-348.0,-233.0,-172.19999999999993,,,,,,,,,,,,,,,,348.0,595.0000000000002,99.56236323851203,,85.7451403887689,12.742980561555076,0.2159827213822894,0.0,nm_inferred,463.0,98.67485093291859,,Heraklion International Nikos Kazantzakis Airport,35.339699,25.1803,no
232,LEVX,37.0,36.0,97.29729729729729,0.0,0.0,300.0,300.0,125.0,143.75,165.0,190.0,205.0,-0.6833333333333333,-0.6333333333333333,-0.5345238095238095,-0.44761904761904764,-0.375,0.0,0.0,0.0,0.0,0.0,0.0,0.0,0.0,0.0,0.0,165.0,205.0,100.0,0.0,94.5945945945946,2.7027027027027026,0.0,36.0,36.0,100.0,0.0,0.0,,,-304.0,-144.75,-107.0,-71.25,-26.0,,,,,,,,,,,,,,,,107.0,304.0,94.44444444444444,,91.66666666666667,8.333333333333334,0.0,0.0,nm_inferred,37.0,98.64864864864865,,Vigo Airport,42.2318,-8.62677,no
233,LFPB,253.0,248.0,98.02371541501977,0.0,0.0,600.0,600.0,-154.49999999999994,5.0,25.0,45.0,65.0,-0.10833333333333334,-0.08333333333333333,-0.041666666666666664,-0.008333333333333333,0.26750000000000046,0.0,0.0,0.0,0.0,0.3,0.0,0.0,0.0,0.0,0.29750000000000015,40.0,356.0000000000002,79.83870967741936,2.0491803278688523,84.18972332015811,12.648221343873518,1.1857707509881423,235.0,233.0,99.14893617021276,0.0,0.0,,,251.2,270.0,288.0,307.0,327.6,,,,,,,,,,,,,,,,289.0,328.8,1.7167381974248928,,91.06382978723404,3.8297872340425534,4.25531914893617,0.0,nm_inferred,253.0,98.58632579261626,,Paris-Le Bourget International Airport,48.962276,2.436539,no
234,LECO,35.0,34.0,97.14285714285714,0.0,0.0,300.0,5.0,-604.5,-526.25,-457.5,-347.5,-227.00000000000003,0.7475,1.125,1.4277777777777778,1.7083333333333333,2.1666666666666665,0.81,1.0,1.0,1.0,1.0,0.7475,0.9624999999999999,1.0,1.0,1.0,457.5,604.5,0.0,76.47058823529412,97.14285714285714,0.0,0.0,34.0,34.0,100.0,0.0,0.0,,,430.3,498.5,540.0,570.0,613.4,,,,,,,,,,,,,,,,540.0,613.4,0.0,,91.17647058823529,5.882352941176471,2.9411764705882355,0.0,nm_inferred,35.0,98.57142857142857,,A Coruña Airport,43.302101,-8.37726,no
235,EKYT,68.0,67.0,98.52941176470588,0.0,0.0,600.0,600.0,5.0,15.0,30.0,45.0,65.0,-0.10833333333333334,-0.075,-0.05,-0.025,-0.008333333333333333,0.0,0.0,0.0,0.0,0.0,0.0,0.0,0.0,0.0,0.0,30.0,65.0,94.02985074626865,0.0,94.11764705882354,4.411764705882353,0.0,66.0,65.0,98.48484848484848,0.0,0.0,,,237.0,245.0,260.0,280.0,285.0,,,,,,,,,,,,,,,,260.0,290.0,3.076923076923077,,93.93939393939394,4.545454545454546,0.0,0.0,nm_inferred,68.0,98.50713012477718,,Aalborg Airport,57.094763,9.84993,no
236,LGAV,1346.0,1327.0,98.58841010401188,0.0,99.25705794947994,900.0,75.0,-1487.0,-1105.0,-790.0,-555.0,-330.0,0.5470899470899471,0.7847007223942208,0.927536231884058,0.9943486590038314,1.21868686868687,0.5833333333333334,0.7875939849624061,0.9230769230769231,1.0,1.0,0.5663157894736842,0.7671052631578947,0.9094202898550725,0.9755923202614378,1.0,825.0,1589.000000000001,2.7882441597588548,35.11680482290882,89.00445765230312,8.320950965824666,1.263001485884101,1339.0,1317.0,98.35698282300224,0.0,99.85063480209111,300.0,5.0,430.0,505.0,580.0,685.0,825.0,1.3628472222222223,1.7142857142857142,2.0833333333333335,2.8055555555555554,3.9166666666666665,1.0,1.0,1.0,1.0,1.0,1.0,1.0,1.0,1.0,1.0,580.0,827.0000000000005,0.37965072133637057,96.96048632218844,89.32038834951456,7.5429424943988055,1.4936519790888723,99.85063480209111,apdf,1346.0,98.47269646350706,0.9401288231208011,Athens Eleftherios Venizelos International Airport,37.936401,23.9445,yes
237,LIML,497.0,492.0,98.99396378269617,0.0,100.0,840.0,840.0,10.0,25.0,40.0,55.0,65.0,-0.13095238095238096,-0.07518939393939394,-0.04606481481481481,-0.025,-0.01114942528735631,0.0,0.0,0.0,0.0,0.0,0.0,0.0,0.0,0.0,0.0,40.0,65.0,96.7479674796748,0.0,91.34808853118712,7.042253521126761,0.6036217303822937,486.0,476.0,97.94238683127573,0.0,100.0,300.0,5.0,202.5,300.0,335.0,365.0,427.5,0.6166666666666667,0.9958333333333333,1.25,1.6944444444444444,1.9797619047619048,0.7,1.0,1.0,1.0,1.0,0.6888888888888889,1.0,1.0,1.0,1.0,335.0,445.0,2.100840336134454,82.14285714285714,91.35802469135803,5.349794238683128,1.2345679012345678,100.0,apdf,497.0,98.46817530698596,0.49234087653492975,Milano Linate Airport,45.445099,9.27674,yes
238,LCLK,325.0,318.0,97.84615384615384,0.0,0.0,600.0,600.0,-648.0,-27.5,110.0,168.75,1532.9,-2.115117521367521,-0.2916666666666667,-0.16666666666666666,0.03720238095238095,0.885,0.0,0.0,0.0,0.21428571428571427,0.755769230769231,0.0,0.0,0.0,0.19940476190476192,0.755769230769231,155.0,1781.000000000001,74.52830188679245,6.60377358490566,78.46153846153847,18.153846153846153,1.2307692307692308,328.0,325.0,99.08536585365853,0.0,0.0,,,-541.0,-55.0,115.0,335.0,520.0,,,,,,,,,,,,,,,,250.0,1275.0000000000132,31.076923076923077,,80.79268292682927,17.378048780487806,0.9146341463414634,0.0,nm_inferred,328.0,98.46575984990619,,Larnaca International Airport,34.875099,33.624901,no
239,ESNU,30.0,29.0,96.66666666666667,0.0,0.0,600.0,600.0,229.0,270.0,330.0,380.0,892.9999999999999,-1.4883333333333333,-0.6333333333333333,-0.55,-0.45,-0.3816666666666667,0.0,0.0,0.0,0.0,0.0,0.0,0.0,0.0,0.0,0.0,330.0,892.9999999999999,100.0,0.0,90.0,6.666666666666667,0.0,32.0,32.0,100.0,0.0,0.0,,,-522.5,-462.25,-410.5,-369.75,-211.6,,,,,,,,,,,,,,,,410.5,522.5,100.0,,96.875,3.125,0.0,0.0,nm_inferred,32.0,98.33333333333334,,Umeå Airport,63.791801,20.282801,no
240,LDZA,206.0,202.0,98.05825242718447,0.0,97.0873786407767,600.0,600.0,90.0,115.0,140.0,195.0,250.0,-0.4767676767676768,-0.3211996336996337,-0.24016203703703703,-0.17424242424242425,-0.13710317460317462,0.0,0.0,0.0,0.0,0.0,0.0,0.0,0.0,0.0,0.0,140.0,250.0,99.00990099009901,0.0,86.89320388349515,9.70873786407767,1.4563106796116505,206.0,203.0,98.54368932038835,0.0,99.02912621359224,240.0,240.0,-285.0,-190.0,-95.0,102.5,159.00000000000006,-1.2777777777777777,-0.7708333333333334,-0.3888888888888889,0.3333333333333333,0.5166666666666667,0.0,0.0,0.0,0.35714285714285715,0.5833333333333334,0.0,0.0,0.0,0.34375,0.5333333333333333,140.0,285.0,69.95073891625616,0.0,91.74757281553399,5.339805825242719,1.4563106796116505,99.02912621359224,apdf,206.0,98.30097087378641,0.0,Zagreb Franjo Tuđman International Airport,45.742901,16.0688,yes
241,LRCL,119.0,117.0,98.31932773109244,0.0,0.0,600.0,600.0,170.0,190.0,230.0,255.0,323.0000000000001,-0.5238888888888888,-0.4166666666666667,-0.3416666666666667,-0.2847222222222222,-0.23259259259259257,0.0,0.0,0.0,0.0,0.0,0.0,0.0,0.0,0.0,0.0,230.0,323.0000000000001,100.0,0.0,89.91596638655462,8.403361344537815,0.0,116.0,114.0,98.27586206896552,0.0,0.0,,,-317.0,-208.75,-60.0,45.0,79.4,,,,,,,,,,,,,,,,85.0,317.0,64.03508771929825,,85.34482758620689,12.931034482758621,0.0,0.0,nm_inferred,119.0,98.29759490002898,,Avram Iancu Cluj International Airport,46.786042,23.685733,no
242,HEGN,259.0,256.0,98.84169884169884,0.0,0.0,900.0,900.0,1559.5,1892.5,2840.0,4857.5,6855.0,-8.489444444444445,-5.815277777777777,-3.4013888888888886,-2.0833333333333335,-1.6838492063492063,0.0,0.0,0.0,0.0,0.0,0.0,0.0,0.0,0.0,0.0,2840.0,6855.0,100.0,0.0,69.11196911196912,29.72972972972973,0.0,265.0,259.0,97.73584905660377,0.0,0.0,,,-5127.4,-3826.5,-1607.0,-1253.0,-1083.3999999999999,,,,,,,,,,,,,,,,1607.0,5127.400000000001,100.0,,73.9622641509434,23.77358490566038,0.0,0.0,nm_inferred,265.0,98.2887739491513,,Hurghada International Airport,27.176776,33.796692,no
243,EDDB,774.0,760.0,98.19121447028424,0.0,99.6124031007752,583.0,464.0,-580.0,-344.5,-11.0,9.0,19.0,-0.03972415365325428,-0.015199261943812496,0.01834862385321101,0.5678172557682867,0.9344044096520367,0.0,0.0,0.1,0.5845588235294118,0.9473684210526315,0.0,0.0,0.04249641224979767,0.5647323752993856,0.9191870144284129,80.5,842.1000000000009,44.3421052631579,7.368421052631579,86.17571059431525,11.11111111111111,0.9043927648578811,788.0,774.0,98.22335025380711,0.0,99.74619289340102,320.0,5.0,185.60000000000002,300.0,437.0,519.5,612.0,0.5430457500698018,0.8638888888888889,1.2973684210526315,1.9923076923076923,2.4541125541125544,0.7158730158730159,0.9,1.0,1.0,1.0,0.7192909569311731,0.9021406727828746,0.9933774834437087,1.0,1.0076045627376427,456.0,680.5000000000002,5.943152454780361,69.85769728331178,85.91370558375634,11.421319796954315,0.8883248730964467,99.74619289340102,apdf,788.0,98.20728236204567,0.5086518008292221,Berlin Brandenburg Airport,52.361738,13.502341,yes
244,LTBS,209.0,207.0,99.04306220095694,0.0,0.0,720.0,720.0,220.0,245.0,290.0,432.5,613.0000000000001,-0.8361111111111111,-0.5798611111111112,-0.4236111111111111,-0.3611111111111111,-0.3113095238095238,0.0,0.0,0.0,0.0,0.0,0.0,0.0,0.0,0.0,0.0,290.0,613.0000000000001,99.51690821256038,0.0,82.29665071770334,16.74641148325359,0.0,216.0,210.0,97.22222222222223,0.0,0.0,,,-735.9999999999998,-418.75,-315.0,-143.75,-74.00000000000006,,,,,,,,,,,,,,,,315.0,735.9999999999993,94.28571428571429,,76.38888888888889,20.37037037037037,0.46296296296296297,0.0,nm_inferred,216.0,98.13264221158958,,Dalaman International Airport,36.7131,28.7925,no
245,LFKF,79.0,78.0,98.73417721518987,0.0,0.0,600.0,600.0,120.0,136.25,160.0,185.0,215.0,-0.36083333333333334,-0.30833333333333335,-0.26666666666666666,-0.21666666666666667,-0.18625,0.0,0.0,0.0,0.0,0.0,0.0,0.0,0.0,0.0,0.0,160.0,215.0,100.0,0.0,91.13924050632912,3.7974683544303796,3.7974683544303796,80.0,78.0,97.5,0.0,0.0,,,-351.3,-276.75,-83.5,95.25,148.79999999999998,,,,,,,,,,,,,,,,178.5,351.3,55.12820512820513,,95.0,2.5,0.0,0.0,nm_inferred,80.0,98.11708860759494,,Figari Sud-Corse Airport,41.50185,9.097092,no
246,EFOU,26.0,25.0,96.15384615384616,0.0,0.0,480.0,480.0,2.0000000000000018,10.0,25.0,40.0,50.0,-0.13333333333333333,-0.10416666666666667,-0.052083333333333336,-0.020833333333333332,-0.006666666666666643,0.0,0.0,0.0,0.0,0.0,0.0,0.0,0.0,0.0,0.0,25.0,50.0,92.0,0.0,84.61538461538461,11.538461538461538,0.0,25.0,25.0,100.0,0.0,0.0,,,-5.1999999999999815,227.0,269.0,278.0,293.6,,,,,,,,,,,,,,,,275.0,296.6,12.0,,88.0,12.0,0.0,0.0,nm_inferred,26.0,98.07692307692308,,Oulu Airport,64.930099,25.354601,no
247,EPGD,277.0,270.0,97.47292418772564,0.0,0.0,600.0,600.0,0.0,15.0,30.0,1282.5,2777.0,-4.210833333333333,-2.1375,-0.041666666666666664,-0.017857142857142856,0.0,0.0,0.0,0.0,0.0,0.0,0.0,0.0,0.0,0.0,0.0,30.0,2777.0,93.70370370370371,0.0,77.61732851985559,19.494584837545126,0.36101083032490977,276.0,272.0,98.55072463768116,0.0,0.0,,,-1497.5,-325.0,237.5,275.0,294.5,,,,,,,,,,,,,,,,275.0,1497.5000000000005,41.1764705882353,,83.69565217391305,14.855072463768115,0.0,0.0,nm_inferred,277.0,98.01182441270339,,Gdańsk Lech Wałęsa Airport,54.377602,18.4662,no
248,LDPL,50.0,49.0,98.0,0.0,0.0,420.0,300.0,-427.99999999999994,35.0,60.0,100.0,2358.0000000000005,-3.954444444444441,-0.25,-0.11666666666666667,-0.05555555555555555,0.6296969696969698,0.0,0.0,0.0,0.0,0.6072727272727274,0.0,0.0,0.0,0.0,0.5990909090909092,85.0,2523.0000000000005,81.63265306122449,4.081632653061225,84.0,12.0,2.0,50.0,49.0,98.0,0.0,0.0,,,-18.199999999999985,155.0,225.0,261.0,544.8000000000001,,,,,,,,,,,,,,,,237.0,578.2,12.244897959183673,,84.0,8.0,6.0,0.0,nm_inferred,50.0,98.0,,Pula Airport,44.893501,13.9222,no
249,EGPD,123.0,120.0,97.5609756097561,0.0,0.0,600.0,367.5,-621.0,-481.25,-237.5,-65.0,45.50000000000004,-0.07583333333333332,0.11458333333333334,0.37222222222222223,0.7677083333333334,1.0516666666666667,0.0,0.15,0.4,0.7916666666666666,1.0,0.0,0.11666666666666667,0.38333333333333336,0.7677083333333334,0.9597222222222224,240.0,621.0000000000001,19.166666666666668,11.666666666666666,80.48780487804878,16.260162601626018,0.8130081300813008,121.0,119.0,98.34710743801652,0.0,0.0,,,273.4,410.0,480.0,541.0,706.8000000000006,,,,,,,,,,,,,,,,489.0,1790.4,2.5210084033613445,,85.9504132231405,11.570247933884298,0.8264462809917356,0.0,nm_inferred,123.0,97.9540415238863,,Aberdeen International Airport,57.2019,-2.19778,no
250,LGHI,24.0,23.0,95.83333333333333,0.0,0.0,300.0,300.0,196.0,292.5,390.0,512.5,615.6,-2.0566666666666666,-1.4833333333333334,-1.1333333333333333,-0.64,-0.3333333333333333,0.0,0.0,0.0,0.0,0.0,0.0,0.0,0.0,0.0,0.0,390.0,615.6,100.0,0.0,95.83333333333333,0.0,0.0,23.0,23.0,100.0,0.0,0.0,,,-292.0,-228.5,-190.0,-163.5,-122.79999999999998,,,,,,,,,,,,,,,,190.0,292.0,95.65217391304348,,95.65217391304348,0.0,4.3478260869565215,0.0,nm_inferred,24.0,97.91666666666666,,Chios Island National Airport,38.34320068359375,26.140600204467773,no
251,LJLJ,92.0,90.0,97.82608695652173,0.0,97.82608695652173,607.0,600.0,31.9,40.0,46.0,53.75,108.00000000000026,-0.21073741244879077,-0.10887356255268762,-0.07679759066382232,-0.05859787658916372,-0.04880372006115169,0.0,0.0,0.0,0.0,0.0,0.0,0.0,0.0,0.0,0.0,46.0,135.0,97.77777777777777,0.0,84.78260869565217,10.869565217391305,2.1739130434782608,92.0,90.0,97.82608695652173,0.0,98.91304347826086,204.0,5.0,29.80000000000003,247.0,267.5,274.75,282.3,0.12635351820411267,0.9818840579710145,1.264367816091954,1.4516129032258065,1.6503315029489527,0.6290909090909091,1.0,1.0,1.0,1.0,0.5897379793227941,0.9836065573770492,0.9951456310679611,1.0040983606557377,1.0104178150148826,269.5,332.5000000000002,10.0,84.26966292134831,82.6086956521739,14.130434782608695,1.0869565217391304,98.91304347826086,apdf,92.0,97.82608695652173,0.48675601519628525,Ljubljana Jože Pučnik Airport,46.223701,14.4576,yes
252,LGRP,360.0,353.0,98.05555555555556,0.0,0.0,600.0,38.0,-1006.6,-755.0,-572.0,-386.0,-159.5999999999998,0.2831851851851852,0.6122222222222222,0.9566666666666667,1.5270833333333333,3.2611111111111115,0.34692307692307695,0.6333333333333333,0.9666666666666667,1.0,1.0,0.32307692307692315,0.6176470588235294,0.9416666666666667,1.0,1.0,595.0,1250.6000000000001,6.515580736543909,49.008498583569406,78.05555555555556,19.166666666666668,0.8333333333333334,374.0,365.0,97.59358288770053,0.0,0.0,,,416.8,517.0,604.0,725.0,869.0000000000001,,,,,,,,,,,,,,,,611.0,894.8000000000001,2.191780821917808,,77.27272727272727,19.25133689839572,1.0695187165775402,0.0,nm_inferred,374.0,97.82456922162805,,"Rhodes International Airport ""Diagoras""",36.405399,28.086201,no
253,LGPA,46.0,45.0,97.82608695652173,0.0,0.0,300.0,300.0,77.0,95.0,175.0,255.0,478.0,-1.5933333333333333,-0.85,-0.5833333333333334,-0.31666666666666665,-0.25666666666666665,0.0,0.0,0.0,0.0,0.0,0.0,0.0,0.0,0.0,0.0,175.0,478.0,97.77777777777777,0.0,97.82608695652173,0.0,0.0,45.0,44.0,97.77777777777777,0.0,0.0,,,162.8,265.5,368.5,436.25,486.6000000000001,,,,,,,,,,,,,,,,368.5,486.6000000000001,4.545454545454546,,97.77777777777777,0.0,0.0,0.0,nm_inferred,46.0,97.80193236714976,,Paros National Airport,37.020495,25.113195,no
254,LTFM,2132.0,2093.0,98.17073170731707,0.0,99.671669793621,900.0,900.0,75.0,95.0,120.0,160.0,285.0,-0.352051282051282,-0.2013888888888889,-0.1388888888888889,-0.10087719298245613,-0.078125,0.0,0.0,0.0,0.0,0.0,0.0,0.0,0.0,0.0,0.0,120.0,285.0,99.95222169135212,0.0,78.56472795497186,19.465290806754222,0.14071294559099437,2130.0,2075.0,97.41784037558685,0.0,99.81220657276995,720.0,530.0,-1265.0,200.0,225.0,245.0,265.0,-2.4912499999999995,0.17803030303030304,0.2708333333333333,0.38333333333333336,0.5233766233766235,0.15217391304347827,0.21428571428571427,0.3125,0.4444444444444444,0.5714285714285714,0.1434074074074074,0.20643547273982055,0.2986111111111111,0.4083333333333333,0.5476190476190477,235.0,1373.0000000000246,14.795180722891565,1.2530120481927711,77.98122065727699,19.342723004694836,0.09389671361502347,99.81220657276995,apdf,2132.0,97.79428604145195,0.14601230207577895,İstanbul Airport,41.274874,28.732136,yes
255,LTFE,195.0,191.0,97.94871794871794,0.0,0.0,600.0,600.0,95.0,120.0,160.0,200.0,240.0,-0.38333333333333336,-0.3208333333333333,-0.24166666666666667,-0.18333333333333332,-0.14743589743589744,0.0,0.0,0.0,0.0,0.0,0.0,0.0,0.0,0.0,0.0,160.0,245.0,99.47643979057591,0.0,88.2051282051282,8.717948717948717,1.0256410256410255,202.0,197.0,97.52475247524752,0.0,0.0,,,-53.999999999999986,45.0,110.0,140.0,160.0,,,,,,,,,,,,,,,,120.0,165.0,20.304568527918782,,85.64356435643565,11.386138613861386,0.49504950495049505,0.0,nm_inferred,202.0,97.73673521198273,,Milas Bodrum International Airport,37.249314,27.66401,no
256,EDSB,80.0,78.0,97.5,0.0,0.0,780.0,744.5,0.10000000000000053,13.0,18.5,30.0,332.7,-1.0953333333333333,-0.09583333333333333,-0.028205128205128206,-0.016666666666666666,0.0016666666666666189,0.0,0.0,0.0,0.0,0.034871794871794856,0.0,0.0,0.0,0.0,0.016666666666666666,19.0,347.9999999999999,89.74358974358974,0.0,87.5,8.75,1.25,85.0,83.0,97.6470588235294,0.0,0.0,,,-55.39999999999982,218.0,256.0,269.5,284.0,,,,,,,,,,,,,,,,260.0,584.799999999999,10.843373493975903,,78.82352941176471,16.470588235294116,2.3529411764705883,0.0,nm_inferred,85.0,97.5735294117647,,Karlsruhe Baden-Baden Airport,48.7794,8.0805,no
257,EDFH,81.0,78.0,96.29629629629629,0.0,0.0,600.0,660.0,55.0,65.0,80.0,100.0,1526.9999999999998,-2.1594230769230767,-0.24702380952380953,-0.11237373737373738,-0.08722222222222223,-0.07222222222222222,0.0,0.0,0.0,0.0,0.0,0.0,0.0,0.0,0.0,0.0,80.0,1526.9999999999998,100.0,0.0,76.54320987654322,19.753086419753085,0.0,80.0,79.0,98.75,0.0,0.0,,,-1862.6,175.5,202.0,214.0,225.2,,,,,,,,,,,,,,,,209.0,1862.6000000000001,18.9873417721519,,73.75,25.0,0.0,0.0,nm_inferred,81.0,97.52314814814815,,Frankfurt-Hahn Airport,49.946353,7.261734,no
258,LGKL,40.0,39.0,97.5,0.0,0.0,480.0,480.0,43.0,105.0,175.0,332.5,397.0,-0.812202380952381,-0.640625,-0.3416666666666667,-0.17222222222222222,-0.07591666666666665,0.0,0.0,0.0,0.0,0.0,0.0,0.0,0.0,0.0,0.0,175.0,397.0,97.43589743589743,0.0,80.0,17.5,0.0,40.0,39.0,97.5,0.0,0.0,,,-302.6,-125.5,41.0,96.5,116.4,,,,,,,,,,,,,,,,103.0,302.6000000000001,46.15384615384615,,87.5,10.0,0.0,0.0,nm_inferred,40.0,97.5,,Kalamata Airport,37.06829833984375,22.02549934387207,no
259,HLLB,20.0,20.0,100.0,0.0,0.0,600.0,600.0,429.8,577.0,845.0,1399.75,2053.8,-3.423,-2.3329166666666667,-1.4083333333333332,-0.9616666666666667,-0.7163333333333328,0.0,0.0,0.0,0.0,0.0,0.0,0.0,0.0,0.0,0.0,845.0,2053.8,100.0,0.0,100.0,0.0,0.0,19.0,18.0,94.73684210526316,0.0,0.0,,,-1437.2999999999997,-616.0,-420.5,159.25,440.50000000000006,,,,,,,,,,,,,,,,498.0,1437.3000000000009,72.22222222222223,,94.73684210526316,0.0,0.0,0.0,nm_inferred,20.0,97.36842105263159,,Benina International Airport,32.096802,20.269501,no
260,LICB,20.0,20.0,100.0,0.0,0.0,420.0,420.0,39.9,61.25,72.5,90.0,111.00000000000001,-0.2642857142857143,-0.21428571428571427,-0.17261904761904762,-0.14583333333333334,-0.09499999999999999,0.0,0.0,0.0,0.0,0.0,0.0,0.0,0.0,0.0,0.0,72.5,111.00000000000001,100.0,0.0,100.0,0.0,0.0,19.0,18.0,94.73684210526316,0.0,0.0,,,242.0,257.5,292.5,315.0,326.5,,,,,,,,,,,,,,,,292.5,326.5,0.0,,94.73684210526316,0.0,0.0,0.0,nm_inferred,20.0,97.36842105263159,,Comiso Airport,36.99583,14.60889,no
261,OKKK,38.0,38.0,100.0,0.0,0.0,600.0,600.0,5299.5,6998.75,8478.0,10051.75,10498.500000000002,-17.497500000000002,-16.752916666666668,-14.129999999999999,-11.664583333333333,-8.8325,0.0,0.0,0.0,0.0,0.0,0.0,0.0,0.0,0.0,0.0,8478.0,10498.500000000002,100.0,0.0,73.6842105263158,26.31578947368421,0.0,37.0,35.0,94.5945945945946,0.0,0.0,,,-9902.8,-6592.5,-5318.0,-4849.5,-4707.2,,,,,,,,,,,,,,,,5318.0,9902.8,100.0,,70.27027027027027,24.324324324324323,0.0,0.0,nm_inferred,38.0,97.29729729729729,,Kuwait International Airport,29.224487,47.969813,no
262,LFKB,92.0,89.0,96.73913043478261,0.0,0.0,360.0,360.0,104.0,120.0,145.0,180.0,216.0,-0.5833333333333334,-0.4861111111111111,-0.375,-0.28703703703703703,-0.24814814814814812,0.0,0.0,0.0,0.0,0.0,0.0,0.0,0.0,0.0,0.0,145.0,216.0,100.0,0.0,95.65217391304348,1.0869565217391304,0.0,91.0,89.0,97.8021978021978,0.0,0.0,,,-219.2,-113.0,-32.0,77.0,164.0,,,,,,,,,,,,,,,,105.0,264.8,56.17977528089887,,96.7032967032967,1.098901098901099,0.0,0.0,nm_inferred,92.0,97.2706641184902,,Bastia-Poretta International airport,42.5527,9.48373,no
263,LBBG,91.0,88.0,96.7032967032967,0.0,0.0,300.0,300.0,-561.5,-75.0,90.0,125.0,171.79999999999998,-0.6106666666666666,-0.4025,-0.1111111111111111,0.16805555555555554,1.0219999999999985,0.0,0.0,0.0,0.2,0.8041666666666666,0.0,0.0,0.0,0.16805555555555554,0.7943055555555555,125.0,813.7999999999993,67.04545454545455,7.954545454545454,68.13186813186813,28.571428571428573,0.0,92.0,90.0,97.82608695652173,0.0,0.0,,,-322.09999999999997,-125.75,95.0,436.5,638.1,,,,,,,,,,,,,,,,207.5,638.1,35.55555555555556,,77.17391304347827,20.652173913043477,0.0,0.0,nm_inferred,92.0,97.26469182990922,,Burgas Airport,42.569917,27.515173,no
264,EGPK,35.0,34.0,97.14285714285714,0.0,0.0,900.0,900.0,-13.499999999999998,5.0,22.5,48.75,2160.0,-2.4583333333333335,-0.06041666666666667,-0.030555555555555555,-0.005555555555555556,0.016666666666666666,0.0,0.0,0.0,0.0,0.04499999999999999,0.0,0.0,0.0,0.0,0.016666666666666666,27.5,2160.0,82.3529411764706,0.0,65.71428571428571,31.428571428571427,0.0,35.0,34.0,97.14285714285714,0.0,0.0,,,89.80000000000001,244.25,255.5,272.5,283.0,,,,,,,,,,,,,,,,262.0,324.29999999999995,8.823529411764707,,80.0,17.142857142857142,0.0,0.0,nm_inferred,35.0,97.14285714285714,,Glasgow Prestwick Airport,55.501499,-4.577182,no
265,ESSA,888.0,866.0,97.52252252252252,0.0,100.0,600.0,5.0,-985.0,-750.0,-602.5,-485.0,-340.0,0.7916666666666666,0.9539141414141414,1.0,1.0833333333333333,1.296957671957672,0.9330357142857143,1.0,1.0,1.0,1.0,0.9078703703703703,0.9612179487179487,0.9930555555555556,1.0,1.0,632.5,1887.5,7.043879907621247,79.33025404157044,86.14864864864865,10.81081081081081,0.5630630630630631,883.0,854.0,96.71574178935447,0.0,100.0,420.0,5.0,490.0,595.0,750.0,865.0,1023.5000000000002,1.357979797979798,1.625,1.8452380952380953,2.375,3.0145833333333343,1.0,1.0,1.0,1.0,1.0,0.9924242424242424,1.0,1.0,1.0,1.0,777.5,1538.5000000000025,5.152224824355972,99.41451990632318,84.71121177802945,11.211778029445073,0.7927519818799547,100.0,apdf,888.0,97.1191321559385,0.9678191294706372,Stockholm-Arlanda Airport,59.64849,17.928829,yes
266,OLBA,82.0,80.0,97.5609756097561,0.0,0.0,600.0,600.0,131.8,191.5,305.0,515.0,2779.0,-4.631666666666666,-0.8395833333333333,-0.51,-0.31916666666666665,-0.22616666666666663,0.0,0.0,0.0,0.0,0.0,0.0,0.0,0.0,0.0,0.0,305.0,2779.0,100.0,0.0,93.90243902439025,3.658536585365854,0.0,84.0,81.0,96.42857142857143,0.0,0.0,,,-1060.0,-733.0,-519.0,-286.0,-43.0,,,,,,,,,,,,,,,,519.0,1060.0,91.35802469135803,,90.47619047619048,5.9523809523809526,0.0,0.0,nm_inferred,84.0,96.99477351916377,,Beirut Rafic Hariri International Airport,33.819833,35.487443,no
267,LRTR,67.0,65.0,97.01492537313433,0.0,0.0,600.0,600.0,155.0,160.0,190.0,220.0,248.0,-0.4066666666666667,-0.3416666666666667,-0.2916666666666667,-0.26666666666666666,-0.23484848484848486,0.0,0.0,0.0,0.0,0.0,0.0,0.0,0.0,0.0,0.0,190.0,248.0,100.0,0.0,94.02985074626865,2.985074626865672,0.0,66.0,64.0,96.96969696969697,0.0,0.0,,,-257.0,-177.5,-110.0,-65.0,-24.399999999999977,,,,,,,,,,,,,,,,110.5,257.0,93.75,,90.9090909090909,6.0606060606060606,0.0,0.0,nm_inferred,67.0,96.99231117141565,,Timișoara Traian Vuia International Airport,45.809898,21.3379,no
268,LTAU,65.0,63.0,96.92307692307692,0.0,0.0,600.0,600.0,1413.8,1493.5,1593.0,1647.5,1744.4,-2.845666666666667,-2.6991666666666667,-2.425,-1.6122222222222222,-1.514375,0.0,0.0,0.0,0.0,0.0,0.0,0.0,0.0,0.0,0.0,1593.0,1744.4,100.0,0.0,92.3076923076923,4.615384615384615,0.0,64.0,62.0,96.875,0.0,0.0,,,-1785.5,-1700.0,-1625.0,-1525.0,-1415.5,,,,,,,,,,,,,,,,1625.0,1785.5,100.0,,96.875,0.0,0.0,0.0,nm_inferred,65.0,96.89903846153845,,Kayseri Erkilet International Airport,38.770401,35.495399,no
269,HESH,158.0,155.0,98.10126582278481,0.0,0.0,1200.0,1200.0,830.0,897.5,995.0,1817.5,6730.999999999998,-5.868333333333333,-2.9458333333333333,-0.875,-0.7645833333333334,-0.712,0.0,0.0,0.0,0.0,0.0,0.0,0.0,0.0,0.0,0.0,995.0,6730.999999999998,100.0,0.0,55.063291139240505,43.037974683544306,0.0,161.0,154.0,95.65217391304348,0.0,0.0,,,-5095.3,-2818.0,-1045.5,-868.0,-758.5999999999999,,,,,,,,,,,,,,,,1045.5,5095.3,100.0,,60.24844720496895,35.40372670807454,0.0,0.0,nm_inferred,161.0,96.87671986791415,,Sharm El Sheikh International Airport,27.977272,34.394717,no
270,EDLP,32.0,30.0,93.75,0.0,0.0,480.0,480.0,-89.7999999999999,5.5,20.0,33.75,62.40000000000002,-0.19729166666666667,-0.121875,-0.03977272727272727,-0.008472222222222223,0.17325757575757644,0.0,0.0,0.0,0.0,0.125,0.0,0.0,0.0,0.0,0.125,26.0,362.30000000000007,76.66666666666667,0.0,87.5,6.25,0.0,30.0,30.0,100.0,0.0,0.0,,,-766.1999999999994,281.25,426.5,526.0,598.7,,,,,,,,,,,,,,,,472.5,827.4000000000024,13.333333333333334,,76.66666666666667,20.0,3.3333333333333335,0.0,nm_inferred,32.0,96.875,,Paderborn Lippstadt Airport,51.612527,8.617459,no
271,LEZG,33.0,32.0,96.96969696969697,0.0,0.0,480.0,412.5,-354.0,-231.25,15.0,36.25,50.0,-0.14833333333333332,-0.11510416666666666,-0.027777777777777776,0.2833333333333333,0.8306250000000008,0.0,0.0,0.0,0.225,0.365,0.0,0.0,0.0,0.20104166666666667,0.33291666666666664,50.0,368.50000000000006,59.375,3.125,81.81818181818181,15.151515151515152,0.0,31.0,30.0,96.7741935483871,0.0,0.0,,,294.3,426.75,528.0,565.25,764.5000000000001,,,,,,,,,,,,,,,,540.5,912.5000000000002,6.666666666666667,,77.41935483870968,19.35483870967742,0.0,0.0,nm_inferred,33.0,96.87194525904204,,Zaragoza Airport,41.666199,-1.04155,no
272,GMTT,109.0,106.0,97.24770642201835,0.0,0.0,900.0,900.0,30.0,40.0,60.0,78.75,87.5,-0.1375,-0.09503968253968254,-0.07708333333333334,-0.05555555555555555,-0.03888888888888889,0.0,0.0,0.0,0.0,0.0,0.0,0.0,0.0,0.0,0.0,60.0,87.5,99.05660377358491,0.0,94.4954128440367,0.9174311926605505,1.834862385321101,111.0,107.0,96.3963963963964,0.0,0.0,,,197.20000000000005,233.0,246.0,261.5,271.4,,,,,,,,,,,,,,,,247.0,277.4,3.7383177570093458,,91.89189189189189,3.6036036036036037,0.9009009009009009,0.0,nm_inferred,111.0,96.82205140920738,,Tangier Ibn Battuta Airport,35.731741,-5.921459,no
273,LYTV,78.0,76.0,97.43589743589743,0.0,0.0,600.0,600.0,112.5,258.75,415.0,615.0,862.5,-2.95625,-1.4756944444444446,-0.9541666666666666,-0.43333333333333335,-0.22083333333333333,0.0,0.0,0.0,0.0,0.0,0.0,0.0,0.0,0.0,0.0,415.0,862.5,100.0,0.0,84.61538461538461,12.820512820512821,0.0,79.0,76.0,96.20253164556962,0.0,0.0,,,-1139.5,-778.0,-544.0,-370.75,180.5,,,,,,,,,,,,,,,,544.0,1139.5,85.52631578947368,,69.62025316455696,26.582278481012658,0.0,0.0,nm_inferred,79.0,96.81921454073353,,Tivat Airport,42.404701,18.723301,no
274,LTAI,1373.0,1343.0,97.8150036416606,0.0,0.0,960.0,900.0,-65.0,-25.0,20.0,995.0,2488.999999999992,-2.0690769230769233,-1.0,-0.022222222222222223,0.022222222222222223,0.06909722222222214,0.0,0.0,0.0,0.03333333333333333,0.125,0.0,0.0,0.0,0.027777777777777776,0.1131249999999992,110.0,2584.9999999999964,63.51451973194341,0.4467609828741623,77.34887108521485,20.320466132556447,0.14566642388929352,1349.0,1290.0,95.62638991845812,0.0,0.0,,,-1625.5,-1170.0,45.0,300.0,330.0,,,,,,,,,,,,,,,,335.0,1625.5000000000007,48.604651162790695,,75.68569310600445,19.866567828020756,0.07412898443291327,0.0,nm_inferred,1373.0,96.72069678005936,,Antalya International Airport,36.898701,30.800501,no
275,EDDW,77.0,75.0,97.40259740259741,0.0,98.7012987012987,523.0,458.0,-162.79999999999998,-98.5,-38.0,3.5,7.6000000000000085,-0.014422485726833552,-0.005562696076398966,0.07253886010362694,0.17281790765086524,0.2429705324721232,0.0,0.0,0.13333333333333333,0.2361111111111111,0.3103448275862069,0.0,0.0,0.08849557522123894,0.19066264660616675,0.2705713562325939,59.0,250.40000000000003,32.0,0.0,88.31168831168831,9.090909090909092,0.0,75.0,72.0,96.0,0.0,100.0,243.0,5.0,126.60000000000001,273.0,282.5,300.25,378.3999999999999,0.3311708542713568,0.8634062643942884,1.1768179712830014,1.5288851351351351,1.902863555452364,0.6291666666666667,0.8888888888888888,1.0,1.0,1.0,0.5869115255454411,0.8857258499730167,0.9895193646114796,1.0,1.0100869114769195,283.0,462.3,5.555555555555555,68.05555555555556,88.0,8.0,0.0,100.0,apdf,77.0,96.7012987012987,0.5212272235061313,Bremen Airport,53.046786,8.78932,yes
276,GMFF,58.0,55.0,94.82758620689656,0.0,0.0,900.0,900.0,320.0,337.5,360.0,390.0,418.0,-0.6072222222222222,-0.5625,-0.46111111111111114,-0.40555555555555556,-0.37777777777777777,0.0,0.0,0.0,0.0,0.0,0.0,0.0,0.0,0.0,0.0,360.0,418.0,100.0,0.0,94.82758620689656,0.0,0.0,59.0,58.0,98.30508474576271,0.0,0.0,,,-340.8,-252.0,-211.5,-167.25,-145.7,,,,,,,,,,,,,,,,211.5,340.8000000000002,100.0,,98.30508474576271,0.0,0.0,0.0,nm_inferred,59.0,96.56633547632964,,Fes Saïss International Airport,33.927299,-4.97796,no
277,LGMT,44.0,42.0,95.45454545454545,0.0,0.0,300.0,172.5,-404.0,-263.75,-137.5,7.5,35.0,-0.11666666666666667,-0.01625,0.39166666666666666,0.8083333333333333,1.3466666666666667,0.0,0.025,0.45,0.875,1.0,0.0,0.004166666666666667,0.39166666666666666,0.8083333333333333,1.0,137.5,404.0,28.571428571428573,21.428571428571427,72.72727272727273,15.909090909090908,6.818181818181818,43.0,42.0,97.67441860465117,0.0,0.0,,,248.4,302.75,432.5,564.75,1627.9999999999986,,,,,,,,,,,,,,,,432.5,1627.9999999999986,4.761904761904762,,86.04651162790698,4.651162790697675,6.976744186046512,0.0,nm_inferred,44.0,96.56448202959831,,Mytilene International Airport,39.057406,26.598629,no
278,EGJJ,98.0,95.0,96.93877551020408,0.0,0.0,600.0,398.0,-497.0,-290.0,-90.0,-10.0,25.0,-0.043981481481481476,0.01568627450980392,0.15,0.6510416666666667,1.3083333333333342,0.0,0.05,0.18,0.5833333333333334,1.0,0.0,0.016666666666666666,0.15151515151515152,0.5740740740740741,1.0,100.0,588.0000000000009,22.105263157894736,12.631578947368421,88.77551020408163,5.1020408163265305,3.061224489795918,102.0,98.0,96.07843137254902,0.0,0.0,,,314.20000000000005,405.25,508.5,612.75,783.1999999999999,,,,,,,,,,,,,,,,519.0,826.2999999999998,3.061224489795918,,85.29411764705883,7.8431372549019605,2.9411764705882355,0.0,nm_inferred,102.0,96.50860344137655,,Jersey Airport,49.207901,-2.19551,no
279,ESSV,28.0,27.0,96.42857142857143,0.0,0.0,300.0,300.0,160.0,170.0,215.0,240.0,259.0,-0.8633333333333333,-0.7666666666666666,-0.7,-0.4041666666666667,-0.285,0.0,0.0,0.0,0.0,0.0,0.0,0.0,0.0,0.0,0.0,215.0,259.0,100.0,0.0,85.71428571428571,0.0,10.714285714285714,28.0,27.0,96.42857142857143,0.0,0.0,,,-85.4,-44.5,19.0,77.0,149.4000000000001,,,,,,,,,,,,,,,,68.0,193.80000000000013,40.74074074074074,,92.85714285714286,0.0,3.5714285714285716,0.0,nm_inferred,28.0,96.42857142857143,,Visby Airport,57.6628,18.346201,no
280,LTAZ,28.0,26.0,92.85714285714286,0.0,0.0,300.0,300.0,1145.0,1237.5,1300.0,1436.25,1712.5,-5.708333333333334,-4.7875,-4.333333333333333,-4.125,-3.8166666666666664,0.0,0.0,0.0,0.0,0.0,0.0,0.0,0.0,0.0,0.0,1300.0,1712.5,100.0,0.0,89.28571428571429,3.5714285714285716,0.0,27.0,27.0,100.0,0.0,0.0,,,-1589.0,-1505.0,-1165.0,-1090.0,-1050.0,,,,,,,,,,,,,,,,1165.0,1589.0,100.0,,96.29629629629629,3.7037037037037037,0.0,0.0,nm_inferred,28.0,96.42857142857143,,Nevşehir Kapadokya Airport,38.7719,34.5345,no
281,EETN,172.0,166.0,96.51162790697674,0.0,100.0,510.0,90.0,-685.0,-500.0,-327.5,-92.5,4250.0,-5.697916666666666,0.23402777777777778,0.7775297619047619,0.9256944444444445,1.1083333333333334,0.21875,0.45113636363636367,0.8535714285714285,0.9534090909090909,1.0,0.2048611111111111,0.4166666666666667,0.8098290598290598,0.925,1.0,425.0,4377.5,13.25301204819277,20.481927710843372,73.25581395348837,19.186046511627907,4.069767441860465,179.0,171.0,95.53072625698324,0.0,100.0,300.0,5.0,400.0,510.0,625.0,720.0,1720.0,1.5833333333333333,1.9027777777777777,2.15,2.8194444444444446,8.444444444444445,1.0,1.0,1.0,1.0,1.0,1.0,1.0,1.0,1.0,1.0,655.0,3530.0,7.60233918128655,98.83040935672514,80.44692737430168,11.731843575418994,3.35195530726257,100.0,apdf,179.0,96.02117708198,0.8689095832097977,Lennart Meri Tallinn Airport,59.413246,24.83264,yes
282,LGSR,136.0,130.0,95.58823529411765,0.0,0.0,600.0,600.0,195.0,235.0,270.0,355.0,486.0000000000001,-1.8256944444444443,-0.9364583333333334,-0.5625,-0.3652701465201465,-0.25,0.0,0.0,0.0,0.0,0.0,0.0,0.0,0.0,0.0,0.0,270.0,486.0000000000001,100.0,0.0,88.97058823529412,5.147058823529412,1.4705882352941178,138.0,133.0,96.3768115942029,0.0,0.0,,,-273.0,-82.0,11.0,101.0,126.6,,,,,,,,,,,,,,,,96.0,273.0,46.61654135338346,,81.8840579710145,13.768115942028986,0.7246376811594203,0.0,nm_inferred,138.0,95.98252344416028,,Santorini International Airport,36.400045,25.478638,no
283,GMMX,300.0,288.0,96.0,0.0,0.0,780.0,780.0,765.5,915.0,1040.0,1221.25,1596.5,-3.701666666666666,-1.99375,-1.4361111111111111,-1.1611111111111112,-0.9888888888888889,0.0,0.0,0.0,0.0,0.0,0.0,0.0,0.0,0.0,0.0,1040.0,1596.5,100.0,0.0,93.66666666666667,2.3333333333333335,0.0,301.0,288.0,95.68106312292359,0.0,0.0,,,-1315.8999999999999,-977.25,-808.0,-639.75,-111.79999999999973,,,,,,,,,,,,,,,,808.0,1315.9000000000003,92.01388888888889,,89.70099667774086,5.980066445182724,0.0,0.0,nm_inferred,301.0,95.8405315614618,,Marrakesh Menara Airport,31.604807,-8.035788,no
284,GCHI,24.0,23.0,95.83333333333333,0.0,0.0,300.0,300.0,150.00000000000003,780.0,1200.0,1312.5,1392.0,-4.640000000000001,-4.375,-4.0,-2.5999999999999996,-0.4999999999999998,0.0,0.0,0.0,0.0,0.0,0.0,0.0,0.0,0.0,0.0,1200.0,1392.0,100.0,0.0,95.83333333333333,0.0,0.0,24.0,23.0,95.83333333333333,0.0,0.0,,,-1128.2,-967.5,-812.0,-98.5,142.60000000000016,,,,,,,,,,,,,,,,812.0,1128.2,86.95652173913044,,95.83333333333333,0.0,0.0,0.0,nm_inferred,24.0,95.83333333333333,,El Hierro Airport,27.8148,-17.8871,no
285,LUKK,199.0,187.0,93.96984924623115,0.0,0.0,900.0,900.0,473.0,532.5,720.0,2532.5,3682.0,-4.245555555555556,-2.9027777777777777,-0.8777777777777778,-0.5944444444444444,-0.5366666666666666,0.0,0.0,0.0,0.0,0.0,0.0,0.0,0.0,0.0,0.0,720.0,3682.0,100.0,0.0,79.39698492462311,14.57286432160804,0.0,198.0,193.0,97.47474747474747,0.0,0.0,,,-1074.0,-735.0,-600.0,-448.0,-347.1999999999999,,,,,,,,,,,,,,,,600.0,1074.0,100.0,,88.38383838383838,9.090909090909092,0.0,0.0,nm_inferred,199.0,95.7222983604893,,Chişinău International Airport,46.92774,28.931704,no
286,LLBG,460.0,442.0,96.08695652173913,0.0,0.0,900.0,235.0,-1183.5,-908.75,-685.0,-386.25,-215.49999999999983,0.2388888888888889,0.42569444444444443,0.7388888888888889,1.0555555555555556,1.4427777777777784,0.3,0.4666666666666667,0.762531328320802,1.0,1.0,0.2779761904761905,0.45694444444444443,0.7361111111111112,0.9708333333333333,1.0,735.0,1568.5000000000023,7.013574660633484,27.828054298642535,85.65217391304348,9.347826086956522,1.0869565217391304,439.0,417.0,94.9886104783599,0.0,0.0,,,355.0,495.0,595.0,691.0,1067.2000000000007,,,,,,,,,,,,,,,,611.0,1661.0000000000014,5.755395683453237,,82.6879271070615,11.845102505694761,0.45558086560364464,0.0,nm_inferred,460.0,95.53778350004951,,Ben Gurion International Airport,32.011398,34.8867,no
287,UGKO,45.0,44.0,97.77777777777777,0.0,97.77777777777777,780.0,15.0,-830.5,-631.25,5980.0,6637.5,7139.5,-9.621666666666666,-8.608707264957264,-6.426711309523809,0.9748168498168498,1.0688034188034188,0.9027272727272727,0.9607371794871795,1.0,1.0,1.0,0.8926767676767676,0.9369212962962963,0.9846611721611722,1.0,1.0,5980.0,7139.5,65.9090909090909,65.9090909090909,24.444444444444443,73.33333333333333,0.0,44.0,41.0,93.18181818181819,0.0,90.9090909090909,480.0,5.0,-4570.0,-4085.0,-3670.0,-2825.0,735.0,-12.846666666666668,-10.011904761904763,-7.916666666666667,-5.625,1.7126984126984126,1.0,1.0,1.0,1.0,1.0,0.9902777777777778,1.0,1.0,1.0,1.0,3670.0,4570.0,78.04878048780488,94.5945945945946,15.909090909090908,77.27272727272727,0.0,97.77777777777777,apdf,45.0,95.47979797979798,0.9474752388814889,David the Builder Kutaisi International Airport,42.177448,42.485353,yes
288,LTFG,33.0,32.0,96.96969696969697,0.0,0.0,600.0,597.5,-64.0,-21.25,15.0,1236.25,2774.0000000000027,-4.623333333333333,-1.7932692307692308,-0.025,0.03819444444444444,0.1066666666666667,0.0,0.0,0.0,0.0826923076923077,0.15,0.0,0.0,0.0,0.07371794871794872,0.12416666666666669,65.0,2774.0000000000027,62.5,0.0,72.72727272727273,24.242424242424242,0.0,33.0,31.0,93.93939393939394,0.0,0.0,,,-1615.0,-342.5,245.0,272.5,285.0,,,,,,,,,,,,,,,,275.0,1615.0,32.25806451612903,,75.75757575757575,18.181818181818183,0.0,0.0,nm_inferred,33.0,95.45454545454545,,Gazipaşa-Alanya Airport,36.298832,32.297017,no
289,EDXW,22.0,21.0,95.45454545454545,0.0,0.0,300.0,300.0,-40.0,-20.0,5.0,25.0,35.0,-0.11666666666666667,-0.08333333333333333,-0.016666666666666666,0.03333333333333333,0.13333333333333333,0.0,0.0,0.0,0.1,0.2,0.0,0.0,0.0,0.03333333333333333,0.13333333333333333,25.0,405.0,57.142857142857146,0.0,81.81818181818181,9.090909090909092,4.545454545454546,21.0,20.0,95.23809523809524,0.0,0.0,,,199.20000000000002,250.75,278.0,305.0,462.6,,,,,,,,,,,,,,,,285.0,781.6000000000042,5.0,,85.71428571428571,4.761904761904762,4.761904761904762,0.0,nm_inferred,22.0,95.34632034632034,,Westerland Sylt Airport,54.9132,8.34047,no
290,URML,21.0,19.0,90.47619047619048,0.0,0.0,600.0,600.0,1435.2,1617.0,2460.0,7678.0,7811.4,-13.019,-12.796666666666667,-4.1,-2.6950000000000003,-2.3920000000000003,0.0,0.0,0.0,0.0,0.0,0.0,0.0,0.0,0.0,0.0,2460.0,7811.4,100.0,0.0,38.095238095238095,52.38095238095238,0.0,21.0,21.0,100.0,0.0,0.0,,,-925.0,-784.0,-660.0,-556.0,-474.0,,,,,,,,,,,,,,,,660.0,925.0,100.0,,38.095238095238095,61.904761904761905,0.0,0.0,nm_inferred,21.0,95.23809523809524,,Makhachkala Uytash International Airport,42.816799,47.652302,no
291,LFTZ,22.0,21.0,95.45454545454545,0.0,0.0,300.0,300.0,5.0,20.0,45.0,60.0,115.0,-0.38333333333333336,-0.2,-0.13333333333333333,-0.041666666666666664,-0.016666666666666666,0.0,0.0,0.0,0.0,0.0,0.0,0.0,0.0,0.0,0.0,45.0,115.0,95.23809523809524,0.0,72.72727272727273,9.090909090909092,13.636363636363637,20.0,19.0,95.0,0.0,0.0,,,261.8,269.5,296.0,320.0,406.4,,,,,,,,,,,,,,,,296.0,406.4,0.0,,90.0,0.0,5.0,0.0,nm_inferred,22.0,95.22727272727272,,La Môle Airport,43.205399,6.482,no
292,ENLK,21.0,20.0,95.23809523809524,0.0,0.0,300.0,300.0,143.50000000000034,466.25,630.0,903.75,999.0,-3.33,-3.0125,-2.0999999999999996,-1.5541666666666667,-0.4783333333333214,0.0,0.0,0.0,0.0,0.0,0.0,0.0,0.0,0.0,0.0,732.5,1197.5000000000014,90.0,0.0,76.19047619047619,0.0,19.047619047619047,20.0,19.0,95.0,0.0,0.0,,,-541.8,-476.5,-260.0,-111.0,1759.5999999999997,,,,,,,,,,,,,,,,466.0,1912.3999999999999,78.94736842105263,,75.0,0.0,20.0,0.0,nm_inferred,21.0,95.11904761904762,,Leknes Airport,68.152496337891,13.609399795532,no
293,LYPG,100.0,95.0,95.0,0.0,0.0,600.0,600.0,197.0,415.0,505.0,590.0,770.0,-1.62,-1.0833333333333333,-0.7916666666666666,-0.615530303030303,-0.3366666666666666,0.0,0.0,0.0,0.0,0.0,0.0,0.0,0.0,0.0,0.0,505.0,770.0,100.0,0.0,80.0,14.0,1.0,102.0,97.0,95.09803921568627,0.0,0.0,,,-894.1999999999999,-577.0,-465.0,-368.0,-117.39999999999998,,,,,,,,,,,,,,,,465.0,894.2000000000003,97.9381443298969,,82.3529411764706,12.745098039215685,0.0,0.0,nm_inferred,102.0,95.04901960784314,,Podgorica Airport / Podgorica Golubovci Airbase,42.359402,19.2519,no
294,LTCG,111.0,100.0,90.09009009009009,0.0,0.0,300.0,300.0,-899.0,-625.0,57.5,242.5,3858.0000000000005,-7.303333333333333,-0.7041666666666666,-0.07083333333333333,1.375,2.9383333333333335,0.0,0.0,0.1,1.0,1.0,0.0,0.0,0.1,0.9857638888888889,1.0,495.0,3858.0000000000005,53.0,30.0,51.351351351351354,38.73873873873874,0.0,113.0,112.0,99.11504424778761,0.0,0.0,,,-3148.0,-2756.25,12.5,546.25,649.5,,,,,,,,,,,,,,,,1582.0,3148.0,50.0,,54.86725663716814,44.24778761061947,0.0,0.0,nm_inferred,113.0,94.60256716893885,,Trabzon International Airport,40.995098,39.7897,no
295,EGJB,75.0,70.0,93.33333333333333,0.0,0.0,600.0,600.0,-5.0,5.0,20.0,35.0,45.0,-0.075,-0.058333333333333334,-0.03333333333333333,-0.008333333333333333,0.008333333333333333,0.0,0.0,0.0,0.0,0.05,0.0,0.0,0.0,0.0,0.008333333333333333,22.5,45.50000000000001,85.71428571428571,0.0,80.0,5.333333333333333,8.0,72.0,69.0,95.83333333333333,0.0,0.0,,,384.2,462.0,512.0,575.0,738.4000000000001,,,,,,,,,,,,,,,,512.0,738.4000000000001,2.898550724637681,,83.33333333333333,2.7777777777777777,9.722222222222221,0.0,nm_inferred,75.0,94.58333333333333,,Guernsey Airport,49.435001,-2.60197,no
296,GCTS,294.0,273.0,92.85714285714286,0.0,99.65986394557824,642.0,660.0,212.4,359.0,640.0,774.0,4782.0,-7.553843410023185,-1.824207492795389,-0.9568245125348189,-0.5879017013232514,-0.3331456752313824,0.0,0.0,0.0,0.0,0.0,0.0,0.0,0.0,0.0,0.0,640.0,4782.0,100.0,0.0,66.66666666666667,26.19047619047619,0.0,305.0,289.0,94.75409836065573,0.0,96.39344262295081,238.0,240.0,-4840.8,-1045.0,-479.0,-313.0,-163.00000000000006,-19.57948717948718,-4.910650789713057,-2.072320665416459,-1.2319553583525267,-0.505344980484185,0.0,0.0,0.0,0.0,0.0,0.0,0.0,0.0,0.0,0.0,479.0,4840.799999999998,98.96193771626298,0.0,70.49180327868852,24.262295081967213,0.0,99.65986394557824,apdf,305.0,93.80562060889929,0.0,Tenerife Sur Airport,28.0445,-16.5725,yes
297,GCLA,106.0,100.0,94.33962264150944,0.0,0.0,300.0,300.0,70.0,128.75,222.5,950.0,1005.5,-3.3516666666666666,-3.1666666666666665,-0.7416666666666667,-0.4291666666666667,-0.23333333333333334,0.0,0.0,0.0,0.0,0.0,0.0,0.0,0.0,0.0,0.0,222.5,1005.5,100.0,0.0,88.67924528301887,2.830188679245283,2.830188679245283,104.0,96.0,92.3076923076923,0.0,0.0,,,-597.0,-412.25,-298.0,71.75,159.5,,,,,,,,,,,,,,,,333.0,634.0,62.5,,86.53846153846153,2.8846153846153846,2.8846153846153846,0.0,nm_inferred,106.0,93.32365747460088,,La Palma Airport,28.626499,-17.7556,no
298,ORER,27.0,25.0,92.5925925925926,0.0,0.0,0.0,810.0,4637.0,5419.0,5722.0,6441.0,8451.4,-20.701,-13.90625,-8.367009803921569,-5.616666666666666,-5.563039215686274,0.0,0.0,0.0,0.0,0.0,0.0,0.0,0.0,0.0,0.0,5722.0,8451.4,100.0,0.0,77.77777777777777,14.814814814814815,0.0,27.0,25.0,92.5925925925926,0.0,0.0,,,-5696.4,-5454.0,-5002.0,-4718.0,-2312.6,,,,,,,,,,,,,,,,5002.0,5696.4,100.0,,85.18518518518519,7.407407407407407,0.0,0.0,nm_inferred,27.0,92.5925925925926,,Erbil International Airport,36.236047,43.946615,no
299,LOWG,38.0,34.0,89.47368421052632,0.0,0.0,240.0,5.0,-813.9,-582.5,-442.5,-365.0,-301.0,0.7273809523809524,0.9464285714285714,1.378968253968254,2.5972222222222223,3.9337301587301585,0.8071428571428572,1.0,1.0,1.0,1.0,0.7988095238095239,0.9464285714285714,1.0,1.0,1.0,442.5,813.8999999999999,2.9411764705882355,73.52941176470588,84.21052631578948,2.6315789473684212,2.6315789473684212,40.0,38.0,95.0,0.0,0.0,,,370.5,461.25,501.5,534.5,860.0000000000027,,,,,,,,,,,,,,,,501.5,860.0000000000027,0.0,,87.5,5.0,2.5,0.0,nm_inferred,40.0,92.23684210526315,,Graz Airport,46.9911,15.4396,no
300,GCXO,348.0,341.0,97.98850574712644,0.0,99.71264367816092,486.5,510.0,12.0,50.0,107.0,134.0,4729.0,-7.057663125948407,-0.42857142857142855,-0.20754716981132076,-0.10062893081761007,-0.026785714285714284,0.0,0.0,0.0,0.0,0.0,0.0,0.0,0.0,0.0,0.0,107.0,4729.0,99.70674486803519,0.0,79.3103448275862,18.103448275862068,0.5747126436781609,346.0,299.0,86.41618497109826,0.0,98.26589595375722,167.0,70.0,-4310.4,-510.5,28.0,160.5,181.39999999999998,-20.29872863517723,-3.03125,0.1610738255033557,0.9695121951219512,1.5546139359698683,0.0,0.0,0.6,1.0,1.0,0.0,0.0,0.5639097744360902,0.9659090909090908,0.9909060003399626,180.0,4310.4,47.491638795986624,29.351535836177476,72.25433526011561,13.583815028901734,0.5780346820809249,99.71264367816092,apdf,348.0,92.20234535911234,0.25996901886967766,Tenerife Norte-Ciudad de La Laguna Airport,28.482752,-16.341707,yes
301,ESPA,37.0,34.0,91.89189189189189,0.0,0.0,480.0,480.0,146.5,160.0,177.5,200.0,215.0,-0.47583333333333333,-0.4270833333333333,-0.38020833333333337,-0.3333333333333333,-0.3052083333333333,0.0,0.0,0.0,0.0,0.0,0.0,0.0,0.0,0.0,0.0,177.5,215.0,100.0,0.0,91.89189189189189,0.0,0.0,37.0,34.0,91.89189189189189,0.0,0.0,,,-114.0,-102.75,-75.0,-34.25,14.299999999999994,,,,,,,,,,,,,,,,81.5,123.3,82.3529411764706,,91.89189189189189,0.0,0.0,0.0,nm_inferred,37.0,91.89189189189189,,Luleå Airport,65.5438,22.122,no
302,LTBA,55.0,50.0,90.9090909090909,0.0,0.0,1200.0,1035.0,-314.5,-237.5,-165.0,-105.0,-53.49999999999991,0.04458333333333336,0.0875,0.1375,0.20729166666666668,0.29750000000000004,0.075,0.1,0.15,0.19375,0.3,0.06166666666666667,0.1,0.13541666666666669,0.178125,0.27958333333333335,182.5,377.0,10.0,2.0,72.72727272727273,9.090909090909092,9.090909090909092,58.0,53.0,91.37931034482759,0.0,0.0,,,247.0,440.0,585.0,690.0,874.0000000000001,,,,,,,,,,,,,,,,590.0,898.0,5.660377358490566,,77.58620689655173,1.7241379310344827,12.068965517241379,0.0,nm_inferred,58.0,91.14420062695925,,İstanbul Atatürk Airport,40.971913,28.823714,no
303,LTDB,112.0,101.0,90.17857142857143,0.0,0.0,300.0,300.0,905.0,1100.0,1935.0,2200.0,2450.0,-8.166666666666666,-7.1,-3.0,-2.1166666666666667,-1.038888888888889,0.0,0.0,0.0,0.0,0.0,0.0,0.0,0.0,0.0,0.0,1935.0,2450.0,100.0,0.0,90.17857142857143,0.0,0.0,112.0,103.0,91.96428571428571,0.0,0.0,,,-2342.0,-2105.0,-1780.0,-1367.5,-1061.0,,,,,,,,,,,,,,,,1800.0,2409.0,99.02912621359224,,87.5,3.5714285714285716,0.8928571428571429,0.0,nm_inferred,112.0,91.07142857142857,,Çukurova International Airport,36.891478,35.071235,no
304,LTCB,22.0,20.0,90.9090909090909,0.0,0.0,300.0,300.0,-1453.5,-410.0,112.5,3420.0,3567.0,-11.889999999999999,-10.925,-0.375,1.3666666666666667,4.8450000000000015,0.0,0.0,0.0625,0.475,1.0,0.0,0.0,0.042708333333333334,0.39166666666666666,1.0,1587.5,3567.0,55.0,20.0,63.63636363636363,27.272727272727273,0.0,22.0,20.0,90.9090909090909,0.0,0.0,,,-3089.0,-2813.75,-2462.5,-1607.5,313.0000000000002,,,,,,,,,,,,,,,,2462.5,3089.0000000000005,75.0,,27.272727272727273,63.63636363636363,0.0,0.0,nm_inferred,22.0,90.9090909090909,,Ordu–Giresun Airport,40.966872,38.085995,no
305,UGTB,233.0,213.0,91.41630901287553,0.0,99.57081545064378,660.0,10.0,-1368.0,-940.0,-635.0,-455.0,6610.000000000003,-9.151666666666666,0.8541666666666666,1.0092592592592593,1.3541666666666667,2.1156410256410267,0.6411111111111111,0.95,1.0,1.0,1.0,0.625,0.9270833333333334,0.9930555555555556,1.0,1.0,770.0,6729.000000000001,14.553990610328638,68.07511737089202,59.227467811158796,30.472103004291846,1.7167381974248928,227.0,204.0,89.86784140969164,0.0,100.0,420.0,5.0,-4893.0,-4377.5,645.0,750.0,900.5000000000002,-12.5125,-8.339856902356903,1.5595238095238095,1.9226190476190477,2.4281250000000005,1.0,1.0,1.0,1.0,1.0,0.9867063492063493,1.0,1.0,1.0,1.0,790.0,4940.5,29.41176470588235,95.09803921568627,54.18502202643172,34.36123348017621,1.3215859030837005,100.0,apdf,233.0,90.64207521128358,0.9032734578346663,Tbilisi International Airport,41.669201,44.9547,yes
306,EFRO,21.0,19.0,90.47619047619048,0.0,0.0,360.0,360.0,563.0,602.5,645.0,772.5,915.9999999999998,-3.0533333333333332,-1.875,-1.6388888888888888,-1.296875,-1.1625,0.0,0.0,0.0,0.0,0.0,0.0,0.0,0.0,0.0,0.0,645.0,915.9999999999998,100.0,0.0,90.47619047619048,0.0,0.0,21.0,19.0,90.47619047619048,0.0,0.0,,,-825.6,-682.5,-569.0,-444.0,-401.6,,,,,,,,,,,,,,,,569.0,825.6,100.0,,90.47619047619048,0.0,0.0,0.0,nm_inferred,21.0,90.47619047619048,,Rovaniemi Airport,66.563327,25.829751,no
307,EFVA,21.0,20.0,95.23809523809524,0.0,0.0,360.0,360.0,383.5,413.75,477.5,646.25,721.0,-2.268333333333333,-2.0208333333333335,-1.3263888888888888,-1.1493055555555556,-1.0652777777777778,0.0,0.0,0.0,0.0,0.0,0.0,0.0,0.0,0.0,0.0,477.5,721.0,100.0,0.0,90.47619047619048,4.761904761904762,0.0,21.0,18.0,85.71428571428571,0.0,0.0,,,-600.0,-380.75,-260.5,-119.75,-80.39999999999998,,,,,,,,,,,,,,,,260.5,600.0000000000001,100.0,,80.95238095238095,4.761904761904762,0.0,0.0,nm_inferred,21.0,90.47619047619048,,Vaasa Airport,63.05023,21.762543,no
308,ESSB,41.0,37.0,90.2439024390244,0.0,0.0,300.0,180.0,-1401.9999999999998,-245.0,-160.0,-15.0,5.0,-0.016666666666666666,0.041666666666666664,0.44166666666666665,0.75,3.3466666666666587,0.0,0.1,0.45,0.8,0.9399999999999998,0.0,0.06666666666666667,0.43333333333333335,0.7333333333333333,0.9199999999999998,160.0,1401.9999999999964,18.91891891891892,10.81081081081081,80.48780487804878,2.4390243902439024,7.317073170731708,37.0,33.0,89.1891891891892,0.0,0.0,,,317.4,406.0,490.0,524.0,1823.6000000000001,,,,,,,,,,,,,,,,490.0,1823.6000000000001,0.0,,72.97297297297297,5.405405405405405,10.81081081081081,0.0,nm_inferred,41.0,89.7165458141068,,Stockholm-Bromma Airport,59.354401,17.9417,no
309,LFRB,48.0,43.0,89.58333333333333,0.0,0.0,600.0,600.0,21.0,32.5,45.0,57.5,65.0,-0.10833333333333334,-0.09507575757575756,-0.075,-0.051515151515151514,-0.030555555555555496,0.0,0.0,0.0,0.0,0.0,0.0,0.0,0.0,0.0,0.0,45.0,65.0,100.0,0.0,89.58333333333333,0.0,0.0,48.0,43.0,89.58333333333333,0.0,0.0,,,67.40000000000003,252.0,269.0,291.5,301.8,,,,,,,,,,,,,,,,269.0,301.8,4.651162790697675,,89.58333333333333,0.0,0.0,0.0,nm_inferred,48.0,89.58333333333333,,Brest Bretagne airport,48.447899,-4.41854,no
310,LTCE,23.0,20.0,86.95652173913044,0.0,0.0,300.0,300.0,569.0,593.75,622.5,716.25,4371.500000000001,-14.571666666666667,-2.3875,-2.025,-1.6375000000000002,-0.4056666666666667,0.0,0.0,0.0,0.0,0.0,0.0,0.0,0.0,0.0,0.0,622.5,4371.500000000001,100.0,0.0,78.26086956521739,8.695652173913043,0.0,24.0,22.0,91.66666666666667,0.0,0.0,,,-3400.0,-3167.5,-782.5,-523.75,-485.0,,,,,,,,,,,,,,,,782.5,3400.0000000000005,100.0,,87.5,4.166666666666667,0.0,0.0,nm_inferred,24.0,89.31159420289856,,Erzurum International Airport,39.956501,41.1702,no
311,ENEV,42.0,36.0,85.71428571428571,0.0,0.0,600.0,600.0,398.5,435.0,491.5,536.25,730.0,-1.3275000000000001,-0.8966666666666667,-0.8116666666666666,-0.7218055555555556,-0.6641666666666666,0.0,0.0,0.0,0.0,0.0,0.0,0.0,0.0,0.0,0.0,491.5,730.0,100.0,0.0,78.57142857142857,2.380952380952381,4.761904761904762,42.0,39.0,92.85714285714286,0.0,0.0,,,-742.0,-637.5,-575.0,-530.5,-491.2,,,,,,,,,,,,,,,,575.0,742.0000000000001,100.0,,88.0952380952381,0.0,4.761904761904762,0.0,nm_inferred,42.0,89.28571428571428,,Harstad/Narvik Airport,68.491302,16.678101,no
312,LLHA,29.0,26.0,89.65517241379311,0.0,0.0,300.0,300.0,-251.0,-95.0,157.5,638.75,1142.0,-3.8066666666666666,-2.1291666666666664,-0.525,0.31666666666666665,0.8366666666666667,0.0,0.0,0.0,0.4,0.8,0.0,0.0,0.0,0.31666666666666665,0.7416666666666667,251.0,1142.0,61.53846153846154,3.8461538461538463,82.75862068965517,6.896551724137931,0.0,33.0,29.0,87.87878787878788,0.0,0.0,,,294.2,324.0,488.0,546.0,607.6,,,,,,,,,,,,,,,,500.0,614.1999999999999,3.4482758620689653,,84.84848484848484,3.0303030303030303,0.0,0.0,nm_inferred,33.0,88.76698014629049,,Uri Michaeli Haifa International Airport,32.810219,35.043719,no
313,GMAD,104.0,91.0,87.5,0.0,0.0,600.0,600.0,1495.0,1855.0,2170.0,2422.5,2695.0,-4.125,-3.9416666666666664,-3.191666666666667,-2.45,-2.0347222222222223,0.0,0.0,0.0,0.0,0.0,0.0,0.0,0.0,0.0,0.0,2170.0,2695.0,100.0,0.0,77.88461538461539,8.653846153846153,0.9615384615384616,101.0,90.0,89.10891089108911,0.0,0.0,,,-2125.0,-1819.5,-1380.5,-1159.5,-953.2999999999996,,,,,,,,,,,,,,,,1380.5,2125.0000000000005,100.0,,74.25742574257426,13.861386138613861,0.9900990099009901,0.0,nm_inferred,104.0,88.30445544554456,,Al Massira Airport,30.322478,-9.412003,no
314,LTFO,38.0,30.0,78.94736842105263,0.0,0.0,300.0,300.0,-614.5,-11.25,45.0,85.0,4046.0,-13.486666666666666,-0.2625,-0.12916666666666665,0.03828125,2.048333333333334,0.0,0.0,0.0,0.07500000000000001,1.0,0.0,0.0,0.0,0.05,0.9700000000000001,75.0,4046.0,73.33333333333333,16.666666666666668,55.26315789473684,23.68421052631579,0.0,39.0,38.0,97.43589743589743,0.0,0.0,,,-3665.0,-3358.75,-3015.0,-526.25,539.3,,,,,,,,,,,,,,,,3015.0,3665.0000000000014,73.6842105263158,,46.15384615384615,51.282051282051285,0.0,0.0,nm_inferred,39.0,88.19163292847503,,Rize–Artvin Airport,41.179766,40.848802,no
315,ORBI,29.0,25.0,86.20689655172414,0.0,0.0,600.0,600.0,4218.6,4758.0,6386.0,6634.0,7142.400000000001,-11.904,-11.018333333333333,-9.906666666666666,-7.2,-5.925999999999998,0.0,0.0,0.0,0.0,0.0,0.0,0.0,0.0,0.0,0.0,6386.0,7142.400000000001,100.0,0.0,86.20689655172414,0.0,0.0,26.0,23.0,88.46153846153847,0.0,0.0,,,-7264.4,-6979.0,-6861.0,-5447.5,-3941.9999999999995,,,,,,,,,,,,,,,,6861.0,7264.400000000001,100.0,,76.92307692307692,11.538461538461538,0.0,0.0,nm_inferred,29.0,87.3342175066313,,Baghdad International Airport / New Al Muthana Air Base,33.262501,44.2346,no
316,EGPB,26.0,23.0,88.46153846153847,0.0,0.0,600.0,600.0,1207.0,1315.0,1440.0,1572.5,1683.0,-2.805,-2.6208333333333336,-2.4,-2.191666666666667,-2.0116666666666667,0.0,0.0,0.0,0.0,0.0,0.0,0.0,0.0,0.0,0.0,1440.0,1683.0,100.0,0.0,88.46153846153847,0.0,0.0,28.0,24.0,85.71428571428571,0.0,0.0,,,-1242.8,-1167.0,-1027.0,-928.5,-827.7,,,,,,,,,,,,,,,,1027.0,1242.8,100.0,,82.14285714285714,3.5714285714285716,0.0,0.0,nm_inferred,28.0,87.08791208791209,,Sumburgh Airport,59.878899,-1.29556,no
317,LGKP,23.0,20.0,86.95652173913044,0.0,0.0,300.0,300.0,376.5,393.75,517.5,733.75,998.3000000000003,-3.3276666666666666,-2.308333333333333,-1.4416666666666669,-1.2916666666666667,-1.1491666666666667,0.0,0.0,0.0,0.0,0.0,0.0,0.0,0.0,0.0,0.0,517.5,998.3000000000003,100.0,0.0,86.95652173913044,0.0,0.0,23.0,20.0,86.95652173913044,0.0,0.0,,,-724.6,-560.75,-356.0,-267.0,-231.1,,,,,,,,,,,,,,,,356.0,724.6000000000001,100.0,,82.6086956521739,4.3478260869565215,0.0,0.0,nm_inferred,23.0,86.95652173913044,,Karpathos Airport,35.421398,27.146,no
318,GCRR,283.0,240.0,84.80565371024736,0.0,98.58657243816255,513.0,540.0,33.0,47.0,257.0,3592.5,3887.2,-7.13854557973289,-5.068924753289474,-0.5178632919211883,-0.12780859689146384,-0.05535488655716091,0.0,0.0,0.0,0.0,0.0,0.0,0.0,0.0,0.0,0.0,257.0,3887.2,100.0,0.0,54.77031802120141,29.328621908127207,0.7067137809187279,292.0,257.0,88.01369863013699,0.0,100.0,139.0,65.0,-3821.4,-3572.0,-913.0,120.0,157.4,-25.931623931623932,-20.762820512820515,-5.3017751479289945,0.8317307692307693,1.3663299663299664,0.0,0.0,0.5,1.0,1.0,0.0,0.0,0.47413793103448276,0.9745762711864406,0.9931805782869613,952.0,3821.4,64.59143968871595,35.01945525291829,52.397260273972606,34.93150684931507,0.684931506849315,100.0,apdf,292.0,86.40967617019217,0.20485052540347282,César Manrique-Lanzarote Airport,28.945499,-13.6052,yes
319,LTCR,25.0,22.0,88.0,0.0,0.0,300.0,450.0,3531.5,3606.25,3710.0,3818.75,3962.5,-13.208333333333332,-12.6125,-8.9875,-4.722756410256411,-4.551923076923076,0.0,0.0,0.0,0.0,0.0,0.0,0.0,0.0,0.0,0.0,3710.0,3962.5,100.0,0.0,88.0,0.0,0.0,26.0,22.0,84.61538461538461,0.0,0.0,,,-3973.5,-3878.75,-3790.0,-3647.5,-3556.0,,,,,,,,,,,,,,,,3790.0,3973.5,100.0,,84.61538461538461,0.0,0.0,0.0,nm_inferred,26.0,86.3076923076923,,Mardin Airport,37.2233009338,40.6316986084,no
320,LTAJ,77.0,67.0,87.01298701298701,0.0,0.0,300.0,300.0,1887.0,2537.5,2690.0,2850.0,3185.0,-9.74,-9.208333333333332,-8.483333333333333,-3.076190476190476,-2.247619047619048,0.0,0.0,0.0,0.0,0.0,0.0,0.0,0.0,0.0,0.0,2690.0,3185.0,100.0,0.0,84.41558441558442,2.5974025974025974,0.0,78.0,66.0,84.61538461538461,0.0,0.0,,,-3297.5,-2947.5,-2707.5,-2555.0,-1917.5,,,,,,,,,,,,,,,,2707.5,3297.5,100.0,,82.05128205128206,1.2820512820512822,1.2820512820512822,0.0,nm_inferred,78.0,85.8141858141858,,Gaziantep Oğuzeli International Airport,36.947201,37.478699,no
321,EGPA,22.0,19.0,86.36363636363636,0.0,0.0,600.0,600.0,786.0,840.0,985.0,1042.5,1096.0,-1.8266666666666667,-1.7375,-1.6416666666666666,-1.4,-1.31,0.0,0.0,0.0,0.0,0.0,0.0,0.0,0.0,0.0,0.0,985.0,1096.0,100.0,0.0,86.36363636363636,0.0,0.0,20.0,17.0,85.0,0.0,0.0,,,-786.6,-662.0,-532.0,-453.0,-424.4,,,,,,,,,,,,,,,,532.0,786.6,100.0,,85.0,0.0,0.0,0.0,nm_inferred,22.0,85.68181818181819,,Kirkwall Airport,58.957903,-2.905077,no
322,URKK,28.0,22.0,78.57142857142857,0.0,0.0,0.0,,3034.8,3535.0,5507.5,5981.75,6309.2,,,,,,,,,,,,,,,,5507.5,6309.2,100.0,,75.0,3.5714285714285716,0.0,27.0,25.0,92.5925925925926,0.0,0.0,,,-5222.4,-4622.0,-4165.0,-639.0,-409.19999999999993,,,,,,,,,,,,,,,,4165.0,5222.400000000001,100.0,,85.18518518518519,7.407407407407407,0.0,0.0,nm_inferred,28.0,85.58201058201058,,Krasnodar Pashkovsky International Airport,45.034465,39.174215,no
323,ENTC,128.0,109.0,85.15625,0.0,0.0,600.0,600.0,299.8,334.0,428.0,640.0,775.0000000000001,-1.362,-1.1066666666666667,-0.7416666666666667,-0.55,-0.48999999999999994,0.0,0.0,0.0,0.0,0.0,0.0,0.0,0.0,0.0,0.0,428.0,775.0000000000001,100.0,0.0,82.03125,0.78125,2.34375,127.0,109.0,85.8267716535433,0.0,0.0,,,-671.2,-534.0,-439.0,-354.0,-286.2,,,,,,,,,,,,,,,,439.0,671.2,100.0,,81.10236220472441,3.937007874015748,0.7874015748031497,0.0,nm_inferred,128.0,85.49151082677164,,Tromsø Airport,69.683296,18.9189,no
324,LTAT,24.0,21.0,87.5,0.0,0.0,300.0,300.0,2430.0,2495.0,2547.0,2592.0,2735.0,-8.986666666666666,-8.62,-8.443333333333333,-3.312820512820513,-3.1974358974358976,0.0,0.0,0.0,0.0,0.0,0.0,0.0,0.0,0.0,0.0,2547.0,2735.0,100.0,0.0,87.5,0.0,0.0,24.0,20.0,83.33333333333333,0.0,0.0,,,-2690.5,-2545.0,-2462.5,-2346.25,-2272.5,,,,,,,,,,,,,,,,2462.5,2690.5,100.0,,83.33333333333333,0.0,0.0,0.0,nm_inferred,24.0,85.41666666666666,,Malatya Erhaç Airport,38.4352989197,38.0909996033,no
325,UGSB,63.0,57.0,90.47619047619048,0.0,98.4126984126984,720.0,150.0,-1026.0,-750.0,-515.0,-325.0,4237.0,-5.178888888888888,0.4226190476190476,0.7254901960784313,0.9444444444444444,1.2135416666666667,0.4714285714285715,0.6666666666666666,0.8333333333333334,0.9583333333333334,1.0,0.4508658008658009,0.6439393939393939,0.7884615384615384,0.9305555555555556,1.0,645.0,4237.0,15.789473684210526,24.56140350877193,61.904761904761905,28.571428571428573,0.0,61.0,49.0,80.32786885245902,0.0,100.0,300.0,5.0,-4324.0,-3100.0,445.0,505.0,624.0000000000001,-13.8875,-10.266666666666667,1.4375,1.9666666666666666,2.387777777777778,0.9375,1.0,1.0,1.0,1.0,0.8881944444444444,1.0,1.0,1.0,1.0,550.0,4324.0,32.6530612244898,81.63265306122449,54.09836065573771,26.229508196721312,0.0,100.0,apdf,63.0,85.40202966432474,0.7636912268059808,Alexander Kartveli Batumi International Airport,41.60939,41.600315,yes
326,GCFV,213.0,178.0,83.5680751173709,0.0,99.06103286384976,577.0,660.0,54.0,71.0,859.0,3999.75,4259.9,-6.748769585582158,-5.7063492063492065,-1.2304832713754648,-0.1956521739130435,-0.08174750092558311,0.0,0.0,0.0,0.0,0.0,0.0,0.0,0.0,0.0,0.0,859.0,4259.9,100.0,0.0,49.29577464788732,33.80281690140845,0.4694835680751174,218.0,189.0,86.69724770642202,0.0,99.54128440366972,204.0,150.0,-4106.6,-3697.0,-868.0,88.0,128.0,-19.702313432835822,-16.24669603524229,-4.178571428571429,0.4939271255060729,0.8446969696969698,0.0,0.0,0.0,0.625,0.8,0.0,0.0,0.0,0.5882352941176471,0.8584421641791045,868.0,4106.6,66.66666666666667,5.8201058201058204,58.25688073394495,28.440366972477065,0.0,99.54128440366972,apdf,218.0,85.13266141189646,0.0,Fuerteventura Airport,28.4527,-13.8638,yes
327,LTDA,32.0,27.0,84.375,0.0,0.0,300.0,300.0,1404.0,1970.0,2470.0,2677.5,2781.0,-9.173333333333334,-8.833333333333334,-5.383333333333334,-3.25,-2.9987179487179483,0.0,0.0,0.0,0.0,0.0,0.0,0.0,0.0,0.0,0.0,2470.0,2781.0,100.0,0.0,84.375,0.0,0.0,33.0,28.0,84.84848484848484,0.0,0.0,,,-3105.0,-2882.5,-2650.0,-2303.75,-1670.0,,,,,,,,,,,,,,,,2650.0,3105.0,100.0,,84.84848484848484,0.0,0.0,0.0,nm_inferred,33.0,84.61174242424242,,Hatay Airport,36.36079,36.285589,no
328,UWKD,40.0,32.0,80.0,0.0,0.0,600.0,600.0,6725.7,8446.5,9658.5,13616.5,15347.2,-25.578666666666667,-22.694166666666668,-16.0975,-14.077499999999999,-11.209499999999995,0.0,0.0,0.0,0.0,0.0,0.0,0.0,0.0,0.0,0.0,9658.5,15347.2,100.0,0.0,42.5,37.5,0.0,39.0,34.0,87.17948717948718,0.0,0.0,,,-10082.699999999999,-7596.25,-6973.0,-5563.25,-4862.2,,,,,,,,,,,,,,,,6973.0,10082.699999999999,100.0,,46.15384615384615,41.02564102564103,0.0,0.0,nm_inferred,40.0,83.58974358974359,,Kazan International Airport,55.606201,49.278702,no
329,GCLP,548.0,443.0,80.83941605839416,0.0,98.35766423357664,550.5,600.0,67.4,112.0,637.0,4439.0,4789.2,-8.902793054781242,-6.149732620320856,-1.0441595441595442,-0.2541873466506829,-0.12358317556512326,0.0,0.0,0.0,0.0,0.0,0.0,0.0,0.0,0.0,0.0,637.0,4789.2,100.0,0.0,50.0,30.291970802919707,0.5474452554744526,552.0,466.0,84.42028985507247,0.0,98.55072463768117,138.0,150.0,-4281.0,-1499.0,-786.5,-82.25,-13.5,-30.182608695652174,-13.378058478101297,-4.839135699689699,-0.6921985815602837,-0.09885141739980437,0.0,0.0,0.0,0.0,0.0,0.0,0.0,0.0,0.0,0.0,786.5,4281.0,92.91845493562232,0.8658008658008658,65.76086956521739,18.115942028985508,0.5434782608695652,98.55072463768117,apdf,552.0,82.62985295673332,0.0,Gran Canaria Airport,27.9319,-15.3866,yes
330,UUEE,214.0,176.0,82.24299065420561,0.0,0.0,600.0,600.0,52.5,5092.75,7302.5,12378.75,14775.0,-24.625,-20.63125,-11.820833333333333,-8.289583333333333,-0.0875,0.0,0.0,0.0,0.0125,0.5,0.0,0.0,0.0,0.0020833333333333333,0.4666666666666667,7302.5,14775.0,91.47727272727273,1.7045454545454546,47.66355140186916,34.57943925233645,0.0,217.0,179.0,82.48847926267281,0.0,0.0,,,-14612.6,-12132.5,-8045.0,-2331.0,-744.1999999999919,,,,,,,,,,,,,,,,8045.0,14612.600000000002,91.06145251396649,,58.064516129032256,24.42396313364055,0.0,0.0,nm_inferred,217.0,82.36573495843922,,Sheremetyevo International Airport,55.976858,37.41121,no
331,UDYZ,210.0,183.0,87.14285714285714,0.0,0.0,810.0,900.0,345.0,392.5,480.0,5170.0,7452.0,-8.79111111111111,-5.94297385620915,-0.6833333333333333,-0.5430555555555555,-0.4388888888888889,0.0,0.0,0.0,0.0,0.0,0.0,0.0,0.0,0.0,0.0,480.0,7452.0,100.0,0.0,50.95238095238095,36.19047619047619,0.0,206.0,158.0,76.69902912621359,0.0,0.0,,,-6758.699999999999,-4653.5,-1505.0,-516.5,-424.4,,,,,,,,,,,,,,,,1505.0,6758.70000000001,100.0,,52.42718446601942,24.271844660194176,0.0,0.0,nm_inferred,210.0,81.92094313453536,,Zvartnots International Airport,40.148941,44.397887,no
332,UUWW,209.0,158.0,75.59808612440192,0.0,0.0,1080.0,1080.0,5664.5,6423.75,7568.0,10596.5,14012.0,-12.974074074074075,-9.71111111111111,-6.831018518518518,-5.642361111111111,-4.68525641025641,0.0,0.0,0.0,0.0,0.0,0.0,0.0,0.0,0.0,0.0,7568.0,14012.0,99.36708860759494,0.0,47.84688995215311,27.751196172248804,0.0,220.0,194.0,88.18181818181819,0.0,0.0,,,-9559.3,-7231.0,-6228.0,-4621.75,-1888.5,,,,,,,,,,,,,,,,6228.0,9559.300000000005,98.96907216494846,,45.45454545454545,42.72727272727273,0.0,0.0,nm_inferred,220.0,81.88995215311004,,Vnukovo International Airport,55.591499,37.261501,no
333,LTCA,31.0,25.0,80.64516129032258,0.0,0.0,300.0,720.0,1126.0,2515.0,2890.0,3040.0,3147.0,-10.04,-4.5,-4.013888888888889,-3.769230769230769,-3.2546153846153847,0.0,0.0,0.0,0.0,0.0,0.0,0.0,0.0,0.0,0.0,2890.0,3147.0,100.0,0.0,74.19354838709677,6.451612903225806,0.0,32.0,26.0,81.25,0.0,0.0,,,-3435.0,-3182.5,-3005.0,-2833.75,-2765.0,,,,,,,,,,,,,,,,3005.0,3435.0,100.0,,81.25,0.0,0.0,0.0,nm_inferred,32.0,80.94758064516128,,Elazığ Airport,38.597974,39.28348,no
334,GMMN,396.0,330.0,83.33333333333333,0.0,0.0,960.0,960.0,44.49999999999999,176.25,415.0,598.75,1776.000000000007,-1.7167708333333334,-0.6979166666666666,-0.4704861111111111,-0.17708333333333334,-0.04667467948717944,0.0,0.0,0.0,0.0,0.0,0.0,0.0,0.0,0.0,0.0,415.0,1776.000000000007,99.6969696969697,0.0,73.48484848484848,9.848484848484848,0.0,408.0,320.0,78.43137254901961,0.0,0.0,,,-4566.899999999994,-846.75,-562.0,210.25,263.1,,,,,,,,,,,,,,,,562.0,4566.9000000000615,70.625,,67.40196078431373,11.029411764705882,0.0,0.0,nm_inferred,408.0,80.88235294117646,,Mohammed V International Airport,33.3675,-7.58997,no
335,LTCJ,22.0,18.0,81.81818181818181,0.0,0.0,300.0,300.0,3563.5,3712.5,3785.0,3860.0,3879.0,-12.888333333333334,-12.787500000000001,-12.133333333333333,-3.946614583333333,-3.871875,0.0,0.0,0.0,0.0,0.0,0.0,0.0,0.0,0.0,0.0,3785.0,3879.0,100.0,0.0,72.72727272727273,9.090909090909092,0.0,22.0,17.0,77.27272727272727,0.0,0.0,,,-3613.0,-3492.0,-3441.0,-3281.0,-3166.8,,,,,,,,,,,,,,,,3441.0,3613.0,100.0,,68.18181818181819,9.090909090909092,0.0,0.0,nm_inferred,22.0,79.54545454545453,,Batman Airport,37.929001,41.1166,no
336,LLER,26.0,21.0,80.76923076923077,0.0,0.0,600.0,600.0,485.0,545.0,560.0,630.0,825.0,-1.375,-1.05,-0.9333333333333333,-0.9083333333333333,-0.8083333333333333,0.0,0.0,0.0,0.0,0.0,0.0,0.0,0.0,0.0,0.0,560.0,825.0,100.0,0.0,76.92307692307692,3.8461538461538463,0.0,23.0,18.0,78.26086956521739,0.0,0.0,,,-672.5,-535.25,-452.5,-371.25,-337.5,,,,,,,,,,,,,,,,452.5,672.5,100.0,,78.26086956521739,0.0,0.0,0.0,nm_inferred,26.0,79.51505016722408,,Ramon International Airport,29.727009,35.014116,no
337,LTCC,59.0,47.0,79.66101694915254,0.0,0.0,300.0,300.0,3113.0,3260.0,3395.0,3475.0,3753.0,-11.783333333333333,-11.399999999999999,-11.0,-2.948406862745098,-2.7852941176470587,0.0,0.0,0.0,0.0,0.0,0.0,0.0,0.0,0.0,0.0,3395.0,3753.0,100.0,0.0,74.57627118644068,5.084745762711864,0.0,60.0,47.0,78.33333333333333,0.0,0.0,,,-3718.0,-3495.0,-3365.0,-3190.0,-2865.0,,,,,,,,,,,,,,,,3365.0,3718.0,100.0,,76.66666666666667,1.6666666666666667,0.0,0.0,nm_inferred,60.0,78.99717514124293,,Diyarbakır Airport,37.893902,40.201,no
338,ULLI,137.0,106.0,77.37226277372262,0.0,0.0,600.0,600.0,318.0,2441.25,5787.5,6727.5,10230.0,-17.05,-11.2125,-8.658333333333333,-4.034583333333333,-0.53,0.0,0.0,0.0,0.0,0.025,0.0,0.0,0.0,0.0,0.020833333333333332,5787.5,10230.0,94.33962264150944,2.830188679245283,37.956204379562045,39.416058394160586,0.0,138.0,109.0,78.98550724637681,0.0,0.0,,,-10129.6,-5908.0,-126.0,545.0,707.8000000000001,,,,,,,,,,,,,,,,2009.0,10129.6,50.45871559633027,,41.30434782608695,36.231884057971016,1.4492753623188406,0.0,nm_inferred,138.0,78.17888501004973,,Pulkovo Airport,59.800301,30.262501,no
339,LTAC,368.0,286.0,77.71739130434783,0.0,0.0,600.0,600.0,665.0,710.0,795.0,982.5,1802.5,-3.0041666666666664,-1.6,-1.2666666666666666,-1.1020833333333333,-0.8910256410256411,0.0,0.0,0.0,0.0,0.0,0.0,0.0,0.0,0.0,0.0,795.0,1802.5,100.0,0.0,74.45652173913044,2.989130434782609,0.2717391304347826,365.0,279.0,76.43835616438356,0.0,0.0,,,-1766.0,-1242.5,-825.0,-687.5,-608.9999999999999,,,,,,,,,,,,,,,,825.0,1766.0,100.0,,74.79452054794521,1.36986301369863,0.273972602739726,0.0,nm_inferred,368.0,77.0778737343657,,Esenboğa International Airport,40.128101,32.995098,no
340,ENZV,216.0,151.0,69.9074074074074,75.0,99.53703703703704,420.0,480.0,15.0,30.0,50.0,75.0,305.0,-0.6547619047619048,-0.16666666666666666,-0.08333333333333333,-0.052083333333333336,-0.030303030303030304,0.0,0.0,0.0,0.0,0.0,0.0,0.0,0.0,0.0,0.0,50.0,305.0,96.02649006622516,0.0,68.51851851851852,0.9259259259259259,0.46296296296296297,217.0,178.0,82.02764976958525,0.0,100.0,240.0,5.0,-188.0,180.0,260.0,280.0,315.0,-1.0916666666666666,0.6666666666666666,1.1458333333333333,1.4722222222222223,1.7125000000000001,0.0,0.7777777777777778,1.0,1.0,1.0,0.0,0.7148809523809524,1.0,1.0,1.0,265.0,330.0,19.10112359550562,62.92134831460674,78.3410138248848,2.304147465437788,1.3824884792626728,100.0,apdf,217.0,75.96752858849632,0.3798376429424816,"Stavanger Airport, Sola",58.876701,5.63778,yes
341,UMMS,34.0,28.0,82.3529411764706,0.0,0.0,600.0,600.0,129.0,245.0,9617.5,12190.0,16620.5,-27.700833333333332,-20.316666666666666,-16.029166666666665,-0.4083333333333333,-0.215,0.0,0.0,0.0,0.0,0.0,0.0,0.0,0.0,0.0,0.0,9617.5,16620.5,100.0,0.0,32.35294117647059,50.0,0.0,32.0,22.0,68.75,0.0,0.0,,,-14724.5,-11033.75,-9597.5,-8157.5,-1218.9999999999843,,,,,,,,,,,,,,,,9597.5,14724.500000000005,90.9090909090909,,50.0,18.75,0.0,0.0,nm_inferred,34.0,75.5514705882353,,Minsk National Airport,53.888071,28.039964,no
342,LTCI,38.0,28.0,73.6842105263158,0.0,0.0,300.0,300.0,1995.0,2110.0,4132.5,4398.75,4915.5,-15.591666666666667,-10.895833333333334,-6.875,-5.748263888888889,-4.28921568627451,0.0,0.0,0.0,0.0,0.0,0.0,0.0,0.0,0.0,0.0,4132.5,4915.5,100.0,0.0,65.78947368421052,7.894736842105263,0.0,38.0,29.0,76.3157894736842,0.0,0.0,,,-4516.0,-4290.0,-4130.0,-4015.0,-2276.0,,,,,,,,,,,,,,,,4130.0,4516.0,100.0,,71.05263157894737,5.2631578947368425,0.0,0.0,nm_inferred,38.0,75.0,,Van Ferit Melen Airport,38.46820068359375,43.332298278808594,no
343,URSS,32.0,20.0,62.5,0.0,0.0,600.0,600.0,17.900000000000013,836.25,2179.0,4717.5,5543.7,-9.2395,-7.8625,-3.631666666666667,-1.3937499999999998,-0.029833333333333115,0.0,0.0,0.0,0.0,0.015000000000000213,0.0,0.0,0.0,0.0,0.010833333333333488,2179.0,5543.7,90.0,5.0,50.0,12.5,0.0,31.0,26.0,83.87096774193549,0.0,0.0,,,-3921.5,-3230.75,-446.0,229.0,341.0,,,,,,,,,,,,,,,,631.5,3921.5,69.23076923076923,,74.19354838709677,9.67741935483871,0.0,0.0,nm_inferred,32.0,73.18548387096774,,Sochi International Airport,43.449902,39.9566,no
344,LPPD,143.0,67.0,46.85314685314685,0.0,0.0,300.0,300.0,66.0,157.5,4195.0,4567.5,4707.0,-15.643333333333334,-15.208333333333332,-13.85,-0.525,-0.16,0.0,0.0,0.0,0.0,0.0,0.0,0.0,0.0,0.0,0.0,4195.0,4707.0,100.0,0.0,41.95804195804196,4.195804195804196,0.6993006993006993,140.0,139.0,99.28571428571429,0.0,0.0,,,-5254.0,-3720.0,235.0,260.0,275.0,,,,,,,,,,,,,,,,270.0,5254.0,32.37410071942446,,68.57142857142857,30.0,0.7142857142857143,0.0,nm_inferred,143.0,73.06943056943058,,João Paulo II Airport,37.7411994934,-25.6979007721,no
345,UUDD,57.0,37.0,64.91228070175438,0.0,0.0,600.0,600.0,5143.4,5776.0,7430.0,9950.0,15336.8,-25.561333333333334,-16.583333333333332,-12.138333333333334,-9.108333333333333,-6.842083333333334,0.0,0.0,0.0,0.0,0.0,0.0,0.0,0.0,0.0,0.0,7430.0,15336.8,100.0,0.0,45.6140350877193,19.29824561403509,0.0,56.0,45.0,80.35714285714286,0.0,0.0,,,-11417.199999999999,-7805.0,-6616.0,-5731.0,-1906.8,,,,,,,,,,,,,,,,6616.0,11417.200000000004,97.77777777777777,,57.142857142857146,23.214285714285715,0.0,0.0,nm_inferred,57.0,72.63471177944862,,Domodedovo International Airport,55.408798,37.9063,no
346,LTCS,25.0,17.0,68.0,0.0,0.0,300.0,300.0,2857.0,3015.0,3145.0,3310.0,3660.0,-11.486666666666666,-10.766666666666667,-10.316666666666666,-9.283333333333333,-3.0058823529411764,0.0,0.0,0.0,0.0,0.0,0.0,0.0,0.0,0.0,0.0,3145.0,3660.0,100.0,0.0,68.0,0.0,0.0,25.0,19.0,76.0,0.0,0.0,,,-3989.6,-3577.5,-3360.0,-3065.0,-2939.0,,,,,,,,,,,,,,,,3360.0,3989.6,100.0,,76.0,0.0,0.0,0.0,nm_inferred,25.0,72.0,,Şanlıurfa GAP Airport,37.445663,38.895592,no
347,ENFL,26.0,15.0,57.69230769230769,0.0,0.0,300.0,300.0,339.0,347.5,380.0,605.0,693.0,-2.31,-2.0166666666666666,-1.2666666666666666,-1.1583333333333332,-1.13,0.0,0.0,0.0,0.0,0.0,0.0,0.0,0.0,0.0,0.0,380.0,693.0,100.0,0.0,57.69230769230769,0.0,0.0,26.0,22.0,84.61538461538461,0.0,0.0,,,-566.1,-426.25,-308.5,-111.75,-76.79999999999994,,,,,,,,,,,,,,,,308.5,566.1000000000001,100.0,,84.61538461538461,0.0,0.0,0.0,nm_inferred,26.0,71.15384615384616,,Florø Airport,61.583599090576,5.0247201919556,no
348,ENAT,22.0,16.0,72.72727272727273,0.0,0.0,480.0,480.0,404.0,427.75,630.0,741.25,867.5,-1.8072916666666667,-1.5442708333333333,-1.3864583333333333,-0.8427083333333334,-0.7614583333333333,0.0,0.0,0.0,0.0,0.0,0.0,0.0,0.0,0.0,0.0,630.0,867.5,100.0,0.0,72.72727272727273,0.0,0.0,22.0,14.0,63.63636363636363,0.0,0.0,,,-599.2,-542.5,-450.0,-421.25,-364.7,,,,,,,,,,,,,,,,450.0,599.2,100.0,,59.09090909090909,4.545454545454546,0.0,0.0,nm_inferred,22.0,68.18181818181819,,Alta Airport,69.976097,23.3717,no
349,ENKB,20.0,13.0,65.0,0.0,0.0,300.0,300.0,242.0,290.0,370.0,460.0,685.0000000000001,-2.283333333333333,-1.5333333333333334,-1.2333333333333334,-0.9,-0.7166666666666666,0.0,0.0,0.0,0.0,0.0,0.0,0.0,0.0,0.0,0.0,370.0,685.0000000000001,100.0,0.0,65.0,0.0,0.0,20.0,13.0,65.0,0.0,0.0,,,-511.2,-449.0,-388.0,-306.0,-167.59999999999994,,,,,,,,,,,,,,,,388.0,511.2,100.0,,65.0,0.0,0.0,0.0,nm_inferred,20.0,65.0,,"Kristiansund Airport, Kvernberget",63.111801,7.82452,no
350,UMKK,157.0,87.0,55.4140127388535,0.0,0.0,600.0,600.0,996.0,1342.5,1750.0,2105.0,2374.0,-3.956666666666667,-3.5083333333333333,-2.9166666666666665,-2.2375,-1.6599999999999995,0.0,0.0,0.0,0.0,0.0,0.0,0.0,0.0,0.0,0.0,1750.0,2374.0,100.0,0.0,50.955414012738856,3.1847133757961785,1.2738853503184713,159.0,114.0,71.69811320754717,0.0,0.0,,,-910.9999999999999,-296.25,-155.0,-105.0,-66.49999999999999,,,,,,,,,,,,,,,,155.0,911.0000000000005,97.36842105263158,,55.9748427672956,15.723270440251572,0.0,0.0,nm_inferred,159.0,63.55606297320033,,Khrabrovo Airport,54.89161,20.598559,no
351,URMM,27.0,16.0,59.25925925925926,0.0,0.0,600.0,600.0,1660.0,1978.75,4832.5,5940.0,6362.5,-10.604166666666668,-9.899999999999999,-8.054166666666667,-3.2979166666666666,-2.7666666666666666,0.0,0.0,0.0,0.0,0.0,0.0,0.0,0.0,0.0,0.0,4832.5,6362.5,100.0,0.0,59.25925925925926,0.0,0.0,36.0,22.0,61.111111111111114,0.0,0.0,,,-5355.1,-4818.75,-1965.0,-120.0,-28.499999999999925,,,,,,,,,,,,,,,,1965.0,5355.1,95.45454545454545,,58.333333333333336,2.7777777777777777,0.0,0.0,nm_inferred,36.0,60.18518518518519,,Mineralnye Vody Airport,44.225101,43.081902,no
352,ENKR,25.0,11.0,44.0,0.0,0.0,300.0,300.0,1100.0,1430.0,1765.0,2459.0,2782.0,-9.273333333333333,-8.196666666666667,-4.946666666666666,-3.6083333333333334,-2.941666666666667,0.0,0.0,0.0,0.0,0.0,0.0,0.0,0.0,0.0,0.0,1765.0,2782.0,100.0,0.0,44.0,0.0,0.0,25.0,11.0,44.0,0.0,0.0,,,-2163.0,-2096.0,-1206.0,-1004.5,-893.0,,,,,,,,,,,,,,,,1206.0,2163.0,100.0,,44.0,0.0,0.0,0.0,nm_inferred,25.0,44.0,,"Kirkenes Airport, Høybuktmoen",69.7258,29.8913,no
