rank,icao,n_gt_dep,n_detected_dep,detection_pct_dep,n_capture_excluded_dep,measured_pct_dep,taxi_out_median_s,dep_max_gap_median_s,off_s_p10,off_s_p25,off_s_p50,off_s_p75,off_s_p90,dep_reach_p10,dep_reach_p25,dep_reach_p50,dep_reach_p75,dep_reach_p90,dep_continuity_p10,dep_continuity_p25,dep_continuity_p50,dep_continuity_p75,dep_continuity_p90,dep_signal_p10,dep_signal_p25,dep_signal_p50,dep_signal_p75,dep_signal_p90,off_abs_p50,off_abs_p90,dep_no_ground_pct,dep_full_capture_pct,clean_pct_dep,fragmented_pct_dep,merged_pct_dep,n_gt_arr,n_detected_arr,detection_pct_arr,n_capture_excluded_arr,measured_pct_arr,taxi_in_median_s,arr_max_gap_median_s,land_s_p10,land_s_p25,land_s_p50,land_s_p75,land_s_p90,arr_reach_p10,arr_reach_p25,arr_reach_p50,arr_reach_p75,arr_reach_p90,arr_continuity_p10,arr_continuity_p25,arr_continuity_p50,arr_continuity_p75,arr_continuity_p90,arr_signal_p10,arr_signal_p25,arr_signal_p50,arr_signal_p75,arr_signal_p90,land_abs_p50,land_abs_p90,arr_no_ground_pct,arr_full_capture_pct,clean_pct_arr,fragmented_pct_arr,merged_pct_arr,measured_pct,t_source,n_gt,detection_pct,coverage_index,name,lat,lon,measured
1,LFML,443.0,443.0,100.0,0.0,98.87133182844244,660.0,524.0,-305.0,-211.0,-136.0,21.5,49.0,-0.07424242424242425,-0.03257575757575758,0.20606060606060606,0.3196969696969697,0.47727272727272735,0.0,0.0,0.22727272727272727,0.36363636363636365,0.5,0.0,0.0,0.21212121212121213,0.32575757575757575,0.4681818181818183,136.0,316.0,32.50564334085779,0.6772009029345373,96.16252821670429,2.9345372460496613,0.9029345372460497,444.0,444.0,100.0,0.0,99.77477477477478,300.0,5.0,342.6,387.75,416.0,448.0,537.0999999999999,1.14,1.29,1.3866666666666667,1.4966666666666666,1.7933333333333332,1.0,1.0,1.0,1.0,1.0,1.0,1.0,1.0,1.0,1.0,416.0,537.0999999999999,0.0,94.13092550790067,98.1981981981982,0.9009009009009009,0.9009009009009009,99.77477477477478,apdf,444.0,100.0,0.6060606060606061,Marseille Provence Airport,43.438088,5.2125,yes
2,LPFR,399.0,399.0,100.0,0.0,99.49874686716792,600.0,39.0,-838.9999999999999,-646.0,-506.0,-246.0,-120.00000000000006,0.2360909090909091,0.4326388888888889,0.9584837545126353,1.0298204079242992,1.3391111111111111,0.2857142857142857,0.4641025641025641,0.9545454545454546,1.0,1.0,0.2611904761904762,0.44622085767061054,0.9166666666666666,1.0,1.001558398538468,511.0,852.0,1.2531328320802004,47.61904761904762,95.23809523809524,2.756892230576441,2.0050125313283207,407.0,407.0,100.0,0.0,100.0,300.0,5.0,479.0,530.5,571.0,619.0,698.0000000000003,1.3675,1.5847222222222221,1.925,2.265624002553463,2.96140350877193,1.0,1.0,1.0,1.0,1.0,0.9872611464968153,0.9919028340080972,1.0,1.0,1.0,571.0,704.4000000000001,0.2457002457002457,99.26289926289927,96.31449631449631,1.71990171990172,1.9656019656019657,100.0,apdf,407.0,100.0,0.9583333333333333,Faro - Gago Coutinho International Airport,37.015909,-7.970939,yes
3,LMML,323.0,323.0,100.0,0.0,98.14241486068111,480.0,34.0,-981.0,-718.5,-531.0,-318.5,-181.0,0.4107925407925408,0.6348214285714285,0.96,1.440079365079365,2.6458333333333335,0.45454545454545453,0.6666666666666666,0.9615384615384616,1.0,1.0,0.41875000000000007,0.6233974358974359,0.9375,1.0,1.0,531.0,981.0,1.5479876160990713,48.60681114551084,96.59442724458205,1.5479876160990713,1.8575851393188854,325.0,325.0,100.0,0.0,98.46153846153847,240.0,5.0,419.0,490.0,599.0,873.0,1152.8000000000006,1.7445833333333334,2.0416666666666665,2.497916666666667,3.652083333333333,5.005833333333334,1.0,1.0,1.0,1.0,1.0,1.0,1.0,1.0,1.0,1.0,607.0,1274.2000000000007,1.5384615384615385,98.125,95.07692307692308,3.076923076923077,1.8461538461538463,98.46153846153847,apdf,325.0,100.0,0.96875,Malta International Airport,35.845932,14.491546,yes
4,EBCI,304.0,304.0,100.0,0.0,100.0,630.0,630.0,19.0,29.0,44.0,64.0,69.0,-0.13333333333333333,-0.10052083333333334,-0.06973443223443224,-0.04058779761904762,-0.02878787878787879,0.0,0.0,0.0,0.0,0.0,0.0,0.0,0.0,0.0,0.0,44.0,69.0,99.67105263157895,0.0,96.05263157894737,3.6184210526315788,0.32894736842105265,303.0,303.0,100.0,0.0,99.66996699669967,300.0,5.0,239.0,275.5,293.0,307.0,317.0,0.6814285714285715,0.8645833333333334,0.9983333333333333,1.1666666666666667,1.2700000000000002,0.7142857142857143,0.9166666666666666,1.0,1.0,1.0,0.7142857142857143,0.8770833333333333,1.0,1.0,1.0,293.0,319.0,2.9702970297029703,63.24503311258278,96.03960396039604,3.3003300330033003,0.6600660066006601,100.0,apdf,304.0,100.0,0.5,Brussels South Charleroi Airport,50.461963,4.459562,yes
5,BIKF,284.0,284.0,100.0,0.0,99.29577464788733,840.0,765.0,-174.5,24.0,4564.0,4829.0,5126.5,-7.856444444444445,-6.183653846153846,-4.5979752770673485,-0.029660087719298244,0.26166666666666694,0.0,0.0,0.0,0.18986042692939242,0.4948275862068969,0.0,0.0,0.0,0.16768292682926828,0.4506944444444453,4564.0,5126.5,83.45070422535211,1.408450704225352,34.859154929577464,64.78873239436619,0.352112676056338,285.0,285.0,100.0,0.0,99.29824561403508,300.0,5.0,-5461.0,-5158.0,-4961.0,301.0,449.59999999999997,-22.848178466076696,-17.952215559113235,-13.077777777777778,0.9946969696969696,1.6872222222222228,0.5587301587301587,0.8819444444444444,1.0,1.0,1.0,0.5587301587301587,0.8599184364419822,0.9948979591836734,1.0,1.0,4961.0,5461.0,63.50877192982456,69.96466431095406,35.08771929824562,64.56140350877193,0.3508771929824561,99.29824561403508,apdf,285.0,100.0,0.4974489795918367,Keflavik International Airport,63.985001,-22.6056,yes
6,LEZL,273.0,273.0,100.0,0.0,99.63369963369964,545.0,118.0,-709.0,-572.0,-399.0,-259.0,-88.79999999999978,0.18877408427737188,0.4885145482388974,0.8202416918429003,0.9545454545454546,1.2135946955997594,0.2204545454545455,0.5,0.7777777777777778,0.9411764705882353,1.0,0.08778517380667956,0.4527296937416778,0.7659313725490197,0.9350393700787402,0.9899590665780359,399.0,709.0,6.95970695970696,20.512820512820515,97.43589743589743,1.465201465201465,1.098901098901099,276.0,276.0,100.0,0.0,99.27536231884058,196.5,5.0,285.5,330.5,418.5,459.25,499.0,1.2834476843910807,1.7061934458302763,2.103236493374108,2.815810833902939,3.5097924618320615,1.0,1.0,1.0,1.0,1.0,1.0,1.0007374631268438,1.0096153846153846,1.0173160173160172,1.0239540840527463,418.5,499.0,0.0,92.7007299270073,93.1159420289855,5.434782608695652,1.4492753623188406,99.63369963369964,apdf,276.0,100.0,0.8877733785822022,Seville Airport,37.417999,-5.89311,yes
7,EGAA,239.0,239.0,100.0,0.0,0.0,720.0,720.0,24.0,39.0,54.0,69.0,95.00000000000009,-0.16428571428571428,-0.10625,-0.08095238095238096,-0.05416666666666667,-0.03333333333333333,0.0,0.0,0.0,0.0,0.0,0.0,0.0,0.0,0.0,0.0,54.0,95.00000000000009,100.0,0.0,94.56066945606695,4.184100418410042,1.2552301255230125,241.0,241.0,100.0,0.0,0.0,,,162.0,191.0,230.0,260.0,281.0,,,,,,,,,,,,,,,,230.0,282.0,2.904564315352697,,95.850622406639,3.319502074688797,0.8298755186721992,0.0,nm_inferred,241.0,100.0,,Belfast International Airport,54.6575012207,-6.21582984924,no
8,EGGP,208.0,208.0,100.0,0.0,0.0,600.0,29.0,-1388.9999999999998,-717.25,-606.0,-557.5,-389.9999999999998,0.5412777777777779,0.7116666666666667,1.0017592592592592,1.1430555555555557,2.243925925925926,0.6133333333333335,0.7333333333333333,1.0,1.0,1.0,0.5905555555555557,0.7176282051282051,0.9583333333333334,1.0,1.0,611.0,1490.000000000001,1.4423076923076923,53.36538461538461,92.78846153846153,5.769230769230769,1.4423076923076923,198.0,198.0,100.0,0.0,0.0,,,390.20000000000005,481.5,528.5,578.5,1370.800000000001,,,,,,,,,,,,,,,,531.5,1619.2000000000007,1.5151515151515151,,94.44444444444444,4.040404040404041,1.5151515151515151,0.0,nm_inferred,208.0,100.0,,Liverpool John Lennon Airport,53.334863,-2.849637,no
9,EGLC,198.0,198.0,100.0,0.0,100.0,360.0,234.0,-286.0,-204.75,-131.0,-86.0,-41.0,0.1433111111111111,0.2529166666666667,0.3476190476190476,0.45952380952380956,0.5856250000000001,0.2,0.3,0.4,0.5,0.6152777777777779,0.16666666666666666,0.26666666666666666,0.3520833333333333,0.4708333333333333,0.5929398148148148,131.0,287.50000000000006,2.525252525252525,0.5050505050505051,98.48484848484848,1.5151515151515151,0.0,189.0,189.0,100.0,0.0,100.0,180.0,5.0,280.6,362.0,411.0,464.0,521.0,1.3147619047619048,1.9666666666666666,2.4916666666666667,3.3833333333333333,4.116666666666668,1.0,1.0,1.0,1.0,1.0,1.0,1.0,1.0,1.0,1.0,411.0,521.0,0.0,93.65079365079364,98.94179894179894,1.0582010582010581,0.0,100.0,apdf,198.0,100.0,0.6760416666666667,London City Airport,51.505299,0.055278,yes
10,EHEH,191.0,191.0,100.0,0.0,0.0,600.0,279.0,-971.0,-598.5,-436.0,-233.5,-101.0,0.14555555555555555,0.36,0.6383333333333333,0.8273484848484849,1.5433333333333332,0.2,0.40454545454545454,0.6333333333333333,0.7696969696969698,1.0,0.18333333333333332,0.3916666666666667,0.6166666666666667,0.7472222222222222,0.95,451.0,1744.0,2.6178010471204187,10.471204188481675,92.67015706806282,3.141361256544503,4.18848167539267,190.0,190.0,100.0,0.0,0.0,,,547.6,585.0,637.0,701.5,1186.5,,,,,,,,,,,,,,,,640.5,1649.799999999998,1.5789473684210527,,93.6842105263158,1.5789473684210527,4.7368421052631575,0.0,nm_inferred,191.0,100.0,,Eindhoven Airport,51.4500999451,5.37452983856,no
11,DTTA,181.0,181.0,100.0,0.0,0.0,600.0,600.0,599.0,694.0,975.0,1092.0,1219.0,-2.28,-1.8566666666666667,-1.64,-1.1616666666666666,-0.9983333333333333,0.0,0.0,0.0,0.0,0.0,0.0,0.0,0.0,0.0,0.0,975.0,1219.0,100.0,0.0,96.68508287292818,2.2099447513812156,1.1049723756906078,179.0,179.0,100.0,0.0,0.0,,,-1301.6,-1058.5,-863.0,-704.0,-539.4,,,,,,,,,,,,,,,,863.0,1301.6000000000022,97.76536312849161,,91.62011173184358,7.82122905027933,0.5586592178770949,0.0,nm_inferred,181.0,100.0,,Tunis Carthage International Airport,36.851002,10.2272,no
12,LIMF,157.0,157.0,100.0,0.0,100.0,540.0,79.0,-723.0,-551.0,-451.0,-371.0,-261.0,0.557939393939394,0.7796296296296297,0.8638888888888889,0.9277777777777778,1.147857142857143,0.5625,0.75,0.8888888888888888,0.9375,1.0,0.5361111111111111,0.7314814814814815,0.8541666666666666,0.90625,0.9674603174603175,456.0,747.0000000000002,3.821656050955414,13.375796178343949,92.99363057324841,2.5477707006369426,4.45859872611465,156.0,156.0,100.0,0.0,100.0,360.0,5.0,474.5,534.0,574.0,634.25,2080.5,0.9199999999999999,1.1000462962962962,1.7597222222222222,2.2885416666666667,5.365327380952381,0.9267676767676767,1.0,1.0,1.0,1.0,0.9007575757575758,1.0,1.0,1.0,1.0,574.0,2080.5,0.0,85.25641025641026,94.23076923076923,1.2820512820512822,4.487179487179487,100.0,apdf,157.0,100.0,0.9270833333333333,Turin Airport,45.200802,7.64963,yes
13,LPMA,156.0,156.0,100.0,0.0,0.0,480.0,5.0,-538.5,2770.25,2969.0,3225.25,3384.0,-7.14375,-6.474479166666667,-6.003125000000001,-4.27588141025641,0.9369444444444445,0.6081730769230769,0.9375,1.0,1.0,1.0,0.5729166666666666,0.9229166666666667,1.0,1.0,1.0,2969.0,3384.0,79.48717948717949,70.51282051282051,17.307692307692307,82.6923076923077,0.0,157.0,157.0,100.0,0.0,0.0,,,-3865.7999999999997,-3557.0,-3274.0,-3085.0,-2662.2,,,,,,,,,,,,,,,,3274.0,3865.8,93.63057324840764,,5.732484076433121,94.26751592356688,0.0,0.0,nm_inferred,157.0,100.0,,Cristiano Ronaldo International Airport,32.697812,-16.774613,no
14,LIPX,144.0,144.0,100.0,0.0,0.0,900.0,900.0,39.0,49.0,74.0,89.0,109.0,-0.1322222222222222,-0.10444444444444445,-0.08222222222222222,-0.06,-0.043333333333333335,0.0,0.0,0.0,0.0,0.0,0.0,0.0,0.0,0.0,0.0,74.0,109.0,100.0,0.0,97.22222222222223,2.7777777777777777,0.0,140.0,140.0,100.0,0.0,0.0,,,105.4,164.0,205.5,232.25,254.10000000000002,,,,,,,,,,,,,,,,205.5,254.10000000000002,5.0,,99.28571428571429,0.7142857142857143,0.0,0.0,nm_inferred,144.0,100.0,,Verona Villafranca Valerio Catullo Airport,45.394955,10.887303,no
15,LGZA,126.0,126.0,100.0,0.0,0.0,720.0,720.0,-43.5,-1.0,23.0,48.75,134.0,-0.1965277777777778,-0.06805555555555555,-0.030555555555555555,0.001388888888888889,0.06388888888888888,0.0,0.0,0.0,0.041666666666666664,0.1,0.0,0.0,0.0,0.012152777777777776,0.08333333333333334,29.0,134.0,73.80952380952381,0.0,92.85714285714286,4.761904761904762,2.380952380952381,126.0,126.0,100.0,0.0,0.0,,,28.5,232.25,255.5,270.0,371.5,,,,,,,,,,,,,,,,257.5,498.5,8.73015873015873,,94.44444444444444,4.761904761904762,0.7936507936507936,0.0,nm_inferred,126.0,100.0,,Zakynthos International Airport Dionysios Solomos,37.7509,20.8843,no
16,EGAC,123.0,123.0,100.0,0.0,0.0,600.0,600.0,44.0,54.0,69.0,81.5,97.99999999999999,-0.17466666666666666,-0.14833333333333334,-0.12291666666666666,-0.09083333333333332,-0.07366666666666667,0.0,0.0,0.0,0.0,0.0,0.0,0.0,0.0,0.0,0.0,69.0,97.99999999999999,100.0,0.0,98.3739837398374,0.8130081300813008,0.8130081300813008,123.0,123.0,100.0,0.0,0.0,,,66.60000000000001,169.5,236.0,264.0,281.8,,,,,,,,,,,,,,,,236.0,283.6,5.691056910569106,,100.0,0.0,0.0,0.0,nm_inferred,123.0,100.0,,George Best Belfast City Airport,54.618099,-5.8725,no
17,EICK,119.0,119.0,100.0,0.0,100.0,540.0,5.0,-932.0,-736.0,-616.0,-538.5,-450.0,0.9513333333333334,0.9921296296296296,1.0333333333333334,1.1056397306397305,1.437234848484849,0.9145833333333333,1.0,1.0,1.0,1.0,0.9006944444444445,0.9799679487179487,1.0,1.0,1.0,616.0,932.0,0.8403361344537815,84.87394957983193,94.95798319327731,3.361344537815126,1.680672268907563,119.0,119.0,100.0,0.0,100.0,120.0,5.0,433.6,479.0,513.0,645.5,2027.0,2.3958333333333335,2.8090277777777777,4.008333333333334,7.016666666666667,13.468888888888896,1.0,1.0,1.0,1.0,1.0,1.0,1.0,1.0,1.0,1.0,513.0,2027.0,0.0,100.0,95.7983193277311,2.5210084033613445,1.680672268907563,100.0,apdf,119.0,100.0,1.0,Cork International Airport,51.841301,-8.49111,yes
18,EGLF,110.0,110.0,100.0,0.0,0.0,600.0,600.0,19.0,29.0,39.0,59.0,69.0,-0.115,-0.09833333333333333,-0.065,-0.04833333333333333,-0.03166666666666667,0.0,0.0,0.0,0.0,0.0,0.0,0.0,0.0,0.0,0.0,39.0,69.0,100.0,0.0,94.54545454545455,2.727272727272727,2.727272727272727,108.0,108.0,100.0,0.0,0.0,,,256.90000000000003,276.5,289.0,299.0,306.3,,,,,,,,,,,,,,,,289.0,307.9,1.8518518518518519,,96.29629629629629,1.8518518518518519,1.8518518518518519,0.0,nm_inferred,110.0,100.0,,Farnborough Airport,51.275799,-0.776333,no
19,LCPH,93.0,93.0,100.0,0.0,0.0,720.0,569.0,-671.4,-436.0,-166.0,9.0,383.99999999999994,-0.4422222222222222,-0.01,0.21222222222222223,0.59,0.9452222222222223,0.0,0.0,0.25,0.5833333333333334,0.8416666666666668,0.0,0.0,0.21666666666666667,0.5555555555555556,0.7902777777777779,301.0,671.3999999999997,25.806451612903224,7.865168539325842,97.84946236559139,1.075268817204301,1.075268817204301,105.0,105.0,100.0,0.0,0.0,,,96.8,149.0,357.0,468.0,539.4000000000001,,,,,,,,,,,,,,,,364.0,594.0,7.619047619047619,,92.38095238095238,6.666666666666667,0.9523809523809523,0.0,nm_inferred,105.0,100.0,,Paphos International Airport,34.717999,32.485699,no
20,LEGE,104.0,104.0,100.0,0.0,0.0,540.0,540.0,50.5,64.0,74.0,95.25,146.00000000000003,-0.29537037037037034,-0.17638888888888887,-0.13703703703703704,-0.11851851851851852,-0.1,0.0,0.0,0.0,0.0,0.0,0.0,0.0,0.0,0.0,0.0,74.0,146.00000000000003,100.0,0.0,96.15384615384616,1.9230769230769231,1.9230769230769231,105.0,105.0,100.0,0.0,0.0,,,-155.4,-109.0,-26.0,181.0,227.0,,,,,,,,,,,,,,,,128.0,232.0,57.142857142857146,,94.28571428571429,3.8095238095238093,1.9047619047619047,0.0,nm_inferred,105.0,100.0,,Girona-Costa Brava Airport,41.904639,2.761774,no
21,OKKK,104.0,104.0,100.0,0.0,0.0,600.0,275.0,-646.1999999999999,-326.5,7129.0,9467.25,9850.8,-16.418,-15.77875,-11.881666666666668,0.5441666666666667,1.0770000000000004,0.1,0.25,0.55,0.8,1.0,0.058333333333333334,0.20833333333333334,0.5458333333333334,0.7854166666666667,0.9891666666666667,7129.0,9850.8,57.69230769230769,12.5,13.461538461538462,86.53846153846153,0.0,99.0,99.0,100.0,0.0,0.0,,,-8133.6,-7000.5,-5211.0,511.5,683.8000000000001,,,,,,,,,,,,,,,,5211.0,8133.6,57.57575757575758,,15.151515151515152,84.84848484848484,0.0,0.0,nm_inferred,104.0,100.0,,Kuwait International Airport,29.224487,47.969813,no
22,EHRD,99.0,99.0,100.0,0.0,0.0,600.0,14.0,-1486.0,-858.5,-621.0,-460.0,-291.9999999999999,0.5083333333333333,0.8,1.035,1.4308333333333334,2.6013333333333337,0.5925,0.85,1.0,1.0,1.0,0.5750000000000001,0.8083333333333333,0.9833333333333333,1.0,1.0,621.0,1971.800000000001,5.05050505050505,60.60606060606061,94.94949494949495,3.0303030303030303,2.0202020202020203,100.0,100.0,100.0,0.0,0.0,,,375.5,491.5,529.0,592.25,905.1000000000008,,,,,,,,,,,,,,,,529.0,905.1000000000008,0.0,,95.0,3.0,2.0,0.0,nm_inferred,100.0,100.0,,Rotterdam The Hague Airport,51.956902,4.43722,no
23,EGKB,93.0,93.0,100.0,0.0,0.0,600.0,214.0,-2361.0,-1101.0,-391.0,-171.0,-87.00000000000001,0.14500000000000002,0.285,0.6516666666666666,1.835,3.934999999999999,0.2,0.35,0.65,1.0,1.0,0.17833333333333334,0.31666666666666665,0.65,1.0,1.0,516.0,2360.9999999999995,3.225806451612903,38.70967741935484,88.17204301075269,2.150537634408602,9.67741935483871,91.0,91.0,100.0,0.0,0.0,,,335.0,439.5,507.0,587.5,2661.0,,,,,,,,,,,,,,,,509.0,3516.0,1.098901098901099,,84.61538461538461,4.395604395604396,10.989010989010989,0.0,nm_inferred,93.0,100.0,,London Biggin Hill Airport,51.33079910279999,0.0324999988079,no
24,EINN,90.0,90.0,100.0,0.0,0.0,600.0,600.0,58.9,69.0,84.0,104.0,119.0,-0.19833333333333333,-0.165,-0.13166666666666665,-0.10666666666666667,-0.08716666666666661,0.0,0.0,0.0,0.0,0.0,0.0,0.0,0.0,0.0,0.0,84.0,119.0,100.0,0.0,95.55555555555556,4.444444444444445,0.0,82.0,82.0,100.0,0.0,0.0,,,137.1,158.0,168.5,177.0,188.8,,,,,,,,,,,,,,,,169.0,189.9,6.097560975609756,,97.5609756097561,2.4390243902439024,0.0,0.0,nm_inferred,90.0,100.0,,Shannon Airport,52.702,-8.92482,no
25,EDDW,88.0,88.0,100.0,0.0,97.72727272727273,540.0,450.5,-204.2,-141.0,-84.5,-22.5,5.0,-0.008082915064207025,0.04311310903395054,0.15239759972139624,0.24206879072240148,0.3153379049815288,0.0,0.10526315789473684,0.18614718614718614,0.2814285714285715,0.3508823529411765,0.0,0.04656746629915156,0.12586110593930366,0.23667342300354213,0.31855357885038493,89.5,249.0999999999999,13.636363636363637,2.272727272727273,93.18181818181819,4.545454545454546,2.272727272727273,87.0,87.0,100.0,0.0,98.85057471264368,209.5,5.0,245.6,278.5,288.0,302.5,329.4,0.8807357859531773,1.1721160732288995,1.4471335268505081,1.6742720358755263,2.1284316065886846,0.8660714285714286,1.0,1.0,1.0,1.0,0.9642112125162973,0.9941935805422647,1.0,1.008724870115202,1.0135135135135136,288.0,332.40000000000003,1.1494252873563218,90.69767441860465,93.10344827586206,4.597701149425287,2.2988505747126435,98.85057471264368,apdf,88.0,100.0,0.5629305529696518,Bremen Airport,53.046786,8.78932,yes
26,GMTT,88.0,88.0,100.0,0.0,0.0,900.0,900.0,14.0,34.0,51.5,69.0,84.0,-0.12583333333333332,-0.09708333333333333,-0.07111111111111111,-0.043333333333333335,-0.015555555555555555,0.0,0.0,0.0,0.0,0.0,0.0,0.0,0.0,0.0,0.0,59.0,86.89999999999999,92.04545454545455,0.0,100.0,0.0,0.0,86.0,86.0,100.0,0.0,0.0,,,243.5,257.0,267.5,280.0,417.5,,,,,,,,,,,,,,,,267.5,417.5,0.0,,98.83720930232558,1.1627906976744187,0.0,0.0,nm_inferred,88.0,100.0,,Tangier Ibn Battuta Airport,35.731741,-5.921459,no
27,LIMJ,79.0,79.0,100.0,0.0,0.0,600.0,600.0,39.0,59.0,75.0,95.5,110.00000000000001,-0.19,-0.15666666666666668,-0.12333333333333334,-0.08666666666666667,-0.06399999999999999,0.0,0.0,0.0,0.0,0.0,0.0,0.0,0.0,0.0,0.0,75.0,110.00000000000001,100.0,0.0,96.20253164556962,3.7974683544303796,0.0,86.0,86.0,100.0,0.0,0.0,,,164.0,203.25,226.0,256.0,286.0,,,,,,,,,,,,,,,,227.5,291.0,1.1627906976744187,,96.51162790697674,3.488372093023256,0.0,0.0,nm_inferred,86.0,100.0,,Genoa Cristoforo Colombo Airport,44.412039,8.840732,no
28,LIPH,85.0,85.0,100.0,0.0,0.0,600.0,600.0,-1.0,4.0,29.0,39.0,54.0,-0.09,-0.06,-0.04,-0.006666666666666667,0.0016666666666666668,0.0,0.0,0.0,0.0,0.05,0.0,0.0,0.0,0.0,0.008333333333333333,29.0,54.0,82.3529411764706,0.0,100.0,0.0,0.0,85.0,85.0,100.0,0.0,0.0,,,258.0,307.0,323.0,340.0,350.0,,,,,,,,,,,,,,,,325.0,350.0,1.1764705882352942,,98.82352941176471,1.1764705882352942,0.0,0.0,nm_inferred,85.0,100.0,,Treviso Airport,45.648399,12.1944,no
29,LFKJ,78.0,78.0,100.0,0.0,0.0,300.0,300.0,49.0,64.0,84.0,99.0,109.0,-0.36333333333333334,-0.33,-0.2633333333333333,-0.1975,-0.14350000000000002,0.0,0.0,0.0,0.0,0.0,0.0,0.0,0.0,0.0,0.0,84.0,109.0,100.0,0.0,98.71794871794872,1.2820512820512822,0.0,80.0,80.0,100.0,0.0,0.0,,,64.2,153.75,176.5,192.25,247.8000000000004,,,,,,,,,,,,,,,,176.5,247.8000000000004,6.25,,100.0,0.0,0.0,0.0,nm_inferred,80.0,100.0,,Ajaccio Napoléon Bonaparte airport,41.923599,8.80292,no
30,LFMT,74.0,74.0,100.0,0.0,0.0,600.0,600.0,50.5,74.0,96.5,109.0,114.0,-0.21383333333333332,-0.18166666666666667,-0.165,-0.11708333333333334,-0.08166666666666667,0.0,0.0,0.0,0.0,0.0,0.0,0.0,0.0,0.0,0.0,96.5,114.0,100.0,0.0,98.64864864864865,1.3513513513513513,0.0,75.0,75.0,100.0,0.0,0.0,,,-2.1999999999999975,81.5,159.0,200.0,215.0,,,,,,,,,,,,,,,,160.0,216.8,10.666666666666666,,100.0,0.0,0.0,0.0,nm_inferred,75.0,100.0,,Montpellier-Méditerranée Airport,43.576199,3.96301,no
31,LTAU,70.0,70.0,100.0,0.0,0.0,600.0,600.0,1289.8,1500.75,1602.5,1687.75,1774.3,-2.934,-2.810416666666667,-2.658333333333333,-2.41125,-1.8308888888888888,0.0,0.0,0.0,0.0,0.0,0.0,0.0,0.0,0.0,0.0,1602.5,1774.3,100.0,0.0,100.0,0.0,0.0,73.0,73.0,100.0,0.0,0.0,,,-1801.6,-1663.0,-1560.0,-1454.0,-1338.0,,,,,,,,,,,,,,,,1560.0,1801.6,100.0,,100.0,0.0,0.0,0.0,nm_inferred,73.0,100.0,,Kayseri Erkilet International Airport,38.770401,35.495399,no
32,EGHH,70.0,70.0,100.0,0.0,0.0,600.0,261.5,-1304.5,-781.0,-573.5,-344.75,-183.49999999999997,0.30583333333333335,0.4677777777777778,0.6816666666666666,1.1344444444444446,2.1705000000000005,0.35,0.475,0.7,0.95,1.0,0.33166666666666667,0.4513888888888889,0.6833333333333333,0.93125,1.0,573.5,1304.5000000000002,2.857142857142857,24.285714285714285,85.71428571428571,11.428571428571429,2.857142857142857,71.0,71.0,100.0,0.0,0.0,,,478.0,577.0,644.0,709.0,1510.0,,,,,,,,,,,,,,,,644.0,1614.0,1.408450704225352,,84.50704225352112,12.67605633802817,2.816901408450704,0.0,nm_inferred,71.0,100.0,,Bournemouth Airport,50.780483,-1.839576,no
33,EDLV,68.0,68.0,100.0,0.0,0.0,600.0,600.0,-62.5,-46.0,-3.0,4.25,21.900000000000013,-0.03783333333333334,-0.007083333333333334,0.005555555555555556,0.06777777777777778,0.1000833333333334,0.0,0.0,0.03333333333333333,0.1,0.13250000000000012,0.0,0.0,0.009375,0.07222222222222222,0.10791666666666673,13.0,66.0,39.705882352941174,0.0,95.58823529411765,4.411764705882353,0.0,69.0,69.0,100.0,0.0,0.0,,,269.4,279.0,296.0,383.0,420.0,,,,,,,,,,,,,,,,296.0,432.20000000000005,1.4492753623188406,,97.10144927536231,2.898550724637681,0.0,0.0,nm_inferred,69.0,100.0,,Weeze (Niederrhein) Airport,51.601362,6.141228,no
34,LEAS,69.0,69.0,100.0,0.0,0.0,300.0,300.0,38.0,54.0,69.0,124.0,174.0,-0.634,-0.43,-0.2633333333333333,-0.18,-0.12666666666666662,0.0,0.0,0.0,0.0,0.0,0.0,0.0,0.0,0.0,0.0,69.0,174.0,98.55072463768116,0.0,97.10144927536231,2.898550724637681,0.0,68.0,68.0,100.0,0.0,0.0,,,-362.8,-287.5,-246.5,-195.75,-155.49999999999986,,,,,,,,,,,,,,,,246.5,362.8000000000002,100.0,,100.0,0.0,0.0,0.0,nm_inferred,69.0,100.0,,Asturias Airport,43.563599,-6.03462,no
35,LERS,67.0,67.0,100.0,0.0,0.0,900.0,900.0,-266.0,36.5,164.0,236.5,279.0,-0.33444444444444443,-0.26555555555555554,-0.18222222222222223,-0.04055555555555555,0.29555555555555557,0.0,0.0,0.0,0.0,0.3,0.0,0.0,0.0,0.0,0.3,224.0,315.0,80.59701492537313,0.0,98.50746268656717,1.492537313432836,0.0,68.0,68.0,100.0,0.0,0.0,,,-171.1,42.5,110.5,236.5,253.8,,,,,,,,,,,,,,,,218.0,309.1,14.705882352941176,,97.05882352941177,2.9411764705882355,0.0,0.0,nm_inferred,68.0,100.0,,Reus Airport,41.147509,1.168354,no
36,LFKF,61.0,61.0,100.0,0.0,0.0,600.0,600.0,109.0,134.0,169.0,199.0,229.0,-0.38166666666666665,-0.33166666666666667,-0.2733333333333333,-0.21904761904761905,-0.15666666666666668,0.0,0.0,0.0,0.0,0.0,0.0,0.0,0.0,0.0,0.0,169.0,229.0,100.0,0.0,98.36065573770492,0.0,1.639344262295082,65.0,65.0,100.0,0.0,0.0,,,-89.39999999999999,88.0,154.0,215.0,238.8,,,,,,,,,,,,,,,,164.0,243.4,13.846153846153847,,95.38461538461539,3.076923076923077,1.5384615384615385,0.0,nm_inferred,65.0,100.0,,Figari Sud-Corse Airport,41.50185,9.097092,no
37,GMME,63.0,63.0,100.0,0.0,0.0,720.0,609.0,-235.0,26.5,164.0,296.5,349.0,-0.568969696969697,-0.38763888888888887,-0.23777777777777778,-0.03222222222222222,0.3403333333333337,0.0,0.0,0.0,0.0,0.3504761904761908,0.0,0.0,0.0,0.0,0.34484126984127017,239.0,384.0000000000001,79.36507936507937,0.0,100.0,0.0,0.0,63.0,63.0,100.0,0.0,0.0,,,-290.0,-220.5,174.0,354.5,478.8,,,,,,,,,,,,,,,,276.0,520.0,41.26984126984127,,98.41269841269842,1.5873015873015872,0.0,0.0,nm_inferred,63.0,100.0,,Rabat-Salé Airport,34.051498,-6.75152,no
38,LGKF,62.0,62.0,100.0,0.0,0.0,600.0,595.0,-249.89999999999998,-152.0,-6.0,54.0,2890.499999999996,-4.817499999999997,-0.09,0.008333333333333333,0.2533333333333333,0.4164999999999999,0.0,0.0,0.058333333333333334,0.25,0.39499999999999996,0.0,0.0,0.0375,0.24166666666666667,0.3708333333333333,119.0,3261.0,48.38709677419355,0.0,83.87096774193549,12.903225806451612,3.225806451612903,60.0,60.0,100.0,0.0,0.0,,,218.9,271.75,300.5,525.5,909.9000000000001,,,,,,,,,,,,,,,,316.0,1269.0000000000016,6.666666666666667,,88.33333333333333,8.333333333333334,3.3333333333333335,0.0,nm_inferred,62.0,100.0,,Kefallinia Airport,38.12009811401367,20.5004997253418,no
39,LIEA,62.0,62.0,100.0,0.0,0.0,600.0,461.5,-275.0,-206.0,-138.5,-67.25,-41.0,0.06833333333333333,0.11208333333333334,0.23083333333333333,0.3433333333333333,0.4583333333333333,0.1,0.15,0.25,0.35,0.49499999999999994,0.075,0.11875,0.2375,0.35,0.46499999999999997,138.5,275.0,1.6129032258064515,1.6129032258064515,98.38709677419355,0.0,1.6129032258064515,62.0,62.0,100.0,0.0,0.0,,,313.5,365.25,411.5,447.0,478.9,,,,,,,,,,,,,,,,411.5,478.9,0.0,,100.0,0.0,0.0,0.0,nm_inferred,62.0,100.0,,Alghero-Fertilia Airport,40.632099,8.29077,no
40,EDDG,58.0,58.0,100.0,0.0,89.65517241379311,300.0,300.0,5.4,11.0,19.0,44.0,59.0,-0.16899999999999998,-0.13,-0.07033031522468142,-0.03363705032574828,-0.01772727272727272,0.0,0.0,0.0,0.0,0.0,0.0,0.0,0.0,0.0,0.0,21.5,62.00000000000004,94.82758620689656,0.0,94.82758620689656,5.172413793103448,0.0,54.0,54.0,100.0,0.0,88.88888888888889,300.0,30.0,-746.1999999999991,241.5,274.5,288.5,322.0,-3.037856234096692,0.5176817856652528,0.8368341777351773,1.0766666666666667,7.168710359408042,0.3625,0.6666666666666666,0.9045454545454545,1.0,1.0,0.3490384615384615,0.6910352653631284,0.888095238095238,1.0,1.0089043833547986,281.5,858.4000000000021,11.11111111111111,37.5,88.88888888888889,11.11111111111111,0.0,89.65517241379311,apdf,58.0,100.0,0.444047619047619,Münster Osnabrück Airport,52.133816,7.688482,yes
41,LFBZ,55.0,55.0,100.0,0.0,0.0,480.0,480.0,121.0,139.0,174.0,209.0,227.0,-0.46049999999999996,-0.425,-0.33125,-0.24791666666666667,-0.17888888888888888,0.0,0.0,0.0,0.0,0.0,0.0,0.0,0.0,0.0,0.0,174.0,227.0,100.0,0.0,98.18181818181819,1.8181818181818181,0.0,57.0,57.0,100.0,0.0,0.0,,,-7.599999999999987,39.0,60.0,81.0,97.6,,,,,,,,,,,,,,,,71.0,115.79999999999997,10.526315789473685,,100.0,0.0,0.0,0.0,nm_inferred,57.0,100.0,,Biarritz Pays Basque airport,43.468372,-1.523223,no
42,LFQQ,56.0,56.0,100.0,0.0,0.0,300.0,300.0,29.0,39.0,49.0,65.25,74.0,-0.24666666666666667,-0.21333333333333335,-0.14666666666666667,-0.10114583333333332,-0.07,0.0,0.0,0.0,0.0,0.0,0.0,0.0,0.0,0.0,0.0,49.0,74.0,100.0,0.0,96.42857142857143,3.5714285714285716,0.0,56.0,56.0,100.0,0.0,0.0,,,137.0,164.25,184.0,205.5,218.5,,,,,,,,,,,,,,,,184.0,218.5,0.0,,100.0,0.0,0.0,0.0,nm_inferred,56.0,100.0,,Lille Airport,50.566564,3.102429,no
43,LFTH,51.0,51.0,100.0,0.0,0.0,360.0,360.0,9.0,29.0,49.0,104.0,144.0,-0.37222222222222223,-0.2611111111111111,-0.1388888888888889,-0.07361111111111111,-0.025,0.0,0.0,0.0,0.0,0.0,0.0,0.0,0.0,0.0,0.0,50.0,144.0,96.07843137254902,0.0,100.0,0.0,0.0,55.0,55.0,100.0,0.0,0.0,,,-63.99999999999999,96.5,244.0,291.5,329.0,,,,,,,,,,,,,,,,244.0,329.0,12.727272727272727,,98.18181818181819,0.0,1.8181818181818181,0.0,nm_inferred,55.0,100.0,,Toulon-Hyères Airport,43.097301,6.14603,no
44,LKTB,51.0,51.0,100.0,0.0,0.0,300.0,179.0,-601.0,-263.5,-146.0,21.5,54.0,-0.21333333333333335,-0.09238095238095238,0.42,0.8783333333333334,2.0033333333333334,0.0,0.0,0.35714285714285715,0.9,1.0,0.0,0.0,0.34523809523809523,0.8333333333333334,1.0,146.0,601.0,33.333333333333336,15.686274509803921,90.19607843137256,0.0,9.803921568627452,51.0,51.0,100.0,0.0,0.0,,,409.0,441.0,496.0,566.5,718.0,,,,,,,,,,,,,,,,496.0,718.0,0.0,,84.31372549019608,5.882352941176471,9.803921568627452,0.0,nm_inferred,51.0,100.0,,Brno-Tuřany Airport,49.151276,16.693972,no
45,DAOO,48.0,48.0,100.0,0.0,0.0,480.0,480.0,59.1,83.25,129.5,210.75,351.1,-1.68,-0.815625,-0.365625,-0.225,-0.1322916666666666,0.0,0.0,0.0,0.0,0.0,0.0,0.0,0.0,0.0,0.0,129.5,351.1,100.0,0.0,100.0,0.0,0.0,49.0,49.0,100.0,0.0,0.0,,,-277.4,-92.0,122.0,152.0,205.0,,,,,,,,,,,,,,,,145.0,277.4000000000002,30.612244897959183,,97.95918367346938,2.0408163265306123,0.0,0.0,nm_inferred,49.0,100.0,,Oran Es-Sénia (Ahmed Ben Bella) International Airport,35.620648,-0.622486,no
46,EGFF,48.0,48.0,100.0,0.0,0.0,600.0,536.5,-236.0,-111.0,-78.5,-39.75,-16.0,0.02666666666666667,0.06739583333333334,0.10833333333333334,0.17875,0.41083333333333355,0.05,0.1,0.15,0.2,0.4,0.03916666666666667,0.075,0.11388888888888889,0.18541666666666667,0.4,81.0,236.0,6.25,0.0,89.58333333333333,8.333333333333334,2.0833333333333335,49.0,49.0,100.0,0.0,0.0,,,301.4,321.0,340.0,463.0,557.8000000000001,,,,,,,,,,,,,,,,343.0,589.4000000000001,2.0408163265306123,,93.87755102040816,4.081632653061225,2.0408163265306123,0.0,nm_inferred,49.0,100.0,,Cardiff International Airport,51.396702,-3.34333,no
47,ENAL,46.0,46.0,100.0,0.0,0.0,300.0,300.0,189.5,335.25,384.0,442.75,696.5,-2.3216666666666663,-1.4708333333333332,-1.2616666666666667,-1.07,-0.42719696969696974,0.0,0.0,0.0,0.0,0.0,0.0,0.0,0.0,0.0,0.0,384.0,696.5,100.0,0.0,97.82608695652173,0.0,2.1739130434782608,48.0,48.0,100.0,0.0,0.0,,,-847.3,-753.75,-682.0,-583.25,-529.2999999999998,,,,,,,,,,,,,,,,682.0,847.3000000000001,97.91666666666667,,100.0,0.0,0.0,0.0,nm_inferred,48.0,100.0,,Ålesund Airport,62.560443,6.110845,no
48,ENCN,48.0,48.0,100.0,0.0,0.0,600.0,600.0,22.8,53.0,69.0,92.5,207.00000000000006,-0.3616666666666667,-0.2945833333333333,-0.12583333333333332,-0.08833333333333333,-0.0574999999999999,0.0,0.0,0.0,0.0,0.0,0.0,0.0,0.0,0.0,0.0,69.0,207.00000000000006,100.0,0.0,100.0,0.0,0.0,43.0,43.0,100.0,0.0,0.0,,,-423.4,-324.0,-186.0,70.0,242.60000000000002,,,,,,,,,,,,,,,,236.0,423.4000000000001,72.09302325581395,,100.0,0.0,0.0,0.0,nm_inferred,48.0,100.0,,Kristiansand Airport,58.204201,8.08537,no
49,EDDC,45.0,45.0,100.0,0.0,100.0,540.0,540.0,-1.0,9.0,29.0,39.0,54.0,-0.10277777777777777,-0.07083333333333333,-0.05,-0.0125,0.0018560606060606067,0.0,0.0,0.0,0.0,0.07500000000000002,0.0,0.0,0.0,0.0,0.01666666666666668,29.0,60.000000000000014,84.44444444444444,0.0,93.33333333333333,4.444444444444445,2.2222222222222223,45.0,45.0,100.0,0.0,100.0,240.0,5.0,283.2,299.0,359.0,414.0,442.6,1.3033333333333335,1.5833333333333333,1.761111111111111,2.1166666666666667,2.365,1.0,1.0,1.0,1.0,1.0,1.0,1.0,1.0,1.0,1.0,359.0,442.6,0.0,97.77777777777777,97.77777777777777,2.2222222222222223,0.0,100.0,apdf,45.0,100.0,0.5,Dresden Airport,51.134123,13.767831,yes
50,GEML,44.0,44.0,100.0,0.0,0.0,300.0,300.0,24.0,34.0,44.0,84.0,155.40000000000003,-0.518,-0.28,-0.14666666666666667,-0.11333333333333333,-0.08,0.0,0.0,0.0,0.0,0.0,0.0,0.0,0.0,0.0,0.0,44.0,155.40000000000003,100.0,0.0,97.72727272727273,2.272727272727273,0.0,44.0,44.0,100.0,0.0,0.0,,,129.6,220.75,234.5,250.5,269.1,,,,,,,,,,,,,,,,235.5,270.0,4.545454545454546,,97.72727272727273,2.272727272727273,0.0,0.0,nm_inferred,44.0,100.0,,Melilla Airport,35.2798,-2.95626,no
51,LEJR,40.0,40.0,100.0,0.0,0.0,420.0,420.0,-6.0,-1.0,9.0,29.0,34.0,-0.08095238095238096,-0.06904761904761905,-0.02142857142857143,0.002380952380952381,0.014285714285714285,0.0,0.0,0.0,0.05194805194805195,0.07142857142857142,0.0,0.0,0.0,0.011904761904761904,0.023809523809523808,9.0,34.0,72.5,0.0,100.0,0.0,0.0,44.0,44.0,100.0,0.0,0.0,,,245.2,258.0,267.0,278.25,286.0,,,,,,,,,,,,,,,,267.0,286.0,2.272727272727273,,97.72727272727273,2.272727272727273,0.0,0.0,nm_inferred,44.0,100.0,,Jerez Airport,36.744598,-6.06011,no
52,EPMO,42.0,42.0,100.0,0.0,0.0,900.0,900.0,-6.0,0.0,13.0,19.0,29.0,-0.04222222222222222,-0.021527777777777778,-0.015277777777777777,0.0,0.006666666666666667,0.0,0.0,0.0,0.03333333333333333,0.03333333333333333,0.0,0.0,0.0,0.005555555555555556,0.011111111111111112,13.0,29.0,73.80952380952381,0.0,95.23809523809524,4.761904761904762,0.0,39.0,39.0,100.0,0.0,0.0,,,242.20000000000002,269.5,281.0,289.5,295.2,,,,,,,,,,,,,,,,281.0,295.2,2.5641025641025643,,100.0,0.0,0.0,0.0,nm_inferred,42.0,100.0,,Warsaw Modlin Airport,52.451099,20.6518,no
53,LIRZ,39.0,39.0,100.0,0.0,0.0,240.0,5.0,-2507.9999999999995,-733.5,-476.0,-211.0,-98.99999999999997,0.41250000000000003,0.8791666666666667,1.9833333333333334,3.0562500000000004,10.450000000000017,0.22500000000000003,0.75,1.0,1.0,1.0,0.12083333333333338,0.6666666666666666,1.0,1.0,1.0,476.0,2508.000000000004,5.128205128205129,61.53846153846154,89.74358974358974,0.0,10.256410256410257,41.0,41.0,100.0,0.0,0.0,,,430.0,575.0,691.0,759.0,2922.0,,,,,,,,,,,,,,,,691.0,2922.0,0.0,,87.8048780487805,2.4390243902439024,9.75609756097561,0.0,nm_inferred,41.0,100.0,,Perugia San Francesco d'Assisi – Umbria International Airport,43.095901,12.5132,no
54,GMMW,39.0,39.0,100.0,0.0,0.0,900.0,900.0,21.000000000000004,40.5,74.0,106.5,145.0,-0.25466666666666665,-0.17777777777777778,-0.10444444444444445,-0.051666666666666666,-0.023333333333333286,0.0,0.0,0.0,0.0,0.0,0.0,0.0,0.0,0.0,0.0,74.0,145.0,94.87179487179488,0.0,92.3076923076923,7.6923076923076925,0.0,40.0,40.0,100.0,0.0,0.0,,,-31.69999999999999,10.75,38.0,51.25,79.40000000000002,,,,,,,,,,,,,,,,39.0,95.90000000000006,15.0,,100.0,0.0,0.0,0.0,nm_inferred,40.0,100.0,,Nador Al Aaroui International Airport,34.9888,-3.02821,no
55,LEVT,39.0,39.0,100.0,0.0,0.0,600.0,600.0,158.0,174.0,224.0,254.0,285.0,-0.475,-0.42333333333333334,-0.37333333333333335,-0.29,-0.2633333333333333,0.0,0.0,0.0,0.0,0.0,0.0,0.0,0.0,0.0,0.0,224.0,285.0,100.0,0.0,100.0,0.0,0.0,39.0,39.0,100.0,0.0,0.0,,,-340.0,-213.0,-104.0,-40.5,3.8000000000000256,,,,,,,,,,,,,,,,104.0,340.0000000000001,87.17948717948718,,100.0,0.0,0.0,0.0,nm_inferred,39.0,100.0,,Vitoria Airport,42.882801,-2.72447,no
56,LEXJ,39.0,39.0,100.0,0.0,0.0,300.0,300.0,197.0,231.5,244.0,281.5,363.00000000000006,-1.3562222222222222,-0.9383333333333334,-0.8133333333333334,-0.73,-0.5966666666666663,0.0,0.0,0.0,0.0,0.0,0.0,0.0,0.0,0.0,0.0,244.0,363.00000000000006,100.0,0.0,94.87179487179488,5.128205128205129,0.0,37.0,37.0,100.0,0.0,0.0,,,-521.8,-377.0,-316.0,-226.0,-186.60000000000002,,,,,,,,,,,,,,,,316.0,521.8,100.0,,100.0,0.0,0.0,0.0,nm_inferred,39.0,100.0,,Seve Ballesteros-Santander Airport,43.427101,-3.82001,no
57,LEZG,35.0,35.0,100.0,0.0,0.0,780.0,554.0,-367.0,-91.0,519.0,581.5,623.0,-1.9666666666666668,-1.0524074074074075,-0.5822222222222222,0.10368055555555555,0.8980000000000007,0.0,0.0,0.0,0.15,0.5666666666666669,0.0,0.0,0.0,0.14444444444444443,0.5244444444444446,524.0,636.2,74.28571428571429,2.857142857142857,88.57142857142857,11.428571428571429,0.0,39.0,39.0,100.0,0.0,0.0,,,-577.2,-534.0,-412.0,715.5,1036.8,,,,,,,,,,,,,,,,540.0,1036.8,61.53846153846154,,71.7948717948718,28.205128205128204,0.0,0.0,nm_inferred,39.0,100.0,,Zaragoza Airport,41.666199,-1.04155,no
58,LGSK,37.0,37.0,100.0,0.0,0.0,720.0,720.0,142.0,171.0,229.0,314.0,400.4,-0.5966666666666667,-0.4444444444444444,-0.31805555555555554,-0.23472222222222222,-0.15933333333333333,0.0,0.0,0.0,0.0,0.0,0.0,0.0,0.0,0.0,0.0,229.0,400.4,100.0,0.0,97.29729729729729,2.7027027027027026,0.0,37.0,37.0,100.0,0.0,0.0,,,-218.0,-51.0,-3.0,39.0,183.79999999999993,,,,,,,,,,,,,,,,48.0,286.2,51.351351351351354,,94.5945945945946,5.405405405405405,0.0,0.0,nm_inferred,37.0,100.0,,Skiathos Island National Airport,39.177101,23.5037,no
59,LIPY,37.0,37.0,100.0,0.0,0.0,300.0,300.0,123.0,149.0,179.0,214.0,244.0,-0.8133333333333334,-0.7133333333333334,-0.5966666666666667,-0.49666666666666665,-0.4100000000000001,0.0,0.0,0.0,0.0,0.0,0.0,0.0,0.0,0.0,0.0,179.0,244.0,100.0,0.0,100.0,0.0,0.0,36.0,36.0,100.0,0.0,0.0,,,-247.5,-168.25,-124.0,-16.0,151.0,,,,,,,,,,,,,,,,135.0,302.5,77.77777777777777,,97.22222222222223,2.7777777777777777,0.0,0.0,nm_inferred,37.0,100.0,,Marche Airport,43.616299,13.3623,no
60,LECO,36.0,36.0,100.0,0.0,0.0,300.0,5.0,-1371.0,-509.75,-438.5,-381.0,-338.5,1.0725,1.2108333333333334,1.4116666666666666,1.67,4.364166666666667,1.0,1.0,1.0,1.0,1.0,1.0,1.0,1.0,1.0,1.0,438.5,1371.0,0.0,94.44444444444444,100.0,0.0,0.0,35.0,35.0,100.0,0.0,0.0,,,466.4,487.5,539.0,601.5,661.2,,,,,,,,,,,,,,,,539.0,661.2,0.0,,100.0,0.0,0.0,0.0,nm_inferred,36.0,100.0,,A Coruña Airport,43.302101,-8.37726,no
61,LTFO,35.0,35.0,100.0,0.0,0.0,300.0,300.0,216.0,244.0,264.0,311.5,492.00000000000006,-1.64,-1.0383333333333333,-0.88,-0.8049999999999999,-0.6933333333333334,0.0,0.0,0.0,0.0,0.0,0.0,0.0,0.0,0.0,0.0,264.0,492.00000000000006,100.0,0.0,82.85714285714286,14.285714285714286,2.857142857142857,36.0,36.0,100.0,0.0,0.0,,,-3249.0,-3039.75,-49.5,-14.5,5.5,,,,,,,,,,,,,,,,61.0,3249.0,86.11111111111111,,72.22222222222223,27.77777777777778,0.0,0.0,nm_inferred,36.0,100.0,,Rize–Artvin Airport,41.179766,40.848802,no
62,EGMC,35.0,35.0,100.0,0.0,0.0,600.0,600.0,49.0,56.5,69.0,81.5,89.0,-0.19666666666666666,-0.15757575757575756,-0.12857142857142856,-0.09416666666666666,-0.0772121212121212,0.0,0.0,0.0,0.0,0.0,0.0,0.0,0.0,0.0,0.0,69.0,89.0,100.0,0.0,100.0,0.0,0.0,33.0,33.0,100.0,0.0,0.0,,,258.6,266.0,282.0,289.0,296.8,,,,,,,,,,,,,,,,282.0,296.8,0.0,,96.96969696969697,3.0303030303030303,0.0,0.0,nm_inferred,35.0,100.0,,London Southend Airport,51.570562,0.693627,no
63,LTFG,34.0,34.0,100.0,0.0,0.0,600.0,581.5,-68.0,-39.75,-8.5,22.75,44.0,-0.07333333333333333,-0.03989583333333333,0.014166666666666668,0.06791666666666667,0.11333333333333333,0.0,0.0,0.05,0.10833333333333334,0.15,0.0,0.0,0.025,0.075,0.13666666666666666,36.0,78.0,41.1764705882353,0.0,94.11764705882354,5.882352941176471,0.0,35.0,35.0,100.0,0.0,0.0,,,186.20000000000002,239.5,266.0,280.5,287.0,,,,,,,,,,,,,,,,266.0,287.0,2.857142857142857,,94.28571428571429,5.714285714285714,0.0,0.0,nm_inferred,35.0,100.0,,Gazipaşa-Alanya Airport,36.298832,32.297017,no
64,LZKZ,35.0,35.0,100.0,0.0,0.0,600.0,600.0,24.0,49.0,69.0,119.0,242.0,-0.40066666666666667,-0.24833333333333332,-0.13166666666666665,-0.08194444444444444,-0.03188888888888889,0.0,0.0,0.0,0.0,0.0,0.0,0.0,0.0,0.0,0.0,69.0,242.0,97.14285714285714,0.0,91.42857142857143,8.571428571428571,0.0,34.0,34.0,100.0,0.0,0.0,,,46.00000000000002,196.75,239.5,266.0,276.8,,,,,,,,,,,,,,,,239.5,276.8,8.823529411764707,,100.0,0.0,0.0,0.0,nm_inferred,35.0,100.0,,Košice International Airport,48.663101,21.2411,no
65,GMFO,33.0,33.0,100.0,0.0,0.0,600.0,600.0,130.0,169.0,209.0,244.0,287.0,-0.47833333333333333,-0.3983333333333333,-0.2902777777777778,-0.23777777777777778,-0.20633333333333334,0.0,0.0,0.0,0.0,0.0,0.0,0.0,0.0,0.0,0.0,209.0,287.0,100.0,0.0,93.93939393939394,6.0606060606060606,0.0,34.0,34.0,100.0,0.0,0.0,,,-26.899999999999988,43.5,96.5,151.0,198.1,,,,,,,,,,,,,,,,104.5,202.5,11.764705882352942,,94.11764705882354,5.882352941176471,0.0,0.0,nm_inferred,34.0,100.0,,Oujda Angads Airport,34.789558,-1.926041,no
66,LEGR,34.0,34.0,100.0,0.0,0.0,300.0,300.0,224.0,244.0,256.5,277.75,354.5,-1.1816666666666666,-0.9258333333333334,-0.855,-0.8133333333333334,-0.7466666666666667,0.0,0.0,0.0,0.0,0.0,0.0,0.0,0.0,0.0,0.0,256.5,354.5,100.0,0.0,100.0,0.0,0.0,34.0,34.0,100.0,0.0,0.0,,,-437.8,-356.75,-273.0,-137.5,-7.300000000000001,,,,,,,,,,,,,,,,273.0,437.8,91.17647058823529,,97.05882352941177,2.9411764705882355,0.0,0.0,nm_inferred,34.0,100.0,,F.G.L. Airport Granada-Jaén Airport,37.188702,-3.77736,no
67,LGMT,33.0,33.0,100.0,0.0,0.0,300.0,300.0,-561.8,-326.0,-139.0,30.0,59.0,-0.19666666666666666,-0.09,0.24375,1.0866666666666667,1.7172222222222224,0.0,0.0,0.3125,0.9166666666666666,1.0,0.0,0.0,0.3020833333333333,0.875,1.0,141.0,787.0000000000002,39.39393939393939,24.242424242424242,87.87878787878788,6.0606060606060606,6.0606060606060606,34.0,34.0,100.0,0.0,0.0,,,302.6,371.5,425.5,564.75,1490.999999999999,,,,,,,,,,,,,,,,425.5,1490.999999999999,0.0,,94.11764705882354,0.0,5.882352941176471,0.0,nm_inferred,34.0,100.0,,Mytilene International Airport,39.057406,26.598629,no
68,LICR,33.0,33.0,100.0,0.0,0.0,300.0,300.0,309.4,337.0,404.0,429.0,573.0,-1.91,-1.43,-1.3466666666666667,-1.1233333333333333,-1.0313333333333334,0.0,0.0,0.0,0.0,0.0,0.0,0.0,0.0,0.0,0.0,404.0,573.0,100.0,0.0,96.96969696969697,0.0,3.0303030303030303,34.0,34.0,100.0,0.0,0.0,,,-825.1,-635.5,-561.0,-516.25,-362.2,,,,,,,,,,,,,,,,561.0,825.0999999999999,100.0,,97.05882352941177,0.0,2.9411764705882355,0.0,nm_inferred,34.0,100.0,,Reggio Calabria Airport,38.071201,15.6516,no
69,EKAH,32.0,32.0,100.0,0.0,0.0,600.0,600.0,73.1,79.0,101.5,123.5,148.00000000000003,-0.24666666666666665,-0.20583333333333334,-0.14833333333333334,-0.12840277777777778,-0.10361111111111108,0.0,0.0,0.0,0.0,0.0,0.0,0.0,0.0,0.0,0.0,101.5,148.00000000000003,100.0,0.0,96.875,3.125,0.0,33.0,33.0,100.0,0.0,0.0,,,71.8,80.0,112.0,128.0,140.8,,,,,,,,,,,,,,,,114.0,151.60000000000002,3.0303030303030303,,96.96969696969697,3.0303030303030303,0.0,0.0,nm_inferred,33.0,100.0,,Aarhus Airport,56.303331,10.618286,no
70,EGWU,32.0,32.0,100.0,0.0,0.0,600.0,600.0,29.5,39.0,54.0,70.25,84.0,-0.14,-0.11708333333333334,-0.09,-0.065,-0.04916666666666665,0.0,0.0,0.0,0.0,0.0,0.0,0.0,0.0,0.0,0.0,54.0,84.0,100.0,0.0,96.875,0.0,3.125,27.0,27.0,100.0,0.0,0.0,,,388.20000000000005,465.5,507.0,671.5,1403.0,,,,,,,,,,,,,,,,507.0,1403.0,0.0,,92.5925925925926,7.407407407407407,0.0,0.0,nm_inferred,32.0,100.0,,RAF Northolt,51.553001,-0.418167,no
71,LEMI,31.0,31.0,100.0,0.0,0.0,900.0,559.0,-331.0,-266.0,-181.0,69.0,109.0,-0.18166666666666667,-0.11,0.2733333333333333,0.45425925925925925,0.6037037037037037,0.0,0.0,0.3,0.48333333333333334,0.6111111111111112,0.0,0.0,0.2777777777777778,0.46018518518518514,0.6111111111111112,181.0,331.0,41.935483870967744,0.0,100.0,0.0,0.0,32.0,32.0,100.0,0.0,0.0,,,156.4,194.75,425.0,453.75,504.6,,,,,,,,,,,,,,,,425.0,504.6,3.125,,93.75,6.25,0.0,0.0,nm_inferred,32.0,100.0,,Region of Murcia International Airport,37.802852,-1.124884,no
72,LFRN,32.0,32.0,100.0,0.0,0.0,300.0,5.0,-2385.0,-1358.5,-623.5,-454.75,-312.99999999999983,0.7511904761904762,1.4116666666666666,2.078333333333333,4.528333333333333,7.95,1.0,1.0,1.0,1.0,1.0,0.9514285714285714,1.0,1.0,1.0,1.0,623.5,2385.0,0.0,90.625,96.875,0.0,3.125,31.0,31.0,100.0,0.0,0.0,,,165.0,453.5,490.0,547.5,602.0,,,,,,,,,,,,,,,,490.0,602.0,0.0,,90.3225806451613,6.451612903225806,3.225806451612903,0.0,nm_inferred,32.0,100.0,,Rennes-Saint-Jacques Airport,48.0695,-1.73479,no
73,EDMO,31.0,31.0,100.0,0.0,0.0,300.0,151.0,-4986.0,-403.5,-161.0,-91.0,-21.0,0.07,0.2866666666666667,0.5366666666666666,1.345,16.62,0.0,0.3,0.5,0.7,1.0,0.0,0.24166666666666667,0.5,0.6416666666666666,1.0,161.0,4986.0,9.67741935483871,19.35483870967742,87.09677419354838,0.0,12.903225806451612,22.0,22.0,100.0,0.0,0.0,,,475.7,512.25,548.0,691.75,3334.700000000001,,,,,,,,,,,,,,,,548.0,3334.700000000001,0.0,,77.27272727272727,0.0,22.727272727272727,0.0,nm_inferred,31.0,100.0,,Oberpfaffenhofen Airport,48.081402,11.2831,no
74,EIKN,31.0,31.0,100.0,0.0,0.0,600.0,69.0,-1726.0,-721.0,-481.0,-398.5,-211.0,0.38666666666666666,0.7316666666666667,0.885,1.3108333333333335,2.8766666666666665,0.4,0.775,0.9,1.0,1.0,0.35833333333333334,0.7416666666666667,0.8916666666666667,1.0,1.0,481.0,1726.0,0.0,38.70967741935484,96.7741935483871,3.225806451612903,0.0,30.0,30.0,100.0,0.0,0.0,,,368.5,588.5,651.0,2031.5,2176.7000000000003,,,,,,,,,,,,,,,,651.0,2176.7000000000003,0.0,,100.0,0.0,0.0,0.0,nm_inferred,31.0,100.0,,Ireland West Airport Knock,53.910439,-8.817002,no
75,EBAW,29.0,29.0,100.0,0.0,0.0,300.0,164.0,-318.0,-161.0,-136.0,-76.0,13.999999999999982,-0.04666666666666664,0.25333333333333335,0.4533333333333333,0.5366666666666666,1.0233333333333334,0.0,0.3,0.5,0.6,1.0,0.0,0.25,0.4666666666666667,0.55,0.9866666666666666,136.0,318.0,13.793103448275861,13.793103448275861,89.65517241379311,3.4482758620689653,6.896551724137931,25.0,25.0,100.0,0.0,0.0,,,144.00000000000009,296.0,404.0,456.0,496.40000000000003,,,,,,,,,,,,,,,,404.0,496.40000000000003,8.0,,92.0,0.0,8.0,0.0,nm_inferred,29.0,100.0,,Antwerp International Airport (Deurne),51.190667,4.463153,no
76,EGPK,29.0,29.0,100.0,0.0,0.0,900.0,899.0,-6.999999999999998,4.0,14.0,39.0,58.999999999999986,-0.08499999999999998,-0.043333333333333335,-0.023333333333333334,-0.0044444444444444444,0.007777777777777774,0.0,0.0,0.0,0.0,0.03333333333333333,0.0,0.0,0.0,0.0,0.016666666666666666,16.0,58.999999999999986,79.3103448275862,3.4482758620689653,86.20689655172414,13.793103448275861,0.0,29.0,29.0,100.0,0.0,0.0,,,76.40000000000002,236.0,249.0,256.0,261.2,,,,,,,,,,,,,,,,249.0,261.2,3.4482758620689653,,86.20689655172414,13.793103448275861,0.0,0.0,nm_inferred,29.0,100.0,,Glasgow Prestwick Airport,55.501499,-4.577182,no
77,LFKC,26.0,26.0,100.0,0.0,0.0,360.0,360.0,31.5,40.25,59.0,67.75,94.0,-0.2611111111111111,-0.17777777777777778,-0.15208333333333335,-0.11180555555555556,-0.09555555555555556,0.0,0.0,0.0,0.0,0.0,0.0,0.0,0.0,0.0,0.0,59.0,94.0,100.0,0.0,100.0,0.0,0.0,27.0,27.0,100.0,0.0,0.0,,,123.4,201.0,233.0,259.0,273.8,,,,,,,,,,,,,,,,233.0,273.8,3.7037037037037037,,96.29629629629629,3.7037037037037037,0.0,0.0,nm_inferred,27.0,100.0,,Calvi Sainte Catherine Airport,42.530422,8.792984,no
78,LICD,27.0,27.0,100.0,0.0,0.0,300.0,300.0,176.2,203.5,232.0,280.0,351.6,-1.172,-0.9333333333333333,-0.7733333333333333,-0.6783333333333333,-0.5873333333333333,0.0,0.0,0.0,0.0,0.0,0.0,0.0,0.0,0.0,0.0,232.0,351.6,100.0,0.0,100.0,0.0,0.0,27.0,27.0,100.0,0.0,0.0,,,-434.2,-339.0,-251.0,-53.0,-24.39999999999999,,,,,,,,,,,,,,,,274.0,434.20000000000005,96.29629629629629,,100.0,0.0,0.0,0.0,nm_inferred,27.0,100.0,,Lampedusa Airport,35.497898,12.6181,no
79,LIPB,26.0,26.0,100.0,0.0,0.0,420.0,420.0,151.5,214.0,274.0,299.0,306.5,-0.7297619047619048,-0.7119047619047619,-0.6523809523809524,-0.5095238095238095,-0.3607142857142857,0.0,0.0,0.0,0.0,0.0,0.0,0.0,0.0,0.0,0.0,274.0,306.5,100.0,0.0,92.3076923076923,7.6923076923076925,0.0,27.0,27.0,100.0,0.0,0.0,,,-144.4,-50.0,119.0,226.5,277.4,,,,,,,,,,,,,,,,145.0,277.4,29.62962962962963,,92.5925925925926,3.7037037037037037,3.7037037037037037,0.0,nm_inferred,27.0,100.0,,Bolzano Airport,46.459245,11.326125,no
80,LGHI,25.0,25.0,100.0,0.0,0.0,300.0,300.0,213.0,279.0,404.0,459.0,543.0,-1.81,-1.53,-1.3466666666666667,-0.93,-0.5996190476190475,0.0,0.0,0.0,0.0,0.0,0.0,0.0,0.0,0.0,0.0,404.0,543.0,100.0,0.0,100.0,0.0,0.0,26.0,26.0,100.0,0.0,0.0,,,-329.5,-285.5,-256.5,-164.5,-100.5,,,,,,,,,,,,,,,,256.5,329.5,92.3076923076923,,96.15384615384616,0.0,3.8461538461538463,0.0,nm_inferred,26.0,100.0,,Chios Island National Airport,38.34320068359375,26.140600204467773,no
81,LPCS,26.0,26.0,100.0,0.0,0.0,360.0,360.0,-4123.5,-437.25,-36.0,22.75,54.0,-0.12,-0.05972222222222222,0.08833333333333333,1.2145833333333333,6.8725000000000005,0.0,0.0,0.0,0.41250000000000003,0.6666666666666666,0.0,0.0,0.0,0.4,0.6041666666666667,86.5,4123.5,42.30769230769231,7.6923076923076925,76.92307692307692,0.0,23.076923076923077,25.0,25.0,100.0,0.0,0.0,,,296.0,369.0,425.0,518.0,4452.000000000001,,,,,,,,,,,,,,,,425.0,4452.000000000001,0.0,,76.0,0.0,24.0,0.0,nm_inferred,26.0,100.0,,Cascais Airport,38.724998,-9.35523,no
82,EFOU,25.0,25.0,100.0,0.0,0.0,300.0,300.0,373.0,414.0,444.0,519.0,896.0000000000005,-2.9866666666666664,-1.5633333333333332,-1.38,-0.89375,-0.75625,0.0,0.0,0.0,0.0,0.0,0.0,0.0,0.0,0.0,0.0,444.0,896.0000000000005,100.0,0.0,100.0,0.0,0.0,25.0,25.0,100.0,0.0,0.0,,,-416.4,-373.0,-239.0,-199.0,-183.39999999999998,,,,,,,,,,,,,,,,239.0,416.40000000000003,100.0,,100.0,0.0,0.0,0.0,nm_inferred,25.0,100.0,,Oulu Airport,64.930099,25.354601,no
83,EGSH,25.0,25.0,100.0,0.0,0.0,600.0,600.0,-19.4,-1.0,9.0,24.0,147.0,-0.245,-0.04,-0.01,0.0016666666666666668,0.02966666666666669,0.0,0.0,0.0,0.05,0.05,0.0,0.0,0.0,0.008333333333333333,0.035000000000000024,17.0,147.0,64.0,0.0,100.0,0.0,0.0,25.0,25.0,100.0,0.0,0.0,,,268.4,296.0,347.0,494.0,559.0000000000001,,,,,,,,,,,,,,,,347.0,559.0000000000001,0.0,,100.0,0.0,0.0,0.0,nm_inferred,25.0,100.0,,Norwich Airport,52.6758,1.28278,no
84,LFMP,25.0,25.0,100.0,0.0,0.0,300.0,300.0,27.000000000000007,54.0,104.0,164.0,222.0,-0.7233333333333334,-0.5466666666666666,-0.23,-0.13,-0.05466666666666665,0.0,0.0,0.0,0.0,0.0,0.0,0.0,0.0,0.0,0.0,129.0,233.00000000000003,92.0,4.0,96.0,0.0,4.0,24.0,24.0,100.0,0.0,0.0,,,-75.29999999999998,23.75,144.5,262.0,282.1,,,,,,,,,,,,,,,,164.5,282.1,25.0,,95.83333333333333,0.0,4.166666666666667,0.0,nm_inferred,25.0,100.0,,Perpignan-Rivesaltes (Llabanère) Airport,42.740398,2.87067,no
85,LGKL,25.0,25.0,100.0,0.0,0.0,480.0,480.0,30.000000000000007,78.0,154.0,234.0,531.8000000000001,-0.9700277777777776,-0.47708333333333336,-0.28958333333333336,-0.14375,-0.04599999999999999,0.0,0.0,0.0,0.0,0.0,0.0,0.0,0.0,0.0,0.0,154.0,531.8000000000001,92.0,0.0,100.0,0.0,0.0,25.0,25.0,100.0,0.0,0.0,,,-260.0,38.0,102.0,162.0,593.6000000000008,,,,,,,,,,,,,,,,137.0,828.8000000000001,24.0,,92.0,8.0,0.0,0.0,nm_inferred,25.0,100.0,,Kalamata Airport,37.06829833984375,22.02549934387207,no
86,EKVG,24.0,24.0,100.0,0.0,0.0,300.0,300.0,1540.5,1577.75,1684.0,2039.0,3763.499999999999,-12.544999999999998,-6.796666666666667,-5.613333333333333,-5.221666666666667,-5.095,0.0,0.0,0.0,0.0,0.0,0.0,0.0,0.0,0.0,0.0,1684.0,3763.499999999999,100.0,0.0,100.0,0.0,0.0,24.0,24.0,100.0,0.0,0.0,,,-2825.5,-2118.75,-1727.0,-1472.5,-1415.5,,,,,,,,,,,,,,,,1727.0,2825.4999999999995,100.0,,100.0,0.0,0.0,0.0,nm_inferred,24.0,100.0,,Vágar Airport,62.063256,-7.275782,no
87,LFRK,24.0,24.0,100.0,0.0,0.0,300.0,300.0,90.5,107.75,126.5,146.5,177.5,-0.57,-0.4716666666666667,-0.41333333333333333,-0.355,-0.3,0.0,0.0,0.0,0.0,0.0,0.0,0.0,0.0,0.0,0.0,131.5,182.5,95.83333333333333,0.0,95.83333333333333,0.0,4.166666666666667,22.0,22.0,100.0,0.0,0.0,,,-36.89999999999999,56.0,85.5,96.0,113.9,,,,,,,,,,,,,,,,89.5,160.2000000000001,13.636363636363637,,90.9090909090909,4.545454545454546,4.545454545454546,0.0,nm_inferred,24.0,100.0,,Caen Carpiquet airport,49.17678,-0.454883,no
88,LIPR,24.0,24.0,100.0,0.0,0.0,600.0,279.0,-5336.499999999998,-639.75,-403.5,-126.0,-17.50000000000004,0.029166666666666695,0.21,0.6725000000000001,1.09125,8.89416666666666,0.06500000000000002,0.25,0.55,0.8625,1.0,0.03583333333333336,0.21666666666666667,0.5416666666666667,0.8270833333333334,1.0,403.5,5336.499999999996,8.333333333333334,20.833333333333332,79.16666666666667,0.0,20.833333333333332,24.0,24.0,100.0,0.0,0.0,,,193.20000000000005,508.0,595.0,658.0,5072.799999999996,,,,,,,,,,,,,,,,595.0,5072.799999999996,8.333333333333334,,79.16666666666667,4.166666666666667,16.666666666666668,0.0,nm_inferred,24.0,100.0,,Federico Fellini International Airport,44.020024,12.612198,no
89,LFBT,23.0,23.0,100.0,0.0,0.0,600.0,600.0,6.000000000000002,31.5,49.0,59.0,68.0,-0.10500000000000001,-0.09166666666666667,-0.08166666666666667,-0.03777777777777778,-0.009999999999999988,0.0,0.0,0.0,0.0,0.0,0.0,0.0,0.0,0.0,0.0,49.0,82.0,91.30434782608695,0.0,91.30434782608695,4.3478260869565215,4.3478260869565215,22.0,22.0,100.0,0.0,0.0,,,279.2,301.0,310.0,316.75,556.0,,,,,,,,,,,,,,,,310.0,556.0,0.0,,95.45454545454545,4.545454545454546,0.0,0.0,nm_inferred,23.0,100.0,,Tarbes-Lourdes-Pyrénées Airport,43.178699,-0.006439,no
90,EIKY,22.0,22.0,100.0,0.0,0.0,720.0,720.0,9.0,19.0,41.5,54.0,59.0,-0.19499999999999998,-0.11798611111111111,-0.06805555555555555,-0.027291666666666665,-0.01319444444444443,0.0,0.0,0.0,0.0,0.0,0.0,0.0,0.0,0.0,0.0,41.5,59.0,95.45454545454545,0.0,100.0,0.0,0.0,21.0,21.0,100.0,0.0,0.0,,,243.0,260.0,265.0,272.0,278.0,,,,,,,,,,,,,,,,265.0,278.0,0.0,,100.0,0.0,0.0,0.0,nm_inferred,22.0,100.0,,Kerry Airport,52.180901,-9.52378,no
91,EPSC,22.0,22.0,100.0,0.0,0.0,300.0,300.0,109.0,125.25,139.0,162.75,193.00000000000003,-0.5766666666666667,-0.49666666666666665,-0.44666666666666666,-0.2238888888888889,-0.1383333333333333,0.0,0.0,0.0,0.0,0.0,0.0,0.0,0.0,0.0,0.0,139.0,193.00000000000003,100.0,0.0,90.9090909090909,9.090909090909092,0.0,22.0,22.0,100.0,0.0,0.0,,,-208.39999999999998,-99.75,-16.5,34.25,47.500000000000014,,,,,,,,,,,,,,,,54.5,208.4000000000002,54.54545454545455,,100.0,0.0,0.0,0.0,nm_inferred,22.0,100.0,,Solidarity Szczecin–Goleniów Airport,53.584702,14.9022,no
92,LFBP,22.0,22.0,100.0,0.0,0.0,600.0,600.0,45.5,70.25,84.0,171.5,233.5,-0.38916666666666666,-0.28583333333333333,-0.14,-0.11708333333333334,-0.07583333333333328,0.0,0.0,0.0,0.0,0.0,0.0,0.0,0.0,0.0,0.0,84.0,233.5,100.0,0.0,100.0,0.0,0.0,22.0,22.0,100.0,0.0,0.0,,,90.0,161.75,195.5,207.5,272.3000000000001,,,,,,,,,,,,,,,,195.5,272.3000000000001,4.545454545454546,,100.0,0.0,0.0,0.0,nm_inferred,22.0,100.0,,Pau Pyrénées Airport,43.380001,-0.418611,no
93,LRSB,22.0,22.0,100.0,0.0,0.0,300.0,300.0,214.5,235.25,301.5,417.75,643.0000000000001,-2.1433333333333335,-1.3716666666666666,-0.8447619047619048,-0.738452380952381,-0.5834761904761901,0.0,0.0,0.0,0.0,0.0,0.0,0.0,0.0,0.0,0.0,301.5,643.0000000000001,100.0,0.0,100.0,0.0,0.0,22.0,22.0,100.0,0.0,0.0,,,-814.4,-741.5,-445.5,-4.75,74.10000000000007,,,,,,,,,,,,,,,,445.5,814.4000000000001,77.27272727272727,,95.45454545454545,4.545454545454546,0.0,0.0,nm_inferred,22.0,100.0,,Sibiu International Airport,45.785841,24.086666,no
94,LSGS,22.0,22.0,100.0,0.0,0.0,300.0,300.0,149.0,160.25,186.5,255.25,309.0,-1.03,-0.8508333333333333,-0.6216666666666666,-0.505,-0.43333333333333324,0.0,0.0,0.0,0.0,0.0,0.0,0.0,0.0,0.0,0.0,186.5,309.0,100.0,0.0,81.81818181818181,9.090909090909092,9.090909090909092,20.0,20.0,100.0,0.0,0.0,,,-115.19999999999999,-25.25,19.0,70.5,349.8000000000012,,,,,,,,,,,,,,,,69.0,1036.5000000000002,45.0,,80.0,0.0,20.0,0.0,nm_inferred,22.0,100.0,,Sion Airport,46.219166,7.326944,no
95,LFLC,18.0,18.0,100.0,0.0,0.0,480.0,480.0,97.5,105.25,116.5,134.0,163.5,-0.34062499999999996,-0.2661458333333333,-0.22708333333333333,-0.1984375,-0.15258333333333332,0.0,0.0,0.0,0.0,0.0,0.0,0.0,0.0,0.0,0.0,116.5,163.5,100.0,0.0,100.0,0.0,0.0,21.0,21.0,100.0,0.0,0.0,,,44.0,80.0,122.0,139.0,154.0,,,,,,,,,,,,,,,,122.0,154.0,4.761904761904762,,95.23809523809524,4.761904761904762,0.0,0.0,nm_inferred,21.0,100.0,,Clermont-Ferrand Auvergne airport,45.786701,3.16917,no
96,DABC,20.0,20.0,100.0,0.0,0.0,360.0,360.0,682.5,781.5,874.0,940.25,1010.5000000000002,-3.0339444444444443,-2.6777777777777776,-2.427777777777778,-2.1708333333333334,-1.8958333333333333,0.0,0.0,0.0,0.0,0.0,0.0,0.0,0.0,0.0,0.0,874.0,1010.5000000000002,100.0,0.0,100.0,0.0,0.0,20.0,20.0,100.0,0.0,0.0,,,-1394.8,-762.0,-616.0,-474.75,-91.99999999999994,,,,,,,,,,,,,,,,616.0,1394.8000000000002,95.0,,100.0,0.0,0.0,0.0,nm_inferred,20.0,100.0,,Mohamed Boudiaf International Airport,36.276001,6.62039,no
97,GMTN,19.0,19.0,100.0,0.0,0.0,900.0,859.0,-241.0,-66.0,-26.0,9.5,30.599999999999984,-0.033999999999999996,-0.010555555555555556,0.028888888888888888,0.0875,0.3593333333333333,0.0,0.0,0.03333333333333333,0.1,0.3666666666666666,0.0,0.0,0.03333333333333333,0.09305555555555556,0.36555555555555547,26.0,437.5999999999998,36.8421052631579,5.2631578947368425,94.73684210526316,5.2631578947368425,0.0,20.0,20.0,100.0,0.0,0.0,,,234.90000000000003,303.25,317.5,343.0,465.90000000000003,,,,,,,,,,,,,,,,320.0,498.80000000000007,5.0,,100.0,0.0,0.0,0.0,nm_inferred,20.0,100.0,,Sania Ramel Airport,35.594299,-5.32002,no
98,EHAM,2112.0,2111.0,99.95265151515152,0.0,99.19507575757575,641.5,383.0,-914.0,-569.0,-226.0,-19.0,-2.0,0.004335260115606936,0.03977020443168478,0.36932707355242567,0.917660591681944,1.0453488372093023,0.043478260869565216,0.125,0.40625,0.8378378378378378,1.0,0.01098901098901099,0.07276633082206288,0.3755868544600939,0.8012129125037843,0.997624703087886,244.0,961.0,9.000473709142586,18.190431075319754,91.09848484848484,8.475378787878787,0.3787878787878788,2073.0,2073.0,100.0,0.0,99.32465026531597,655.0,5.0,451.20000000000005,620.0,871.0,1018.0,1185.8,1.0402204266490167,1.214929833163272,1.3746223564954683,1.5421057815424013,1.8677013045434099,0.96,1.0,1.0,1.0,1.0,0.9890590284032907,0.9963099630996309,1.0,1.0020661157024793,1.004470978796316,883.0,1222.3999999999999,2.122527737578389,94.22049538610976,92.5229136517125,7.091172214182344,0.3859141341051616,99.32465026531597,apdf,2112.0,99.97632575757575,0.6876305973467065,Amsterdam Airport Schiphol,52.308601,4.76389,yes
99,EGPH,576.0,576.0,100.0,0.0,99.65277777777779,735.5,78.0,-1236.0,-851.0,-653.5,-516.0,-333.5,0.4952472665348369,0.8149114800649049,0.9032509635957912,0.9564040919222496,1.1702809435296622,0.5192592592592593,0.7987179487179488,0.9090909090909091,0.9565217391304348,1.0,0.4951488921192899,0.7734750792413918,0.8885670355014964,0.938212233224738,1.0,661.0,1288.5,2.951388888888889,20.3125,93.22916666666667,5.729166666666667,1.0416666666666667,571.0,570.0,99.82486865148861,0.0,100.0,405.0,5.0,522.8,594.0,670.0,806.0,1240.2,1.1540318671134242,1.4127402377874685,1.6671560638417444,1.9301938451429197,2.299215868588254,0.9166666666666666,1.0,1.0,1.0,1.0,0.9672435332157554,0.9897172236503856,0.9945627269636514,0.9981642664175012,1.0,672.5,1426.6000000000001,0.8771929824561403,91.75438596491227,94.04553415061297,4.728546409807356,1.0507880910683012,100.0,apdf,576.0,99.9124343257443,0.9407403935957677,Edinburgh Airport,55.950145,-3.372288,yes
100,LPPT,984.0,983.0,99.89837398373983,0.0,99.08536585365853,840.0,720.0,-865.0,-626.0,44.0,74.0,89.0,-0.11325757575757575,-0.08225694444444445,-0.05,0.8647727272727272,0.9592592592592593,0.0,0.0,0.0,0.8291666666666666,0.9642857142857143,0.0,0.0,0.0,0.8083333333333333,0.95,89.0,871.0,60.52899287894201,10.27466937945066,87.5,12.195121951219512,0.2032520325203252,982.0,981.0,99.89816700610999,0.0,100.0,349.5,5.0,257.0,277.0,308.0,602.0,721.0,0.6,0.76010101010101,1.0333333333333334,1.7150837988826815,1.939306358381503,0.6,0.7692307692307693,0.9375,1.0,1.0,0.6022727272727273,0.7620320855614974,0.9836065573770493,0.9959349593495934,1.0,309.0,729.0,1.325178389398573,55.45361875637105,91.5478615071283,8.146639511201629,0.20366598778004075,100.0,apdf,984.0,99.8982704949249,0.4913029696471717,Lisbon Humberto Delgado Airport,38.7813,-9.13592,yes
101,LIME,449.0,448.0,99.77728285077951,0.0,99.33184855233853,720.0,720.0,-1.0,7.75,24.0,39.0,54.0,-0.08166666666666667,-0.05641025641025641,-0.03166666666666667,-0.0077729044834307995,0.002172619047619051,0.0,0.0,0.0,0.0,0.03653846153846157,0.0,0.0,0.0,0.0,0.009422657952069723,24.0,54.0,85.04464285714286,0.22321428571428573,97.55011135857461,1.78173719376392,0.44543429844098,459.0,459.0,100.0,0.0,100.0,300.0,9.0,231.8,262.0,284.0,304.0,319.0,0.5607407407407408,0.7416666666666667,0.9633333333333334,1.175,1.38,0.6,0.7928571428571429,1.0,1.0,1.0,0.5833333333333334,0.7628968253968254,0.9791666666666666,1.0,1.0,284.0,320.2,2.396514161220044,54.68409586056645,95.86056644880175,3.7037037037037037,0.4357298474945534,100.0,apdf,459.0,99.88864142538975,0.4890381403118039,Il Caravaggio International Airport,45.669362,9.708851,yes
102,EGKK,1214.0,1211.0,99.75288303130148,0.0,99.835255354201,1200.0,1200.0,14.0,24.0,39.0,54.0,64.0,-0.06666666666666667,-0.048484848484848485,-0.03333333333333333,-0.02013888888888889,-0.012666666666666666,0.0,0.0,0.0,0.0,0.0,0.0,0.0,0.0,0.0,0.0,39.0,64.0,98.5962014863749,0.0,93.98682042833607,5.518945634266887,0.2471169686985173,1180.0,1180.0,100.0,0.0,97.45762711864407,480.0,91.5,297.0,320.0,348.0,470.25,595.1000000000001,0.4261904761904762,0.6074074074074074,0.7904761904761904,1.004404761904762,1.278055555555556,0.46153846153846156,0.65,0.8333333333333334,1.0,1.0,0.4550699300699301,0.6203703703703703,0.7976190476190477,1.0,1.0,350.0,603.0,1.9491525423728813,30.347826086956523,92.37288135593221,7.372881355932203,0.2542372881355932,99.835255354201,apdf,1214.0,99.87644151565074,0.3983167608064643,London Gatwick Airport,51.148744,-0.185739,yes
103,EGGD,359.0,359.0,100.0,0.0,100.0,720.0,56.0,-1027.0,-836.0,-656.0,-521.0,-435.00000000000006,0.65,0.8554364238380925,0.9238095238095239,0.9705651815181517,1.0436796536796538,0.6787826086956522,0.875,0.95,1.0,1.0,0.6590177133655395,0.8586538461538461,0.9243697478991597,0.9714927131866941,1.0,656.0,1032.0,0.5571030640668524,34.81894150417827,94.70752089136491,4.178272980501393,1.1142061281337048,347.0,346.0,99.71181556195965,0.0,100.0,300.0,5.0,503.5,560.0,610.0,676.75,913.5,1.30359477124183,1.6271428571428572,2.0275821842946025,2.4166666666666665,3.043716577540107,1.0,1.0,1.0,1.0,1.0,0.986948560722194,0.9938125629190646,1.0,1.0,1.0,610.0,961.5,0.8670520231213873,96.82080924855491,93.65994236311239,4.610951008645533,1.440922190201729,100.0,apdf,359.0,99.85590778097983,0.9607984404136295,Bristol Airport,51.382326,-2.716453,yes
104,LICJ,309.0,309.0,100.0,0.0,0.0,720.0,720.0,-437.0,-206.0,79.0,119.0,289.99999999999994,-0.4041666666666667,-0.17916666666666667,-0.10972222222222222,0.30347222222222225,0.6083333333333336,0.0,0.0,0.0,0.35416666666666663,0.625,0.0,0.0,0.0,0.3298611111111111,0.5958333333333338,156.0,481.0,57.605177993527505,1.6286644951140066,99.02912621359224,0.970873786407767,0.0,313.0,312.0,99.68051118210863,0.0,0.0,,,-274.0,-156.0,236.5,433.25,562.9000000000001,,,,,,,,,,,,,,,,307.0,590.2000000000003,32.37179487179487,,98.72204472843451,0.9584664536741214,0.0,0.0,nm_inferred,313.0,99.84025559105432,,Falcone–Borsellino Airport,38.175999,13.091,no
105,EDDM,1560.0,1557.0,99.8076923076923,0.0,99.87179487179488,780.0,559.0,-617.9999999999999,-346.0,-1.0,39.0,54.0,-0.08198717948717948,-0.049166666666666664,0.0015151515151515152,0.45606060606060606,0.725538461538463,0.0,0.0,0.041666666666666664,0.4375,0.6333333333333333,0.0,0.0,0.013888888888888888,0.4166666666666667,0.603333333333334,69.0,661.0,49.582530507386,1.7341040462427746,93.3974358974359,6.0256410256410255,0.38461538461538464,1543.0,1541.0,99.8703823720026,0.0,100.0,360.0,5.0,296.0,321.0,449.0,627.0,734.0,0.6416666666666667,0.9222222222222223,1.3466666666666667,1.6595238095238096,1.8972222222222221,0.6875,0.9166666666666666,1.0,1.0,1.0,0.6666666666666666,0.8888888888888888,1.0,1.0,1.0,470.0,748.0,1.5574302401038287,70.21414665801427,94.36163318211277,5.119896305897602,0.38885288399222295,100.0,apdf,1560.0,99.83903733984745,0.5061284531811711,Munich Airport,48.353802,11.7861,yes
106,LTBS,259.0,259.0,100.0,0.0,0.0,720.0,720.0,204.0,239.0,284.0,329.0,534.0,-0.7430555555555556,-0.4949074074074074,-0.4083333333333333,-0.3358974358974359,-0.27533333333333326,0.0,0.0,0.0,0.0,0.0,0.0,0.0,0.0,0.0,0.0,284.0,534.0,100.0,0.0,94.98069498069498,5.019305019305019,0.0,281.0,280.0,99.644128113879,0.0,0.0,,,-605.0,-408.25,-337.0,-278.25,-136.60000000000002,,,,,,,,,,,,,,,,337.0,604.9999999999999,99.28571428571429,,96.08540925266904,3.5587188612099645,0.0,0.0,nm_inferred,281.0,99.8220640569395,,Dalaman International Airport,36.7131,28.7925,no
107,EGGW,550.0,550.0,100.0,1.0,100.0,900.0,900.0,14.0,19.0,34.0,54.0,59.0,-0.09014814814814814,-0.06282051282051282,-0.03666666666666667,-0.021111111111111112,-0.013043043043043044,0.0,0.0,0.0,0.0,0.0,0.0,0.0,0.0,0.0,0.0,34.0,59.0,99.0909090909091,0.0,95.45454545454545,4.363636363636363,0.18181818181818182,538.0,536.0,99.62825278810409,0.0,100.0,300.0,5.0,179.0,293.0,319.0,343.25,377.5,0.49583333333333335,0.8759722222222223,1.1,1.3968749999999999,1.7555555555555555,0.6111111111111112,1.0,1.0,1.0,1.0,0.6,0.9305555555555556,1.0,1.0,1.0,321.5,386.0,3.7313432835820897,72.38805970149254,92.75092936802974,6.319702602230484,0.5576208178438662,100.0,apdf,550.0,99.81412639405204,0.4990706319702602,London Luton Airport,51.874699,-0.368333,yes
108,EDDP,253.0,253.0,100.0,0.0,96.83794466403161,780.0,59.0,-1158.0,-886.0,-696.0,-561.0,-306.99999999999994,0.43285714285714294,0.8025641025641026,0.9181818181818182,1.0012820512820513,1.1170512820512821,0.6,0.8235294117647058,0.9444444444444444,1.0,1.0,0.5901666666666666,0.8088235294117647,0.9166666666666666,0.9947916666666666,1.0,701.0,1161.0,4.3478260869565215,41.50197628458498,81.81818181818181,17.391304347826086,0.7905138339920948,256.0,255.0,99.609375,0.0,99.609375,300.0,5.0,533.0,593.5,671.0,772.5,963.8,1.5193939393939393,1.8402777777777777,2.2495833333333333,3.151041666666667,4.55916666666667,1.0,1.0,1.0,1.0,1.0,1.0,1.0,1.0,1.0,1.0,672.0,974.5999999999999,0.7843137254901961,99.60629921259843,93.359375,6.25,0.0,99.609375,apdf,256.0,99.8046875,0.9564615885416666,Leipzig/Halle Airport,51.420657,12.232705,yes
109,LPPR,511.0,510.0,99.80430528375734,0.0,99.02152641878669,600.0,600.0,14.0,19.0,34.0,49.0,59.0,-0.11722222222222219,-0.08474329902901331,-0.05545712868723858,-0.03114247311827957,-0.015836726998491705,0.0,0.0,0.0,0.0,0.0,0.0,0.0,0.0,0.0,0.0,34.0,59.0,98.23529411764706,0.19607843137254902,92.17221135029354,7.240704500978474,0.3913894324853229,508.0,507.0,99.80314960629921,0.0,99.60629921259843,354.0,67.0,251.0,261.0,280.0,295.0,307.0,0.5119478062404277,0.669047619047619,0.8055555555555556,0.9633333333333334,1.19490122503035,0.5,0.6875,0.8333333333333334,1.0,1.0,0.5152432283029298,0.6785714285714286,0.8176100628930817,0.9712230215827338,1.0,280.0,307.0,0.7889546351084813,29.306930693069308,94.68503937007874,4.921259842519685,0.1968503937007874,99.60629921259843,apdf,511.0,99.80372744502827,0.40800265936646773,Francisco de Sá Carneiro Airport,41.2481002808,-8.68138980865,yes
110,EPWA,868.0,868.0,100.0,0.0,99.76958525345621,600.0,600.0,-11.0,9.0,29.0,44.0,64.0,-0.14047619047619048,-0.08214285714285714,-0.04055059523809524,-0.0125,0.020413105413105426,0.0,0.0,0.0,0.0,0.05555555555555555,0.0,0.0,0.0,0.0,0.026562500000000117,29.0,69.0,82.48847926267281,0.0,91.01382488479263,8.410138248847927,0.576036866359447,870.0,866.0,99.54022988505747,0.0,100.0,240.0,5.0,239.0,279.0,301.0,323.0,339.0,0.6395833333333334,0.88125,1.15375,1.4805555555555556,1.7666666666666666,0.6875,0.9166666666666666,1.0,1.0,1.0,0.6666666666666666,0.8888888888888888,1.0,1.0,1.0,302.5,341.5,2.1939953810623556,70.32332563510393,89.77011494252874,9.310344827586206,0.45977011494252873,100.0,apdf,870.0,99.77011494252874,0.49885057471264366,Warsaw Chopin Airport,52.165699,20.9671,yes
111,ESGG,216.0,216.0,100.0,0.0,100.0,540.0,540.0,21.5,39.0,54.0,74.0,84.0,-0.19833333333333333,-0.14375,-0.10104166666666667,-0.07043269230769231,-0.042222222222222223,0.0,0.0,0.0,0.0,0.0,0.0,0.0,0.0,0.0,0.0,54.0,84.0,98.14814814814815,0.0,97.68518518518519,2.314814814814815,0.0,212.0,211.0,99.52830188679245,0.0,100.0,240.0,5.0,179.0,244.0,267.0,286.5,301.0,0.5966666666666667,0.8791666666666667,1.0566666666666666,1.1895833333333332,1.3611111111111112,0.6,0.9166666666666666,1.0,1.0,1.0,0.6,0.9,1.0,1.0,1.0,268.0,302.0,2.843601895734597,69.19431279620854,95.75471698113208,3.30188679245283,0.4716981132075472,100.0,apdf,216.0,99.76415094339623,0.4988207547169812,Göteborg Landvetter Airport,57.6628,12.2798,yes
112,LEAL,589.0,588.0,99.830220713073,0.0,99.830220713073,675.0,690.0,-5.0,-3.0,1.0,3.25,7.0,-0.011153983565559128,-0.005299769880724436,-0.0010279935425523822,0.002876246396805635,0.006840215574992103,0.0,0.0,0.0,0.034482758620689655,0.05,0.0,0.0,0.0,0.005822668404756244,0.009176315254925866,3.0,7.0,68.5374149659864,0.0,97.45331069609507,2.2071307300509337,0.1697792869269949,599.0,597.0,99.6661101836394,0.0,99.8330550918197,200.0,5.0,271.0,275.0,280.0,283.0,284.0,0.6975852804794564,1.078535216367916,1.3731677136874167,1.6902475536731414,2.141887922932331,0.7321428571428572,1.0,1.0,1.0,1.0,0.7310164724789072,1.0,1.0069444444444444,1.0148980123576268,1.022099447513812,280.0,285.0,1.5075376884422111,85.06711409395973,96.8280467445743,2.671118530884808,0.1669449081803005,99.8330550918197,apdf,599.0,99.7481654483562,0.5022043052087378,Alicante-Elche Miguel Hernández Airport,38.2822,-0.558156,yes
113,LICC,389.0,388.0,99.74293059125964,0.0,99.74293059125964,660.0,660.0,124.0,149.0,179.0,214.0,259.0,-0.4564583333333333,-0.34875,-0.25636363636363635,-0.1901470588235294,-0.13913690476190474,0.0,0.0,0.0,0.0,0.0,0.0,0.0,0.0,0.0,0.0,179.0,259.0,99.74226804123711,0.0,97.68637532133675,1.5424164524421593,0.5141388174807198,390.0,389.0,99.74358974358974,0.0,100.0,360.0,300.0,-123.19999999999996,-19.0,36.0,66.0,95.0,-0.44814814814814813,-0.05714285714285714,0.1,0.18333333333333332,0.26166666666666666,0.0,0.0,0.14285714285714285,0.25,0.31666666666666643,0.0,0.0,0.10714285714285714,0.19444444444444445,0.2777777777777778,56.0,181.0,33.16195372750643,0.0,96.92307692307692,2.051282051282051,0.7692307692307693,100.0,apdf,390.0,99.7432601674247,0.053433889375406086,Catania-Fontanarossa Airport,37.466801,15.0664,yes
114,EPWR,192.0,192.0,100.0,0.0,0.0,660.0,5.0,-1235.5,-892.25,-703.5,-560.0,-405.9,0.6878484848484848,0.9068434343434344,1.2553030303030304,2.265833333333333,3.1500000000000004,0.7272727272727273,0.8972222222222223,1.0,1.0,1.0,0.6751515151515152,0.875,1.0,1.0,1.0,722.0,1329.0,3.125,64.58333333333333,92.70833333333333,4.6875,2.6041666666666665,193.0,192.0,99.48186528497409,0.0,0.0,,,560.0,626.0,694.0,820.5,2131.5000000000005,,,,,,,,,,,,,,,,694.5,2137.7000000000003,0.5208333333333334,,94.30051813471502,2.0725388601036268,3.1088082901554404,0.0,nm_inferred,193.0,99.74093264248705,,Copernicus Wrocław Airport,51.103719,16.882096,no
115,LIMC,963.0,960.0,99.68847352024922,0.0,99.48078920041536,960.0,229.0,-1627.0,-1091.0,-771.0,-506.0,-300.4999999999999,0.36389880952380954,0.5848169191919192,0.8263556618819776,0.9622222222222222,1.3568333333333333,0.3526470588235294,0.5588235294117647,0.78125,0.9375,1.0,0.33108739837398377,0.5416666666666666,0.7580091533180778,0.9166666666666666,1.0,778.5,1691.0000000000011,4.375,18.333333333333332,89.40809968847353,9.241952232606438,1.0384215991692627,939.0,937.0,99.78700745473908,0.0,99.89350372736953,360.0,5.0,407.6,527.0,649.0,774.0,947.5999999999999,1.172013888888889,1.413125,1.7307539682539683,2.07375,2.4458333333333337,1.0,1.0,1.0,1.0,1.0,1.0,1.0,1.0,1.0,1.0,652.0,961.3999999999999,0.8537886872998933,92.41452991452991,88.92438764643238,9.904153354632587,0.9584664536741214,99.89350372736953,apdf,963.0,99.73774048749415,0.8766993035413888,Milan Malpensa International Airport,45.6306,8.72811,yes
116,DAAG,185.0,185.0,100.0,0.0,0.0,600.0,600.0,28.0,53.0,132.0,342.0,542.1999999999999,-1.974,-0.73,-0.25166666666666665,-0.09,-0.04666666666666667,0.0,0.0,0.0,0.0,0.0,0.0,0.0,0.0,0.0,0.0,132.0,542.1999999999999,100.0,0.0,92.43243243243244,7.5675675675675675,0.0,183.0,182.0,99.4535519125683,0.0,0.0,,,-588.0999999999999,-183.5,218.0,250.75,287.5,,,,,,,,,,,,,,,,247.5,654.6000000000004,29.12087912087912,,86.88524590163935,12.568306010928962,0.0,0.0,nm_inferred,185.0,99.72677595628414,,Houari Boumediene Airport,36.693886,3.214531,no
117,LFOB,180.0,180.0,100.0,0.0,0.0,900.0,900.0,29.0,44.0,59.0,74.0,84.0,-0.14,-0.09888888888888889,-0.07111111111111111,-0.04888888888888889,-0.037222222222222254,0.0,0.0,0.0,0.0,0.0,0.0,0.0,0.0,0.0,0.0,59.0,84.0,98.88888888888889,0.0,96.11111111111111,3.888888888888889,0.0,181.0,180.0,99.4475138121547,0.0,0.0,,,122.80000000000001,147.75,169.0,193.0,226.1,,,,,,,,,,,,,,,,170.0,227.1,2.7777777777777777,,95.58011049723757,3.314917127071823,0.5524861878453039,0.0,nm_inferred,181.0,99.72375690607734,,Beauvais-Tillé airport,49.454399,2.11278,no
118,EPKK,357.0,356.0,99.71988795518207,0.0,0.0,600.0,94.0,-891.0,-731.0,-616.0,-501.0,-408.5,0.5672222222222223,0.7333333333333333,0.8819444444444444,1.1016666666666666,1.3841666666666668,0.5954545454545455,0.7458333333333333,0.9,1.0,1.0,0.5691786283891547,0.7083333333333334,0.8577380952380952,1.0,1.0,618.0,913.5,1.6853932584269662,38.48314606741573,94.95798319327731,3.641456582633053,1.1204481792717087,356.0,355.0,99.71910112359551,0.0,0.0,,,501.4,600.5,672.0,739.5,905.0000000000001,,,,,,,,,,,,,,,,675.0,961.6000000000004,1.6901408450704225,,93.25842696629213,5.056179775280899,1.404494382022472,0.0,nm_inferred,357.0,99.71949453938879,,Kraków John Paul II International Airport,50.077702,19.7848,no
119,LSGG,678.0,676.0,99.70501474926253,1.0,99.70501474926253,720.0,720.0,14.0,29.0,44.0,64.0,81.5,-0.14321969696969697,-0.09369047619047619,-0.06282051282051282,-0.03692307692307692,-0.013672014260249553,0.0,0.0,0.0,0.0,0.0,0.0,0.0,0.0,0.0,0.0,49.0,104.0,92.75147928994083,0.14814814814814814,94.24778761061947,4.424778761061947,1.0324483775811208,666.0,664.0,99.69969969969969,1.0,100.0,240.0,5.0,276.0,299.0,331.5,419.0,467.0,0.9467777777777777,1.2729166666666667,1.6611111111111112,2.1715277777777775,2.5055555555555555,1.0,1.0,1.0,1.0,1.0,0.9516666666666667,1.0,1.0,1.0,1.0,332.0,468.70000000000005,1.0542168674698795,90.19607843137256,94.74474474474475,4.054054054054054,0.9009009009009009,100.0,apdf,678.0,99.70235722448112,0.4985117861224056,Geneva International Airport,46.238098,6.10895,yes
120,LOWW,1151.0,1147.0,99.65247610773241,0.0,98.87054735013032,600.0,29.0,-2745.0,-996.0,-641.0,-441.0,-291.0,0.5616190476190476,0.8569128787878788,0.9708333333333333,1.5079166666666666,5.841111111111112,0.6,0.875,1.0,1.0,1.0,0.5833333333333334,0.8541666666666666,0.9583333333333334,1.0,1.0,646.0,2795.000000000001,1.5693112467306016,52.39755884917175,90.87749782797567,7.298001737619462,1.476976542137272,1124.0,1121.0,99.73309608540926,0.0,100.0,300.0,5.0,482.0,559.0,670.0,899.0,2294.0,1.3966666666666667,1.651851851851852,2.0208333333333335,3.033333333333333,7.8277777777777775,1.0,1.0,1.0,1.0,1.0,1.0,1.0,1.0,1.0,1.0,676.0,2374.0,1.0704727921498662,98.48349687778769,91.19217081850533,7.473309608540926,1.0676156583629892,100.0,apdf,1151.0,99.69278609657084,0.9761585305289229,Vienna International Airport,48.110298,16.5697,yes
121,EKBI,151.0,150.0,99.33774834437087,0.0,0.0,600.0,600.0,14.0,24.0,39.0,52.75,64.0,-0.10692592592592594,-0.08926767676767677,-0.065,-0.03875,-0.023333333333333334,0.0,0.0,0.0,0.0,0.0,0.0,0.0,0.0,0.0,0.0,39.0,64.0,100.0,0.0,90.06622516556291,9.271523178807946,0.0,154.0,154.0,100.0,0.0,0.0,,,223.70000000000002,254.0,269.5,280.0,286.70000000000005,,,,,,,,,,,,,,,,271.0,287.0,2.5974025974025974,,91.55844155844156,8.441558441558442,0.0,0.0,nm_inferred,154.0,99.66887417218544,,Billund Airport,55.740335,9.157019,no
122,EGCC,923.0,921.0,99.78331527627303,0.0,99.02491874322861,960.0,54.0,-1631.0,-1211.0,-896.0,-651.0,-451.0,0.5254901960784314,0.8642857142857143,0.9592592592592593,1.0205128205128204,1.1927536231884057,0.5588235294117647,0.8666666666666667,0.9642857142857143,1.0,1.0,0.5441176470588235,0.8466666666666667,0.9505208333333334,1.0,1.0,906.0,1691.0,1.737242128121607,50.5971769815418,89.5991332611051,9.317443120260021,0.866738894907909,880.0,876.0,99.54545454545455,0.0,99.77272727272727,420.0,5.0,526.5,600.75,722.0,893.25,1130.5,1.2985555555555555,1.5364393939393939,1.7881944444444446,2.1191666666666666,2.5754166666666674,1.0,1.0,1.0,1.0,1.0,1.0,1.0,1.0,1.0,1.0,727.5,1165.5,1.1415525114155252,95.53775743707094,92.1590909090909,6.363636363636363,1.0227272727272727,99.77272727272727,apdf,923.0,99.66438491086379,0.9719872955499608,Manchester Airport,53.349375,-2.279521,yes
123,LIRN,448.0,447.0,99.77678571428571,0.0,99.33035714285714,660.0,660.0,179.0,194.0,224.0,331.5,554.0,-0.9357435897435897,-0.5638725490196078,-0.3625,-0.2625,-0.21555555555555556,0.0,0.0,0.0,0.0,0.0,0.0,0.0,0.0,0.0,0.0,224.0,554.0,99.77628635346755,0.0,96.875,2.455357142857143,0.44642857142857145,443.0,441.0,99.54853273137698,0.0,100.0,240.0,240.0,-599.0,-441.0,-269.0,-181.0,-113.0,-2.9555555555555557,-2.033333333333333,-1.1722222222222223,-0.7291666666666666,-0.4462962962962963,0.0,0.0,0.0,0.0,0.0,0.0,0.0,0.0,0.0,0.0,270.0,600.0,98.63945578231292,0.0,96.16252821670429,3.160270880361174,0.22573363431151242,100.0,apdf,448.0,99.66265922283134,0.0,Naples International Airport,40.886002,14.2908,yes
124,LFBO,293.0,292.0,99.65870307167235,0.0,96.24573378839591,600.0,534.0,-151.0,-81.0,-11.0,29.0,49.0,-0.09819696969696969,-0.05116003787878788,0.02164351851851852,0.1413888888888889,0.25710826210826226,0.0,0.0,0.05555555555555555,0.16666666666666666,0.3,0.0,0.0,0.03229166666666666,0.14814814814814814,0.2624643874643876,49.0,161.0,45.205479452054796,0.684931506849315,97.26962457337883,1.023890784982935,1.3651877133105803,291.0,290.0,99.65635738831615,0.0,95.87628865979381,240.0,5.0,269.5,302.25,327.0,364.25,501.30000000000007,0.8463888888888889,1.1035416666666666,1.4204166666666667,1.9333333333333333,2.6083333333333334,0.8925000000000001,1.0,1.0,1.0,1.0,0.8430555555555556,1.0,1.0,1.0,1.0,327.0,501.30000000000007,1.3793103448275863,86.33093525179856,97.2508591065292,0.6872852233676976,1.7182130584192439,96.24573378839591,apdf,293.0,99.65753022999425,0.5143781898850224,Toulouse-Blagnac Airport,43.629101,1.36382,yes
125,LEBL,1581.0,1574.0,99.55724225173941,0.0,99.30423782416192,922.0,334.0,-1170.1,-896.0,-691.0,-391.0,-171.0,0.250515818431912,0.49336527558747245,0.6661306953663724,0.940203513998237,1.0157752602756214,0.2793488372093023,0.4857142857142857,0.6666666666666666,0.9090909090909091,1.0,0.25099106879750316,0.46262686018528626,0.6413303110071171,0.886956824928772,0.9887549131347131,696.0,1182.4,4.066073697585769,16.96315120711563,96.7741935483871,2.4035420619860846,0.3795066413662239,1579.0,1575.0,99.74667511082964,0.0,99.62001266624446,192.0,5.0,296.0,366.5,462.0,546.0,638.0,1.2943200693290966,1.7245508982035929,2.2866666666666666,2.9910714285714284,3.768595041322314,1.0,1.0,1.0,1.0,1.0,1.0,1.0022271714922049,1.0087719298245614,1.0169491525423728,1.0250039815257206,463.0,643.2000000000003,0.6349206349206349,94.5825366475462,95.37682077264091,3.9898670044331856,0.3799873337555415,99.62001266624446,apdf,1581.0,99.65195868128453,0.8221796016162672,Josep Tarradellas Barcelona-El Prat Airport,41.2971,2.07846,yes
126,LEMG,842.0,840.0,99.7624703087886,0.0,99.40617577197149,705.0,570.0,-479.29999999999995,-264.0,-105.5,4.0,8.0,-0.012683721096280798,-0.004612290562318532,0.15837427094257694,0.35868189083543023,0.7786156994245634,0.0,0.0,0.19047619047619047,0.37037037037037035,0.65632183908046,0.0,0.0,0.16393442622950818,0.34148892339872594,0.6251637302442721,110.0,497.20000000000005,35.714285714285715,2.5,97.26840855106889,2.375296912114014,0.1187648456057007,858.0,854.0,99.53379953379954,0.0,99.06759906759906,276.0,5.0,291.0,380.0,414.0,486.75,560.7,0.8185268286903333,1.101403447977129,1.536936936936937,2.053176277543366,2.8018965517241377,0.8333333333333334,1.0,1.0,1.0,1.0,0.8247758548790659,1.0,1.0052910052910053,1.0122699386503067,1.019108280254777,415.0,562.0,0.936768149882904,82.86052009456264,96.38694638694639,3.0303030303030303,0.11655011655011654,99.40617577197149,apdf,858.0,99.64813492129406,0.582555667767822,Málaga-Costa del Sol Airport,36.6749,-4.49911,yes
127,EBBR,867.0,866.0,99.88465974625144,0.0,99.76931949250289,660.0,5.0,-1196.0,-916.0,-736.0,-601.0,-506.0,0.9466775599128541,1.0011309523809524,1.0747549019607843,1.2104166666666667,1.5425213675213676,0.9615384615384616,1.0,1.0,1.0,1.0,0.9504901960784313,0.9924242424242424,1.0,1.0,1.0,743.5,1236.0,1.3856812933025404,90.18475750577367,92.84890426758939,6.805074971164936,0.2306805074971165,844.0,839.0,99.40758293838863,0.0,99.88151658767772,300.0,5.0,523.0,581.0,657.0,759.0,917.4000000000001,1.655625,1.8620535714285715,2.13,2.4970833333333333,3.1177777777777793,1.0,1.0,1.0,1.0,1.0,1.0,1.0,1.0,1.0,1.0,661.0,948.6000000000001,1.430274135876043,99.64200477326969,92.41706161137441,6.398104265402844,0.5924170616113744,99.88151658767772,apdf,867.0,99.64612134232004,0.9964612134232005,Brussels Airport,50.901402,4.48444,yes
128,EGNX,265.0,264.0,99.62264150943396,0.0,0.0,600.0,600.0,-728.0,-421.0,-46.0,39.0,59.0,-0.09,-0.05499999999999999,0.0725,0.6579166666666667,1.2133333333333336,0.0,0.0,0.08333333333333334,0.6,1.0,0.0,0.0,0.07083333333333333,0.5854166666666667,1.0,69.0,739.5000000000001,46.21212121212121,14.393939393939394,93.9622641509434,5.283018867924528,0.37735849056603776,248.0,247.0,99.59677419354838,0.0,0.0,,,294.6,369.0,446.0,513.5,569.4,,,,,,,,,,,,,,,,449.0,574.4,0.8097165991902834,,91.12903225806451,8.064516129032258,0.4032258064516129,0.0,nm_inferred,265.0,99.60970785149118,,East Midlands Airport,52.8311,-1.32806,no
129,LFRS,255.0,254.0,99.6078431372549,0.0,0.0,600.0,600.0,39.0,54.0,66.5,84.0,99.0,-0.165,-0.14833333333333334,-0.115,-0.09,-0.061499999999999916,0.0,0.0,0.0,0.0,0.0,0.0,0.0,0.0,0.0,0.0,66.5,99.0,100.0,0.0,97.6470588235294,1.5686274509803921,0.39215686274509803,257.0,256.0,99.61089494163424,0.0,0.0,,,140.5,251.0,276.0,288.0,296.0,,,,,,,,,,,,,,,,277.0,298.5,3.125,,97.66536964980544,1.9455252918287937,0.0,0.0,nm_inferred,257.0,99.60936903944457,,Nantes Atlantique Airport,47.153198,-1.61073,no
130,LIRF,1430.0,1426.0,99.72027972027972,0.0,98.46153846153847,1080.0,1080.0,-6.0,4.0,19.0,34.0,49.0,-0.04833333333333333,-0.03222222222222222,-0.017948717948717947,-0.004761904761904762,0.004545454545454545,0.0,0.0,0.0,0.0,0.027777777777777776,0.0,0.0,0.0,0.0,0.007936507936507936,19.0,49.0,81.34642356241234,0.0,94.26573426573427,5.384615384615385,0.06993006993006994,1387.0,1380.0,99.49531362653208,0.0,99.13482335976929,600.0,269.0,299.0,319.0,337.0,355.0,367.0,0.2833333333333333,0.4307692307692308,0.5533333333333333,0.6796296296296296,0.8576190476190477,0.3,0.4583333333333333,0.5909090909090909,0.7222222222222222,0.9166666666666666,0.2857142857142857,0.4358974358974359,0.5583333333333333,0.6851851851851852,0.8690476190476191,338.0,368.0,0.9420289855072463,5.989773557341125,93.43907714491709,5.839942321557318,0.21629416005767843,99.13482335976929,apdf,1430.0,99.6077966734059,0.27807176571325815,Rome–Fiumicino Leonardo da Vinci International Airport,41.804532,12.251998,yes
131,LIPE,380.0,378.0,99.47368421052632,0.0,94.47368421052632,660.0,660.0,14.0,38.0,63.0,133.0,323.0,-0.5383333333333333,-0.22791666666666668,-0.08833333333333333,-0.05,-0.015847222222222217,0.0,0.0,0.0,0.0,0.0,0.0,0.0,0.0,0.0,0.0,68.0,338.0,94.17989417989418,0.26455026455026454,96.3157894736842,2.8947368421052633,0.2631578947368421,375.0,374.0,99.73333333333333,0.0,96.53333333333333,208.5,5.0,178.3,228.0,256.0,270.0,299.7,0.62005991458984,0.935794825329709,1.2191583610188261,1.557902226686757,1.9251441821749213,0.6452380952380953,0.8571428571428571,1.0,1.0,1.0,0.6352638597828159,0.9591565349544073,1.0,1.0085386085764778,1.0164835164835164,256.5,300.0,1.8716577540106951,75.41436464088397,96.8,2.4,0.5333333333333333,96.53333333333333,apdf,380.0,99.60350877192982,0.49801754385964914,Bologna Guglielmo Marconi Airport,44.5354,11.2887,yes
132,EGSS,879.0,878.0,99.88623435722411,0.0,100.0,720.0,720.0,19.0,24.0,44.0,59.0,64.0,-0.11212121212121212,-0.08194444444444444,-0.05625,-0.03148148148148148,-0.021111111111111112,0.0,0.0,0.0,0.0,0.0,0.0,0.0,0.0,0.0,0.0,44.0,64.0,99.77220956719817,0.0,95.10807736063708,4.550625711035267,0.22753128555176336,871.0,865.0,99.31113662456946,0.0,99.88518943742825,420.0,99.0,239.0,290.0,309.0,327.0,337.0,0.3873846153846154,0.6203703703703703,0.7583333333333333,0.8666666666666667,0.98,0.4583333333333333,0.6666666666666666,0.7857142857142857,0.9166666666666666,1.0,0.45606060606060606,0.6354166666666666,0.7738095238095238,0.875,0.9850000000000001,311.0,339.0,3.2369942196531793,14.104046242774567,93.22617680826636,5.855338691159587,0.2296211251435132,100.0,apdf,879.0,99.59868549089678,0.38535205695882685,London Stansted Airport,51.884998,0.235,yes
133,LTFJ,1118.0,1117.0,99.91055456171735,0.0,0.0,900.0,900.0,19.0,29.0,49.0,69.0,89.0,-0.09888888888888889,-0.07666666666666666,-0.05444444444444444,-0.03222222222222222,-0.021111111111111112,0.0,0.0,0.0,0.0,0.0,0.0,0.0,0.0,0.0,0.0,49.0,89.0,99.28379588182632,0.0,91.41323792486583,8.318425760286225,0.17889087656529518,1118.0,1110.0,99.28443649373882,0.0,0.0,,,-61.0,181.0,230.0,254.75,273.0,,,,,,,,,,,,,,,,238.0,323.70000000000016,14.504504504504505,,90.60822898032201,8.49731663685152,0.17889087656529518,0.0,nm_inferred,1118.0,99.59749552772809,,Istanbul Sabiha Gökçen International Airport,40.898602,29.3092,no
134,LIEO,227.0,226.0,99.55947136563877,0.0,0.0,600.0,600.0,79.0,139.0,256.5,337.75,399.0,-0.6733333333333333,-0.565,-0.43166666666666664,-0.23166666666666666,-0.13166666666666665,0.0,0.0,0.0,0.0,0.0,0.0,0.0,0.0,0.0,0.0,266.5,418.5,96.01769911504425,0.8849557522123894,96.91629955947137,2.202643171806167,0.44052863436123346,252.0,251.0,99.60317460317461,0.0,0.0,,,-532.0,-249.0,-4.0,137.0,221.0,,,,,,,,,,,,,,,,172.0,549.0,51.39442231075697,,98.01587301587301,0.7936507936507936,0.7936507936507936,0.0,nm_inferred,252.0,99.58132298440668,,Olbia Costa Smeralda Airport,40.898953,9.518457,no
135,EBLG,128.0,128.0,100.0,0.0,0.0,900.0,900.0,34.0,44.0,59.0,79.0,90.49999999999999,-0.11622222222222223,-0.09166666666666666,-0.06555555555555556,-0.051041666666666666,-0.03717948717948718,0.0,0.0,0.0,0.0,0.0,0.0,0.0,0.0,0.0,0.0,59.0,90.49999999999999,100.0,0.0,75.0,25.0,0.0,117.0,116.0,99.14529914529915,0.0,0.0,,,239.0,282.0,296.0,312.25,321.0,,,,,,,,,,,,,,,,299.0,327.0,3.4482758620689653,,65.8119658119658,33.333333333333336,0.0,0.0,nm_inferred,128.0,99.57264957264957,,Liège Airport,50.638574,5.443897,no
136,LIRP,220.0,219.0,99.54545454545455,0.0,0.0,900.0,900.0,48.6,74.0,109.0,134.0,154.0,-0.22466666666666665,-0.1711111111111111,-0.1322222222222222,-0.09222222222222223,-0.055650793650793624,0.0,0.0,0.0,0.0,0.0,0.0,0.0,0.0,0.0,0.0,109.0,154.0,99.08675799086758,0.0,97.72727272727273,0.9090909090909091,0.9090909090909091,228.0,227.0,99.56140350877193,0.0,0.0,,,-163.4,6.0,64.0,137.5,247.0,,,,,,,,,,,,,,,,98.0,283.4,24.229074889867842,,95.6140350877193,3.0701754385964914,0.8771929824561403,0.0,nm_inferred,228.0,99.55342902711324,,Pisa International Airport,43.683899,10.3927,no
137,EIDW,1179.0,1173.0,99.4910941475827,0.0,99.74554707379136,831.0,8.0,-1456.4,-1128.0,-867.0,-679.0,-532.0,0.845803871719499,0.9622222222222222,1.0061124694376529,1.152337858220211,1.5011478422564088,0.7861471861471861,0.95,1.0,1.0,1.0,0.7654843136149176,0.9353233830845771,0.9932279909706547,1.0,1.0015361557760156,873.0,1489.3999999999996,1.1935208866155158,70.58823529411765,94.14758269720102,4.495335029686175,0.8481764206955047,1158.0,1153.0,99.56822107081175,0.0,99.8272884283247,415.0,5.0,585.0,656.0,727.0,835.0,1140.9999999999998,1.3342696629213484,1.5465597477020117,1.731645569620253,1.950556530625847,2.4785553047404063,1.0,1.0,1.0,1.0,1.0,0.9912854030501089,0.9974904909443563,1.0014306151645207,1.0049627791563276,1.0089020771513353,732.0,1203.9999999999995,0.9540329575021682,96.43788010425716,94.38687392055267,4.404145077720207,0.7772020725388601,99.8272884283247,apdf,1179.0,99.52965760919722,0.9926384405793629,Dublin Airport,53.428713,-6.262121,yes
138,EDDV,210.0,209.0,99.52380952380952,0.0,100.0,620.5,309.0,-737.6,-531.0,-306.0,-17.0,11.0,-0.015116748197085077,0.034274193548387094,0.4935483870967742,0.8975694444444444,1.0103819454203085,0.0,0.07692307692307693,0.5,0.8695652173913043,1.0,0.0,0.036630036630036625,0.46657381615598886,0.8411843876177658,0.9650347930856427,325.0,753.6000000000001,18.660287081339714,13.397129186602871,93.33333333333333,4.761904761904762,1.4285714285714286,202.0,201.0,99.5049504950495,1.0,100.0,363.5,5.0,308.0,478.0,596.0,706.0,808.0,0.8609625668449198,1.3439306358381502,1.6595289079229123,1.86875,2.4150943396226414,0.8235294117647058,1.0,1.0,1.0,1.0,0.7578740157480316,0.9931506849315069,1.0,1.0053619302949062,1.0091743119266054,599.0,808.0,1.9900497512437811,80.09950248756219,96.03960396039604,1.9801980198019802,1.4851485148514851,100.0,apdf,210.0,99.51438000942952,0.7297259202641315,Hannover Airport,52.461102,9.68508,yes
139,EGJJ,101.0,100.0,99.00990099009901,0.0,0.0,360.0,360.0,-16.0,-1.0,14.0,29.0,39.0,-0.10833333333333334,-0.06541666666666666,-0.025,0.002777777777777778,0.044444444444444446,0.0,0.0,0.0,0.05138888888888889,0.08333333333333333,0.0,0.0,0.0,0.013888888888888888,0.05555555555555555,19.0,44.0,68.0,1.0,98.01980198019803,0.0,0.9900990099009901,108.0,108.0,100.0,0.0,0.0,,,234.60000000000002,283.0,323.5,415.5,488.6,,,,,,,,,,,,,,,,323.5,488.6,0.9259259259259259,,99.07407407407408,0.9259259259259259,0.0,0.0,nm_inferred,108.0,99.50495049504951,,Jersey Airport,49.207901,-2.19551,no
140,LIRQ,202.0,201.0,99.5049504950495,0.0,0.0,1200.0,1200.0,139.0,164.0,194.0,214.0,234.0,-0.6148333333333332,-0.21166666666666667,-0.17,-0.145,-0.12,0.0,0.0,0.0,0.0,0.0,0.0,0.0,0.0,0.0,0.0,194.0,234.0,100.0,0.0,98.51485148514851,0.49504950495049505,0.49504950495049505,198.0,197.0,99.4949494949495,0.0,0.0,,,-239.4,-156.0,-62.0,21.0,120.0,,,,,,,,,,,,,,,,106.0,239.4,67.51269035532995,,99.4949494949495,0.0,0.0,0.0,nm_inferred,202.0,99.4999499949995,,"Florence Airport, Peretola",43.808558,11.202822,no
141,EGLL,1883.0,1875.0,99.57514604354753,0.0,99.89378651088688,1320.0,1320.0,-63.99999999999983,19.0,34.0,54.0,64.0,-0.05444444444444444,-0.03950617283950617,-0.02619047619047619,-0.01380952380952381,0.0569215686274518,0.0,0.0,0.0,0.0,0.10984719864176674,0.0,0.0,0.0,0.0,0.09768740031897953,44.0,206.0,88.90666666666667,0.10666666666666667,84.81147105682422,14.763674986723315,0.0,1907.0,1896.0,99.42317776612481,0.0,99.94756161510226,420.0,97.0,241.5,298.75,323.0,356.0,477.5,0.2838095238095238,0.505,0.7785714285714286,1.04,1.393690476190477,0.3333333333333333,0.55,0.7857142857142857,1.0,1.0,0.3279166666666667,0.5227272727272727,0.7777777777777778,1.0,1.0,325.0,522.5,3.586497890295359,31.820580474934037,85.57944415312008,13.84373361300472,0.0,99.94756161510226,apdf,1907.0,99.49916190483617,0.38694118518547405,London Heathrow Airport,51.470748,-0.459909,yes
142,LFPO,985.0,981.0,99.59390862944163,0.0,99.08629441624366,660.0,29.0,-1146.0,-821.0,-601.0,-266.0,39.0,-0.06111111111111111,0.5076923076923077,0.9756410256410256,1.0851851851851853,1.3516666666666666,0.0,0.4230769230769231,1.0,1.0,1.0,0.0,0.40384615384615385,0.9642857142857143,1.0,1.0,601.0,1161.0,22.93577981651376,55.86136595310907,96.14213197969544,3.451776649746193,0.0,980.0,974.0,99.38775510204081,0.0,99.6938775510204,300.0,5.0,360.3,399.0,604.0,711.5,838.7,1.0083333333333333,1.4789772727272728,1.9033333333333333,2.263333333333333,2.716666666666667,1.0,1.0,1.0,1.0,1.0,0.9868421052631579,1.0,1.0,1.0,1.0,607.5,844.7,0.6160164271047228,91.55509783728115,96.83673469387755,2.5510204081632653,0.0,99.6938775510204,apdf,985.0,99.49083186574123,0.9771420986813871,Paris-Orly Airport,48.729499,2.358963,yes
143,ELLX,289.0,287.0,99.30795847750865,0.0,98.6159169550173,720.0,719.0,-11.0,-1.0,19.0,34.0,54.0,-0.08203208556149733,-0.04833333333333333,-0.022222222222222223,0.0011111111111111111,0.016666666666666666,0.0,0.0,0.0,0.029411764705882353,0.045454545454545456,0.0,0.0,0.0,0.005952380952380952,0.022727272727272728,19.0,54.0,73.17073170731707,0.0,87.19723183391004,11.764705882352942,0.3460207612456747,291.0,290.0,99.65635738831615,0.0,99.65635738831615,240.0,5.0,263.0,299.0,356.5,439.75,489.30000000000007,0.7935238095238095,1.1229166666666666,1.3541666666666667,1.6166666666666667,2.1711111111111108,0.8557142857142856,1.0,1.0,1.0,1.0,0.8300000000000001,1.0,1.0,1.0,1.0,361.5,497.5000000000001,2.413793103448276,86.85121107266436,91.06529209621993,8.59106529209622,0.0,99.65635738831615,apdf,291.0,99.4821579329124,0.497410789664562,Luxembourg-Findel International Airport,49.626845,6.212134,yes
144,LIEE,191.0,189.0,98.95287958115183,0.0,0.0,600.0,600.0,269.0,324.0,369.0,424.0,515.0000000000001,-0.8591666666666666,-0.7066666666666667,-0.615,-0.54,-0.4483333333333333,0.0,0.0,0.0,0.0,0.0,0.0,0.0,0.0,0.0,0.0,369.0,515.0000000000001,100.0,0.0,97.38219895287958,1.0471204188481675,0.5235602094240838,195.0,195.0,100.0,0.0,0.0,,,-497.19999999999993,-328.0,-201.0,-115.5,-37.80000000000001,,,,,,,,,,,,,,,,201.0,497.19999999999976,94.87179487179488,,98.97435897435898,1.0256410256410255,0.0,0.0,nm_inferred,195.0,99.47643979057591,,Cagliari Elmas Airport,39.251499,9.05428,no
145,LGSA,184.0,183.0,99.45652173913044,0.0,0.0,1200.0,1200.0,24.0,94.0,165.0,254.0,321.40000000000015,-0.4666666666666667,-0.24583333333333335,-0.1825,-0.09625,-0.020952380952380945,0.0,0.0,0.0,0.0,0.0,0.0,0.0,0.0,0.0,0.0,165.0,321.40000000000015,95.62841530054645,0.0,97.82608695652173,1.6304347826086956,0.0,198.0,197.0,99.4949494949495,0.0,0.0,,,-692.2,-495.0,-316.0,34.0,196.4,,,,,,,,,,,,,,,,331.0,692.2,70.55837563451777,,95.45454545454545,3.5353535353535355,0.5050505050505051,0.0,nm_inferred,198.0,99.47573561703996,,Chania International Airport,35.531207,24.150673,no
146,LFPG,2025.0,2015.0,99.50617283950618,1.0,98.66666666666667,840.0,840.0,4.0,19.0,34.0,49.0,59.0,-0.08166666666666667,-0.06,-0.03777777777777778,-0.019444444444444445,-0.0057692307692307696,0.0,0.0,0.0,0.0,0.0,0.0,0.0,0.0,0.0,0.0,39.0,64.0,93.84615384615384,0.0,89.23456790123457,10.222222222222221,0.04938271604938271,1974.0,1963.0,99.44275582573455,0.0,99.7467071935157,540.0,260.0,266.20000000000005,283.0,304.0,324.0,386.79999999999995,0.3248888888888889,0.4318181818181818,0.535,0.669047619047619,0.8968571428571429,0.34375,0.45454545454545453,0.5555555555555556,0.7029411764705882,0.9166666666666666,0.3333333333333333,0.4393939393939394,0.5416666666666666,0.6770833333333334,0.8985185185185186,304.0,413.0,1.9867549668874172,8.371618172537008,91.48936170212765,7.9533941236068895,0.0,99.7467071935157,apdf,2025.0,99.47446433262036,0.26941000756751343,Charles de Gaulle International Airport,49.00896,2.554117,yes
147,LKPR,661.0,657.0,99.3948562783661,0.0,99.54614220877458,780.0,144.0,-1088.0,-791.0,-571.0,-401.0,-272.0000000000002,0.4231746031746032,0.5375,0.7880952380952381,0.9875,1.3581249999999998,0.45681818181818185,0.5625,0.7941176470588235,1.0,1.0,0.43833333333333335,0.5458333333333333,0.7727272727272727,0.9722222222222222,1.0,586.0,1212.1999999999998,2.2831050228310503,30.898021308980212,91.67927382753403,6.202723146747353,1.51285930408472,646.0,643.0,99.53560371517028,0.0,99.84520123839009,240.0,5.0,419.0,500.0,547.0,599.5,692.6000000000001,1.3966666666666667,1.74,2.1441666666666666,2.7083333333333335,3.225555555555554,1.0,1.0,1.0,1.0,1.0,1.0,1.0,1.0,1.0,1.0,547.0,704.2000000000003,0.9331259720062208,97.66355140186916,90.24767801857585,7.275541795665634,2.0123839009287927,99.84520123839009,apdf,661.0,99.46522999676819,0.881623629516809,Václav Havel Airport Prague,50.100874,14.259911,yes
148,ENGM,930.0,924.0,99.35483870967742,26.0,99.67741935483872,660.0,514.0,-401.0,-221.0,-86.0,-21.0,9.0,-0.011527777777777774,0.03657407407407407,0.12290209790209791,0.35,0.5181587301587303,0.0,0.0625,0.15,0.36363636363636365,0.5,0.0,0.04487179487179487,0.13058035714285715,0.3420138888888889,0.4753571428571429,86.0,409.5000000000002,12.770562770562771,1.1135857461024499,95.59139784946237,3.4408602150537635,0.3225806451612903,934.0,930.0,99.57173447537473,0.0,99.89293361884368,180.0,5.0,218.0,240.25,273.0,394.75,517.0,0.7458333333333333,1.0302083333333334,1.5451388888888888,2.0788194444444446,2.9341666666666666,0.7950000000000004,1.0,1.0,1.0,1.0,0.75,1.0,1.0,1.0,1.0,274.0,524.1,2.4731182795698925,77.74193548387096,95.71734475374733,3.5331905781584583,0.32119914346895073,99.89293361884368,apdf,934.0,99.46328659252607,0.5622561903919024,Oslo-Gardermoen International Airport,60.193901,11.1004,yes
149,EDDF,2047.0,2039.0,99.60918417195896,0.0,99.26722032242306,865.0,810.0,-276.2,-5.0,5.0,11.0,20.0,-0.02748260913398528,-0.01358681376411873,-0.005905511811023622,0.005478283812865526,0.33108181352083793,0.0,0.0,0.0,0.03333333333333333,0.28690476190476216,0.0,0.0,0.0,0.008554420088617645,0.262781974805368,10.0,344.60000000000014,68.17067189798921,0.04904364884747425,89.5456765999023,9.86809965803615,0.19540791402051783,2010.0,1996.0,99.30348258706468,0.0,99.95024875621891,567.0,145.0,280.0,297.0,365.0,591.25,754.5,0.33820495940311607,0.5243161094224924,0.7550505050505051,1.0718153687467766,1.2743026086444904,0.3814323607427056,0.5446570972886762,0.75,1.0,1.0,0.3774504171167238,0.5419575115901301,0.7476635514018691,0.9937563346240806,1.0015408320493064,396.0,793.5,2.80561122244489,31.127819548872182,89.70149253731343,9.402985074626866,0.19900497512437812,99.95024875621891,apdf,2047.0,99.45633337951182,0.3717993771196703,Frankfurt Main Airport,50.026706,8.55835,yes
150,LSZH,1167.0,1159.0,99.31448157669237,1.0,99.57155098543274,739.0,10.0,-2859.6,-1150.5,-817.0,-629.0,-456.0,0.8566196616645301,0.9541802210619357,1.0148883374689825,1.3757118390066367,3.8781447218350023,0.875,0.9583333333333334,1.0,1.0,1.0,0.855271523270939,0.9481338963028808,0.9902597402597403,1.0,1.0025542784163475,824.0,2879.8000000000006,1.2942191544434858,74.02933563416738,91.68808911739502,6.341045415595544,1.2853470437017995,1137.0,1131.0,99.47229551451187,0.0,99.8240985048373,334.0,5.0,497.0,566.0,648.0,793.5,1085.0,1.469405908274849,1.6730706844418328,1.9490469480086035,2.327006104504049,3.1341671904462607,1.0,1.0,1.0,1.0,1.0,0.9905660377358491,0.9953161592505854,1.0,1.0040160642570282,1.0088724693559317,652.0,1116.0,1.0610079575596818,98.84955752212389,91.99648197009675,6.244503078276165,1.2313104661389622,99.8240985048373,apdf,1167.0,99.39338854560212,0.9890932983515276,Zürich Airport,47.458056,8.548056,yes
151,LEMD,1733.0,1724.0,99.48066935949221,0.0,99.24985574148874,976.0,776.5,-1176.1,-744.75,10.0,26.0,33.0,-0.043307163646146694,-0.02835218790131188,-0.010902998603227437,0.7342277617187828,0.9193099097694265,0.0,0.0,0.0,0.42026315789473684,0.6387115839243499,0.0,0.0,0.0,0.3986890309797062,0.6222359536415504,30.0,1186.4,57.71461716937355,0.11600928074245939,92.03693017888055,7.27062896710906,0.17311021350259664,1731.0,1718.0,99.24898902368574,0.0,98.20912767186597,526.5,190.0,281.0,291.0,315.0,744.5,1210.6,0.40623178024687245,0.5526609715670024,1.0,1.479129397734049,1.9488226059654632,0.4,0.5,0.6842105263157895,1.0,1.0,0.3805493939425796,0.48784093003255724,0.6627906976744186,1.0,1.0110294117647058,315.0,1210.6,0.2910360884749709,31.475992886781267,91.79664933564413,7.047949162333911,0.4043905257076834,99.24985574148874,apdf,1733.0,99.36482919158897,0.3292904223209634,Adolfo Suárez Madrid–Barajas Airport,40.493407,-3.572249,yes
152,EFHK,653.0,650.0,99.5405819295559,0.0,99.8468606431853,469.0,5.0,-791.0,-624.75,-486.0,-386.0,-280.4999999999999,0.8665642994241843,0.9789611824837685,1.03473962684489,1.1136418173092304,1.3261375661375663,0.8888888888888888,1.0,1.0,1.0,1.0,0.862942356214013,0.9774334080159323,1.0,1.0043005611884854,1.0076094125863273,486.0,791.0,0.6153846153846154,82.3076923076923,93.26186830015314,4.287901990811639,1.9908116385911179,653.0,647.0,99.0811638591118,0.0,100.0,258.0,5.0,420.6,483.5,577.0,746.0,1001.1999999999999,1.5403778040141676,1.8338540884282208,2.159779614325069,2.6570043217033836,4.7580028129395195,0.9090909090909091,1.0,1.0,1.0,1.0,0.979020979020979,0.986842105263158,0.9932659932659933,1.0,1.0,582.0,1053.6,1.545595054095827,97.68160741885626,92.03675344563553,5.206738131699847,1.8376722817764166,100.0,apdf,653.0,99.31087289433384,0.9897649285091858,Helsinki Vantaa Airport,60.318363,24.963341,yes
153,LCLK,355.0,351.0,98.87323943661971,0.0,0.0,600.0,600.0,54.0,74.0,94.0,121.5,164.0,-0.321875,-0.19833333333333333,-0.14,-0.10438596491228071,-0.06764705882352941,0.0,0.0,0.0,0.0,0.0,0.0,0.0,0.0,0.0,0.0,99.0,254.0,94.58689458689459,0.2849002849002849,93.2394366197183,5.633802816901408,0.0,368.0,367.0,99.72826086956522,0.0,0.0,,,59.0,163.0,194.0,218.5,300.60000000000014,,,,,,,,,,,,,,,,197.0,329.40000000000003,8.719346049046322,,91.84782608695652,7.608695652173913,0.2717391304347826,0.0,nm_inferred,368.0,99.30075015309247,,Larnaca International Airport,34.875099,33.624901,no
154,LEVC,355.0,353.0,99.43661971830986,0.0,99.43661971830986,659.0,529.0,-437.0,-249.0,-80.0,-15.0,4.400000000000034,-0.009202138367593428,0.02403846153846154,0.13185530921820304,0.389988358556461,0.6883789947004979,0.0,0.05714285714285714,0.18181818181818182,0.4230769230769231,0.7066666666666668,0.0,0.028129395218002815,0.13590844062947066,0.3805073431241655,0.6807409833517453,134.0,492.40000000000003,11.614730878186968,2.26628895184136,98.02816901408451,1.1267605633802817,0.28169014084507044,357.0,354.0,99.15966386554622,0.0,98.8795518207283,214.0,5.0,318.0,344.0,360.0,424.75,488.0,0.9936945667170357,1.4036096643518519,1.7268048193953671,2.1418282085561495,2.530220588235294,1.0,1.0,1.0,1.0,1.0,1.0,1.0,1.006711409395973,1.0135135135135134,1.0194174757281553,360.0,488.7,0.5649717514124294,91.42857142857143,96.35854341736695,2.5210084033613445,0.2801120448179272,99.43661971830986,apdf,357.0,99.29814179192803,0.5673001394104902,Valencia Airport,39.489162,-0.480961,yes
155,LIPZ,410.0,407.0,99.26829268292683,0.0,99.7560975609756,660.0,660.0,-56.0,-11.0,9.0,29.0,44.0,-0.06892857142857142,-0.043333333333333335,-0.015,0.018333333333333333,0.08490909090909092,0.0,0.0,0.0,0.045454545454545456,0.11923076923076956,0.0,0.0,0.0,0.025,0.09121212121212123,24.0,71.0,60.68796068796069,0.0,95.85365853658537,3.1707317073170733,0.24390243902439024,405.0,402.0,99.25925925925925,0.0,100.0,360.0,5.0,299.0,319.25,339.0,357.0,369.90000000000003,0.5955757575757575,0.8464285714285714,1.0122222222222224,1.19,1.3958333333333333,0.6111111111111112,0.8720238095238095,1.0,1.0,1.0,0.6,0.8571428571428571,1.0,1.0,1.0,339.5,372.0,0.4975124378109453,62.93532338308458,96.79012345679013,2.4691358024691357,0.0,100.0,apdf,410.0,99.26377597109304,0.4963188798554652,Venice Marco Polo Airport,45.505299,12.3519,yes
156,LTBJ,340.0,338.0,99.41176470588235,0.0,0.0,600.0,600.0,109.0,134.0,204.0,259.0,310.50000000000006,-0.5066666666666667,-0.415,-0.315,-0.21267857142857144,-0.15897435897435896,0.0,0.0,0.0,0.0,0.0,0.0,0.0,0.0,0.0,0.0,204.0,315.50000000000006,99.70414201183432,0.0,96.17647058823529,2.9411764705882355,0.29411764705882354,335.0,332.0,99.1044776119403,0.0,0.0,,,-481.0,-369.0,-277.0,-219.0,-148.0,,,,,,,,,,,,,,,,277.5,481.0,99.09638554216868,,96.11940298507463,2.08955223880597,0.8955223880597015,0.0,nm_inferred,340.0,99.25812115891132,,Adnan Menderes International Airport,38.2924,27.157,no
157,LBSF,273.0,271.0,99.26739926739927,0.0,99.26739926739927,720.0,720.0,249.0,319.0,389.0,509.0,684.0,-1.0916666666666666,-0.7637499999999999,-0.5742424242424242,-0.4030677655677656,-0.31851851851851853,0.0,0.0,0.0,0.0,0.0,0.0,0.0,0.0,0.0,0.0,389.0,684.0,99.6309963099631,0.0,95.97069597069597,3.2967032967032965,0.0,266.0,264.0,99.24812030075188,0.0,100.0,300.0,300.0,-1112.5,-790.5,-541.0,-348.75,-208.89999999999995,-4.179,-2.854166666666667,-1.8458333333333332,-1.1540277777777777,-0.8254999999999999,0.0,0.0,0.0,0.0,0.0,0.0,0.0,0.0,0.0,0.0,541.0,1112.5000000000007,99.62121212121212,0.0,94.3609022556391,3.7593984962406015,1.1278195488721805,100.0,apdf,273.0,99.25775978407557,0.0,Sofia Airport,42.696357,23.417671,yes
158,LYBE,390.0,387.0,99.23076923076923,0.0,0.0,600.0,529.0,-456.0,-251.0,-101.0,-3.5,29.0,-0.04833333333333333,0.005833333333333334,0.16,0.40166666666666667,0.7023333333333334,0.0,0.05,0.2,0.4472222222222222,0.7,0.0,0.020370370370370372,0.175,0.4083333333333333,0.6700000000000003,111.0,471.0,23.25581395348837,1.2919896640826873,93.07692307692308,5.897435897435898,0.2564102564102564,389.0,386.0,99.22879177377892,0.0,0.0,,,262.5,312.25,433.5,550.75,635.5,,,,,,,,,,,,,,,,439.0,641.0,1.5544041450777202,,93.31619537275064,5.655526992287918,0.2570694087403599,0.0,nm_inferred,390.0,99.22978050227408,,Belgrade Nikola Tesla Airport,44.818401,20.309099,no
159,EDDL,757.0,753.0,99.47159841479524,0.0,99.47159841479525,705.0,94.0,-889.2,-711.0,-540.0,-375.0,-231.39999999999986,0.3466847038952006,0.5326409495548962,0.8699059561128527,0.9755529685681025,1.0343961023280919,0.4090909090909091,0.5789473684210527,0.8846153846153846,0.96875,1.0,0.3856006124516017,0.5520169851380042,0.8633093525179856,0.9642301710730949,0.9968814833603237,554.0,982.8000000000008,3.187250996015936,29.083665338645417,91.6776750330251,6.869220607661823,0.9247027741083224,750.0,742.0,98.93333333333334,0.0,99.86666666666667,231.0,5.0,308.40000000000003,429.0,488.0,563.0,646.5999999999999,1.2077464788732395,1.7408906882591093,2.0829694323144103,2.4739884393063583,2.92,0.9090909090909091,1.0,1.0,1.0,1.0,0.9803921568627452,0.9919028340080972,1.0,1.0052910052910053,1.0116731517509727,498.0,685.0,3.3692722371967654,93.38731443994602,90.13333333333334,8.0,0.8,99.86666666666667,apdf,757.0,99.20246587406429,0.9242244122799514,Düsseldorf Airport,51.289501,6.76678,yes
160,LFSB,354.0,351.0,99.15254237288136,0.0,100.0,720.0,69.0,-1416.0,-828.5,-636.0,-488.5,-271.0,0.42777777777777776,0.7977380952380952,0.9266666666666666,0.9867003367003366,1.3208333333333333,0.45,0.7,0.9333333333333333,1.0,1.0,0.4351851851851852,0.6833333333333333,0.9166666666666666,0.9722222222222222,1.0,641.0,1416.0,1.7094017094017093,35.8974358974359,94.35028248587571,2.824858757062147,1.9774011299435028,351.0,348.0,99.14529914529915,0.0,100.0,180.0,5.0,416.7,480.5,531.5,589.25,878.1000000000001,1.9944444444444445,2.3079166666666664,2.763888888888889,3.051388888888889,4.7955555555555565,1.0,1.0,1.0,1.0,1.0,1.0,1.0,1.0,1.0,1.0,532.5,951.9000000000001,0.5747126436781609,97.98850574712644,94.58689458689459,3.133903133903134,1.4245014245014245,100.0,apdf,354.0,99.14892075909026,0.9501771572746149,EuroAirport Basel–Mulhouse–Freiburg,47.60068,7.521117,yes
161,DTNH,58.0,58.0,100.0,0.0,0.0,480.0,480.0,690.1,773.25,1234.0,1389.0,1436.1000000000001,-2.991875,-2.89375,-2.5708333333333333,-1.5958333333333332,-1.3897916666666663,0.0,0.0,0.0,0.0,0.0,0.0,0.0,0.0,0.0,0.0,1234.0,1436.1000000000001,100.0,0.0,100.0,0.0,0.0,58.0,57.0,98.27586206896552,0.0,0.0,,,-1371.8,-1094.0,-901.0,-720.0,-543.6000000000001,,,,,,,,,,,,,,,,901.0,1371.8,100.0,,98.27586206896552,0.0,0.0,0.0,nm_inferred,58.0,99.13793103448276,,Enfidha - Hammamet International Airport,36.075833,10.438611,no
162,LGKO,170.0,168.0,98.82352941176471,0.0,0.0,540.0,401.5,-481.1,-243.75,-135.0,15.25,64.0,-0.12604166666666666,-0.03239583333333333,0.26055555555555554,0.45729166666666665,0.9496250000000002,0.0,0.0,0.25,0.5,0.7340909090909093,0.0,0.0,0.23229166666666667,0.4583333333333333,0.7237373737373738,163.5,502.0000000000002,27.976190476190474,7.142857142857143,95.88235294117646,2.9411764705882355,0.0,177.0,176.0,99.43502824858757,0.0,0.0,,,226.0,292.75,327.0,362.0,495.5,,,,,,,,,,,,,,,,328.5,500.0,4.545454545454546,,96.61016949152543,2.2598870056497176,0.5649717514124294,0.0,nm_inferred,177.0,99.12927883017613,,"Kos International Airport ""Ippokratis""",36.794523,27.09115,no
163,EKCH,1136.0,1130.0,99.47183098591549,0.0,99.82394366197182,647.5,660.0,28.0,31.0,35.0,43.0,55.0,-0.09153318669944366,-0.070781413324531,-0.05572768782134909,-0.044518667222572215,-0.035018024122509823,0.0,0.0,0.0,0.0,0.0,0.0,0.0,0.0,0.0,0.0,35.0,55.0,100.0,0.0,89.70070422535211,9.066901408450704,0.704225352112676,1138.0,1124.0,98.76977152899825,0.0,100.0,318.0,60.0,234.0,261.0,265.0,269.0,273.0,0.4820650510558972,0.6785714285714286,0.8142414860681114,0.946114263729922,1.0890688259109311,0.5294117647058824,0.6923076923076923,0.8181818181818182,0.9090909090909091,1.0,0.5223059538534366,0.6973064468648807,0.8307924703695097,0.9631313131313131,1.0,265.0,274.0,2.9359430604982206,26.868327402135233,90.77328646748681,7.293497363796134,0.70298769771529,100.0,apdf,1138.0,99.12080125745686,0.41174407670843893,Copenhagen Kastrup Airport,55.617900848389,12.656000137329,yes
164,HECA,240.0,239.0,99.58333333333333,0.0,0.0,900.0,900.0,43.400000000000006,478.5,610.0,3308.5,3825.4,-4.3468888888888895,-3.683888888888889,-0.6777777777777778,-0.5316666666666667,-0.048222222222222076,0.0,0.0,0.0,0.0,0.0,0.0,0.0,0.0,0.0,0.0,610.0,3825.4,95.81589958158996,0.0,71.66666666666667,27.916666666666668,0.0,222.0,219.0,98.64864864864865,0.0,0.0,,,-767.4,-547.0,-179.0,211.0,274.40000000000003,,,,,,,,,,,,,,,,281.0,874.4000000000001,62.10045662100457,,92.34234234234235,6.306306306306307,0.0,0.0,nm_inferred,240.0,99.11599099099098,,Cairo International Airport,30.111534,31.396694,no
165,LICA,107.0,107.0,100.0,0.0,0.0,480.0,480.0,519.0,566.5,639.0,814.0,1033.0,-2.3125,-1.7425595238095237,-1.3833333333333333,-1.2114583333333333,-1.0916666666666666,0.0,0.0,0.0,0.0,0.0,0.0,0.0,0.0,0.0,0.0,639.0,1033.0,100.0,0.0,98.13084112149532,1.8691588785046729,0.0,112.0,110.0,98.21428571428571,0.0,0.0,,,-1050.1,-649.75,-215.5,-128.5,-72.59999999999997,,,,,,,,,,,,,,,,225.5,1141.7,98.18181818181819,,97.32142857142857,0.0,0.8928571428571429,0.0,nm_inferred,112.0,99.10714285714286,,Lamezia Terme Sant'Eufemia International Airport,38.906214,16.246007,no
166,LGTS,279.0,276.0,98.9247311827957,0.0,0.0,600.0,461.5,-543.5,-341.0,-131.0,40.25,184.0,-0.3040909090909091,-0.06541666666666666,0.21416666666666667,0.5620833333333334,0.8975,0.0,0.0,0.25,0.55,0.85,0.0,0.0,0.22083333333333333,0.5208333333333334,0.8375,180.0,583.5,31.52173913043478,5.797101449275362,94.9820788530466,2.867383512544803,1.075268817204301,280.0,278.0,99.28571428571429,0.0,0.0,,,210.4,334.0,456.5,531.75,667.8000000000001,,,,,,,,,,,,,,,,460.5,674.6,3.237410071942446,,95.35714285714286,2.857142857142857,1.0714285714285714,0.0,nm_inferred,280.0,99.105222734255,,Thessaloniki Macedonia International Airport,40.51928,22.970009,no
167,LFBD,225.0,223.0,99.11111111111111,0.0,0.0,480.0,480.0,9.0,19.0,34.0,49.0,59.0,-0.11851851851851852,-0.09416666666666666,-0.07083333333333333,-0.03259259259259259,-0.01692307692307691,0.0,0.0,0.0,0.0,0.0,0.0,0.0,0.0,0.0,0.0,34.0,59.0,97.75784753363229,0.0,97.77777777777777,0.8888888888888888,0.4444444444444444,218.0,216.0,99.08256880733946,0.0,0.0,,,228.5,250.75,270.0,285.0,292.0,,,,,,,,,,,,,,,,270.0,292.0,1.3888888888888888,,97.70642201834862,1.3761467889908257,0.0,0.0,nm_inferred,225.0,99.09683995922529,,Bordeaux–Mérignac Airport,44.82865,-0.715356,no
168,LTBA,58.0,58.0,100.0,0.0,0.0,900.0,771.5,-413.5,-258.5,-196.0,-126.0,-97.99999999999996,0.08416666666666667,0.13520833333333332,0.1836111111111111,0.2733333333333333,0.45377777777777784,0.1,0.15,0.2,0.29166666666666663,0.4766666666666668,0.09236111111111112,0.1423611111111111,0.1875,0.2652777777777778,0.45888888888888896,196.0,431.0,1.7241379310344827,0.0,82.75862068965517,10.344827586206897,6.896551724137931,55.0,54.0,98.18181818181819,0.0,0.0,,,197.00000000000006,435.25,502.5,618.75,816.7000000000002,,,,,,,,,,,,,,,,505.0,889.1,3.7037037037037037,,81.81818181818181,5.454545454545454,10.909090909090908,0.0,nm_inferred,58.0,99.0909090909091,,İstanbul Atatürk Airport,40.971913,28.823714,no
169,LFMN,706.0,699.0,99.0084985835694,0.0,97.16713881019831,660.0,474.0,-543.0,-293.5,-181.0,-76.0,14.0,-0.02007575757575758,0.12754901960784315,0.28444444444444444,0.4395833333333333,0.8092592592592597,0.0,0.15,0.3076923076923077,0.45454545454545453,0.7,0.0,0.13762626262626262,0.2916666666666667,0.43669871794871795,0.6805555555555556,181.0,593.0000000000005,13.876967095851215,4.721030042918455,93.90934844192634,3.68271954674221,1.4164305949008498,708.0,702.0,99.15254237288136,0.0,99.57627118644068,240.0,5.0,447.80000000000007,525.0,575.0,654.75,776.9,1.6628888888888889,2.0213888888888887,2.4541666666666666,3.025,3.996333333333334,1.0,1.0,1.0,1.0,1.0,1.0,1.0,1.0,1.0,1.0,576.0,779.0,0.7122507122507122,96.85264663805437,93.64406779661017,3.672316384180791,1.8361581920903955,99.57627118644068,apdf,708.0,99.08052047822538,0.6398950280885389,Nice-Côte d'Azur Airport,43.658401,7.21587,yes
170,EYKA,54.0,53.0,98.14814814814815,0.0,0.0,300.0,5.0,-1077.0,-706.0,-561.0,-411.0,-142.99999999999986,0.4766666666666667,1.32,1.8366666666666667,2.27,3.590000000000001,0.92,1.0,1.0,1.0,1.0,0.8783333333333333,1.0,1.0,1.0,1.0,601.0,1298.000000000001,5.660377358490566,88.67924528301887,88.88888888888889,7.407407407407407,1.8518518518518519,50.0,50.0,100.0,0.0,0.0,,,418.5,465.5,544.0,613.0,718.8,,,,,,,,,,,,,,,,544.0,718.8,0.0,,98.0,0.0,2.0,0.0,nm_inferred,54.0,99.07407407407408,,Kaunas International Airport,54.963965,24.08582,no
171,EDDH,537.0,533.0,99.25512104283054,0.0,99.4413407821229,556.0,298.0,-674.8,-487.0,-250.0,-100.0,-16.0,0.030816027928228563,0.19131832797427653,0.44813278008298757,0.9018518518518519,1.0614959537288324,0.10105263157894738,0.25,0.5,0.8888888888888888,1.0,0.03961025745395339,0.20930232558139536,0.4513888888888889,0.8517887563884157,0.9651099070729524,263.0,707.0,3.5647279549718576,11.819887429643527,92.36499068901304,5.772811918063315,1.1173184357541899,532.0,526.0,98.87218045112782,0.0,99.81203007518798,269.0,5.0,284.0,402.25,491.0,575.75,654.0,1.0344923812898652,1.4321235697940504,1.814305238175713,2.136781609195402,2.4974367409600573,0.9090909090909091,1.0,1.0,1.0,1.0,0.9716237348254799,0.9916489680964033,1.0,1.0042735042735043,1.0103626943005182,499.5,675.5,1.9011406844106464,90.49429657794677,91.9172932330827,5.451127819548872,1.5037593984962405,99.81203007518798,apdf,537.0,99.06365074697918,0.7188994099346753,Hamburg Helmut Schmidt Airport,53.630402,9.98823,yes
172,LOWG,56.0,56.0,100.0,0.0,0.0,180.0,5.0,-2128.5,-578.5,-456.0,-354.75,-238.5,0.8571428571428572,1.1792857142857143,1.797222222222222,3.033333333333333,11.825,0.9285714285714286,1.0,1.0,1.0,1.0,0.8630952380952381,0.9947916666666666,1.0,1.0,1.0,456.0,2128.5,1.7857142857142858,82.14285714285714,89.28571428571429,1.7857142857142858,8.928571428571429,53.0,52.0,98.11320754716981,0.0,0.0,,,415.4,476.5,511.0,608.75,898.2999999999998,,,,,,,,,,,,,,,,511.0,898.2999999999998,0.0,,90.56603773584905,1.8867924528301887,5.660377358490566,0.0,nm_inferred,56.0,99.0566037735849,,Graz Airport,46.9911,15.4396,no
173,LGIR,417.0,413.0,99.04076738609113,0.0,0.0,600.0,600.0,544.0,614.0,659.0,714.0,774.0,-1.2966666666666666,-1.19,-1.0983333333333334,-1.0233333333333334,-0.8749999999999999,0.0,0.0,0.0,0.0,0.0,0.0,0.0,0.0,0.0,0.0,659.0,774.0,100.0,0.0,96.1630695443645,2.8776978417266186,0.0,429.0,425.0,99.06759906759906,0.0,0.0,,,-927.2,-739.0,-600.0,-501.0,-427.0,,,,,,,,,,,,,,,,600.0,927.2,100.0,,97.2027972027972,1.8648018648018647,0.0,0.0,nm_inferred,429.0,99.0541832268451,,Heraklion International Nikos Kazantzakis Airport,35.339699,25.1803,no
174,LEPA,1407.0,1393.0,99.0049751243781,0.0,98.50746268656717,782.0,810.0,15.0,19.0,29.0,40.0,70.0,-0.09412335537451197,-0.05548216644649934,-0.03679175864606328,-0.025,-0.017462165308498253,0.0,0.0,0.0,0.0,0.0,0.0,0.0,0.0,0.0,0.0,29.0,70.0,100.0,0.0,97.58351101634683,1.0660980810234542,0.35536602700781805,1434.0,1421.0,99.09344490934448,0.0,99.30264993026499,205.0,5.0,179.0,248.0,256.0,282.0,372.0,0.5781990521327014,0.826442171071327,1.255,1.8566646307085135,2.5859375,0.6,0.8181818181818182,1.0,1.0,1.0,0.5907172995780591,0.8283116128798055,1.0034013605442178,1.0150375939849623,1.0240963855421685,256.0,376.0,1.5482054890921886,66.97377746279234,97.21059972105998,1.394700139470014,0.4881450488145049,99.30264993026499,apdf,1434.0,99.0492100168613,0.49693056045874295,Palma de Mallorca Airport,39.551701,2.73881,yes
175,EDJA,102.0,101.0,99.01960784313725,0.0,0.0,600.0,199.0,-961.0,-661.0,-511.0,-331.0,-221.0,0.3537037037037037,0.5344444444444445,0.71,1.1972222222222222,2.2533333333333334,0.4,0.5666666666666667,0.7222222222222222,1.0,1.0,0.3611111111111111,0.5388888888888889,0.7111111111111111,1.0,1.0,531.0,986.0,1.9801980198019802,31.683168316831683,95.09803921568627,0.9803921568627451,2.9411764705882355,104.0,103.0,99.03846153846153,0.0,0.0,,,378.6,423.5,539.0,608.5,2017.9999999999998,,,,,,,,,,,,,,,,542.0,2033.6,0.970873786407767,,92.3076923076923,3.8461538461538463,2.8846153846153846,0.0,nm_inferred,104.0,99.02903469079939,,Memmingen Allgau Airport,47.988092,10.238248,no
176,LIRA,154.0,152.0,98.7012987012987,0.0,99.35064935064936,720.0,720.0,-6.0,9.0,24.0,39.0,54.0,-0.09833333333333333,-0.058522727272727275,-0.03485449735449736,-0.011011904761904763,0.007053571428571433,0.0,0.0,0.0,0.0,0.038186813186813204,0.0,0.0,0.0,0.0,0.016282051282051305,24.0,54.0,83.55263157894737,0.0,94.8051948051948,1.948051948051948,1.948051948051948,155.0,154.0,99.35483870967742,0.0,100.0,360.0,17.0,306.7,336.0,354.0,371.75,383.0,0.5666666666666667,0.6976851851851852,0.9513888888888888,1.1741666666666668,1.5570833333333334,0.6,0.7222222222222222,1.0,1.0,1.0,0.575,0.7060185185185185,0.9583333333333334,1.0,1.0,354.5,383.70000000000005,1.2987012987012987,51.94805194805195,94.19354838709677,4.516129032258065,0.6451612903225806,100.0,apdf,155.0,99.02806870548807,0.4745094958804637,Ciampino–G. B. Pastine International Airport,41.798769,12.595331,yes
177,ENBR,349.0,347.0,99.42693409742121,53.0,100.0,540.0,540.0,-31.0,-16.0,-1.0,24.0,51.00000000000017,-0.10766666666666667,-0.05,-0.007407407407407408,0.020370370370370372,0.03272727272727276,0.0,0.0,0.0,0.05,0.0625,0.0,0.0,0.0,0.027777777777777776,0.040555555555555615,19.0,64.0,47.262247838616716,0.3389830508474576,90.54441260744986,1.4326647564469914,7.4498567335243555,355.0,350.0,98.59154929577464,1.0,99.71830985915493,180.0,5.0,28.799999999999997,256.5,308.0,344.75,403.0,0.10518518518518521,1.1558333333333333,1.7333333333333334,2.402083333333333,3.0325,0.1111111111111111,1.0,1.0,1.0,1.0,0.1111111111111111,1.0,1.0,1.0,1.0,308.0,405.1,5.142857142857143,80.17241379310344,89.29577464788733,1.1267605633802817,8.169014084507042,100.0,apdf,355.0,99.00924169659793,0.49504620848298964,"Bergen Airport, Flesland",60.2934,5.21814,yes
178,EDDN,194.0,192.0,98.96907216494846,0.0,99.48453608247422,654.5,154.5,-867.3,-639.75,-423.5,-194.5,5.0,-0.00734346901261812,0.31167261165001536,0.7878325237103863,0.9067542686931231,1.7719949494949498,0.0,0.36272727272727273,0.755,0.9090909090909091,1.0,0.0,0.3231774501865347,0.7268162253815051,0.8768223614789931,0.9928979379913959,431.0,937.0000000000002,13.020833333333334,16.666666666666668,92.78350515463917,5.154639175257732,1.0309278350515463,195.0,193.0,98.97435897435898,0.0,100.0,224.0,5.0,326.4,437.0,485.0,567.0,647.8,1.6611111111111112,1.9318996415770608,2.3579545454545454,3.057471264367816,4.121026538349374,1.0,1.0,1.0,1.0,1.0,1.0,1.0,1.0059171597633136,1.0129310344827587,1.0217067298505753,493.0,707.0000000000006,2.5906735751295336,94.81865284974093,92.82051282051282,4.102564102564102,2.051282051282051,100.0,apdf,195.0,98.97171556965372,0.8574579787629814,Nuremberg Airport,49.498699,11.078056,yes
179,LTFM,2207.0,2186.0,99.04848210240145,0.0,99.86406887177164,900.0,900.0,74.0,89.0,109.0,134.0,174.0,-0.2262121212121212,-0.15757575757575756,-0.11785714285714285,-0.08777777777777777,-0.06910612535612536,0.0,0.0,0.0,0.0,0.0,0.0,0.0,0.0,0.0,0.0,109.0,174.0,99.86276303751144,0.04574565416285453,85.95378341640236,13.004077933846851,0.09062075215224287,2159.0,2135.0,98.88837424733673,0.0,99.9536822603057,780.0,585.0,-119.79999999999998,208.0,231.0,250.0,264.0,-0.12708333333333333,0.18015151515151515,0.2619047619047619,0.35909090909090907,0.4666666666666667,0.14114285714285715,0.21428571428571427,0.3,0.4,0.5,0.13579545454545455,0.20833333333333334,0.28125,0.3787878787878788,0.4895833333333333,239.0,285.0,13.583138173302109,0.6088992974238876,87.12366836498379,11.625752663270033,0.13895321908290875,99.9536822603057,apdf,2207.0,98.96842817486909,0.13917435212090967,İstanbul Airport,41.274874,28.732136,yes
180,EGPF,343.0,339.0,98.83381924198251,0.0,98.54227405247813,720.0,720.0,24.0,29.0,49.0,59.0,69.0,-0.10666666666666667,-0.08174242424242424,-0.060526315789473685,-0.04037698412698413,-0.02666666666666667,0.0,0.0,0.0,0.0,0.0,0.0,0.0,0.0,0.0,0.0,49.0,69.0,100.0,0.0,90.96209912536443,7.580174927113703,0.2915451895043732,333.0,330.0,99.09909909909909,0.0,94.8948948948949,240.0,5.0,239.0,279.25,297.0,316.0,329.1,0.6649999999999999,0.9666666666666667,1.25,1.6055555555555556,1.877777777777778,0.7142857142857143,1.0,1.0,1.0,1.0,0.6785714285714286,0.9791666666666666,1.0,1.0,1.0,297.5,330.1,1.5151515151515151,77.95527156549521,94.89489489489489,4.2042042042042045,0.0,98.54227405247813,apdf,343.0,98.9664591705408,0.494832295852704,Glasgow Airport,55.871899,-4.43306,yes
181,LOWS,96.0,95.0,98.95833333333333,0.0,0.0,300.0,300.0,-77.0,16.5,34.0,56.5,64.0,-0.23,-0.19666666666666666,-0.11333333333333333,-0.06333333333333334,0.256666666666667,0.0,0.0,0.0,0.0,0.14000000000000057,0.0,0.0,0.0,0.0,0.06222222222222232,44.0,108.20000000000006,85.26315789473684,1.0526315789473684,93.75,1.0416666666666667,4.166666666666667,95.0,94.0,98.94736842105263,0.0,0.0,,,251.30000000000004,305.0,329.5,369.5,419.40000000000003,,,,,,,,,,,,,,,,330.5,429.3,2.127659574468085,,91.57894736842105,3.1578947368421053,4.2105263157894735,0.0,nm_inferred,96.0,98.95285087719299,,Salzburg Airport,47.793301,13.0043,no
182,OLBA,145.0,144.0,99.3103448275862,0.0,0.0,600.0,600.0,32.5,124.25,180.0,271.25,356.9000000000001,-0.5948333333333333,-0.4520833333333333,-0.30000000000000004,-0.20708333333333334,-0.05416666666666652,0.0,0.0,0.0,0.0,0.0,0.0,0.0,0.0,0.0,0.0,186.5,370.70000000000016,97.91666666666667,0.0,86.89655172413794,11.724137931034482,0.6896551724137931,142.0,140.0,98.59154929577464,0.0,0.0,,,-489.9,-378.25,-124.5,208.25,283.0000000000001,,,,,,,,,,,,,,,,298.0,509.1000000000001,61.42857142857143,,86.61971830985915,11.267605633802816,0.704225352112676,0.0,nm_inferred,145.0,98.95094706168042,,Beirut Rafic Hariri International Airport,33.819833,35.487443,no
183,EYVI,185.0,184.0,99.45945945945945,0.0,0.0,600.0,5.0,-1038.5,-731.0,-618.5,-539.75,-406.99999999999966,0.6783333333333333,0.8995833333333333,1.0308333333333333,1.2183333333333333,1.7308333333333368,0.765,0.95,1.0,1.0,1.0,0.7525,0.9229166666666667,1.0,1.0,1.0,623.5,1123.4000000000008,4.3478260869565215,69.56521739130434,95.13513513513513,3.2432432432432434,1.0810810810810811,187.0,184.0,98.39572192513369,0.0,0.0,,,517.0,597.0,644.5,749.25,1344.6000000000004,,,,,,,,,,,,,,,,644.5,1344.6000000000004,0.0,,94.6524064171123,1.6042780748663101,2.1390374331550803,0.0,nm_inferred,187.0,98.92759069229658,,Vilnius International Airport,54.634102,25.285801,no
184,LQSA,93.0,92.0,98.9247311827957,0.0,0.0,600.0,600.0,254.0,269.0,294.0,359.0,443.5,-0.7391666666666666,-0.5983333333333334,-0.49,-0.4483333333333333,-0.42333333333333334,0.0,0.0,0.0,0.0,0.0,0.0,0.0,0.0,0.0,0.0,294.0,443.5,100.0,0.0,84.94623655913979,13.978494623655914,0.0,93.0,92.0,98.9247311827957,0.0,0.0,,,-654.4,-410.25,-324.5,-206.75,-142.49999999999997,,,,,,,,,,,,,,,,324.5,654.4000000000001,100.0,,81.72043010752688,17.204301075268816,0.0,0.0,nm_inferred,93.0,98.9247311827957,,Sarajevo International Airport,43.8246,18.331499,no
185,EGNM,190.0,189.0,99.47368421052632,0.0,0.0,600.0,54.0,-1763.0,-786.0,-616.0,-491.0,-398.99999999999983,0.5377777777777778,0.71,0.9433333333333334,1.2733333333333334,2.141555555555562,0.5633333333333334,0.7333333333333333,0.95,1.0,1.0,0.5366666666666666,0.7166666666666667,0.9166666666666666,1.0,1.0,626.0,2135.0000000000014,2.1164021164021163,47.08994708994709,91.57894736842105,6.315789473684211,1.5789473684210527,183.0,180.0,98.36065573770492,0.0,0.0,,,400.8,488.75,552.5,636.5,1552.1,,,,,,,,,,,,,,,,553.0,1673.9999999999993,1.6666666666666667,,91.80327868852459,5.46448087431694,1.092896174863388,0.0,nm_inferred,190.0,98.91716997411561,,Leeds Bradford Airport,53.865898,-1.66057,no
186,EGBB,472.0,467.0,98.94067796610169,0.0,99.36440677966102,730.5,750.0,14.0,16.0,20.0,24.5,29.0,-0.04782595419847328,-0.03577177721303881,-0.0266497461928934,-0.020714540213958514,-0.016098541883214655,0.0,0.0,0.0,0.0,0.0,0.0,0.0,0.0,0.0,0.0,20.0,29.0,99.57173447537473,0.0,91.73728813559322,6.779661016949152,0.423728813559322,451.0,446.0,98.89135254988913,0.0,100.0,330.0,77.0,214.5,250.0,257.0,260.0,264.0,0.3771137392284277,0.5712106138449202,0.7661770303470709,0.9437155827979546,1.1748961578400832,0.42857142857142855,0.6,0.7692307692307693,0.9,1.0,0.41562137914173036,0.6040775360408768,0.7886904761904762,0.9662198045097674,1.0,257.0,266.0,4.0358744394618835,26.233183856502244,89.57871396895787,8.869179600886918,0.4434589800443459,100.0,apdf,472.0,98.91601525799541,0.39007059588346404,Birmingham Airport,52.453899,-1.74803,yes
187,EVRA,271.0,270.0,99.6309963099631,0.0,98.1549815498155,600.0,600.0,29.0,39.0,54.0,74.0,84.0,-0.1856845238095238,-0.13579545454545455,-0.09583333333333334,-0.06329365079365079,-0.044444444444444446,0.0,0.0,0.0,0.0,0.0,0.0,0.0,0.0,0.0,0.0,54.0,84.0,100.0,0.0,94.8339483394834,3.690036900369004,1.1070110701107012,276.0,271.0,98.18840579710145,0.0,96.37681159420289,240.0,5.0,239.0,261.5,277.0,298.0,307.0,0.6417857142857143,0.9633333333333334,1.1604166666666669,1.4666666666666666,1.6555555555555554,0.6901785714285714,1.0,1.0,1.0,1.0,0.6666666666666666,0.9833333333333333,1.0,1.0,1.0,278.0,308.0,4.059040590405904,77.09923664122137,93.84057971014492,4.3478260869565215,0.0,98.1549815498155,apdf,276.0,98.90970105353227,0.49454850526766136,Riga International Airport,56.920752,23.970711,yes
188,LFPB,229.0,227.0,99.12663755458516,0.0,0.0,600.0,600.0,2.000000000000007,14.0,29.0,44.0,54.0,-0.09833333333333333,-0.08166666666666667,-0.04833333333333333,-0.023333333333333334,-0.001666666666666714,0.0,0.0,0.0,0.0,0.029999999999999718,0.0,0.0,0.0,0.0,0.004999999999999952,29.0,59.0,89.86784140969164,0.4444444444444444,95.19650655021834,2.183406113537118,1.7467248908296944,225.0,222.0,98.66666666666667,0.0,0.0,,,192.0,242.25,277.0,297.0,310.0,,,,,,,,,,,,,,,,278.0,310.0,2.7027027027027026,,95.11111111111111,2.2222222222222223,1.3333333333333333,0.0,nm_inferred,229.0,98.89665211062592,,Paris-Le Bourget International Airport,48.962276,2.436539,no
189,EDLW,87.0,86.0,98.85057471264368,0.0,0.0,900.0,149.5,-1621.5,-816.25,-670.0,-590.0,-506.5,0.5946581196581197,0.6755555555555556,0.8285470085470086,1.4420833333333332,2.653888888888889,0.6076923076923078,0.7,0.8333333333333334,1.0,1.0,0.6012820512820513,0.6791666666666667,0.8305555555555555,1.0,1.0,670.0,1621.5,1.1627906976744187,39.53488372093023,94.25287356321839,3.4482758620689653,1.1494252873563218,87.0,86.0,98.85057471264368,0.0,0.0,,,489.0,547.25,603.0,723.5,882.0,,,,,,,,,,,,,,,,610.5,898.0,2.3255813953488373,,90.80459770114942,5.747126436781609,2.2988505747126435,0.0,nm_inferred,87.0,98.85057471264368,,Dortmund Airport,51.518299,7.61224,no
190,ENVA,217.0,214.0,98.61751152073732,2.0,100.0,420.0,36.5,-1431.4999999999995,-536.0,-428.5,-322.25,-227.49999999999991,0.7812500000000001,0.8572443181818181,0.9195238095238095,1.0263095238095237,1.4358333333333337,0.8,0.8878205128205128,0.95,1.0,1.0,0.7673809523809524,0.8630050505050505,0.925,1.0,1.0,428.5,1431.5000000000095,0.0,43.39622641509434,90.3225806451613,0.0,8.294930875576037,216.0,214.0,99.07407407407408,2.0,99.07407407407408,180.0,5.0,419.3,478.25,550.0,1685.5,2256.5000000000005,1.888888888888889,2.5104166666666665,3.2111111111111112,9.116666666666667,18.468749999999968,1.0,1.0,1.0,1.0,1.0,1.0,1.0,1.0,1.0,1.0,550.5,2292.000000000001,2.336448598130841,96.66666666666667,90.27777777777777,0.46296296296296297,8.333333333333334,100.0,apdf,217.0,98.8457927974057,0.9513907556750298,"Trondheim Airport, Værnes",63.457802,10.924,yes
191,LIBP,41.0,41.0,100.0,0.0,0.0,420.0,420.0,9.0,24.0,44.0,54.0,64.0,-0.16428571428571428,-0.14047619047619048,-0.11666666666666667,-0.05714285714285714,-0.02142857142857143,0.0,0.0,0.0,0.0,0.0,0.0,0.0,0.0,0.0,0.0,44.0,64.0,100.0,0.0,95.1219512195122,2.4390243902439024,2.4390243902439024,43.0,42.0,97.67441860465117,0.0,0.0,,,235.3,258.5,271.5,290.75,308.0,,,,,,,,,,,,,,,,271.5,308.0,2.380952380952381,,93.02325581395348,4.651162790697675,0.0,0.0,nm_inferred,43.0,98.83720930232559,,Abruzzo Airport,42.431079,14.182981,no
192,LFKB,84.0,83.0,98.80952380952381,0.0,0.0,360.0,360.0,90.0,126.5,149.0,206.5,249.0,-0.6583333333333333,-0.5270833333333333,-0.4,-0.3208333333333333,-0.23611111111111116,0.0,0.0,0.0,0.0,0.0,0.0,0.0,0.0,0.0,0.0,149.0,249.0,100.0,0.0,98.80952380952381,0.0,0.0,84.0,83.0,98.80952380952381,0.0,0.0,,,-191.2,-68.5,-14.0,42.0,76.8,,,,,,,,,,,,,,,,55.0,193.6,61.44578313253012,,97.61904761904762,1.1904761904761905,0.0,0.0,nm_inferred,84.0,98.80952380952381,,Bastia-Poretta International airport,42.5527,9.48373,no
193,LEIB,491.0,486.0,98.98167006109979,0.0,99.79633401221996,489.0,510.0,15.5,21.25,28.5,42.0,67.0,-0.15640514263328464,-0.09937891049554974,-0.05770357742201859,-0.03809286792331652,-0.02484915846300413,0.0,0.0,0.0,0.0,0.0,0.0,0.0,0.0,0.0,0.0,29.0,70.0,98.559670781893,0.0,97.35234215885947,1.4256619144602851,0.20366598778004075,507.0,500.0,98.61932938856016,0.0,99.40828402366864,196.0,5.0,125.9,185.75,222.0,247.0,274.0,0.4944426194386917,0.7526501766784452,1.051643192488263,1.5063291139240507,2.003603603603604,0.5,0.75,1.0,1.0,1.0,0.520058245358573,0.7750759878419453,1.0,1.0135135135135136,1.0227272727272727,222.0,274.0,2.8,58.14889336016097,96.64694280078895,1.5779092702169626,0.39447731755424065,99.79633401221996,apdf,507.0,98.80049972482998,0.49400249862414986,Ibiza Airport,38.872898,1.37312,yes
194,LGKR,239.0,238.0,99.581589958159,0.0,0.0,900.0,900.0,169.0,189.0,231.5,2534.0,2697.0,-3.5479166666666666,-2.8627777777777776,-0.36,-0.21555555555555556,-0.19333333333333333,0.0,0.0,0.0,0.0,0.0,0.0,0.0,0.0,0.0,0.0,231.5,2697.0,100.0,0.0,71.54811715481172,27.615062761506277,0.41841004184100417,247.0,242.0,97.97570850202429,0.0,0.0,,,-1056.3999999999999,-384.5,-189.0,67.0,383.1,,,,,,,,,,,,,,,,306.5,1056.4000000000005,71.48760330578513,,91.49797570850203,6.477732793522267,0.0,0.0,nm_inferred,247.0,98.77864923009164,,Corfu Ioannis Kapodistrias International Airport,39.60145,19.912179,no
195,DTMB,79.0,78.0,98.73417721518987,0.0,0.0,900.0,900.0,573.1,627.5,1004.5,1317.75,1511.0,-1.7755555555555556,-1.5491666666666666,-1.116111111111111,-0.6972222222222222,-0.6367777777777778,0.0,0.0,0.0,0.0,0.0,0.0,0.0,0.0,0.0,0.0,1004.5,1511.0,100.0,0.0,96.20253164556962,2.5316455696202533,0.0,80.0,79.0,98.75,0.0,0.0,,,-1444.0,-1251.0,-880.0,-734.5,-591.0,,,,,,,,,,,,,,,,880.0,1444.0,97.46835443037975,,93.75,5.0,0.0,0.0,nm_inferred,80.0,98.74208860759494,,Monastir Habib Bourguiba International Airport,35.75809860229492,10.75469970703125,no
196,LGRP,320.0,317.0,99.0625,0.0,0.0,480.0,5.0,-1063.0,-751.0,-601.0,-491.0,-221.99999999999966,0.4395833333333333,0.98125,1.1683333333333332,1.4604166666666667,2.123809523809525,0.5333333333333334,0.9545454545454546,1.0,1.0,1.0,0.5029166666666667,0.9375,1.0,1.0,1.0,606.0,1066.0,4.100946372239748,74.13249211356467,96.25,2.1875,0.625,346.0,340.0,98.26589595375722,0.0,0.0,,,353.9,516.75,603.0,746.75,1065.9000000000005,,,,,,,,,,,,,,,,609.5,1100.2000000000003,5.588235294117647,,96.53179190751445,1.4450867052023122,0.28901734104046245,0.0,nm_inferred,346.0,98.66419797687861,,"Rhodes International Airport ""Diagoras""",36.405399,28.086201,no
197,LFLL,411.0,406.0,98.78345498783455,0.0,97.5669099756691,660.0,44.0,-811.0,-711.0,-586.0,-436.0,-318.5,0.495,0.8161458333333333,0.925,1.0016666666666667,1.2277272727272726,0.5416666666666666,0.85,0.9522727272727273,1.0,1.0,0.5208333333333334,0.8099537037037037,0.9294871794871795,1.0,1.0,588.5,818.5,0.7389162561576355,43.10344827586207,95.86374695863746,2.67639902676399,0.24330900243309003,408.0,402.0,98.52941176470588,0.0,99.75490196078431,240.0,5.0,491.3,527.0,579.5,652.0,740.7,1.7642857142857142,1.9966666666666666,2.3625,2.761111111111111,3.0555555555555554,1.0,1.0,1.0,1.0,1.0,1.0,1.0,1.0,1.0,1.0,579.5,740.7,0.0,99.25187032418953,96.07843137254902,2.2058823529411766,0.24509803921568626,99.75490196078431,apdf,411.0,98.65643337627021,0.9517816168672223,Lyon Saint-Exupéry Airport,45.725996,5.090139,yes
198,EKYT,75.0,74.0,98.66666666666667,0.0,0.0,600.0,600.0,-4.4999999999999964,19.0,36.0,49.0,77.50000000000001,-0.12916666666666665,-0.08166666666666667,-0.06,-0.03166666666666667,0.007500000000000024,0.0,0.0,0.0,0.0,0.05,0.0,0.0,0.0,0.0,0.01416666666666669,39.0,77.50000000000001,87.83783783783784,0.0,94.66666666666667,2.6666666666666665,1.3333333333333333,71.0,70.0,98.59154929577464,0.0,0.0,,,203.60000000000002,234.25,248.0,268.0,278.4,,,,,,,,,,,,,,,,248.0,282.0,7.142857142857143,,97.1830985915493,0.0,1.408450704225352,0.0,nm_inferred,75.0,98.62910798122066,,Aalborg Airport,57.094763,9.84993,no
199,EPKT,257.0,253.0,98.44357976653697,0.0,0.0,600.0,600.0,9.0,19.0,30.0,44.0,54.0,-0.08166666666666667,-0.065,-0.04722222222222222,-0.027777777777777776,-0.015,0.0,0.0,0.0,0.0,0.0,0.0,0.0,0.0,0.0,0.0,30.0,54.0,97.23320158102767,0.0,92.99610894941634,4.669260700389105,0.7782101167315175,250.0,247.0,98.8,0.0,0.0,,,174.2,204.0,230.0,249.0,262.4,,,,,,,,,,,,,,,,230.0,262.4,3.2388663967611335,,95.2,2.8,0.8,0.0,nm_inferred,257.0,98.62178988326849,,Katowice Wojciech Korfanty International Airport,50.476015,19.080705,no
200,LHBP,572.0,563.0,98.42657342657343,0.0,99.82517482517483,641.0,10.0,-1096.0,-786.0,-656.0,-566.0,-481.0,0.8705823863636364,0.9353320206831103,0.9897540983606558,1.1217583807716633,1.7173097597005345,0.9,0.9545454545454546,1.0,1.0,1.0,0.8754762182035968,0.937694099378882,0.990990990990991,1.002700908570324,1.0057389279682556,661.0,1140.0,0.7104795737122558,70.69271758436945,89.16083916083916,7.6923076923076925,1.5734265734265733,570.0,563.0,98.7719298245614,1.0,100.0,269.5,5.0,468.0,515.0,579.0,665.0,911.0,1.4727592332173784,1.8371641403409358,2.1845212168450976,2.619947916666667,3.272537878787879,0.9230769230769231,1.0,1.0,1.0,1.0,0.9821428571428571,0.9878419452887538,0.9935029301890377,0.9973314647014968,1.0,585.0,1005.0000000000002,2.4866785079928952,98.75444839857651,87.36842105263158,9.824561403508772,1.5789473684210527,100.0,apdf,572.0,98.5992516255674,0.9783480774191929,Budapest Liszt Ferenc International Airport,47.43018,19.262393,yes
201,LZIB,105.0,103.0,98.0952380952381,0.0,100.0,600.0,129.0,-723.0,-568.5,-411.0,-208.5,-119.00000000000004,0.24503703703703705,0.3813888888888889,0.808974358974359,0.9092592592592592,1.1663973063973063,0.3333333333333333,0.4198717948717949,0.8,0.9090909090909091,1.0,0.2703703703703704,0.3949074074074074,0.7583333333333333,0.8846153846153846,0.9646464646464646,431.0,761.9999999999999,5.825242718446602,13.592233009708737,88.57142857142857,3.8095238095238093,5.714285714285714,105.0,104.0,99.04761904761905,0.0,99.04761904761905,240.0,5.0,423.2,478.5,547.5,610.75,1155.500000000001,1.4000000000000001,1.8216666666666668,2.0708333333333333,2.5388888888888888,6.009999999999993,1.0,1.0,1.0,1.0,1.0,1.0,1.0,1.0,1.0,1.0,549.5,1714.0000000000018,0.9615384615384616,96.11650485436893,90.47619047619048,2.857142857142857,5.714285714285714,100.0,apdf,105.0,98.57142857142858,0.866607142857143,M. R. Štefánik Airport,48.1702,17.2127,yes
202,LWSK,105.0,104.0,99.04761904761905,0.0,0.0,540.0,540.0,355.2,506.5,944.0,1140.75,1992.0,-3.6189999999999998,-3.1104166666666666,-1.7124242424242424,-1.3753787878787878,-1.03,0.0,0.0,0.0,0.0,0.0,0.0,0.0,0.0,0.0,0.0,944.0,1992.0,100.0,0.0,96.19047619047619,1.9047619047619047,0.9523809523809523,104.0,102.0,98.07692307692308,0.0,0.0,,,-2096.1,-1433.25,-1112.0,-540.5,-242.7999999999999,,,,,,,,,,,,,,,,1112.0,2096.1000000000004,100.0,,95.1923076923077,1.9230769230769231,0.9615384615384616,0.0,nm_inferred,105.0,98.56227106227107,,Skopje International Airport,41.958087,21.622581,no
203,LIML,459.0,452.0,98.47494553376906,0.0,100.0,780.0,504.0,-580.0,-397.25,-241.0,25.25,49.0,-0.07083333333333333,-0.03333333333333333,0.3046536796536797,0.5751116071428571,0.792939393939394,0.0,0.0,0.3,0.5619747899159664,0.7777777777777778,0.0,0.0,0.2873015873015873,0.5346638655462185,0.75,241.0,581.0,36.72566371681416,2.2123893805309733,97.38562091503267,0.8714596949891068,0.2178649237472767,465.0,458.0,98.49462365591398,0.0,100.0,300.0,5.0,278.4,305.0,333.0,369.0,447.20000000000005,0.7908333333333333,1.02125,1.222777777777778,1.69375,2.151111111111111,0.7857142857142857,1.0,1.0,1.0,1.0,0.7477272727272728,1.0,1.0,1.0,1.0,333.0,450.0,1.5283842794759825,82.31441048034935,95.91397849462365,1.5053763440860215,1.075268817204301,100.0,apdf,465.0,98.48478459484153,0.633898097669972,Milano Linate Airport,45.445099,9.27674,yes
204,LTFE,219.0,216.0,98.63013698630137,0.0,0.0,600.0,600.0,81.5,124.0,169.0,229.0,279.0,-0.465,-0.37333333333333335,-0.2816666666666667,-0.20666666666666667,-0.13166666666666665,0.0,0.0,0.0,0.0,0.0,0.0,0.0,0.0,0.0,0.0,174.0,341.5,97.68518518518519,0.0,92.23744292237443,4.109589041095891,2.2831050228310503,233.0,229.0,98.28326180257511,0.0,0.0,,,-121.0,82.0,126.0,148.0,167.20000000000002,,,,,,,,,,,,,,,,135.0,253.00000000000102,17.467248908296945,,90.55793991416309,5.579399141630901,2.1459227467811157,0.0,nm_inferred,233.0,98.45669939443823,,Milas Bodrum International Airport,37.249314,27.66401,no
205,LEMH,222.0,219.0,98.64864864864865,0.0,0.0,600.0,600.0,-288.0,-63.5,29.0,64.0,133.00000000000034,-0.2583333333333333,-0.1297222222222222,-0.04833333333333333,0.115,0.5031515151515153,0.0,0.0,0.0,0.15,0.5,0.0,0.0,0.0,0.125,0.5,64.0,339.6000000000003,69.86301369863014,1.82648401826484,97.29729729729729,0.9009009009009009,0.45045045045045046,226.0,222.0,98.23008849557522,0.0,0.0,,,74.30000000000001,228.75,282.0,413.5,502.0,,,,,,,,,,,,,,,,283.5,504.70000000000005,4.504504504504505,,96.46017699115045,1.3274336283185841,0.4424778761061947,0.0,nm_inferred,226.0,98.43936857211193,,Menorca Airport,39.862598,4.21865,no
206,LTCB,32.0,31.0,96.875,0.0,0.0,300.0,300.0,-146.0,451.5,974.0,2749.0,3229.0,-10.763333333333334,-9.163333333333334,-2.637777777777778,-1.505,0.1622222222222222,0.0,0.0,0.0,0.0,0.6,0.0,0.0,0.0,0.0,0.5333333333333333,1949.0,3314.0,87.09677419354838,0.0,75.0,21.875,0.0,30.0,30.0,100.0,0.0,0.0,,,-2607.0,-695.75,-165.0,201.5,361.7000000000001,,,,,,,,,,,,,,,,299.5,2607.0,63.333333333333336,,90.0,10.0,0.0,0.0,nm_inferred,32.0,98.4375,,Ordu–Giresun Airport,40.966872,38.085995,no
207,LBBG,91.0,90.0,98.9010989010989,0.0,0.0,300.0,300.0,64.0,87.5,116.5,134.0,150.00000000000009,-0.49666666666666665,-0.43,-0.3383333333333334,-0.14416666666666667,-0.09077777777777775,0.0,0.0,0.0,0.0,0.0,0.0,0.0,0.0,0.0,0.0,116.5,150.00000000000009,98.88888888888889,0.0,96.7032967032967,2.197802197802198,0.0,97.0,95.0,97.9381443298969,0.0,0.0,,,-272.59999999999997,-43.0,71.0,128.0,187.40000000000003,,,,,,,,,,,,,,,,115.0,338.00000000000006,31.57894736842105,,90.72164948453609,6.185567010309279,1.0309278350515463,0.0,nm_inferred,97.0,98.4196216154979,,Burgas Airport,42.569917,27.515173,no
208,LIPQ,61.0,59.0,96.72131147540983,0.0,0.0,600.0,164.0,-602.0,-538.5,-436.0,-261.0,-151.0,0.25166666666666665,0.435,0.7266666666666667,0.8975,1.0033333333333334,0.3,0.45,0.7,0.95,1.0,0.25833333333333336,0.44166666666666665,0.6916666666666667,0.9083333333333333,1.0,436.0,602.0000000000001,0.0,18.64406779661017,95.08196721311475,0.0,1.639344262295082,59.0,59.0,100.0,0.0,0.0,,,395.8,459.5,485.0,538.0,608.0,,,,,,,,,,,,,,,,485.0,608.0,0.0,,94.91525423728814,3.389830508474576,1.694915254237288,0.0,nm_inferred,61.0,98.36065573770492,,Trieste Airport,45.827862,13.466672,no
209,HEGN,234.0,231.0,98.71794871794872,0.0,0.0,900.0,900.0,1589.0,1819.0,3239.0,5407.5,5659.0,-6.346111111111112,-6.0119444444444445,-3.6294444444444443,-2.0375,-1.6847385620915034,0.0,0.0,0.0,0.0,0.0,0.0,0.0,0.0,0.0,0.0,3239.0,5659.0,100.0,0.0,74.78632478632478,23.931623931623932,0.0,248.0,243.0,97.98387096774194,0.0,0.0,,,-4941.2,-3236.0,-1172.0,-970.5,-609.7999999999997,,,,,,,,,,,,,,,,1172.0,4941.2,100.0,,73.38709677419355,24.596774193548388,0.0,0.0,nm_inferred,248.0,98.35090984284533,,Hurghada International Airport,27.176776,33.796692,no
210,LROP,503.0,494.0,98.2107355864811,11.0,99.40357852882704,540.0,540.0,29.0,44.0,64.0,79.0,99.0,-0.2963809523809524,-0.18333333333333332,-0.12222222222222222,-0.0761904761904762,-0.04027777777777778,0.0,0.0,0.0,0.0,0.0,0.0,0.0,0.0,0.0,0.0,64.0,99.0,98.38056680161944,0.0,93.24055666003976,4.7713717693836974,0.1988071570576541,508.0,500.0,98.4251968503937,11.0,100.0,360.0,65.0,179.0,279.75,303.0,323.25,348.1,0.4372727272727273,0.6642857142857143,0.8095238095238095,1.0566666666666666,1.1926666666666665,0.5625,0.7142857142857143,0.8333333333333334,1.0,1.0,0.5509259259259259,0.6770833333333334,0.8214285714285714,1.0,1.0,308.0,353.0,5.0,37.01431492842536,93.89763779527559,4.330708661417323,0.1968503937007874,100.0,apdf,508.0,98.3179662184374,0.4038059326828679,Bucharest Henri Coandă International Airport,44.571792,26.103285,yes
211,LTAZ,29.0,29.0,100.0,0.0,0.0,300.0,300.0,1154.0,1299.0,1389.0,1484.0,1563.0,-5.21,-4.946666666666666,-4.613333333333333,-4.246666666666667,-3.836666666666667,0.0,0.0,0.0,0.0,0.0,0.0,0.0,0.0,0.0,0.0,1389.0,1563.0,100.0,0.0,100.0,0.0,0.0,29.0,28.0,96.55172413793103,0.0,0.0,,,-1272.9,-1196.5,-1116.0,-1049.5,-851.4,,,,,,,,,,,,,,,,1116.0,1272.9,100.0,,96.55172413793103,0.0,0.0,0.0,nm_inferred,29.0,98.27586206896552,,Nevşehir Kapadokya Airport,38.7719,34.5345,no
212,LDZD,114.0,111.0,97.36842105263158,0.0,0.0,900.0,900.0,264.0,289.0,349.0,409.0,484.0,-0.5377777777777778,-0.45444444444444443,-0.3877777777777778,-0.3211111111111111,-0.29333333333333333,0.0,0.0,0.0,0.0,0.0,0.0,0.0,0.0,0.0,0.0,349.0,484.0,100.0,0.0,93.85964912280701,1.7543859649122806,1.7543859649122806,118.0,117.0,99.15254237288136,0.0,0.0,,,-570.0,-365.0,-276.0,-200.0,4.400000000000006,,,,,,,,,,,,,,,,276.0,570.0000000000001,88.88888888888889,,94.91525423728814,2.542372881355932,1.694915254237288,0.0,nm_inferred,118.0,98.26048171275647,,Zadar Airport,44.096986,15.353565,no
213,EDDK,505.0,496.0,98.21782178217822,0.0,99.60396039603961,776.0,266.5,-1103.0,-785.75,-498.5,-200.75,1.0,-0.0015943141564058565,0.3109251376786854,0.6462593019813603,0.9137742153407951,1.0614539519803716,0.047619047619047616,0.3455528846153846,0.625,0.8888888888888888,0.9672043010752689,0.015412748171368862,0.3203813654349801,0.5996134020618558,0.8651584019023048,0.9507559677366684,518.5,1123.5,10.685483870967742,10.28225806451613,91.48514851485149,6.336633663366337,0.39603960396039606,498.0,489.0,98.19277108433735,0.0,99.79919678714859,380.0,5.0,332.6,418.0,536.0,682.0,802.4,0.9848506050352699,1.2175066312997347,1.4686346863468636,1.7327586206896552,1.9657518946948545,0.8989473684210527,1.0,1.0,1.0,1.0,0.9196734693877552,0.9917355371900827,1.0,1.0034305317324186,1.0070925591682132,539.0,824.9999999999999,2.2494887525562373,88.13905930470348,91.36546184738955,6.42570281124498,0.40160642570281124,99.79919678714859,apdf,505.0,98.20529643325779,0.7854525416404825,Cologne Bonn Airport,50.865898,7.14274,yes
214,LTCG,131.0,130.0,99.23664122137404,0.0,0.0,300.0,300.0,-979.0,-346.0,69.0,510.25,4862.0,-15.725,-1.7008333333333334,-0.23,0.6315972222222223,3.263333333333334,0.0,0.0,0.0,0.9,1.0,0.0,0.0,0.0,0.8666666666666667,1.0,386.0,4862.0,70.76923076923077,23.846153846153847,61.83206106870229,36.6412213740458,0.7633587786259542,137.0,133.0,97.08029197080292,0.0,0.0,,,-6060.2,-2736.0,70.0,459.0,579.6,,,,,,,,,,,,,,,,508.0,6060.2,40.6015037593985,,67.15328467153284,29.197080291970803,0.7299270072992701,0.0,nm_inferred,137.0,98.15846659608849,,Trabzon International Airport,40.995098,39.7897,no
215,EPPO,160.0,157.0,98.125,0.0,0.0,600.0,169.0,-683.4,-601.0,-501.0,-436.0,-354.0,0.4906666666666667,0.5844444444444444,0.7511111111111111,1.6133333333333333,2.0766666666666667,0.5,0.6,0.7727272727272727,1.0,1.0,0.5,0.5777777777777777,0.75,1.0,1.0,501.0,683.4000000000001,0.0,42.67515923566879,95.625,2.5,0.0,153.0,150.0,98.03921568627452,0.0,0.0,,,479.0,533.25,579.0,647.75,820.9999999999968,,,,,,,,,,,,,,,,580.0,1586.9999999999984,1.3333333333333333,,94.11764705882354,3.9215686274509802,0.0,0.0,nm_inferred,160.0,98.08210784313727,,Poznań-Ławica Airport,52.421598,16.823359,no
216,LTAN,26.0,26.0,100.0,0.0,0.0,300.0,300.0,531.5,614.0,673.5,777.0,875.5,-2.9183333333333334,-2.59,-2.245,-2.0466666666666664,-1.7716666666666665,0.0,0.0,0.0,0.0,0.0,0.0,0.0,0.0,0.0,0.0,673.5,875.5,100.0,0.0,100.0,0.0,0.0,26.0,25.0,96.15384615384616,0.0,0.0,,,-1248.3999999999999,-1165.0,-1054.0,-949.0,-821.7999999999998,,,,,,,,,,,,,,,,1054.0,1248.4,100.0,,96.15384615384616,0.0,0.0,0.0,nm_inferred,26.0,98.07692307692308,,Konya Airport,37.979,32.561901,no
217,LTAI,1382.0,1364.0,98.69753979739508,0.0,0.0,1320.0,1284.0,-41.0,-26.0,-1.0,59.0,219.0,-0.1734848484848485,-0.048484848484848485,0.0007575757575757576,0.019696969696969695,0.03484848484848485,0.0,0.0,0.022727272727272728,0.025,0.05,0.0,0.0,0.003787878787878788,0.022727272727272728,0.03787878787878788,31.0,222.50000000000023,48.68035190615836,0.07342143906020558,91.60636758321273,7.018813314037627,0.0723589001447178,1383.0,1347.0,97.39696312364426,0.0,0.0,,,-481.0,179.0,291.0,329.0,486.4000000000001,,,,,,,,,,,,,,,,307.0,781.0,17.743132887899034,,87.6355748373102,9.689081706435285,0.07230657989877079,0.0,nm_inferred,1383.0,98.04725146051967,,Antalya International Airport,36.898701,30.800501,no
218,EGJB,83.0,82.0,98.79518072289157,0.0,0.0,600.0,409.0,-460.0,-381.0,-196.0,-1.0,44.0,-0.07333333333333333,0.0016666666666666668,0.32666666666666666,0.635,0.7666666666666667,0.0,0.05,0.32499999999999996,0.65,0.7950000000000004,0.0,0.008333333333333333,0.3041666666666667,0.6416666666666667,0.7575000000000001,196.0,460.00000000000006,23.170731707317074,7.317073170731708,91.56626506024097,0.0,7.228915662650603,74.0,72.0,97.29729729729729,0.0,0.0,,,176.2,417.75,509.0,569.75,1486.6999999999991,,,,,,,,,,,,,,,,509.0,1486.6999999999991,6.944444444444445,,86.48648648648648,0.0,10.81081081081081,0.0,nm_inferred,83.0,98.04623901009444,,Guernsey Airport,49.435001,-2.60197,no
219,LYPG,76.0,75.0,98.6842105263158,0.0,0.0,600.0,600.0,769.0,844.0,1009.0,1166.5,1468.0000000000007,-2.9566666666666666,-2.158333333333333,-1.7566666666666666,-1.3316666666666666,-1.0924126984126983,0.0,0.0,0.0,0.0,0.0,0.0,0.0,0.0,0.0,0.0,1009.0,1468.0000000000007,100.0,0.0,94.73684210526316,3.9473684210526314,0.0,77.0,75.0,97.40259740259741,0.0,0.0,,,-1298.4,-1105.0,-814.0,-684.5,-615.3999999999999,,,,,,,,,,,,,,,,814.0,1298.4,100.0,,94.8051948051948,2.5974025974025974,0.0,0.0,nm_inferred,77.0,98.0434039644566,,Podgorica Airport / Podgorica Golubovci Airbase,42.359402,19.2519,no
220,EHKD,50.0,49.0,98.0,0.0,0.0,600.0,600.0,-16.0,-1.0,9.0,17.0,25.200000000000003,-0.041999999999999996,-0.028333333333333332,-0.015,0.0016666666666666668,0.02666666666666667,0.0,0.0,0.0,0.05,0.05,0.0,0.0,0.0,0.008333333333333333,0.03333333333333333,14.0,26.80000000000001,71.42857142857143,0.0,80.0,0.0,18.0,48.0,47.0,97.91666666666667,0.0,0.0,,,263.4,278.5,292.0,321.0,340.59999999999997,,,,,,,,,,,,,,,,292.0,340.59999999999997,0.0,,75.0,2.0833333333333335,20.833333333333332,0.0,nm_inferred,50.0,97.95833333333334,,De Kooy Airfield / Den Helder Naval Air Station,52.923401,4.78062,no
221,LESO,23.0,22.0,95.65217391304348,0.0,0.0,420.0,420.0,180.0,200.25,216.5,249.0,273.5,-0.8452380952380952,-0.6226190476190476,-0.5214285714285715,-0.47678571428571426,-0.4285714285714285,0.0,0.0,0.0,0.0,0.0,0.0,0.0,0.0,0.0,0.0,216.5,273.5,100.0,0.0,95.65217391304348,0.0,0.0,24.0,24.0,100.0,0.0,0.0,,,-424.5,-356.25,-273.5,-163.75,-37.00000000000004,,,,,,,,,,,,,,,,273.5,424.5,95.83333333333333,,95.83333333333333,4.166666666666667,0.0,0.0,nm_inferred,24.0,97.82608695652175,,San Sebastián Airport,43.356499,-1.79061,no
222,EDDB,869.0,852.0,98.04372842347526,0.0,99.5397008055236,608.0,469.0,-573.0,-303.75,-38.5,5.0,11.0,-0.019835711768851298,-0.009082134823111375,0.06653645833333333,0.5026449532761353,0.9282933483634344,0.0,0.0,0.125,0.5,0.85,0.0,0.0,0.07876621144087623,0.47707889125799574,0.8302256696036348,53.0,633.9,32.394366197183096,4.577464788732394,89.52819332566168,7.249712313003452,1.2658227848101267,835.0,815.0,97.60479041916167,0.0,100.0,340.0,5.0,296.0,332.5,469.0,538.0,623.0,0.6898589401448723,0.9466462393677584,1.3702127659574468,1.9314672316531052,2.471361787383887,0.6875,0.9090909090909091,1.0,1.0,1.0,0.7028381244971107,0.9408984480823561,0.997191011235955,1.0034013605442178,1.0096153846153846,472.0,640.4000000000001,1.2269938650306749,74.23312883435582,91.37724550898204,5.269461077844311,0.9580838323353293,100.0,apdf,869.0,97.82425942131846,0.5262735923868983,Berlin Brandenburg Airport,52.361738,13.502341,yes
223,ENBO,134.0,132.0,98.50746268656717,0.0,0.0,360.0,360.0,21.0,35.75,50.0,69.5,99.80000000000001,-0.2777777777777778,-0.19791666666666666,-0.14027777777777778,-0.10208333333333333,-0.058333333333333334,0.0,0.0,0.0,0.0,0.0,0.0,0.0,0.0,0.0,0.0,50.5,100.0,96.96969696969697,0.7575757575757576,88.80597014925372,3.7313432835820897,5.970149253731344,133.0,129.0,96.99248120300751,0.0,0.0,,,59.60000000000001,153.0,239.0,265.0,279.0,,,,,,,,,,,,,,,,240.0,282.4,6.976744186046512,,89.47368421052632,0.7518796992481203,6.7669172932330826,0.0,nm_inferred,134.0,97.74997194478735,,Bodø Airport,67.269203,14.3653,no
224,LGPZ,44.0,42.0,95.45454545454545,0.0,0.0,300.0,300.0,293.1,324.25,398.0,750.0,888.3,-2.908285714285714,-2.2975000000000003,-1.1366666666666667,-0.7628571428571429,-0.3652222222222223,0.0,0.0,0.0,0.0,0.0,0.0,0.0,0.0,0.0,0.0,398.0,888.3,100.0,0.0,86.36363636363636,9.090909090909092,0.0,46.0,46.0,100.0,0.0,0.0,,,-1157.0,-735.0,-441.5,-308.5,-199.5,,,,,,,,,,,,,,,,441.5,1157.0,93.47826086956522,,93.47826086956522,4.3478260869565215,2.1739130434782608,0.0,nm_inferred,46.0,97.72727272727272,,Aktion National Airport,38.925499,20.765301,no
225,LIRI,44.0,42.0,95.45454545454545,0.0,0.0,420.0,420.0,234.0,255.25,286.5,359.0,591.4999999999998,-1.4083333333333332,-0.8547619047619048,-0.6821428571428572,-0.6077380952380952,-0.5571428571428572,0.0,0.0,0.0,0.0,0.0,0.0,0.0,0.0,0.0,0.0,286.5,591.4999999999998,100.0,0.0,93.18181818181819,2.272727272727273,0.0,42.0,42.0,100.0,0.0,0.0,,,-673.4,-389.25,-101.5,-15.25,57.8,,,,,,,,,,,,,,,,115.0,673.3999999999999,78.57142857142857,,92.85714285714286,2.380952380952381,4.761904761904762,0.0,nm_inferred,44.0,97.72727272727272,,Salerno Costa d'Amalfi Airport,40.620399,14.9113,no
226,LRBS,26.0,26.0,100.0,0.0,0.0,420.0,420.0,-1.0,9.75,23.5,29.0,46.5,-0.08547619047619048,-0.05714285714285714,-0.04353832442067736,-0.021266233766233766,0.002023809523809524,0.0,0.0,0.0,0.0,0.060714285714285714,0.0,0.0,0.0,0.0,0.010119047619047618,23.5,46.5,84.61538461538461,0.0,84.61538461538461,15.384615384615385,0.0,22.0,21.0,95.45454545454545,0.0,0.0,,,199.0,240.0,271.0,279.0,290.0,,,,,,,,,,,,,,,,271.0,290.0,9.523809523809524,,86.36363636363636,9.090909090909092,0.0,0.0,nm_inferred,26.0,97.72727272727272,,Bucharest Băneasa Aurel Vlaicu International Airport,44.503133,26.102944,no
227,LLER,22.0,21.0,95.45454545454545,0.0,0.0,600.0,600.0,474.0,529.0,549.0,589.0,629.0,-1.0483333333333333,-0.9816666666666667,-0.915,-0.8816666666666667,-0.79,0.0,0.0,0.0,0.0,0.0,0.0,0.0,0.0,0.0,0.0,549.0,629.0,100.0,0.0,95.45454545454545,0.0,0.0,22.0,22.0,100.0,0.0,0.0,,,-636.0,-542.5,-433.5,-314.0,-267.49999999999994,,,,,,,,,,,,,,,,433.5,636.0000000000002,100.0,,100.0,0.0,0.0,0.0,nm_inferred,22.0,97.72727272727272,,Ramon International Airport,29.727009,35.014116,no
228,LLBG,497.0,487.0,97.98792756539235,0.0,0.0,900.0,518.0,-898.0,-671.0,-396.0,-226.0,59.0,-0.06555555555555556,0.24277777777777776,0.42333333333333334,0.7522222222222221,1.0194444444444446,0.015000000000000036,0.3,0.43333333333333335,0.6833333333333333,0.9,0.0033333333333333414,0.2858771929824562,0.4222222222222222,0.6666666666666666,0.8722222222222222,496.0,1365.0000000000005,18.480492813141684,6.160164271047228,85.11066398390342,12.877263581488934,0.0,497.0,484.0,97.38430583501005,0.0,0.0,,,228.0,413.0,508.0,567.25,644.4,,,,,,,,,,,,,,,,527.5,991.3999999999984,7.644628099173554,,85.71428571428571,11.670020120724345,0.0,0.0,nm_inferred,497.0,97.68611670020121,,Ben Gurion International Airport,32.011398,34.8867,no
229,LDZA,216.0,211.0,97.68518518518519,0.0,98.14814814814815,540.0,540.0,124.0,149.0,184.0,219.0,249.0,-0.5388888888888889,-0.434375,-0.3090909090909091,-0.2484722222222222,-0.1782051282051282,0.0,0.0,0.0,0.0,0.0,0.0,0.0,0.0,0.0,0.0,184.0,254.0,99.5260663507109,0.47393364928909953,94.9074074074074,2.7777777777777777,0.0,216.0,211.0,97.68518518518519,0.0,100.0,300.0,199.0,52.0,83.0,112.0,132.0,152.0,0.18333333333333332,0.2523809523809524,0.35833333333333334,0.4394444444444444,0.5333333333333333,0.21428571428571427,0.3,0.4,0.5,0.625,0.19047619047619047,0.26666666666666666,0.36666666666666664,0.45,0.5416666666666666,112.0,152.0,6.6350710900473935,0.47393364928909953,94.44444444444444,2.7777777777777777,0.46296296296296297,100.0,apdf,216.0,97.68518518518519,0.1790895061728395,Zagreb Franjo Tuđman International Airport,45.742901,16.0688,yes
230,LUKK,216.0,209.0,96.75925925925925,0.0,0.0,600.0,600.0,464.0,524.0,644.0,1189.0,2462.0000000000005,-4.1033333333333335,-1.9816666666666667,-1.0733333333333333,-0.8733333333333333,-0.7733333333333333,0.0,0.0,0.0,0.0,0.0,0.0,0.0,0.0,0.0,0.0,644.0,2462.0000000000005,100.0,0.0,92.12962962962963,4.62962962962963,0.0,209.0,206.0,98.56459330143541,0.0,0.0,,,-960.5,-734.5,-621.5,-492.5,-379.5,,,,,,,,,,,,,,,,621.5,960.5,100.0,,95.69377990430623,2.8708133971291865,0.0,0.0,nm_inferred,216.0,97.66192628034733,,Chişinău International Airport,46.92774,28.931704,no
231,LIBR,129.0,127.0,98.44961240310077,0.0,0.0,600.0,600.0,872.0,954.0,1054.0,1489.0,1737.0000000000002,-2.8396666666666666,-2.2608333333333333,-1.6983333333333333,-1.348611111111111,-0.9744444444444444,0.0,0.0,0.0,0.0,0.0,0.0,0.0,0.0,0.0,0.0,1054.0,1737.0000000000002,100.0,0.0,97.67441860465117,0.0,0.7751937984496124,125.0,121.0,96.8,0.0,0.0,,,-1662.0,-1427.0,-1141.0,-901.0,-822.0,,,,,,,,,,,,,,,,1141.0,1662.0,100.0,,96.8,0.0,0.0,0.0,nm_inferred,129.0,97.62480620155038,,Brindisi Airport,40.6576,17.947001,no
232,LGSM,41.0,40.0,97.5609756097561,0.0,0.0,360.0,360.0,108.0,151.5,199.0,322.75,592.4000000000001,-1.6455555555555554,-0.8965277777777778,-0.5666666666666667,-0.41500000000000004,-0.21805555555555553,0.0,0.0,0.0,0.0,0.0,0.0,0.0,0.0,0.0,0.0,211.5,712.3000000000004,97.5,0.0,95.1219512195122,0.0,2.4390243902439024,42.0,41.0,97.61904761904762,0.0,0.0,,,-399.0,-216.0,-16.0,101.0,183.0,,,,,,,,,,,,,,,,173.0,435.0,56.09756097560975,,95.23809523809524,0.0,2.380952380952381,0.0,nm_inferred,42.0,97.59001161440186,,Samos Airport,37.689999,26.911699,no
233,ESSA,818.0,797.0,97.43276283618582,0.0,99.87775061124694,600.0,5.0,-1283.9999999999998,-761.0,-591.0,-481.0,-401.0,0.9065079365079365,0.96,1.0086021505376344,1.1037037037037036,1.463111111111111,0.9375,1.0,1.0,1.0,1.0,0.9083333333333333,0.9629629629629629,1.0,1.0,1.0,596.0,1381.999999999999,1.7565872020075282,80.67754077791719,91.19804400977995,5.012224938875305,1.2224938875305624,832.0,813.0,97.71634615384616,0.0,99.8798076923077,240.0,5.0,502.0,545.0,609.0,705.0,898.0000000000003,1.739672619047619,2.027083333333333,2.435416666666667,2.938888888888889,3.514166666666666,1.0,1.0,1.0,1.0,1.0,1.0,1.0,1.0,1.0,1.0,612.0,940.8000000000001,1.1070110701107012,99.26108374384236,92.66826923076923,3.9663461538461537,1.0817307692307692,99.8798076923077,apdf,832.0,97.57455449501599,0.9757455449501599,Stockholm-Arlanda Airport,59.64849,17.928829,yes
234,LYTV,82.0,79.0,96.34146341463415,0.0,0.0,600.0,600.0,888.0,989.0,1119.0,1299.0,1516.0,-6.333555555555555,-3.171666666666667,-2.14,-1.7233333333333334,-1.48,0.0,0.0,0.0,0.0,0.0,0.0,0.0,0.0,0.0,0.0,1119.0,1516.0,100.0,0.0,87.8048780487805,8.536585365853659,0.0,83.0,82.0,98.79518072289157,0.0,0.0,,,-1574.6,-1346.0,-1103.0,-879.0,-741.1,,,,,,,,,,,,,,,,1103.0,1574.6000000000001,100.0,,92.7710843373494,6.024096385542169,0.0,0.0,nm_inferred,83.0,97.56832206876285,,Tivat Airport,42.404701,18.723301,no
235,LRSV,20.0,19.0,95.0,0.0,0.0,300.0,300.0,329.4,354.0,419.0,531.5,904.999999999999,-2.5273333333333334,-1.6883333333333335,-1.2133333333333334,-1.085,-0.7333333333333334,0.0,0.0,0.0,0.0,0.0,0.0,0.0,0.0,0.0,0.0,419.0,904.999999999999,100.0,0.0,95.0,0.0,0.0,20.0,20.0,100.0,0.0,0.0,,,-634.8,-493.5,-422.5,-317.75,-292.69999999999993,,,,,,,,,,,,,,,,422.5,634.8000000000001,100.0,,95.0,5.0,0.0,0.0,nm_inferred,20.0,97.5,,Suceava Ștefan cel Mare International Airport,47.6875,26.354099,no
236,LGSR,139.0,135.0,97.12230215827338,0.0,0.0,420.0,420.0,389.8,435.0,492.0,682.5,1032.0,-2.395238095238095,-1.7249242424242426,-1.2142857142857142,-1.0336309523809524,-0.8464550264550263,0.0,0.0,0.0,0.0,0.0,0.0,0.0,0.0,0.0,0.0,492.0,1032.0,100.0,0.0,93.5251798561151,3.597122302158273,0.0,139.0,136.0,97.84172661870504,0.0,0.0,,,-728.0,-589.0,-494.0,-307.75,-236.5,,,,,,,,,,,,,,,,498.0,741.5,99.26470588235294,,94.24460431654676,2.8776978417266186,0.7194244604316546,0.0,nm_inferred,139.0,97.4820143884892,,Santorini International Airport,36.400045,25.478638,no
237,GMMX,271.0,267.0,98.5239852398524,0.0,97.7859778597786,600.0,600.0,227.0,281.5,764.0,1084.0,1361.0000000000007,-2.3926666666666665,-1.689047619047619,-0.986904761904762,-0.4564814814814815,-0.29215384615384615,0.0,0.0,0.0,0.0,0.0,0.0,0.0,0.0,0.0,0.0,764.0,1361.0000000000007,100.0,0.0,97.0479704797048,1.1070110701107012,0.36900369003690037,278.0,268.0,96.40287769784173,0.0,99.64028776978418,300.0,300.0,-1150.2,-923.25,-724.0,-356.75,-109.2999999999999,-4.1531666666666665,-2.8270833333333334,-2.07,-1.03125,-0.23763888888888873,0.0,0.0,0.0,0.0,0.0,0.0,0.0,0.0,0.0,0.0,724.0,1150.2000000000003,95.14925373134328,0.0,93.16546762589928,3.237410071942446,0.0,99.64028776978418,apdf,278.0,97.46343146884706,0.0,Marrakesh Menara Airport,31.604807,-8.035788,yes
238,LEAM,37.0,36.0,97.29729729729729,0.0,0.0,300.0,300.0,-51.0,-22.25,9.0,41.5,54.0,-0.18,-0.13833333333333334,-0.03,0.07416666666666667,0.16999999999999998,0.0,0.0,0.0,0.1,0.25,0.0,0.0,0.0,0.0875,0.18333333333333335,31.0,81.0,63.888888888888886,0.0,94.5945945945946,2.7027027027027026,0.0,40.0,39.0,97.5,0.0,0.0,,,195.6,232.5,260.0,276.0,281.4,,,,,,,,,,,,,,,,260.0,281.4,0.0,,97.5,0.0,0.0,0.0,nm_inferred,40.0,97.39864864864865,,Almería Airport,36.843899,-2.3701,no
239,LEVX,36.0,35.0,97.22222222222223,0.0,0.0,300.0,300.0,119.0,124.0,149.0,169.0,179.0,-0.6133333333333333,-0.5633333333333334,-0.48,-0.39666666666666667,-0.31539682539682534,0.0,0.0,0.0,0.0,0.0,0.0,0.0,0.0,0.0,0.0,149.0,179.0,100.0,0.0,97.22222222222223,0.0,0.0,40.0,39.0,97.5,0.0,0.0,,,-223.39999999999998,-139.0,-99.0,-66.0,-40.599999999999994,,,,,,,,,,,,,,,,99.0,223.40000000000026,94.87179487179488,,97.5,0.0,0.0,0.0,nm_inferred,40.0,97.36111111111111,,Vigo Airport,42.2318,-8.62677,no
240,OJAI,111.0,107.0,96.3963963963964,0.0,0.0,600.0,600.0,219.6,274.0,553.0,897.0,1640.6,-2.7343333333333333,-1.495,-0.9216666666666666,-0.45666666666666667,-0.366,0.0,0.0,0.0,0.0,0.0,0.0,0.0,0.0,0.0,0.0,553.0,1640.6,100.0,0.0,82.88288288288288,13.513513513513514,0.0,113.0,111.0,98.23008849557522,0.0,0.0,,,-839.0,-555.0,-414.0,-207.5,24.0,,,,,,,,,,,,,,,,414.0,839.0,88.28828828828829,,94.69026548672566,3.5398230088495577,0.0,0.0,nm_inferred,113.0,97.31324244598581,,Queen Alia International Airport,31.7226009369,35.9931983948,no
241,EDFH,74.0,72.0,97.29729729729729,0.0,0.0,690.0,720.0,34.0,44.0,54.0,70.25,88.5,-0.13916666666666666,-0.10523809523809524,-0.08166666666666667,-0.05611111111111111,-0.04033333333333334,0.0,0.0,0.0,0.0,0.0,0.0,0.0,0.0,0.0,0.0,54.0,88.5,100.0,0.0,93.24324324324324,4.054054054054054,0.0,74.0,72.0,97.29729729729729,0.0,0.0,,,173.1,212.5,232.0,244.25,255.8,,,,,,,,,,,,,,,,233.5,257.8,2.7777777777777777,,89.1891891891892,8.108108108108109,0.0,0.0,nm_inferred,74.0,97.29729729729729,,Frankfurt-Hahn Airport,49.946353,7.261734,no
242,ENTO,71.0,69.0,97.1830985915493,0.0,0.0,600.0,600.0,74.0,93.0,104.0,126.0,144.60000000000002,-0.24552380952380953,-0.18777777777777777,-0.14833333333333334,-0.115,-0.10444444444444445,0.0,0.0,0.0,0.0,0.0,0.0,0.0,0.0,0.0,0.0,104.0,144.60000000000002,100.0,0.0,94.36619718309859,0.0,2.816901408450704,72.0,70.0,97.22222222222223,0.0,0.0,,,-120.99999999999999,-6.75,40.0,78.0,107.10000000000002,,,,,,,,,,,,,,,,74.0,141.70000000000002,31.428571428571427,,91.66666666666667,2.7777777777777777,2.7777777777777777,0.0,nm_inferred,72.0,97.20266040688577,,"Sandefjord Airport, Torp",59.186699,10.2586,no
243,LOWL,37.0,36.0,97.29729729729729,0.0,0.0,300.0,74.0,-676.0,-537.25,-233.5,-131.0,31.5,-0.105,0.40166666666666667,0.9533333333333334,2.0004166666666667,2.5572222222222223,0.0,0.4,0.8,1.0,1.0,0.0,0.3625,0.7666666666666666,1.0,1.0,233.5,676.0,22.22222222222222,47.22222222222222,91.89189189189189,2.7027027027027026,2.7027027027027026,34.0,33.0,97.05882352941177,0.0,0.0,,,340.0,468.0,561.0,613.0,655.8,,,,,,,,,,,,,,,,569.0,658.8,3.0303030303030303,,85.29411764705883,8.823529411764707,2.9411764705882355,0.0,nm_inferred,37.0,97.17806041335453,,Linz-Hörsching Airport,48.235362,14.188128,no
244,LRIA,71.0,69.0,97.1830985915493,0.0,0.0,600.0,600.0,289.0,334.0,374.0,429.0,686.0,-1.1133333333333333,-0.715,-0.6066666666666667,-0.5233333333333333,-0.43922222222222224,0.0,0.0,0.0,0.0,0.0,0.0,0.0,0.0,0.0,0.0,374.0,686.0,100.0,0.0,91.54929577464789,4.225352112676056,1.408450704225352,68.0,66.0,97.05882352941177,0.0,0.0,,,-651.0,-539.5,-477.0,-418.25,-381.0,,,,,,,,,,,,,,,,477.0,651.0,100.0,,89.70588235294117,5.882352941176471,1.4705882352941178,0.0,nm_inferred,71.0,97.12096106048054,,Iaşi International Airport,47.179633,27.621431,no
245,LFMD,65.0,63.0,96.92307692307692,0.0,0.0,600.0,600.0,-6.0,9.0,24.0,36.5,49.0,-0.08166666666666667,-0.065,-0.04,-0.015,0.01,0.0,0.0,0.0,0.0,0.05,0.0,0.0,0.0,0.0,0.016666666666666666,24.0,49.0,84.12698412698413,1.639344262295082,90.76923076923077,1.5384615384615385,4.615384615384615,72.0,70.0,97.22222222222223,0.0,0.0,,,301.7,459.0,490.0,565.0,685.1,,,,,,,,,,,,,,,,491.0,696.1,1.4285714285714286,,94.44444444444444,1.3888888888888888,1.3888888888888888,0.0,nm_inferred,72.0,97.07264957264957,,Cannes Mandelieu Airport,43.547998,6.955176,no
246,HESH,141.0,140.0,99.29078014184397,0.0,0.0,1200.0,1200.0,849.0,939.0,1011.5,1155.25,5171.0,-4.309166666666667,-1.3158333333333334,-0.8491666666666666,-0.7866666666666666,-0.7308333333333332,0.0,0.0,0.0,0.0,0.0,0.0,0.0,0.0,0.0,0.0,1011.5,5171.0,100.0,0.0,78.72340425531915,20.56737588652482,0.0,154.0,146.0,94.8051948051948,0.0,0.0,,,-4931.5,-1045.0,-861.0,-701.0,-478.5,,,,,,,,,,,,,,,,861.0,4931.5,100.0,,75.97402597402598,18.83116883116883,0.0,0.0,nm_inferred,154.0,97.04798747351938,,Sharm El Sheikh International Airport,27.977272,34.394717,no
247,LDSP,216.0,208.0,96.29629629629629,0.0,0.0,900.0,900.0,582.5,624.0,669.0,744.0,839.0,-1.1758333333333333,-1.0074999999999998,-0.8211111111111111,-0.7266666666666667,-0.6766666666666666,0.0,0.0,0.0,0.0,0.0,0.0,0.0,0.0,0.0,0.0,669.0,839.0,100.0,0.0,91.66666666666667,3.240740740740741,1.3888888888888888,215.0,209.0,97.20930232558139,0.0,0.0,,,-882.6,-772.0,-660.0,-588.0,-520.5999999999999,,,,,,,,,,,,,,,,660.0,882.6,100.0,,95.81395348837209,1.3953488372093024,0.0,0.0,nm_inferred,216.0,96.75279931093884,,Split Saint Jerome Airport,43.538898,16.298,no
248,LGAV,1300.0,1271.0,97.76923076923077,0.0,99.3076923076923,780.0,780.0,99.0,114.0,139.0,164.0,199.0,-0.3861111111111111,-0.24,-0.17222222222222222,-0.12833333333333333,-0.1,0.0,0.0,0.0,0.0,0.0,0.0,0.0,0.0,0.0,0.0,139.0,199.0,99.8426435877262,0.0,93.15384615384616,4.076923076923077,0.5384615384615384,1290.0,1234.0,95.65891472868218,0.0,99.84496124031008,300.0,287.0,-422.0,-241.0,-82.5,-2.25,111.70000000000005,-1.8916666666666666,-0.8944444444444445,-0.28809523809523807,-0.006666666666666667,0.3366666666666665,0.0,0.0,0.0,0.0,0.375,0.0,0.0,0.0,0.0,0.35,123.5,422.0,76.49918962722853,0.24330900243309003,91.86046511627907,3.488372093023256,0.31007751937984496,99.84496124031008,apdf,1300.0,96.71407274895648,0.0,Athens Eleftherios Venizelos International Airport,37.936401,23.9445,yes
249,ENHD,31.0,30.0,96.7741935483871,0.0,0.0,300.0,300.0,136.7,167.0,202.5,229.0,273.6,-0.912,-0.7633333333333333,-0.675,-0.5566666666666666,-0.45566666666666666,0.0,0.0,0.0,0.0,0.0,0.0,0.0,0.0,0.0,0.0,202.5,273.6,100.0,0.0,80.64516129032258,0.0,16.129032258064516,29.0,28.0,96.55172413793103,0.0,0.0,,,-297.8,-89.0,27.5,110.25,1558.6000000000001,,,,,,,,,,,,,,,,106.0,1558.6000000000001,39.285714285714285,,79.3103448275862,0.0,17.24137931034483,0.0,nm_inferred,31.0,96.66295884315906,,"Haugesund Airport, Karmøy",59.345299,5.20836,no
250,BIRK,44.0,44.0,100.0,0.0,0.0,300.0,114.0,-340.0,-261.0,-186.0,24.0,54.0,-0.18,-0.08,0.62,0.87,1.1333333333333335,0.0,0.0,0.7,0.9,1.0,0.0,0.0,0.6333333333333333,0.8833333333333333,1.0,186.0,366.50000000000006,34.09090909090909,18.181818181818183,93.18181818181819,4.545454545454546,2.272727272727273,44.0,41.0,93.18181818181819,0.0,0.0,,,119.0,270.0,361.0,414.0,456.0,,,,,,,,,,,,,,,,379.0,460.0,4.878048780487805,,86.36363636363636,4.545454545454546,2.272727272727273,0.0,nm_inferred,44.0,96.5909090909091,,Reykjavík Domestic Airport,64.128732,-21.93759,no
251,LRCL,128.0,124.0,96.875,0.0,0.0,600.0,600.0,249.0,282.75,314.0,360.25,467.50000000000017,-0.6918148148148148,-0.5816666666666667,-0.5108333333333334,-0.4470138888888889,-0.3641666666666666,0.0,0.0,0.0,0.0,0.0,0.0,0.0,0.0,0.0,0.0,314.0,467.50000000000017,100.0,0.0,95.3125,1.5625,0.0,128.0,123.0,96.09375,0.0,0.0,,,-680.2,-592.0,-457.0,-274.5,-140.0,,,,,,,,,,,,,,,,457.0,680.1999999999999,100.0,,96.09375,0.0,0.0,0.0,nm_inferred,128.0,96.484375,,Avram Iancu Cluj International Airport,46.786042,23.685733,no
252,EGHQ,28.0,27.0,96.42857142857143,0.0,0.0,600.0,78.0,-956.6,-673.0,-571.0,-435.5,-358.99999999999994,0.5173333333333333,0.7233333333333334,0.93,1.0466666666666669,1.2317777777777779,0.5466666666666666,0.7416666666666667,0.9,1.0,1.0,0.52,0.725,0.8833333333333333,0.9840277777777777,1.0,571.0,956.6000000000001,0.0,37.03703703703704,96.42857142857143,0.0,0.0,28.0,27.0,96.42857142857143,0.0,0.0,,,450.6,467.0,526.0,1532.0,2234.8,,,,,,,,,,,,,,,,526.0,2234.8,0.0,,96.42857142857143,0.0,0.0,0.0,nm_inferred,28.0,96.42857142857143,,Cornwall Airport Newquay,50.440601,-4.99541,no
253,LATI,314.0,302.0,96.17834394904459,0.0,0.0,780.0,720.0,689.0,1300.25,1484.0,1724.0,1992.5000000000005,-3.921875,-2.8378125,-2.0190873015873017,-1.6434375,-1.3376111111111093,0.0,0.0,0.0,0.0,0.0,0.0,0.0,0.0,0.0,0.0,1484.0,1992.5000000000005,100.0,0.0,94.90445859872611,0.9554140127388535,0.3184713375796178,320.0,309.0,96.5625,0.0,0.0,,,-1940.0,-1742.0,-1482.0,-1107.0,-649.4000000000001,,,,,,,,,,,,,,,,1482.0,1940.0,100.0,,95.625,0.9375,0.0,0.0,nm_inferred,320.0,96.37042197452229,,Tirana International Airport Mother Teresa,41.4147,19.7206,no
254,EGNS,82.0,79.0,96.34146341463415,0.0,0.0,600.0,600.0,189.0,204.0,229.0,244.0,274.0,-0.49348148148148147,-0.4325,-0.39,-0.357962962962963,-0.3383333333333333,0.0,0.0,0.0,0.0,0.0,0.0,0.0,0.0,0.0,0.0,229.0,274.0,100.0,0.0,91.46341463414635,0.0,4.878048780487805,83.0,80.0,96.3855421686747,0.0,0.0,,,125.9,158.5,177.0,202.0,213.10000000000002,,,,,,,,,,,,,,,,177.5,213.10000000000002,6.25,,89.1566265060241,2.4096385542168677,4.819277108433735,0.0,nm_inferred,83.0,96.36350279165443,,Isle of Man Airport,54.083081,-4.623871,no
255,LJLJ,90.0,87.0,96.66666666666667,0.0,100.0,592.5,600.0,24.6,32.5,42.0,51.0,57.400000000000006,-0.10652238071815051,-0.09043724441648318,-0.07391304347826087,-0.05183186424416862,-0.03699865991578215,0.0,0.0,0.0,0.0,0.0,0.0,0.0,0.0,0.0,0.0,42.0,57.400000000000006,97.70114942528735,0.0,92.22222222222223,4.444444444444445,0.0,94.0,90.0,95.74468085106383,0.0,100.0,186.0,5.0,194.9,246.25,270.5,280.75,292.40000000000003,0.727032227032227,1.1158753189573223,1.463646228974498,1.6892526925421663,1.9622377622377627,0.75,1.0,1.0,1.0,1.0,0.7490740740740741,0.9827807365071117,0.9948979591836734,1.004439917342483,1.013986013986014,270.5,292.40000000000003,2.2222222222222223,81.11111111111111,92.55319148936171,2.127659574468085,1.0638297872340425,100.0,apdf,94.0,96.20567375886526,0.4785741424229267,Ljubljana Jože Pučnik Airport,46.223701,14.4576,yes
256,GMFF,52.0,50.0,96.15384615384616,0.0,0.0,900.0,900.0,309.0,336.5,359.0,391.5,475.0000000000002,-0.6888333333333334,-0.5608333333333333,-0.41,-0.3836111111111111,-0.34833333333333333,0.0,0.0,0.0,0.0,0.0,0.0,0.0,0.0,0.0,0.0,359.0,475.0000000000002,100.0,0.0,94.23076923076923,0.0,1.9230769230769231,52.0,50.0,96.15384615384616,0.0,0.0,,,-492.79999999999995,-308.75,-227.0,-192.5,-158.7,,,,,,,,,,,,,,,,227.0,492.80000000000007,100.0,,94.23076923076923,1.9230769230769231,0.0,0.0,nm_inferred,52.0,96.15384615384616,,Fes Saïss International Airport,33.927299,-4.97796,no
257,EDDS,440.0,423.0,96.13636363636364,1.0,100.0,713.0,5.0,-1732.0,-1018.0,-794.0,-669.5,-518.2,0.8831599541897309,0.9385827151185879,1.1256498078167219,1.4751465541893052,2.486109601449276,0.9093582887700534,0.9473684210526315,1.0,1.0,1.0,0.8906608431939244,0.9415038388105781,0.9928437924059709,0.9972442054967288,0.9989517397990202,801.0,1961.0000000000005,1.6548463356973995,71.09004739336493,91.81818181818181,2.272727272727273,2.0454545454545454,433.0,415.0,95.84295612009238,0.0,99.76905311778292,262.0,5.0,451.0,502.5,556.0,646.0,774.4000000000001,1.559414683987739,1.8202192486493278,2.1654544241291873,2.6915536556603774,3.4791547106647536,1.0,1.0,1.0,1.0,1.0,0.9868421052631579,0.9928648884317847,1.0,1.004994334417184,1.0113240907049843,558.0,783.2,0.7228915662650602,98.79227053140097,90.99307159353349,3.0023094688221708,1.8475750577367205,100.0,apdf,440.0,95.98965987822801,0.9564619891174357,Stuttgart Airport,48.689899,9.22196,yes
258,GMMN,343.0,334.0,97.37609329446065,23.0,93.29446064139941,660.0,660.0,14.0,29.0,54.0,79.0,392.49999999999994,-0.7233333333333334,-0.18472222222222223,-0.07666666666666666,-0.03677156177156177,-0.017592592592592594,0.0,0.0,0.0,0.0,0.0,0.0,0.0,0.0,0.0,0.0,59.0,392.49999999999994,93.7125748502994,0.0,89.21282798833819,7.871720116618076,0.2915451895043732,352.0,333.0,94.60227272727273,0.0,100.0,349.0,71.0,-177.99999999999937,264.0,291.0,298.0,400.8,-0.45642124458627603,0.5870535714285714,0.7786458333333334,1.0034722222222223,1.2630686886708296,0.36363636363636365,0.625,0.7857142857142857,1.0,1.0,0.33884166008727645,0.625,0.8149171270718232,0.9965034965034965,1.0070425991362388,294.0,492.40000000000003,10.51051051051051,35.13513513513514,83.52272727272727,10.795454545454545,0.2840909090909091,100.0,apdf,352.0,95.9891830108667,0.3911161462459347,Mohammed V International Airport,33.3675,-7.58997,yes
259,LFST,49.0,47.0,95.91836734693878,0.0,0.0,420.0,420.0,27.000000000000004,31.5,44.0,64.0,74.0,-0.16904761904761906,-0.14047619047619048,-0.10238095238095238,-0.06904761904761905,-0.05714285714285714,0.0,0.0,0.0,0.0,0.0,0.0,0.0,0.0,0.0,0.0,44.0,74.0,100.0,0.0,95.91836734693878,0.0,0.0,50.0,48.0,96.0,0.0,0.0,,,216.3,252.75,271.0,284.0,301.0,,,,,,,,,,,,,,,,271.0,301.0,0.0,,96.0,0.0,0.0,0.0,nm_inferred,50.0,95.9591836734694,,Strasbourg Airport,48.5383,7.62823,no
260,LEBB,234.0,225.0,96.15384615384616,0.0,99.57264957264957,504.5,510.0,233.0,256.0,296.0,348.0,424.2,-0.944162152064263,-0.7417582417582418,-0.5945945945945946,-0.47820343461030385,-0.41584819499265324,0.0,0.0,0.0,0.0,0.0,0.0,0.0,0.0,0.0,0.0,296.0,424.2,100.0,0.0,93.16239316239316,2.5641025641025643,0.42735042735042733,235.0,225.0,95.74468085106383,0.0,100.0,213.0,240.0,-487.8,-405.0,-350.0,-296.0,-240.4,-2.5259418958082986,-2.023696682464455,-1.6294642857142858,-1.2373417721518987,-0.8902830587241236,0.0,0.0,0.0,0.0,0.0,0.0,0.0,0.0,0.0,0.0,350.0,487.79999999999995,100.0,0.0,94.8936170212766,0.851063829787234,0.0,100.0,apdf,235.0,95.949263502455,0.0,Bilbao Airport,43.301102,-2.91061,yes
261,LDDU,177.0,170.0,96.045197740113,0.0,0.0,600.0,600.0,909.0,1045.25,1156.5,1302.75,1434.0,-2.435666666666666,-2.2129166666666666,-1.9191666666666667,-1.69875,-1.3231666666666668,0.0,0.0,0.0,0.0,0.0,0.0,0.0,0.0,0.0,0.0,1156.5,1434.0,100.0,0.0,95.48022598870057,0.0,0.5649717514124294,180.0,172.0,95.55555555555556,0.0,0.0,,,-1203.9,-1026.5,-932.0,-811.75,-707.1,,,,,,,,,,,,,,,,932.0,1203.9,100.0,,90.0,5.0,0.5555555555555556,0.0,nm_inferred,180.0,95.80037664783427,,Dubrovnik Ruđer Bošković Airport,42.562247,18.265543,no
262,EPRZ,59.0,56.0,94.91525423728814,0.0,0.0,300.0,137.0,-848.5,-582.25,-308.5,-251.0,-136.0,0.222991452991453,0.37123737373737375,0.8033333333333332,1.4116666666666666,2.7283333333333335,0.1,0.36666666666666664,0.6833333333333333,0.9624999999999999,1.0,0.03611111111111111,0.3472222222222222,0.6666666666666667,0.9416666666666667,1.0,308.5,848.5,5.357142857142857,25.0,93.22033898305085,0.0,1.694915254237288,58.0,56.0,96.55172413793103,0.0,0.0,,,246.5,294.75,352.0,553.25,677.0,,,,,,,,,,,,,,,,352.0,677.0,1.7857142857142858,,91.37931034482759,3.4482758620689653,1.7241379310344827,0.0,nm_inferred,59.0,95.73348918760959,,Rzeszów-Jasionka Airport,50.109791,22.024155,no
263,EDXW,22.0,21.0,95.45454545454545,0.0,0.0,300.0,160.0,-4206.0,-381.0,-301.0,-28.0,-1.0,0.0033333333333333335,0.09333333333333334,0.6266666666666667,1.27,14.02,0.0625,0.1,0.6,0.7,1.0,0.016666666666666666,0.1,0.55,0.6666666666666666,1.0,301.0,4206.0,9.523809523809524,23.80952380952381,72.72727272727273,4.545454545454546,18.181818181818183,22.0,21.0,95.45454545454545,0.0,0.0,,,335.0,415.0,483.0,633.0,4922.0,,,,,,,,,,,,,,,,483.0,4922.0,0.0,,72.72727272727273,4.545454545454546,18.181818181818183,0.0,nm_inferred,22.0,95.45454545454545,,Westerland Sylt Airport,54.9132,8.34047,no
264,LRCV,22.0,21.0,95.45454545454545,0.0,0.0,420.0,420.0,439.0,749.0,849.0,1107.0,1209.0,-2.795238095238095,-2.4857142857142858,-1.9976190476190476,-1.29,-1.0452380952380953,0.0,0.0,0.0,0.0,0.0,0.0,0.0,0.0,0.0,0.0,849.0,1209.0,100.0,0.0,81.81818181818181,13.636363636363637,0.0,21.0,20.0,95.23809523809524,0.0,0.0,,,-1132.4,-883.25,-787.5,-649.0,-345.4999999999999,,,,,,,,,,,,,,,,787.5,1132.4,100.0,,95.23809523809524,0.0,0.0,0.0,nm_inferred,22.0,95.34632034632034,,Craiova International Airport,44.3181,23.888599,no
265,LBWN,71.0,66.0,92.95774647887323,0.0,0.0,600.0,600.0,126.5,154.0,179.0,214.0,241.5,-0.5507936507936508,-0.3607575757575758,-0.2816666666666667,-0.22541666666666665,-0.18722222222222223,0.0,0.0,0.0,0.0,0.0,0.0,0.0,0.0,0.0,0.0,179.0,241.5,100.0,0.0,91.54929577464789,1.408450704225352,0.0,75.0,73.0,97.33333333333333,0.0,0.0,,,-217.4,-111.0,-57.0,57.0,119.8,,,,,,,,,,,,,,,,83.0,261.6,61.64383561643836,,94.66666666666667,2.6666666666666665,0.0,0.0,nm_inferred,75.0,95.14553990610328,,Varna Airport,43.232101,27.8251,no
266,LSZB,20.0,19.0,95.0,0.0,0.0,300.0,5.0,-2824.0,-946.0,-691.0,-583.5,-369.0000000000001,1.23,1.9449999999999998,2.3033333333333332,3.1533333333333333,9.413333333333332,0.98,1.0,1.0,1.0,1.0,0.9099999999999999,1.0,1.0,1.0,1.0,691.0,2824.0,0.0,84.21052631578948,85.0,5.0,5.0,21.0,20.0,95.23809523809524,0.0,0.0,,,492.1,543.25,589.0,645.5,1754.2000000000005,,,,,,,,,,,,,,,,589.0,1754.2000000000005,0.0,,90.47619047619048,0.0,4.761904761904762,0.0,nm_inferred,21.0,95.11904761904762,,Bern Airport,46.912736,7.498819,no
267,EGPE,51.0,48.0,94.11764705882354,0.0,0.0,600.0,600.0,34.0,47.75,69.0,94.0,99.0,-0.1675,-0.15041666666666667,-0.11455128205128205,-0.07333333333333333,-0.056666666666666664,0.0,0.0,0.0,0.0,0.0,0.0,0.0,0.0,0.0,0.0,69.0,99.0,95.83333333333333,0.0,92.15686274509804,1.9607843137254901,0.0,49.0,47.0,95.91836734693878,0.0,0.0,,,40.800000000000075,138.5,177.0,186.5,202.79999999999998,,,,,,,,,,,,,,,,178.0,234.19999999999993,10.638297872340425,,93.87755102040816,2.0408163265306123,0.0,0.0,nm_inferred,51.0,95.01800720288117,,Inverness Airport,57.5425,-4.0475,no
268,LOWI,33.0,32.0,96.96969696969697,0.0,0.0,360.0,360.0,-133.5,11.0,39.0,54.0,151.00000000000017,-0.36944444444444446,-0.21583333333333332,-0.0813888888888889,-0.012222222222222221,0.19888888888888892,0.0,0.0,0.0,0.0,0.3208333333333336,0.0,0.0,0.0,0.0,0.2194444444444445,46.5,194.0,78.125,3.125,87.87878787878788,6.0606060606060606,3.0303030303030303,43.0,40.0,93.02325581395348,0.0,0.0,,,-6.199999999999996,155.0,283.0,333.5,405.40000000000003,,,,,,,,,,,,,,,,283.0,405.40000000000003,15.0,,88.37209302325581,2.3255813953488373,2.3255813953488373,0.0,nm_inferred,43.0,94.99647639182523,,Innsbruck Airport,47.260201,11.344,no
269,GMAD,89.0,83.0,93.25842696629213,0.0,0.0,600.0,600.0,1516.0,1754.0,2089.0,2354.0,2670.2,-4.4079999999999995,-3.665,-3.0316666666666667,-2.4794444444444443,-1.9522222222222227,0.0,0.0,0.0,0.0,0.0,0.0,0.0,0.0,0.0,0.0,2089.0,2670.2,100.0,0.0,91.01123595505618,2.247191011235955,0.0,91.0,88.0,96.7032967032967,0.0,0.0,,,-2253.7,-1947.25,-1276.0,-779.25,-501.0,,,,,,,,,,,,,,,,1276.0,2253.7,100.0,,95.6043956043956,1.098901098901099,0.0,0.0,nm_inferred,91.0,94.98086183479441,,Al Massira Airport,30.322478,-9.412003,no
270,EETN,159.0,151.0,94.96855345911949,0.0,99.37106918238993,540.0,64.0,-786.0,-613.5,-406.0,-226.0,-126.0,0.37222222222222223,0.5519570707070707,0.87,0.9428733031674208,1.1685185185185185,0.4090909090909091,0.7361111111111112,0.9,1.0,1.0,0.4015151515151515,0.6770833333333333,0.8712121212121212,0.9471726190476191,1.0,411.0,816.0,4.635761589403973,24.503311258278146,90.56603773584905,1.8867924528301887,2.5157232704402515,159.0,150.0,94.33962264150944,0.0,98.11320754716981,240.0,5.0,456.3,519.0,634.5,771.75,1775.0,1.7466666666666668,1.9819444444444445,2.6125,3.6722222222222225,8.598055555555556,1.0,1.0,1.0,1.0,1.0,1.0,1.0,1.0,1.0,1.0,634.5,1775.0,0.0,99.31972789115646,89.937106918239,1.8867924528301887,2.5157232704402515,99.37106918238993,apdf,159.0,94.65408805031447,0.8855893844101391,Lennart Meri Tallinn Airport,59.413246,24.83264,yes
271,EGTE,36.0,34.0,94.44444444444444,0.0,0.0,600.0,600.0,30.6,66.5,109.0,149.0,234.5,-0.3683333333333333,-0.24833333333333332,-0.1775,-0.10731481481481482,-0.051000000000000004,0.0,0.0,0.0,0.0,0.0,0.0,0.0,0.0,0.0,0.0,109.0,234.5,97.05882352941177,0.0,86.11111111111111,8.333333333333334,0.0,36.0,34.0,94.44444444444444,0.0,0.0,,,-76.49999999999999,148.25,181.0,202.75,215.1,,,,,,,,,,,,,,,,182.0,220.9,20.58823529411765,,91.66666666666667,2.7777777777777777,0.0,0.0,nm_inferred,36.0,94.44444444444444,,Exeter International Airport,50.734261,-3.413984,no
272,EDLP,34.0,32.0,94.11764705882354,0.0,0.0,480.0,464.5,-269.1,-8.0,10.0,22.0,30.900000000000002,-0.10541666666666667,-0.04552083333333334,-0.019444444444444445,0.017291666666666667,0.560625,0.0,0.0,0.0,0.0590909090909091,0.6187500000000001,0.0,0.0,0.0,0.02395833333333333,0.5687500000000001,17.5,424.00000000000034,68.75,3.125,85.29411764705883,8.823529411764707,0.0,37.0,35.0,94.5945945945946,0.0,0.0,,,288.2,368.5,442.0,523.5,590.2,,,,,,,,,,,,,,,,442.0,590.2,0.0,,91.89189189189189,0.0,2.7027027027027026,0.0,nm_inferred,37.0,94.35612082670906,,Paderborn Lippstadt Airport,51.612527,8.617459,no
273,LDPL,49.0,47.0,95.91836734693878,0.0,0.0,300.0,300.0,19.0,39.0,69.0,114.0,136.0,-0.38666666666666666,-0.22666666666666668,-0.13,-0.08083333333333334,-0.04111111111111112,0.0,0.0,0.0,0.0,0.0,0.0,0.0,0.0,0.0,0.0,74.0,139.0,93.61702127659575,0.0,89.79591836734694,4.081632653061225,2.0408163265306123,55.0,51.0,92.72727272727273,0.0,0.0,,,11.0,150.0,250.0,282.0,298.0,,,,,,,,,,,,,,,,251.0,298.0,7.8431372549019605,,87.27272727272727,3.6363636363636362,1.8181818181818181,0.0,nm_inferred,55.0,94.32282003710576,,Pula Airport,44.893501,13.9222,no
274,LIBD,228.0,215.0,94.29824561403508,0.0,0.0,480.0,480.0,666.0,809.0,1084.0,1294.0,1487.0,-3.097916666666667,-2.673958333333333,-2.1958333333333333,-1.6333333333333333,-1.304166666666667,0.0,0.0,0.0,0.0,0.0,0.0,0.0,0.0,0.0,0.0,1084.0,1487.0,100.0,0.0,92.54385964912281,0.43859649122807015,1.3157894736842106,229.0,215.0,93.88646288209607,0.0,0.0,,,-1681.0,-1377.0,-963.0,-564.5,-443.4,,,,,,,,,,,,,,,,969.0,1684.0,99.53488372093024,,91.70305676855895,0.8733624454148472,1.3100436681222707,0.0,nm_inferred,229.0,94.09235424806558,,Bari Karol Wojtyła International Airport,41.138901,16.760599,no
275,EGHI,83.0,78.0,93.97590361445783,0.0,0.0,600.0,199.0,-950.5,-513.5,-393.5,-283.5,-124.50000000000001,0.2075,0.4725,0.6641666666666667,0.86,2.864555555555551,0.25,0.5,0.7,0.85,1.0,0.21666666666666667,0.47916666666666663,0.675,0.8423611111111111,0.9883333333333333,393.5,950.4999999999995,1.2820512820512822,12.820512820512821,84.33734939759036,0.0,9.63855421686747,86.0,81.0,94.18604651162791,0.0,0.0,,,363.0,427.0,490.0,623.0,2133.0,,,,,,,,,,,,,,,,493.0,2133.0,1.2345679012345678,,84.88372093023256,1.1627906976744187,8.13953488372093,0.0,nm_inferred,86.0,94.08097506304287,,Southampton Airport,50.950298,-1.3568,no
276,EGNT,211.0,199.0,94.31279620853081,0.0,100.0,720.0,94.0,-1030.9999999999998,-733.5,-616.0,-506.0,-269.9999999999999,0.38666666666666666,0.7913995726495726,0.8833333333333333,0.9416666666666667,1.6319444444444449,0.4916666666666667,0.7958333333333334,0.875,0.95,1.0,0.4652777777777778,0.771780303030303,0.8611111111111112,0.9250841750841751,0.9826839826839827,621.0,1193.0000000000002,1.5075376884422111,17.08542713567839,87.20379146919431,6.6350710900473935,0.47393364928909953,197.0,184.0,93.4010152284264,1.0,100.0,180.0,5.0,359.0,474.0,523.0,571.0,694.4000000000003,1.2883333333333333,1.94625,2.5166666666666666,3.0194444444444444,4.120000000000001,1.0,1.0,1.0,1.0,1.0,1.0,1.0,1.0,1.0,1.0,525.5,784.1000000000014,1.0869565217391304,96.17486338797814,88.3248730964467,4.568527918781726,0.5076142131979695,100.0,apdf,211.0,93.8569057184786,0.8733906504358425,Newcastle International Airport,55.037958,-1.689577,yes
277,LICT,39.0,37.0,94.87179487179488,0.0,0.0,900.0,900.0,-8.0,44.0,454.0,789.0,935.9999999999999,-1.1188888888888888,-1.0044444444444445,-0.56,-0.04888888888888889,0.008888888888888882,0.0,0.0,0.0,0.0,0.03333333333333333,0.0,0.0,0.0,0.0,0.013333333333333326,454.0,935.9999999999999,86.48648648648648,0.0,94.87179487179488,0.0,0.0,40.0,37.0,92.5,0.0,0.0,,,-977.8,-800.0,-459.0,-10.0,286.6,,,,,,,,,,,,,,,,459.0,977.8,75.67567567567568,,87.5,5.0,0.0,0.0,nm_inferred,40.0,93.68589743589743,,Vincenzo Florio Airport Trapani-Birgi,37.9114,12.488,no
278,LFTZ,13.0,12.0,92.3076923076923,0.0,0.0,300.0,300.0,-5635.0,-1343.5,26.5,50.25,58.5,-0.19499999999999998,-0.16749999999999998,-0.08833333333333333,4.4783333333333335,18.78333333333333,0.0,0.0,0.0,0.0,0.09000000000000004,0.0,0.0,0.0,0.0,0.07500000000000002,51.5,5635.0,66.66666666666667,8.333333333333334,61.53846153846154,0.0,30.76923076923077,20.0,19.0,95.0,0.0,0.0,,,189.60000000000002,280.5,293.0,363.5,5538.399999999999,,,,,,,,,,,,,,,,295.0,5538.399999999999,10.526315789473685,,75.0,0.0,20.0,0.0,nm_inferred,20.0,93.65384615384616,,La Môle Airport,43.205399,6.482,no
279,GCLA,85.0,81.0,95.29411764705883,0.0,0.0,300.0,300.0,304.0,424.0,499.0,769.0,849.0,-2.83,-2.5633333333333335,-1.6633333333333333,-1.4133333333333333,-1.0133333333333334,0.0,0.0,0.0,0.0,0.0,0.0,0.0,0.0,0.0,0.0,499.0,849.0,100.0,0.0,95.29411764705883,0.0,0.0,84.0,77.0,91.66666666666667,0.0,0.0,,,-542.4,-434.0,-264.0,-125.0,-93.79999999999998,,,,,,,,,,,,,,,,264.0,542.4000000000001,98.7012987012987,,88.0952380952381,3.5714285714285716,0.0,0.0,nm_inferred,85.0,93.48039215686275,,La Palma Airport,28.626499,-17.7556,no
280,LTCE,29.0,27.0,93.10344827586206,0.0,0.0,300.0,300.0,1375.0,1561.5,1654.0,1854.0,1929.0,-6.39,-6.038333333333333,-5.513333333333334,-5.205,-4.583333333333333,0.0,0.0,0.0,0.0,0.0,0.0,0.0,0.0,0.0,0.0,1654.0,1929.0,100.0,0.0,93.10344827586206,0.0,0.0,31.0,29.0,93.54838709677419,0.0,0.0,,,-2517.6,-1580.0,-1457.0,-1375.0,-1289.0,,,,,,,,,,,,,,,,1457.0,2517.5999999999995,100.0,,93.54838709677419,0.0,0.0,0.0,nm_inferred,31.0,93.32591768631812,,Erzurum International Airport,39.956501,41.1702,no
281,EDSB,81.0,76.0,93.82716049382717,0.0,0.0,780.0,780.0,-8.5,3.0,8.0,16.0,23.0,-0.045,-0.027136752136752137,-0.013333333333333332,-0.0033333333333333335,0.011507936507936509,0.0,0.0,0.0,0.0,0.03333333333333333,0.0,0.0,0.0,0.0,0.012362637362637362,10.5,23.0,81.57894736842105,0.0,90.12345679012346,2.4691358024691357,1.2345679012345678,85.0,78.0,91.76470588235294,0.0,0.0,,,194.4,249.5,271.5,288.0,296.3,,,,,,,,,,,,,,,,272.5,297.0,2.5641025641025643,,89.41176470588235,2.3529411764705883,0.0,0.0,nm_inferred,85.0,92.79593318809006,,Karlsruhe Baden-Baden Airport,48.7794,8.0805,no
282,ESMS,41.0,38.0,92.6829268292683,0.0,0.0,600.0,600.0,19.0,29.0,38.5,54.0,69.0,-0.115,-0.09,-0.06416666666666668,-0.04833333333333333,-0.03166666666666667,0.0,0.0,0.0,0.0,0.0,0.0,0.0,0.0,0.0,0.0,38.5,69.0,100.0,0.0,92.6829268292683,0.0,0.0,42.0,39.0,92.85714285714286,0.0,0.0,,,224.8,257.0,272.0,286.0,296.0,,,,,,,,,,,,,,,,272.0,296.0,0.0,,92.85714285714286,0.0,0.0,0.0,nm_inferred,42.0,92.77003484320558,,Malmö Sturup Airport,55.535564,13.376327,no
283,LEST,105.0,97.0,92.38095238095238,0.0,0.0,900.0,900.0,57.00000000000001,79.0,99.0,124.0,144.0,-0.17555555555555555,-0.13777777777777778,-0.11,-0.08777777777777777,-0.06533333333333334,0.0,0.0,0.0,0.0,0.0,0.0,0.0,0.0,0.0,0.0,99.0,144.0,100.0,0.0,84.76190476190476,7.619047619047619,0.0,106.0,98.0,92.45283018867924,0.0,0.0,,,83.00000000000003,124.5,137.5,159.5,225.99999999999994,,,,,,,,,,,,,,,,139.0,225.99999999999994,8.16326530612245,,89.62264150943396,2.830188679245283,0.0,0.0,nm_inferred,106.0,92.41689128481582,,Santiago-Rosalía de Castro Airport,42.896301,-8.41514,no
284,LRTR,59.0,54.0,91.52542372881356,0.0,0.0,600.0,600.0,224.0,249.0,294.0,477.75,1777.5,-2.9625,-0.79625,-0.47750000000000004,-0.3995833333333333,-0.36399999999999993,0.0,0.0,0.0,0.0,0.0,0.0,0.0,0.0,0.0,0.0,294.0,1777.5,100.0,0.0,91.52542372881356,0.0,0.0,57.0,53.0,92.98245614035088,0.0,0.0,,,-959.6,-434.0,-263.0,-212.0,-153.59999999999997,,,,,,,,,,,,,,,,263.0,959.6000000000004,100.0,,92.98245614035088,0.0,0.0,0.0,nm_inferred,59.0,92.25393993458222,,Timișoara Traian Vuia International Airport,45.809898,21.3379,no
285,LTFH,45.0,40.0,88.88888888888889,0.0,0.0,600.0,600.0,13.500000000000002,265.25,1841.5,2467.75,2905.0000000000005,-4.841666666666667,-4.112916666666667,-2.756666666666667,-0.39388888888888884,-0.02249999999999999,0.0,0.0,0.0,0.0,0.0,0.0,0.0,0.0,0.0,0.0,1841.5,2905.0000000000005,95.0,0.0,86.66666666666667,2.2222222222222223,0.0,45.0,43.0,95.55555555555556,0.0,0.0,,,-2126.0,-1859.0,-1647.0,-1385.5,-59.39999999999946,,,,,,,,,,,,,,,,1647.0,2126.0000000000005,90.69767441860465,,86.66666666666667,8.88888888888889,0.0,0.0,nm_inferred,45.0,92.22222222222223,,Samsun-Çarşamba Airport,41.253988,36.567546,no
286,EGPD,137.0,126.0,91.97080291970804,0.0,98.54014598540147,660.0,371.5,-593.5,-454.75,-248.5,-88.5,44.0,-0.057671957671957666,0.15729166666666666,0.39761904761904765,0.7129166666666666,0.8887987012987013,0.0,0.19270833333333334,0.42857142857142855,0.7,0.8964285714285715,0.0,0.1892361111111111,0.40145502645502645,0.6777777777777778,0.8791666666666667,248.5,593.5,16.666666666666668,1.5873015873015872,90.51094890510949,0.7299270072992701,0.7299270072992701,136.0,125.0,91.91176470588235,1.0,99.26470588235294,240.0,5.0,308.6,429.0,479.0,539.0,574.0,1.1542857142857144,1.7625,2.245833333333333,2.783333333333333,3.55,1.0,1.0,1.0,1.0,1.0,1.0,1.0,1.0,1.0,1.0,479.0,574.0,1.6,95.1219512195122,91.17647058823529,0.7352941176470589,0.0,99.26470588235294,apdf,137.0,91.94128381279519,0.6442578716908499,Aberdeen International Airport,57.2019,-2.19778,yes
287,LKMT,43.0,40.0,93.02325581395348,0.0,0.0,300.0,300.0,63.0,69.0,79.0,104.0,155.0,-0.5166666666666666,-0.34750000000000003,-0.265,-0.23,-0.18,0.0,0.0,0.0,0.0,0.0,0.0,0.0,0.0,0.0,0.0,79.0,155.0,100.0,0.0,90.69767441860465,2.3255813953488373,0.0,43.0,39.0,90.69767441860465,0.0,0.0,,,152.60000000000002,179.5,212.0,225.5,235.60000000000002,,,,,,,,,,,,,,,,212.0,235.60000000000002,2.5641025641025643,,90.69767441860465,0.0,0.0,0.0,nm_inferred,43.0,91.86046511627907,,Leoš Janáček Airport Ostrava,49.696301,18.111099,no
288,ENOV,23.0,21.0,91.30434782608695,0.0,0.0,300.0,300.0,504.0,599.0,674.0,764.0,844.0,-2.8133333333333335,-2.546666666666667,-2.2466666666666666,-1.9966666666666666,-1.68,0.0,0.0,0.0,0.0,0.0,0.0,0.0,0.0,0.0,0.0,674.0,844.0,100.0,0.0,91.30434782608695,0.0,0.0,22.0,20.0,90.9090909090909,0.0,0.0,,,-412.8,-305.0,-215.0,-134.75,-105.39999999999993,,,,,,,,,,,,,,,,215.0,412.80000000000007,100.0,,86.36363636363636,0.0,4.545454545454546,0.0,nm_inferred,23.0,91.10671936758894,,"Ørsta-Volda Airport, Hovden",62.180000305176,6.0741000175476,no
289,ESSV,23.0,21.0,91.30434782608695,0.0,0.0,300.0,300.0,194.0,279.0,324.0,389.0,404.0,-1.3466666666666667,-1.2966666666666666,-1.08,-0.72,-0.5966666666666667,0.0,0.0,0.0,0.0,0.0,0.0,0.0,0.0,0.0,0.0,324.0,404.0,100.0,0.0,86.95652173913044,4.3478260869565215,0.0,22.0,20.0,90.9090909090909,0.0,0.0,,,-260.8,-218.0,-136.0,-96.0,-58.59999999999992,,,,,,,,,,,,,,,,140.0,260.80000000000007,95.0,,86.36363636363636,4.545454545454546,0.0,0.0,nm_inferred,23.0,91.10671936758894,,Visby Airport,57.6628,18.346201,no
290,EPGD,246.0,205.0,83.33333333333333,0.0,0.0,600.0,600.0,44.0,439.0,1664.0,2274.0,3016.9999999999995,-4.616714285714286,-3.265,-2.2316666666666665,-0.7316666666666667,-0.0677575757575758,0.0,0.0,0.0,0.0,0.0,0.0,0.0,0.0,0.0,0.0,1664.0,3016.9999999999995,99.51219512195122,0.0,80.08130081300813,2.032520325203252,1.2195121951219512,242.0,239.0,98.7603305785124,0.0,0.0,,,59.0,139.5,168.0,194.5,218.20000000000002,,,,,,,,,,,,,,,,174.0,227.40000000000003,9.205020920502092,,95.04132231404958,2.8925619834710745,0.8264462809917356,0.0,nm_inferred,246.0,91.04683195592287,,Gdańsk Lech Wałęsa Airport,54.377602,18.4662,no
291,LGKP,22.0,20.0,90.9090909090909,0.0,0.0,300.0,300.0,583.0,629.0,693.5,1169.0,1354.500000000001,-4.515,-3.8966666666666665,-2.3116666666666665,-2.0966666666666667,-1.9433333333333331,0.0,0.0,0.0,0.0,0.0,0.0,0.0,0.0,0.0,0.0,693.5,1354.500000000001,100.0,0.0,81.81818181818181,4.545454545454546,4.545454545454546,22.0,20.0,90.9090909090909,0.0,0.0,,,-1379.6,-1084.0,-718.5,-497.75,-104.39999999999934,,,,,,,,,,,,,,,,718.5,1379.6000000000004,90.0,,90.9090909090909,0.0,0.0,0.0,nm_inferred,22.0,90.9090909090909,,Karpathos Airport,35.421398,27.146,no
292,LDRI,21.0,19.0,90.47619047619048,0.0,0.0,300.0,300.0,127.2,150.0,181.0,202.5,230.39999999999998,-0.768,-0.625,-0.5233333333333333,-0.195,-0.15555555555555559,0.0,0.0,0.0,0.0,0.0,0.0,0.0,0.0,0.0,0.0,181.0,230.39999999999998,100.0,0.0,85.71428571428571,4.761904761904762,0.0,21.0,19.0,90.47619047619048,0.0,0.0,,,-112.8,-29.5,-8.0,9.0,33.599999999999966,,,,,,,,,,,,,,,,25.0,112.79999999999995,52.63157894736842,,90.47619047619048,0.0,0.0,0.0,nm_inferred,21.0,90.47619047619048,,Rijeka Airport,45.216376,14.57085,no
293,BKPR,120.0,108.0,90.0,0.0,0.0,300.0,300.0,571.0,694.0,739.0,789.0,1553.9999999999998,-5.036666666666667,-2.6174999999999997,-2.3716666666666666,-1.4472222222222222,-1.2227222222222223,0.0,0.0,0.0,0.0,0.0,0.0,0.0,0.0,0.0,0.0,739.0,1553.9999999999998,100.0,0.0,89.16666666666667,0.8333333333333334,0.0,120.0,107.0,89.16666666666667,0.0,0.0,,,-1680.3999999999999,-1216.0,-781.0,-602.5,-547.0,,,,,,,,,,,,,,,,781.0,1680.4,100.0,,88.33333333333333,0.0,0.8333333333333334,0.0,nm_inferred,120.0,89.58333333333334,,Priština Adem Jashari International Airport,42.5728,21.035801,no
294,LICG,24.0,21.0,87.5,0.0,0.0,240.0,240.0,289.0,379.0,424.0,929.0,1082.0,-4.508333333333334,-3.870833333333333,-1.7666666666666666,-1.5791666666666666,-1.2041666666666666,0.0,0.0,0.0,0.0,0.0,0.0,0.0,0.0,0.0,0.0,424.0,1082.0,100.0,0.0,87.5,0.0,0.0,23.0,21.0,91.30434782608695,0.0,0.0,,,-871.0,-563.0,-312.0,-152.0,256.0,,,,,,,,,,,,,,,,356.0,871.0,85.71428571428571,,91.30434782608695,0.0,0.0,0.0,nm_inferred,24.0,89.40217391304347,,Pantelleria Airport,36.816502,11.9689,no
295,ORER,42.0,38.0,90.47619047619048,0.0,0.0,0.0,,4040.2,5394.0,5723.5,6390.75,7712.500000000001,,,,,,,,,,,,,,,,5723.5,7712.500000000001,100.0,,76.19047619047619,14.285714285714286,0.0,42.0,37.0,88.0952380952381,0.0,0.0,,,-4771.4,-4673.0,-3996.0,-3271.0,-3007.0,,,,,,,,,,,,,,,,3996.0,4771.4,100.0,,85.71428571428571,2.380952380952381,0.0,0.0,nm_inferred,42.0,89.28571428571429,,Erbil International Airport,36.236047,43.946615,no
296,ESPA,38.0,34.0,89.47368421052632,0.0,0.0,300.0,300.0,255.5,279.0,344.0,374.0,411.5,-1.3716666666666666,-1.2466666666666666,-1.1466666666666667,-0.93,-0.8516666666666667,0.0,0.0,0.0,0.0,0.0,0.0,0.0,0.0,0.0,0.0,344.0,411.5,100.0,0.0,86.84210526315789,2.6315789473684212,0.0,35.0,31.0,88.57142857142857,0.0,0.0,,,-354.0,-275.5,-220.0,-176.0,-153.0,,,,,,,,,,,,,,,,220.0,354.0,100.0,,88.57142857142857,0.0,0.0,0.0,nm_inferred,38.0,89.02255639097744,,Luleå Airport,65.5438,22.122,no
297,LTDB,131.0,116.0,88.54961832061069,0.0,0.0,300.0,300.0,501.5,576.5,2001.5,2234.0,2364.0,-7.88,-7.446666666666666,-6.5216666666666665,-1.8925,-0.6773809523809524,0.0,0.0,0.0,0.0,0.0,0.0,0.0,0.0,0.0,0.0,2024.0,2386.5,98.27586206896552,0.0,87.02290076335878,0.0,1.5267175572519085,128.0,114.0,89.0625,0.0,0.0,,,-2092.6,-1870.0,-949.5,-763.0,-641.9,,,,,,,,,,,,,,,,961.0,2097.8,99.12280701754386,,87.5,0.78125,0.78125,0.0,nm_inferred,131.0,88.80605916030535,,Çukurova International Airport,36.891478,35.071235,no
298,GCTS,301.0,264.0,87.70764119601328,0.0,100.0,610.0,645.0,1860.3,1944.75,4241.0,4729.5,10404.7,-17.652991669081874,-8.679940165527483,-5.804733942293751,-3.066626190804051,-2.4762389073024687,0.0,0.0,0.0,0.0,0.0,0.0,0.0,0.0,0.0,0.0,4241.0,10404.7,100.0,0.0,64.11960132890366,23.588039867109636,0.0,319.0,285.0,89.34169278996865,0.0,98.7460815047022,228.0,240.0,-10677.8,-5756.0,-5095.0,-405.0,-290.8,-41.33145469184219,-27.43272499552693,-19.869292958750528,-1.7704258212045363,-1.2251046109684853,0.0,0.0,0.0,0.0,0.0,0.0,0.0,0.0,0.0,0.0,5095.0,10677.8,100.0,0.0,50.78369905956113,38.557993730407524,0.0,100.0,apdf,319.0,88.52466699299097,0.0,Tenerife Sur Airport,28.0445,-16.5725,yes
299,LGMK,105.0,93.0,88.57142857142857,0.0,0.0,420.0,420.0,28.800000000000015,63.0,126.0,174.0,261.3999999999999,-0.6004761904761904,-0.3904761904761905,-0.265,-0.14047619047619048,-0.0790476190476191,0.0,0.0,0.0,0.0,0.0,0.0,0.0,0.0,0.0,0.0,126.0,286.99999999999994,95.6989247311828,0.0,80.0,7.619047619047619,0.9523809523809523,104.0,92.0,88.46153846153847,0.0,0.0,,,-112.9,-8.0,76.0,236.5,311.6,,,,,,,,,,,,,,,,112.5,333.5000000000001,28.26086956521739,,83.65384615384616,3.8461538461538463,0.9615384615384616,0.0,nm_inferred,105.0,88.51648351648352,,Mykonos Island National Airport,37.435101,25.348101,no
300,EGNV,22.0,19.0,86.36363636363636,0.0,0.0,600.0,600.0,-53.0,-13.5,74.0,176.5,215.99999999999994,-0.36,-0.2375,-0.08777777777777777,0.0225,0.08833333333333333,0.0,0.0,0.0,0.05,0.10999999999999997,0.0,0.0,0.0,0.029166666666666667,0.09499999999999999,79.0,275.4,68.42105263157895,0.0,86.36363636363636,0.0,0.0,21.0,19.0,90.47619047619048,0.0,0.0,,,305.8,353.0,413.0,471.5,517.0,,,,,,,,,,,,,,,,413.0,517.0,0.0,,90.47619047619048,0.0,0.0,0.0,nm_inferred,22.0,88.41991341991343,,Teesside International Airport,54.509201,-1.42941,no
301,LFRB,47.0,41.0,87.23404255319149,0.0,0.0,600.0,600.0,19.0,24.0,44.0,54.0,59.0,-0.10666666666666667,-0.09,-0.07333333333333333,-0.04,-0.03166666666666667,0.0,0.0,0.0,0.0,0.0,0.0,0.0,0.0,0.0,0.0,44.0,64.0,97.5609756097561,0.0,87.23404255319149,0.0,0.0,44.0,39.0,88.63636363636364,0.0,0.0,,,195.00000000000003,254.0,272.0,288.5,296.2,,,,,,,,,,,,,,,,272.0,296.2,0.0,,86.36363636363636,2.272727272727273,0.0,0.0,nm_inferred,47.0,87.93520309477756,,Brest Bretagne airport,48.447899,-4.41854,no
302,ESSB,44.0,39.0,88.63636363636364,0.0,0.0,300.0,110.0,-379.99999999999994,-283.5,-206.0,-143.5,-123.99999999999997,0.33133333333333337,0.4533333333333333,0.6866666666666666,0.9450000000000001,1.266666666666668,0.4,0.5,0.7,0.95,1.0,0.3433333333333333,0.4666666666666667,0.65,0.9083333333333333,1.0,206.0,380.00000000000034,2.5641025641025643,20.512820512820515,79.54545454545455,2.272727272727273,6.818181818181818,37.0,32.0,86.48648648648648,0.0,0.0,,,338.1,376.5,465.5,514.25,590.6000000000001,,,,,,,,,,,,,,,,465.5,590.6000000000001,0.0,,78.37837837837837,0.0,8.108108108108109,0.0,nm_inferred,44.0,87.56142506142507,,Stockholm-Bromma Airport,59.354401,17.9417,no
303,EHBK,24.0,21.0,87.5,0.0,0.0,600.0,600.0,-11.0,-6.0,4.0,19.0,34.0,-0.056666666666666664,-0.03166666666666667,-0.006666666666666667,0.01,0.018333333333333333,0.0,0.0,0.0,0.05,0.05,0.0,0.0,0.0,0.020833333333333332,0.025,14.0,596.0,57.142857142857146,0.0,75.0,8.333333333333334,4.166666666666667,24.0,21.0,87.5,0.0,0.0,,,289.0,362.0,547.0,624.0,679.0,,,,,,,,,,,,,,,,547.0,679.0,0.0,,79.16666666666667,4.166666666666667,4.166666666666667,0.0,nm_inferred,24.0,87.5,,Maastricht Aachen Airport,50.911087,5.769401,no
304,LGML,25.0,22.0,88.0,0.0,0.0,300.0,300.0,427.4,459.0,509.5,564.0,642.0,-2.1399999999999997,-1.88,-1.6983333333333333,-1.53,-1.4246666666666665,0.0,0.0,0.0,0.0,0.0,0.0,0.0,0.0,0.0,0.0,509.5,642.0,100.0,0.0,88.0,0.0,0.0,21.0,18.0,85.71428571428571,0.0,0.0,,,-599.4,-542.5,-465.0,-426.0,-367.6999999999999,,,,,,,,,,,,,,,,465.0,599.4000000000001,100.0,,85.71428571428571,0.0,0.0,0.0,nm_inferred,25.0,86.85714285714286,,Milos Airport,36.696899,24.4769,no
305,DTTJ,89.0,77.0,86.51685393258427,0.0,0.0,600.0,600.0,644.0,730.0,1134.0,2257.0,2397.0,-3.9949999999999997,-3.7616666666666667,-1.965,-1.2166666666666666,-1.0733333333333326,0.0,0.0,0.0,0.0,0.0,0.0,0.0,0.0,0.0,0.0,1134.0,2397.0,96.1038961038961,0.0,86.51685393258427,0.0,0.0,91.0,79.0,86.81318681318682,0.0,0.0,,,-2449.0,-2183.0,-954.0,-782.0,-596.1999999999998,,,,,,,,,,,,,,,,954.0,2449.0,92.40506329113924,,83.51648351648352,3.2967032967032965,0.0,0.0,nm_inferred,91.0,86.66502037288555,,Djerba Zarzis International Airport,33.873719,10.7773,no
306,UGSB,67.0,60.0,89.55223880597015,0.0,0.0,900.0,441.5,-764.1999999999999,-519.75,-428.5,35.25,4957.0,-5.507777777777777,-0.03916666666666667,0.48444444444444446,0.6122222222222222,0.962777777777778,0.030000000000000013,0.375,0.5333333333333333,0.7333333333333333,0.9323809523809524,0.020000000000000007,0.35138888888888886,0.5027777777777778,0.7138888888888889,0.8642063492063493,513.5,4957.0,28.333333333333332,8.333333333333334,65.67164179104478,23.880597014925375,0.0,67.0,55.0,82.08955223880596,0.0,0.0,,,-5184.0,-1190.0,435.0,482.5,550.6,,,,,,,,,,,,,,,,491.0,5184.000000000002,27.272727272727273,,59.701492537313435,20.895522388059703,1.492537313432836,0.0,nm_inferred,67.0,85.82089552238806,,Alexander Kartveli Batumi International Airport,41.60939,41.600315,no
307,UGKO,49.0,41.0,83.6734693877551,0.0,0.0,900.0,780.0,339.0,454.0,5229.0,6429.0,6789.0,-9.181666666666667,-7.908974358974359,-6.6782051282051285,-0.5051282051282051,-0.4346153846153846,0.0,0.0,0.0,0.0,0.0,0.0,0.0,0.0,0.0,0.0,5229.0,6789.0,100.0,0.0,32.6530612244898,51.02040816326531,0.0,49.0,43.0,87.75510204081633,0.0,0.0,,,-4513.0,-3915.0,-3649.0,-3303.5,-471.1999999999981,,,,,,,,,,,,,,,,3649.0,4513.000000000003,100.0,,40.816326530612244,46.93877551020408,0.0,0.0,nm_inferred,49.0,85.71428571428572,,David the Builder Kutaisi International Airport,42.177448,42.485353,no
308,BIAR,21.0,18.0,85.71428571428571,0.0,0.0,300.0,300.0,499.0,507.75,596.5,737.75,2055.5000000000027,-6.851666666666665,-2.4591666666666665,-1.9883333333333333,-1.6925,-1.6633333333333333,0.0,0.0,0.0,0.0,0.0,0.0,0.0,0.0,0.0,0.0,596.5,2055.5000000000027,100.0,0.0,85.71428571428571,0.0,0.0,21.0,18.0,85.71428571428571,0.0,0.0,,,-1973.3999999999994,-722.25,-627.5,-566.5,-549.9,,,,,,,,,,,,,,,,627.5,1973.4000000000028,100.0,,85.71428571428571,0.0,0.0,0.0,nm_inferred,21.0,85.71428571428571,,Akureyri International Airport,65.656573,-18.072018,no
309,LTAJ,72.0,63.0,87.5,0.0,0.0,300.0,300.0,1281.0,2534.0,2684.0,2786.5,2828.0,-9.426666666666666,-9.288333333333334,-8.896666666666667,-8.171666666666667,-1.651282051282051,0.0,0.0,0.0,0.0,0.0,0.0,0.0,0.0,0.0,0.0,2684.0,2828.0,100.0,0.0,87.5,0.0,0.0,74.0,62.0,83.78378378378379,0.0,0.0,,,-2719.8,-2605.5,-2520.5,-2410.25,-1141.0,,,,,,,,,,,,,,,,2520.5,2719.8,100.0,,83.78378378378379,0.0,0.0,0.0,nm_inferred,74.0,85.6418918918919,,Gaziantep Oğuzeli International Airport,36.947201,37.478699,no
310,ESNU,28.0,24.0,85.71428571428571,0.0,0.0,600.0,600.0,237.0,271.5,329.0,461.0,552.5,-1.4561666666666666,-0.8125,-0.5525,-0.4525,-0.395,0.0,0.0,0.0,0.0,0.0,0.0,0.0,0.0,0.0,0.0,329.0,552.5,100.0,0.0,85.71428571428571,0.0,0.0,26.0,22.0,84.61538461538461,0.0,0.0,,,-502.0,-435.5,-386.0,-303.5,-280.0,,,,,,,,,,,,,,,,386.0,502.0000000000001,100.0,,84.61538461538461,0.0,0.0,0.0,nm_inferred,28.0,85.16483516483515,,Umeå Airport,63.791801,20.282801,no
311,LTCR,20.0,17.0,85.0,0.0,0.0,300.0,300.0,3656.0,3754.0,3804.0,3959.0,4012.0,-13.373333333333333,-13.196666666666667,-12.68,-12.513333333333334,-12.049999999999999,0.0,0.0,0.0,0.0,0.0,0.0,0.0,0.0,0.0,0.0,3804.0,4012.0,100.0,0.0,85.0,0.0,0.0,20.0,17.0,85.0,0.0,0.0,,,-3853.0,-3695.0,-3553.0,-3455.0,-3346.0,,,,,,,,,,,,,,,,3553.0,3853.0,100.0,,85.0,0.0,0.0,0.0,nm_inferred,20.0,85.0,,Mardin Airport,37.2233009338,40.6316986084,no
312,ENEV,42.0,36.0,85.71428571428571,0.0,0.0,600.0,600.0,525.5,631.5,699.0,773.25,1436.0,-2.5008333333333335,-1.3845833333333333,-1.1783333333333332,-1.05625,-0.9224074074074073,0.0,0.0,0.0,0.0,0.0,0.0,0.0,0.0,0.0,0.0,707.0,1500.5,97.22222222222223,2.7777777777777777,76.19047619047619,0.0,9.523809523809524,42.0,35.0,83.33333333333333,0.0,0.0,,,-1106.4,-1015.0,-812.0,-608.5,-539.8,,,,,,,,,,,,,,,,812.0,1106.4,100.0,,78.57142857142857,0.0,4.761904761904762,0.0,nm_inferred,42.0,84.52380952380952,,Harstad/Narvik Airport,68.491302,16.678101,no
313,ENTC,137.0,112.0,81.75182481751825,0.0,0.0,600.0,600.0,309.5,362.25,426.5,664.25,747.0000000000001,-1.2708333333333335,-1.11375,-0.7108333333333333,-0.5879166666666666,-0.5135,0.0,0.0,0.0,0.0,0.0,0.0,0.0,0.0,0.0,0.0,426.5,747.0000000000001,100.0,0.0,80.2919708029197,0.7299270072992701,0.7299270072992701,143.0,123.0,86.01398601398601,0.0,0.0,,,-656.8,-547.5,-451.0,-380.0,-304.40000000000003,,,,,,,,,,,,,,,,451.0,656.8,100.0,,85.31468531468532,0.6993006993006993,0.0,0.0,nm_inferred,143.0,83.88290541575213,,Tromsø Airport,69.683296,18.9189,no
314,LTCC,55.0,45.0,81.81818181818181,0.0,0.0,300.0,300.0,2656.0,3344.0,3454.0,3549.0,3604.0,-12.013333333333334,-11.73,-11.363333333333333,-6.163333333333333,-2.8137254901960778,0.0,0.0,0.0,0.0,0.0,0.0,0.0,0.0,0.0,0.0,3454.0,3604.0,100.0,0.0,80.0,1.8181818181818181,0.0,56.0,47.0,83.92857142857143,0.0,0.0,,,-3452.2,-3153.0,-2910.0,-2762.5,-1660.2,,,,,,,,,,,,,,,,2910.0,3452.2,100.0,,83.92857142857143,0.0,0.0,0.0,nm_inferred,56.0,82.87337662337663,,Diyarbakır Airport,37.893902,40.201,no
315,URSS,53.0,42.0,79.24528301886792,0.0,0.0,600.0,600.0,701.3000000000001,837.75,1584.0,3805.25,4241.0,-7.068333333333333,-6.342083333333333,-2.64,-1.39625,-1.1688333333333334,0.0,0.0,0.0,0.0,0.0,0.0,0.0,0.0,0.0,0.0,1584.0,4241.0,100.0,0.0,73.58490566037736,5.660377358490566,0.0,66.0,57.0,86.36363636363636,0.0,0.0,,,-3384.2,-3032.0,-1460.0,-1038.0,-536.4000000000001,,,,,,,,,,,,,,,,1460.0,3384.2,100.0,,80.3030303030303,6.0606060606060606,0.0,0.0,nm_inferred,66.0,82.80445969125213,,Sochi International Airport,43.449902,39.9566,no
316,LGPA,45.0,31.0,68.88888888888889,0.0,0.0,300.0,300.0,621.0,709.0,1019.0,1321.5,1574.0,-5.246666666666667,-4.404999999999999,-3.3966666666666665,-2.3633333333333333,-2.07,0.0,0.0,0.0,0.0,0.0,0.0,0.0,0.0,0.0,0.0,1019.0,1574.0,100.0,0.0,68.88888888888889,0.0,0.0,40.0,38.0,95.0,0.0,0.0,,,-551.3,-444.25,-307.0,-201.0,-19.999999999999744,,,,,,,,,,,,,,,,307.0,551.3000000000003,89.47368421052632,,95.0,0.0,0.0,0.0,nm_inferred,45.0,81.94444444444444,,Paros National Airport,37.020495,25.113195,no
317,EGPO,22.0,18.0,81.81818181818181,0.0,0.0,600.0,600.0,412.5,440.25,471.5,572.75,690.5,-1.1508333333333334,-0.9545833333333333,-0.7858333333333334,-0.73375,-0.6875,0.0,0.0,0.0,0.0,0.0,0.0,0.0,0.0,0.0,0.0,471.5,690.5,100.0,0.0,81.81818181818181,0.0,0.0,23.0,18.0,78.26086956521739,0.0,0.0,,,-789.2,-676.0,-538.0,-422.5,-385.59999999999997,,,,,,,,,,,,,,,,538.0,789.2,100.0,,78.26086956521739,0.0,0.0,0.0,nm_inferred,23.0,80.0395256916996,,Stornoway Airport,58.215599,-6.33111,no
318,ENLK,23.0,18.0,78.26086956521739,0.0,0.0,300.0,300.0,949.5,990.25,1024.0,1079.0,1118.0,-3.7266666666666666,-3.5966666666666667,-3.413333333333333,-3.3008333333333333,-3.165,0.0,0.0,0.0,0.0,0.0,0.0,0.0,0.0,0.0,0.0,1024.0,1118.0,100.0,0.0,78.26086956521739,0.0,0.0,22.0,18.0,81.81818181818181,0.0,0.0,,,-760.5,-631.5,-586.5,-511.75,-469.8,,,,,,,,,,,,,,,,586.5,760.5000000000001,100.0,,77.27272727272727,4.545454545454546,0.0,0.0,nm_inferred,23.0,80.0395256916996,,Leknes Airport,68.152496337891,13.609399795532,no
319,LGNX,30.0,19.0,63.333333333333336,0.0,0.0,300.0,300.0,410.6,452.5,707.0,855.5,1223.3999999999999,-4.078,-2.8516666666666666,-2.3566666666666665,-1.5083333333333333,-1.368666666666667,0.0,0.0,0.0,0.0,0.0,0.0,0.0,0.0,0.0,0.0,707.0,1223.3999999999999,100.0,0.0,63.333333333333336,0.0,0.0,30.0,29.0,96.66666666666667,0.0,0.0,,,-485.4,-356.0,-285.0,-197.0,-140.4,,,,,,,,,,,,,,,,285.0,485.4,100.0,,96.66666666666667,0.0,0.0,0.0,nm_inferred,30.0,80.0,,Naxos Island National Airport,37.0811,25.368099,no
320,ENZV,237.0,193.0,81.43459915611814,61.0,99.57805907172997,480.0,540.0,9.0,34.0,209.0,284.0,557.0000000000001,-0.8462222222222222,-0.5604166666666667,-0.37333333333333335,-0.07083333333333333,-0.029166666666666667,0.0,0.0,0.0,0.0,0.0,0.0,0.0,0.0,0.0,0.0,214.0,563.0,92.74611398963731,0.5780346820809249,79.32489451476793,1.6877637130801688,0.4219409282700422,235.0,182.0,77.44680851063829,0.0,99.57446808510639,240.0,180.0,-838.5999999999999,-510.25,-136.0,277.75,305.9,-4.045555555555556,-2.251736111111111,-0.6288194444444444,1.2625,1.6683333333333337,0.0,0.0,0.0,1.0,1.0,0.0,0.0,0.0,1.0,1.0,305.5,858.1000000000001,63.18681318681319,34.065934065934066,76.17021276595744,0.425531914893617,0.851063829787234,99.57805907172997,apdf,237.0,79.44070383337822,0.0,"Stavanger Airport, Sola",58.876701,5.63778,yes
321,LTCA,27.0,21.0,77.77777777777777,0.0,0.0,300.0,300.0,1939.0,2904.0,2964.0,3029.0,3084.0,-10.28,-10.096666666666666,-9.88,-9.68,-6.463333333333333,0.0,0.0,0.0,0.0,0.0,0.0,0.0,0.0,0.0,0.0,2964.0,3084.0,100.0,0.0,77.77777777777777,0.0,0.0,26.0,21.0,80.76923076923077,0.0,0.0,,,-3106.0,-2960.0,-2856.0,-2720.0,-2570.0,,,,,,,,,,,,,,,,2856.0,3106.0,100.0,,80.76923076923077,0.0,0.0,0.0,nm_inferred,27.0,79.27350427350427,,Elazığ Airport,38.597974,39.28348,no
322,GCXO,319.0,314.0,98.43260188087774,0.0,100.0,463.0,480.0,71.3,82.25,103.0,4225.25,4388.8,-8.107418448269977,-5.784714470939738,-0.30428986466607827,-0.20370178169866804,-0.1445839025500911,0.0,0.0,0.0,0.0,0.0,0.0,0.0,0.0,0.0,0.0,103.0,4388.8,100.0,0.0,67.39811912225706,31.03448275862069,0.0,320.0,192.0,60.0,0.0,98.125,167.0,180.0,-4836.9,-4605.25,-4151.5,-267.25,-109.1,-30.058135474860336,-23.387185686653773,-14.191112497771439,-2.1449735449735448,-0.8542604089536937,0.0,0.0,0.0,0.0,0.0,0.0,0.0,0.0,0.0,0.0,4151.5,4836.9,96.35416666666667,1.6129032258064515,52.8125,6.875,0.3125,100.0,apdf,320.0,79.21630094043887,0.0,Tenerife Norte-Ciudad de La Laguna Airport,28.482752,-16.341707,yes
323,LTCS,26.0,20.0,76.92307692307692,0.0,0.0,300.0,300.0,3004.5,3064.0,3081.5,3236.5,3309.0,-11.03,-10.788333333333332,-10.271666666666667,-10.213333333333333,-8.139727272727267,0.0,0.0,0.0,0.0,0.0,0.0,0.0,0.0,0.0,0.0,3081.5,3309.0,100.0,0.0,76.92307692307692,0.0,0.0,26.0,21.0,80.76923076923077,0.0,0.0,,,-3385.0,-3027.0,-2894.0,-2763.0,-1621.0,,,,,,,,,,,,,,,,2894.0,3385.0,100.0,,80.76923076923077,0.0,0.0,0.0,nm_inferred,26.0,78.84615384615384,,Şanlıurfa GAP Airport,37.445663,38.895592,no
324,EGPA,29.0,22.0,75.86206896551724,0.0,0.0,600.0,600.0,757.0,822.75,891.5,970.25,989.0,-1.6483333333333334,-1.6170833333333332,-1.4858333333333333,-1.3712499999999999,-1.2616666666666665,0.0,0.0,0.0,0.0,0.0,0.0,0.0,0.0,0.0,0.0,891.5,989.0,100.0,0.0,75.86206896551724,0.0,0.0,26.0,21.0,80.76923076923077,0.0,0.0,,,-748.0,-646.0,-577.0,-546.0,-410.0,,,,,,,,,,,,,,,,577.0,748.0,100.0,,80.76923076923077,0.0,0.0,0.0,nm_inferred,29.0,78.315649867374,,Kirkwall Airport,58.957903,-2.905077,no
325,EGNJ,16.0,13.0,81.25,0.0,0.0,420.0,410.0,-16.8,-11.0,-7.0,14.0,225.0000000000001,-0.5357142857142857,-0.03333333333333333,0.016666666666666666,0.02619047619047619,0.04,0.0,0.0,0.07142857142857142,0.07142857142857142,0.07142857142857142,0.0,0.0,0.023809523809523808,0.03571428571428571,0.047619047619047616,14.0,235.4000000000001,38.46153846153846,0.0,68.75,12.5,0.0,20.0,15.0,75.0,0.0,0.0,,,-58.799999999999926,297.5,442.0,489.0,539.2,,,,,,,,,,,,,,,,459.0,539.2,13.333333333333334,,75.0,0.0,0.0,0.0,nm_inferred,20.0,78.125,,Humberside Airport,53.576152,-0.34954,no
326,GCHI,22.0,16.0,72.72727272727273,0.0,0.0,300.0,300.0,928.0,967.25,1009.0,1050.0,1116.5,-3.7216666666666667,-3.5,-3.3633333333333333,-3.2241666666666666,-3.0933333333333337,0.0,0.0,0.0,0.0,0.0,0.0,0.0,0.0,0.0,0.0,1009.0,1116.5,100.0,0.0,72.72727272727273,0.0,0.0,22.0,18.0,81.81818181818181,0.0,0.0,,,-1049.4,-883.75,-760.0,-648.25,-576.3,,,,,,,,,,,,,,,,760.0,1049.4,100.0,,81.81818181818181,0.0,0.0,0.0,nm_inferred,22.0,77.27272727272728,,El Hierro Airport,27.8148,-17.8871,no
327,EGPB,38.0,30.0,78.94736842105263,0.0,0.0,600.0,600.0,1277.5,1308.25,1371.5,1446.5,1701.5,-2.8358333333333334,-2.4108333333333336,-2.2858333333333336,-2.180416666666667,-2.129166666666667,0.0,0.0,0.0,0.0,0.0,0.0,0.0,0.0,0.0,0.0,1371.5,1701.5,100.0,0.0,78.94736842105263,0.0,0.0,39.0,29.0,74.35897435897436,0.0,0.0,,,-1238.8,-1194.0,-1065.0,-970.0,-925.4000000000001,,,,,,,,,,,,,,,,1065.0,1238.8,100.0,,74.35897435897436,0.0,0.0,0.0,nm_inferred,39.0,76.6531713900135,,Sumburgh Airport,59.878899,-1.29556,no
328,UWKD,33.0,25.0,75.75757575757575,0.0,0.0,600.0,600.0,1132.0000000000005,9292.0,11176.0,13124.0,13562.4,-22.604,-21.873333333333335,-18.626666666666665,-15.486666666666666,-1.886666666666664,0.0,0.0,0.0,0.0,0.0,0.0,0.0,0.0,0.0,0.0,11176.0,13562.4,100.0,0.0,48.484848484848484,27.272727272727273,0.0,38.0,29.0,76.3157894736842,0.0,0.0,,,-13382.2,-12887.0,-9881.0,-8941.0,-4957.8,,,,,,,,,,,,,,,,9881.0,13382.2,100.0,,57.89473684210526,18.42105263157895,0.0,0.0,nm_inferred,38.0,76.03668261562999,,Kazan International Airport,55.606201,49.278702,no
329,LTAT,26.0,20.0,76.92307692307692,0.0,0.0,300.0,300.0,2406.0,2506.75,2536.5,2626.5,2703.3,-9.011000000000001,-8.645,-8.415,-8.004999999999999,-3.611944444444444,0.0,0.0,0.0,0.0,0.0,0.0,0.0,0.0,0.0,0.0,2536.5,2703.3,100.0,0.0,76.92307692307692,0.0,0.0,24.0,18.0,75.0,0.0,0.0,,,-2779.0,-2678.0,-2506.5,-2376.75,-2343.0,,,,,,,,,,,,,,,,2506.5,2779.0,100.0,,75.0,0.0,0.0,0.0,nm_inferred,26.0,75.96153846153845,,Malatya Erhaç Airport,38.4352989197,38.0909996033,no
330,LPPD,149.0,77.0,51.67785234899329,0.0,0.0,300.0,300.0,42.0,74.0,5199.0,5409.0,5690.000000000001,-18.526666666666667,-17.68,-15.196666666666667,-0.21333333333333335,-0.1273333333333333,0.0,0.0,0.0,0.0,0.0,0.0,0.0,0.0,0.0,0.0,5199.0,5690.000000000001,96.1038961038961,0.0,26.845637583892618,24.161073825503355,0.6711409395973155,151.0,151.0,100.0,0.0,0.0,,,-5154.0,-4726.0,242.0,291.5,310.0,,,,,,,,,,,,,,,,313.0,5154.0,41.05960264900662,,58.27814569536424,41.05960264900662,0.6622516556291391,0.0,nm_inferred,151.0,75.83892617449665,,João Paulo II Airport,37.7411994934,-25.6979007721,no
331,ORBI,41.0,29.0,70.73170731707317,0.0,0.0,600.0,600.0,4956.4,5431.0,6581.0,6895.0,7115.0,-11.858333333333333,-11.491666666666667,-10.968333333333334,-9.051666666666666,-8.260666666666667,0.0,0.0,0.0,0.0,0.0,0.0,0.0,0.0,0.0,0.0,6581.0,7115.0,100.0,0.0,70.73170731707317,0.0,0.0,46.0,37.0,80.43478260869566,0.0,0.0,,,-6695.4,-6377.0,-4842.0,-4676.0,-4482.6,,,,,,,,,,,,,,,,4842.0,6695.4,97.29729729729729,,80.43478260869566,0.0,0.0,0.0,nm_inferred,46.0,75.58324496288441,,Baghdad International Airport / New Al Muthana Air Base,33.262501,44.2346,no
332,ENFL,24.0,20.0,83.33333333333333,0.0,0.0,300.0,300.0,326.0,341.5,384.0,474.0,961.5000000000001,-3.205,-1.58,-1.28,-1.1383333333333334,-1.0866666666666664,0.0,0.0,0.0,0.0,0.0,0.0,0.0,0.0,0.0,0.0,384.0,961.5000000000001,100.0,0.0,83.33333333333333,0.0,0.0,24.0,16.0,66.66666666666667,0.0,0.0,,,-1128.0,-645.75,-226.5,-88.0,-67.5,,,,,,,,,,,,,,,,226.5,1128.0,93.75,,66.66666666666667,0.0,0.0,0.0,nm_inferred,24.0,75.0,,Florø Airport,61.583599090576,5.0247201919556,no
333,LTAC,376.0,283.0,75.26595744680851,0.0,0.0,600.0,600.0,634.0,686.5,784.0,1199.0,1851.0000000000005,-3.0849999999999995,-1.9691666666666667,-1.2983333333333333,-1.1316666666666666,-1.04,0.0,0.0,0.0,0.0,0.0,0.0,0.0,0.0,0.0,0.0,784.0,1851.0000000000005,100.0,0.0,74.20212765957447,0.7978723404255319,0.26595744680851063,370.0,274.0,74.05405405405405,0.0,0.0,,,-1694.1,-1203.25,-778.5,-653.5,-570.1999999999999,,,,,,,,,,,,,,,,778.5,1694.1000000000001,100.0,,72.70270270270271,1.0810810810810811,0.2702702702702703,0.0,nm_inferred,376.0,74.66000575043128,,Esenboğa International Airport,40.128101,32.995098,no
334,LTCI,33.0,24.0,72.72727272727273,0.0,0.0,300.0,300.0,2702.0,2761.5,3314.0,4392.75,4602.0,-15.34,-14.4675,-9.73,-8.875833333333333,-4.656944444444445,0.0,0.0,0.0,0.0,0.0,0.0,0.0,0.0,0.0,0.0,3314.0,4602.0,100.0,0.0,69.6969696969697,0.0,3.0303030303030303,32.0,24.0,75.0,0.0,0.0,,,-4193.5,-4164.25,-4028.5,-3841.0,-2984.6,,,,,,,,,,,,,,,,4028.5,4193.5,95.83333333333333,,71.875,0.0,3.125,0.0,nm_inferred,33.0,73.86363636363637,,Van Ferit Melen Airport,38.46820068359375,43.332298278808594,no
335,EDDR,23.0,17.0,73.91304347826087,0.0,100.0,300.0,300.0,16.6,19.0,27.0,49.0,76.0,-0.3035555555555555,-0.16333333333333333,-0.09666666666666666,-0.06642066420664207,-0.05012000657570278,0.0,0.0,0.0,0.0,0.0,0.0,0.0,0.0,0.0,0.0,27.0,76.0,100.0,0.0,73.91304347826087,0.0,0.0,22.0,16.0,72.72727272727273,0.0,100.0,302.0,80.5,137.5,194.5,221.5,238.5,270.5,0.4295832159954942,0.6166436781609195,0.737012987012987,0.8453879310344827,1.0710706751054853,0.5666666666666667,0.6538461538461539,0.7272727272727273,0.8888888888888888,1.0,0.5403301886792453,0.6451724137931034,0.751666097060834,0.866551724137931,1.0,225.5,284.0,6.25,18.75,68.18181818181819,4.545454545454546,0.0,100.0,apdf,23.0,73.32015810276681,0.27556138538495006,Saarbrücken Airport,49.214545,7.109735,yes
336,UMMS,36.0,27.0,75.0,0.0,0.0,600.0,600.0,70.0,106.5,489.0,12394.0,15989.0,-26.648333333333333,-20.656666666666666,-0.815,-0.1775,-0.11666666666666664,0.0,0.0,0.0,0.0,0.0,0.0,0.0,0.0,0.0,0.0,489.0,15989.0,100.0,0.0,50.0,25.0,0.0,40.0,28.0,70.0,0.0,0.0,,,-16596.4,-15739.5,-12428.0,-365.75,221.20000000000002,,,,,,,,,,,,,,,,12428.0,16596.4,78.57142857142857,,37.5,32.5,0.0,0.0,nm_inferred,40.0,72.5,,Minsk National Airport,53.888071,28.039964,no
337,UUEE,203.0,154.0,75.86206896551724,0.0,0.0,600.0,600.0,148.5,3926.75,5679.5,10619.0,14120.000000000002,-23.53333333333333,-17.69833333333333,-9.465833333333332,-6.544583333333334,-0.24749999999999958,0.0,0.0,0.0,0.0,0.35,0.0,0.0,0.0,0.0,0.3225000000000001,5679.5,14120.000000000002,92.85714285714286,0.0,49.75369458128079,26.108374384236452,0.0,207.0,140.0,67.6328502415459,0.0,0.0,,,-14288.0,-12774.0,-9827.0,-1887.75,-1658.4999999999995,,,,,,,,,,,,,,,,9827.0,14288.0,97.14285714285714,,57.00483091787439,10.628019323671497,0.0,0.0,nm_inferred,207.0,71.74745960353157,,Sheremetyevo International Airport,55.976858,37.41121,no
338,ENSG,21.0,15.0,71.42857142857143,0.0,0.0,300.0,300.0,550.0,579.0,699.0,934.0,972.0,-3.2399999999999998,-3.1133333333333333,-2.33,-1.93,-1.8333333333333333,0.0,0.0,0.0,0.0,0.0,0.0,0.0,0.0,0.0,0.0,699.0,972.0,100.0,0.0,71.42857142857143,0.0,0.0,21.0,15.0,71.42857142857143,0.0,0.0,,,-488.6,-459.0,-436.0,-363.5,-249.40000000000003,,,,,,,,,,,,,,,,436.0,488.6,100.0,,71.42857142857143,0.0,0.0,0.0,nm_inferred,21.0,71.42857142857143,,"Sogndal Airport, Haukåsen",61.156101,7.13778,no
339,UUWW,206.0,139.0,67.47572815533981,0.0,0.0,1080.0,1080.0,1554.0,2349.0,5317.0,10146.0,11478.0,-10.627777777777778,-9.394444444444444,-4.923148148148148,-2.175,-1.4388888888888887,0.0,0.0,0.0,0.0,0.0,0.0,0.0,0.0,0.0,0.0,5317.0,11478.0,99.28057553956835,0.0,62.62135922330097,4.854368932038835,0.0,218.0,155.0,71.10091743119266,0.0,0.0,,,-10772.8,-9855.5,-1774.0,-893.5,-577.0000000000006,,,,,,,,,,,,,,,,1774.0,10772.8,93.54838709677419,,66.5137614678899,4.587155963302752,0.0,0.0,nm_inferred,218.0,69.28832279326623,,Vnukovo International Airport,55.591499,37.261501,no
340,ULLI,130.0,94.0,72.3076923076923,0.0,0.0,600.0,600.0,2118.5,2399.5,2996.0,6206.5,13045.4,-21.74233333333333,-10.344166666666666,-4.993333333333334,-3.9991666666666665,-3.5308333333333333,0.0,0.0,0.0,0.0,0.0,0.0,0.0,0.0,0.0,0.0,2996.0,13045.4,98.93617021276596,0.0,67.6923076923077,3.8461538461538463,0.7692307692307693,145.0,95.0,65.51724137931035,0.0,0.0,,,-13657.6,-537.0,-60.0,485.0,663.6000000000001,,,,,,,,,,,,,,,,495.0,13657.6,52.63157894736842,,63.44827586206897,2.0689655172413794,0.0,0.0,nm_inferred,145.0,68.91246684350133,,Pulkovo Airport,59.800301,30.262501,no
341,GCFV,202.0,126.0,62.37623762376238,0.0,99.5049504950495,571.5,690.0,2542.0,3437.75,3659.0,3818.25,3935.5,-7.1851223251157545,-6.163748894023864,-5.508463460076364,-4.294731159355483,-3.319634863908743,0.0,0.0,0.0,0.0,0.0,0.0,0.0,0.0,0.0,0.0,3659.0,3935.5,100.0,0.0,61.386138613861384,0.9900990099009901,0.0,211.0,158.0,74.88151658767772,0.0,99.52606635071089,211.0,240.0,-4637.6,-4425.75,-4106.5,-3720.75,-1910.3,-22.086337752053772,-20.839058999253176,-18.363466896099638,-16.295292207792208,-14.474304929057656,0.0,0.0,0.0,0.0,0.0,0.0,0.0,0.0,0.0,0.0,4106.5,4637.6,100.0,0.0,74.40758293838863,0.47393364928909953,0.0,99.52606635071089,apdf,211.0,68.62887710572005,0.0,Fuerteventura Airport,28.4527,-13.8638,yes
342,ENAT,24.0,17.0,70.83333333333333,0.0,0.0,480.0,480.0,391.8,499.0,759.0,799.0,905.6,-1.8866666666666667,-1.6645833333333333,-1.58125,-1.0395833333333333,-0.81625,0.0,0.0,0.0,0.0,0.0,0.0,0.0,0.0,0.0,0.0,759.0,905.6,100.0,0.0,70.83333333333333,0.0,0.0,24.0,15.0,62.5,0.0,0.0,,,-667.4,-570.5,-484.0,-415.5,-396.8,,,,,,,,,,,,,,,,484.0,667.4,100.0,,62.5,0.0,0.0,0.0,nm_inferred,24.0,66.66666666666666,,Alta Airport,69.976097,23.3717,no
343,GCRR,257.0,156.0,60.70038910505836,0.0,99.61089494163424,505.0,615.0,2437.5,3139.5,3407.5,3550.25,3687.0,-7.527802283341982,-6.488283828382839,-5.469449930014425,-4.673216885007278,-3.9762422028199516,0.0,0.0,0.0,0.0,0.0,0.0,0.0,0.0,0.0,0.0,3407.5,3687.0,100.0,0.0,59.143968871595334,1.1673151750972763,0.38910505836575876,269.0,195.0,72.4907063197026,0.0,100.0,145.0,180.0,-4380.6,-4221.5,-3968.0,-3616.5,-2048.0,-35.057285776424536,-29.0676738410596,-22.872093023255815,-19.79231470974345,-16.410491997628927,0.0,0.0,0.0,0.0,0.0,0.0,0.0,0.0,0.0,0.0,3968.0,4380.6,100.0,0.0,71.74721189591078,0.37174721189591076,0.37174721189591076,100.0,apdf,269.0,66.59554771238048,0.0,César Manrique-Lanzarote Airport,28.945499,-13.6052,yes
344,UGTB,250.0,181.0,72.4,0.0,0.0,900.0,900.0,94.0,119.0,159.0,4829.0,6614.0,-8.282222222222222,-5.415555555555556,-0.18222222222222223,-0.1322222222222222,-0.11,0.0,0.0,0.0,0.0,0.0,0.0,0.0,0.0,0.0,0.0,159.0,6614.0,100.0,0.0,48.0,24.4,0.0,248.0,150.0,60.483870967741936,0.0,0.0,,,-5499.6,-4607.5,-1281.0,133.0,164.0,,,,,,,,,,,,,,,,1281.0,5499.599999999999,66.0,,36.693548387096776,23.79032258064516,0.0,0.0,nm_inferred,250.0,66.44193548387096,,Tbilisi International Airport,41.669201,44.9547,no
345,GCLP,507.0,279.0,55.02958579881657,0.0,99.40828402366864,603.0,720.0,2057.2,3836.5,4114.0,4289.0,4441.2,-9.568081876827607,-6.842657464814471,-5.52589641434263,-4.206642725134408,-3.166910453781207,0.0,0.0,0.0,0.0,0.0,0.0,0.0,0.0,0.0,0.0,4114.0,4441.2,100.0,0.0,51.4792899408284,3.5502958579881656,0.0,520.0,363.0,69.8076923076923,0.0,98.46153846153847,142.0,150.0,-5306.0,-4889.5,-4448.0,-1848.5,-1061.8,-48.02503332839579,-33.62831318620384,-25.349397590361445,-13.606860614442358,-7.916966535779171,0.0,0.0,0.0,0.0,0.0,0.0,0.0,0.0,0.0,0.0,4448.0,5306.0,100.0,0.0,64.42307692307692,5.384615384615385,0.0,99.40828402366864,apdf,520.0,62.41863905325444,0.0,Gran Canaria Airport,27.9319,-15.3866,yes
346,UMKK,158.0,82.0,51.89873417721519,0.0,0.0,600.0,600.0,748.6999999999999,1159.0,1731.5,2165.0,2652.5,-4.420833333333333,-3.6083333333333334,-2.8858333333333333,-1.9316666666666666,-1.247833333333333,0.0,0.0,0.0,0.0,0.0,0.0,0.0,0.0,0.0,0.0,1731.5,2652.5,100.0,0.0,50.63291139240506,0.6329113924050633,0.6329113924050633,157.0,109.0,69.4267515923567,0.0,0.0,,,-7001.0,-292.0,-181.0,-104.0,-67.6,,,,,,,,,,,,,,,,181.0,7001.000000000001,98.1651376146789,,55.4140127388535,14.012738853503185,0.0,0.0,nm_inferred,158.0,60.66274288478594,,Khrabrovo Airport,54.89161,20.598559,no
347,ENBN,27.0,16.0,59.25925925925926,0.0,0.0,300.0,300.0,507.0,545.25,624.0,756.5,786.5,-2.621666666666667,-2.5216666666666665,-2.08,-1.8175000000000001,-1.69,0.0,0.0,0.0,0.0,0.0,0.0,0.0,0.0,0.0,0.0,624.0,786.5,100.0,0.0,59.25925925925926,0.0,0.0,26.0,16.0,61.53846153846154,0.0,0.0,,,-456.5,-369.75,-334.5,-228.75,-200.5,,,,,,,,,,,,,,,,334.5,456.5,100.0,,61.53846153846154,0.0,0.0,0.0,nm_inferred,27.0,60.3988603988604,,"Brønnøysund Airport, Brønnøy",65.461098,12.2175,no
348,ENKR,23.0,14.0,60.869565217391305,0.0,0.0,300.0,300.0,1277.5,1557.75,2113.5,2202.75,2723.6000000000004,-9.078666666666667,-7.342499999999999,-7.045,-5.1925,-4.258333333333333,0.0,0.0,0.0,0.0,0.0,0.0,0.0,0.0,0.0,0.0,2113.5,2723.6000000000004,100.0,0.0,60.869565217391305,0.0,0.0,23.0,12.0,52.17391304347826,0.0,0.0,,,-2260.6,-2093.5,-1763.0,-1244.5,-1116.7,,,,,,,,,,,,,,,,1763.0,2260.6,100.0,,52.17391304347826,0.0,0.0,0.0,nm_inferred,23.0,56.52173913043478,,"Kirkenes Airport, Høybuktmoen",69.7258,29.8913,no
349,URMM,30.0,13.0,43.333333333333336,0.0,0.0,600.0,600.0,246.0,2039.0,5009.0,5154.0,5264.0,-8.773333333333333,-8.59,-8.348333333333333,-3.3983333333333334,-0.41,0.0,0.0,0.0,0.0,0.0,0.0,0.0,0.0,0.0,0.0,5009.0,5264.0,100.0,7.6923076923076925,33.333333333333336,6.666666666666667,3.3333333333333335,29.0,20.0,68.96551724137932,0.0,0.0,,,-5463.8,-4963.0,-1833.0,-1587.25,-1439.3,,,,,,,,,,,,,,,,1833.0,5463.8,100.0,,58.62068965517241,10.344827586206897,0.0,0.0,nm_inferred,30.0,56.14942528735632,,Mineralnye Vody Airport,44.225101,43.081902,no
350,UDYZ,188.0,93.0,49.46808510638298,0.0,0.0,600.0,600.0,1188.0,1389.0,1619.0,5829.0,7378.999999999999,-12.209999999999999,-8.043333333333333,-2.9703703703703703,-2.265,-1.729888888888889,0.0,0.0,0.0,0.0,0.0,0.0,0.0,0.0,0.0,0.0,1619.0,7378.999999999999,100.0,0.0,35.1063829787234,14.361702127659575,0.0,188.0,91.0,48.40425531914894,0.0,0.0,,,-6228.0,-4430.0,-3642.0,-1227.5,-1060.0,,,,,,,,,,,,,,,,3642.0,6228.0,100.0,,32.97872340425532,15.425531914893616,0.0,0.0,nm_inferred,188.0,48.93617021276596,,Zvartnots International Airport,40.148941,44.397887,no
351,UUDD,85.0,41.0,48.23529411764706,0.0,0.0,600.0,600.0,53.0,5234.0,8584.0,13859.0,15065.0,-25.108333333333334,-23.098333333333333,-14.306666666666667,-8.723333333333333,-0.08833333333333333,0.0,0.0,0.0,0.0,0.0,0.0,0.0,0.0,0.0,0.0,8584.0,15065.0,95.1219512195122,2.4390243902439024,44.705882352941174,3.5294117647058822,0.0,72.0,34.0,47.22222222222222,0.0,0.0,,,-13979.4,-13264.25,-10117.0,-2681.75,-2212.1000000000004,,,,,,,,,,,,,,,,10117.0,13979.4,97.05882352941177,,33.333333333333336,13.88888888888889,0.0,0.0,nm_inferred,85.0,47.728758169934636,,Domodedovo International Airport,55.408798,37.9063,no
352,ENKB,46.0,18.0,39.130434782608695,0.0,0.0,300.0,300.0,301.0,366.5,424.0,787.75,833.5,-2.7783333333333333,-2.6258333333333335,-1.4133333333333333,-1.2216666666666667,-1.0033333333333334,0.0,0.0,0.0,0.0,0.0,0.0,0.0,0.0,0.0,0.0,424.0,833.5,100.0,0.0,36.95652173913044,0.0,2.1739130434782608,44.0,16.0,36.36363636363637,0.0,0.0,,,-524.0,-466.5,-320.0,-237.25,-191.0,,,,,,,,,,,,,,,,320.0,524.0,100.0,,36.36363636363637,0.0,0.0,0.0,nm_inferred,46.0,37.74703557312253,,"Kristiansund Airport, Kvernberget",63.111801,7.82452,no
353,UBBN,48.0,2.0,4.166666666666667,0.0,0.0,600.0,600.0,2670.5,3707.75,5436.5,7165.25,8202.5,-13.670833333333334,-11.942083333333334,-9.060833333333333,-6.179583333333333,-4.450833333333334,0.0,0.0,0.0,0.0,0.0,0.0,0.0,0.0,0.0,0.0,5436.5,8202.5,100.0,0.0,4.166666666666667,0.0,0.0,48.0,1.0,2.0833333333333335,0.0,0.0,,,-9361.0,-9361.0,-9361.0,-9361.0,-9361.0,,,,,,,,,,,,,,,,9361.0,9361.0,100.0,,2.0833333333333335,0.0,0.0,0.0,nm_inferred,48.0,3.125,,Nakhchivan International Airport,39.188801,45.458401,no
