rank,icao,n_gt_dep,n_detected_dep,detection_pct_dep,n_capture_excluded_dep,measured_pct_dep,taxi_out_median_s,dep_max_gap_median_s,off_s_p10,off_s_p25,off_s_p50,off_s_p75,off_s_p90,dep_reach_p10,dep_reach_p25,dep_reach_p50,dep_reach_p75,dep_reach_p90,dep_continuity_p10,dep_continuity_p25,dep_continuity_p50,dep_continuity_p75,dep_continuity_p90,dep_signal_p10,dep_signal_p25,dep_signal_p50,dep_signal_p75,dep_signal_p90,off_abs_p50,off_abs_p90,dep_no_ground_pct,dep_full_capture_pct,clean_pct_dep,fragmented_pct_dep,merged_pct_dep,n_gt_arr,n_detected_arr,detection_pct_arr,n_capture_excluded_arr,measured_pct_arr,taxi_in_median_s,arr_max_gap_median_s,land_s_p10,land_s_p25,land_s_p50,land_s_p75,land_s_p90,arr_reach_p10,arr_reach_p25,arr_reach_p50,arr_reach_p75,arr_reach_p90,arr_continuity_p10,arr_continuity_p25,arr_continuity_p50,arr_continuity_p75,arr_continuity_p90,arr_signal_p10,arr_signal_p25,arr_signal_p50,arr_signal_p75,arr_signal_p90,land_abs_p50,land_abs_p90,arr_no_ground_pct,arr_full_capture_pct,clean_pct_arr,fragmented_pct_arr,merged_pct_arr,measured_pct,t_source,n_gt,detection_pct,coverage_index,name,lat,lon,measured
1,LEAL,517.0,517.0,100.0,0.0,100.0,677.0,675.0,-7.0,-4.0,-1.0,2.0,5.0,-0.00887056537380846,-0.0033444816053511705,0.0012406947890818859,0.005813953488372093,0.010115606936416185,0.0,0.0,0.027777777777777776,0.043478260869565216,0.06029411764705895,0.0,0.0,0.004816955684007708,0.007849293563579277,0.014231051046161373,3.0,7.0,48.74274661508704,0.0,97.678916827853,1.7408123791102514,0.5802707930367504,525.0,525.0,100.0,0.0,99.80952380952381,221.5,5.0,272.0,277.0,282.0,284.0,286.0,0.6936274509803921,0.9761478831246273,1.2391304347826086,1.5059947092957104,1.9165057915057913,0.7142857142857143,0.8888888888888888,1.0,1.0,1.0,0.7012453386124028,0.9663865546218487,0.9859154929577465,0.9945122675696547,1.0,282.0,286.0,0.7619047619047619,77.48091603053435,97.9047619047619,1.7142857142857142,0.38095238095238093,100.0,apdf,525.0,100.0,0.4953662243208771,Alicante-Elche Miguel Hernández Airport,38.2822,-0.558156,yes
2,LIPE,389.0,389.0,100.0,0.0,94.85861182519281,600.0,600.0,-1.0,34.0,74.0,204.0,424.99999999999994,-0.7316666666666667,-0.3566666666666667,-0.10331439393939393,-0.04,0.0009986504723346874,0.0,0.0,0.0,0.0,0.03125,0.0,0.0,0.0,0.0,0.006570512820512827,79.0,439.0,89.46015424164524,0.25773195876288657,99.74293059125964,0.2570694087403599,0.0,388.0,388.0,100.0,0.0,94.0721649484536,227.0,5.0,163.10000000000002,212.75,240.0,262.0,283.3,0.47211831230969986,0.6865671641791045,1.0445544554455446,1.355263157894737,1.7238619965892699,0.5,0.7,1.0,1.0,1.0,0.47684509983975226,0.6973293768545994,0.9859154929577465,1.0062893081761006,1.0196090955544201,240.0,283.3,2.3195876288659796,59.178082191780824,97.9381443298969,2.0618556701030926,0.0,94.85861182519281,apdf,389.0,100.0,0.49295774647887325,Bologna Guglielmo Marconi Airport,44.5354,11.2887,yes
3,LFBO,349.0,349.0,100.0,0.0,95.70200573065902,600.0,540.0,-10.999999999999979,10.0,30.0,45.0,55.0,-0.125,-0.08333333333333333,-0.046296296296296294,-0.018518518518518517,0.022943722943722933,0.0,0.0,0.0,0.0,0.05,0.0,0.0,0.0,0.0,0.024603174603174557,30.0,55.99999999999994,87.96561604584527,0.0,97.42120343839541,1.4326647564469914,1.146131805157593,353.0,353.0,100.0,0.0,95.18413597733712,240.0,5.0,295.0,315.0,350.0,415.0,517.0000000000002,0.9657738095238095,1.1864583333333334,1.6208333333333333,1.9680555555555554,2.6666666666666665,1.0,1.0,1.0,1.0,1.0,0.9444444444444444,1.0,1.0,1.0,1.0,350.0,517.0000000000002,0.28328611898017,89.28571428571429,96.88385269121812,1.13314447592068,1.9830028328611897,95.70200573065902,apdf,353.0,100.0,0.5,Toulouse-Blagnac Airport,43.629101,1.36382,yes
4,LMML,309.0,309.0,100.0,0.0,98.70550161812298,480.0,50.0,-931.0,-675.0,-480.0,-285.0,-170.0,0.3333333333333333,0.6,0.8974358974358975,1.2666666666666666,2.6888888888888887,0.4658602150537634,0.6666666666666666,0.9166666666666666,1.0,1.0,0.4496732026143791,0.6333333333333333,0.8974358974358975,1.0,1.0,545.0,1299.9999999999995,6.796116504854369,38.18770226537217,91.58576051779936,7.44336569579288,0.970873786407767,308.0,308.0,100.0,0.0,98.05194805194806,240.0,5.0,358.5,440.0,500.0,599.25,980.0,1.4812500000000002,1.8177083333333333,2.09375,2.5625,4.083333333333333,1.0,1.0,1.0,1.0,1.0,1.0,1.0,1.0,1.0,1.0,515.0,1819.5000000000014,4.87012987012987,99.00662251655629,91.88311688311688,6.818181818181818,1.2987012987012987,98.70550161812298,apdf,309.0,100.0,0.9487179487179487,Malta International Airport,35.845932,14.491546,yes
5,EBCI,298.0,298.0,100.0,0.0,99.66442953020133,660.0,660.0,20.0,30.0,40.0,55.0,70.0,-0.11458333333333333,-0.08333333333333333,-0.05749198717948718,-0.041666666666666664,-0.02733918128654969,0.0,0.0,0.0,0.0,0.0,0.0,0.0,0.0,0.0,0.0,40.0,70.0,99.66442953020135,0.0,97.6510067114094,2.348993288590604,0.0,298.0,298.0,100.0,0.0,100.0,300.0,10.0,245.50000000000006,270.0,285.0,305.0,315.0,0.675,0.8055555555555556,0.9666666666666667,1.125,1.2708333333333333,0.75,0.8333333333333334,1.0,1.0,1.0,0.725,0.8333333333333334,0.9833333333333333,1.0,1.0,290.0,320.0,2.684563758389262,55.369127516778526,97.98657718120805,2.0134228187919465,0.0,100.0,apdf,298.0,100.0,0.49166666666666664,Brussels South Charleroi Airport,50.461963,4.459562,yes
6,EGAA,266.0,266.0,100.0,0.0,0.0,720.0,720.0,57.5,70.0,85.0,105.0,120.0,-0.17609126984126983,-0.14583333333333334,-0.11805555555555555,-0.09722222222222222,-0.08333333333333333,0.0,0.0,0.0,0.0,0.0,0.0,0.0,0.0,0.0,0.0,85.0,120.0,100.0,0.0,96.61654135338345,2.6315789473684212,0.7518796992481203,260.0,260.0,100.0,0.0,0.0,,,132.5,165.0,185.0,205.0,215.0,,,,,,,,,,,,,,,,185.0,215.0,3.4615384615384617,,96.53846153846153,2.6923076923076925,0.7692307692307693,0.0,nm_inferred,266.0,100.0,,Belfast International Airport,54.6575012207,-6.21582984924,no
7,LFRS,264.0,264.0,100.0,0.0,0.0,600.0,600.0,70.0,85.0,105.0,125.0,140.0,-0.23333333333333334,-0.20833333333333334,-0.16987179487179488,-0.14166666666666666,-0.10555555555555556,0.0,0.0,0.0,0.0,0.0,0.0,0.0,0.0,0.0,0.0,105.0,140.0,99.62121212121212,0.0,96.21212121212122,2.272727272727273,1.5151515151515151,263.0,263.0,100.0,0.0,0.0,,,37.80000000000001,62.0,78.0,89.5,99.0,,,,,,,,,,,,,,,,81.0,103.60000000000002,7.604562737642586,,98.09885931558935,1.520912547528517,0.38022813688212925,0.0,nm_inferred,264.0,100.0,,Nantes Atlantique Airport,47.153198,-1.61073,no
8,LGTS,257.0,257.0,100.0,0.0,0.0,600.0,440.0,-573.0,-400.0,-160.0,-85.0,47.00000000000003,-0.07833333333333332,0.14102564102564102,0.26666666666666666,0.6666666666666666,0.9511111111111112,0.0,0.15,0.3,0.65,0.9,0.0,0.14102564102564102,0.25833333333333336,0.6333333333333333,0.8783333333333334,170.0,615.0000000000001,16.731517509727627,6.22568093385214,95.3307392996109,2.3346303501945527,2.3346303501945527,264.0,264.0,100.0,0.0,0.0,,,309.3,405.0,469.5,530.25,627.4000000000001,,,,,,,,,,,,,,,,477.5,655.1,1.5151515151515151,,95.07575757575758,2.6515151515151514,2.272727272727273,0.0,nm_inferred,264.0,100.0,,Thessaloniki Macedonia International Airport,40.51928,22.970009,no
9,EPGD,236.0,236.0,100.0,0.0,0.0,600.0,600.0,85.0,230.0,285.0,330.0,425.0,-0.5833333333333334,-0.4975,-0.4,-0.2994047619047619,-0.125,0.0,0.0,0.0,0.0,0.0,0.0,0.0,0.0,0.0,0.0,285.0,425.0,100.0,0.0,97.03389830508475,2.9661016949152543,0.0,238.0,238.0,100.0,0.0,0.0,,,-545.0,-407.5,-272.5,-205.0,-160.0,,,,,,,,,,,,,,,,275.0,545.0,98.31932773109244,,97.89915966386555,2.100840336134454,0.0,0.0,nm_inferred,238.0,100.0,,Gdańsk Lech Wałęsa Airport,54.377602,18.4662,no
10,LIRP,211.0,211.0,100.0,0.0,0.0,900.0,900.0,95.0,115.0,135.0,160.0,185.0,-0.26666666666666666,-0.21666666666666667,-0.17222222222222222,-0.1376736111111111,-0.10666666666666667,0.0,0.0,0.0,0.0,0.0,0.0,0.0,0.0,0.0,0.0,135.0,185.0,98.10426540284361,0.0,99.0521327014218,0.9478672985781991,0.0,213.0,213.0,100.0,0.0,0.0,,,-158.39999999999998,-60.0,-2.0,50.0,95.80000000000007,,,,,,,,,,,,,,,,53.0,169.60000000000002,51.17370892018779,,97.65258215962442,2.347417840375587,0.0,0.0,nm_inferred,213.0,100.0,,Pisa International Airport,43.683899,10.3927,no
11,LDZA,210.0,210.0,100.0,0.0,99.04761904761905,720.0,720.0,95.0,130.0,157.5,185.0,220.0,-0.4414285714285714,-0.2945075757575758,-0.21182983682983683,-0.16666666666666666,-0.11325,0.0,0.0,0.0,0.0,0.0,0.0,0.0,0.0,0.0,0.0,160.0,220.49999999999997,98.57142857142857,0.47619047619047616,97.61904761904762,1.9047619047619047,0.47619047619047616,202.0,202.0,100.0,0.0,99.5049504950495,360.0,320.0,-165.0,-35.0,40.0,75.0,115.0,-0.4166666666666667,-0.1,0.09722222222222222,0.2261904761904762,0.3611111111111111,0.0,0.0,0.14285714285714285,0.2857142857142857,0.4,0.0,0.0,0.1111111111111111,0.23809523809523808,0.38095238095238093,65.0,184.50000000000003,34.65346534653465,0.4975124378109453,95.04950495049505,3.4653465346534653,1.4851485148514851,99.5049504950495,apdf,210.0,100.0,0.05555555555555555,Zagreb Franjo Tuđman International Airport,45.742901,16.0688,yes
12,EHEH,193.0,193.0,100.0,0.0,0.0,600.0,385.0,-616.4,-475.0,-370.0,-150.0,-45.99999999999994,0.07555555555555556,0.24166666666666667,0.4777777777777778,0.7,0.908888888888889,0.125,0.25,0.5,0.7,0.8466666666666669,0.11000000000000003,0.25,0.4666666666666667,0.675,0.8355555555555559,375.0,642.0000000000002,4.1450777202072535,4.1450777202072535,93.78238341968913,3.626943005181347,2.5906735751295336,188.0,188.0,100.0,0.0,0.0,,,426.2,533.5,602.0,671.25,779.0000000000001,,,,,,,,,,,,,,,,604.0,788.9000000000001,1.5957446808510638,,94.14893617021276,2.6595744680851063,3.1914893617021276,0.0,nm_inferred,193.0,100.0,,Eindhoven Airport,51.4500999451,5.37452983856,no
13,EGGP,187.0,187.0,100.0,0.0,0.0,600.0,10.0,-1148.0,-670.0,-590.0,-550.0,-489.2,0.6153333333333333,0.7166666666666667,1.0416666666666667,1.2291666666666667,1.9133333333333336,0.6333333333333333,0.7333333333333333,1.0,1.0,1.0,0.6166666666666667,0.7166666666666667,0.9833333333333333,1.0,1.0,590.0,1430.0000000000002,2.6737967914438503,54.01069518716577,95.72192513368984,2.6737967914438503,1.6042780748663101,180.0,180.0,100.0,0.0,0.0,,,410.40000000000003,459.0,521.0,571.75,662.2999999999997,,,,,,,,,,,,,,,,522.0,711.8,1.1111111111111112,,94.44444444444444,3.3333333333333335,2.2222222222222223,0.0,nm_inferred,187.0,100.0,,Liverpool John Lennon Airport,53.334863,-2.849637,no
14,LIRA,157.0,157.0,100.0,0.0,98.08917197452229,660.0,90.0,-1007.9999999999999,-745.0,-595.0,-295.0,-93.99999999999991,0.24523809523809526,0.5238095238095238,0.8863636363636364,0.9907407407407407,1.2337500000000001,0.25,0.53125,0.8636363636363636,1.0,1.0,0.23285714285714287,0.5052083333333334,0.8409090909090909,0.9722222222222222,1.0,595.0,1008.0000000000005,3.821656050955414,31.21019108280255,97.45222929936305,0.6369426751592356,1.910828025477707,149.0,149.0,100.0,0.0,100.0,360.0,5.0,429.0,525.0,610.0,665.0,803.0000000000007,0.9777777777777777,1.3125,1.7023809523809523,2.0208333333333335,2.4916666666666676,0.9916666666666667,1.0,1.0,1.0,1.0,0.9483333333333333,1.0,1.0,1.0,1.0,610.0,803.0000000000007,0.6711409395973155,89.93288590604027,97.31543624161074,1.342281879194631,1.342281879194631,100.0,apdf,157.0,100.0,0.9204545454545454,Ciampino–G. B. Pastine International Airport,41.798769,12.595331,yes
15,LIMF,147.0,147.0,100.0,0.0,100.0,480.0,75.0,-636.0,-510.0,-420.0,-350.0,-278.0,0.5965909090909091,0.7675925925925926,0.8636363636363636,0.9375,1.1590476190476193,0.625,0.75,0.875,0.9409722222222222,1.0,0.5895833333333333,0.720959595959596,0.8333333333333334,0.9166666666666666,1.0,420.0,647.0,2.0408163265306123,19.727891156462587,95.91836734693878,1.3605442176870748,2.7210884353741496,149.0,149.0,100.0,0.0,100.0,420.0,5.0,514.0,565.0,605.0,640.0,747.0000000000006,0.9880952380952381,1.1203703703703705,1.4285714285714286,2.0166666666666666,3.2861111111111168,0.9375,1.0,1.0,1.0,1.0,0.9166666666666666,1.0,1.0,1.0,1.0,605.0,747.0000000000006,0.0,87.24832214765101,97.31543624161074,0.0,2.684563758389262,100.0,apdf,149.0,100.0,0.9166666666666667,Turin Airport,45.200802,7.64963,yes
16,LIPX,141.0,141.0,100.0,0.0,0.0,900.0,900.0,60.0,75.0,90.0,110.0,130.0,-0.15,-0.12777777777777777,-0.10555555555555556,-0.08333333333333333,-0.06666666666666667,0.0,0.0,0.0,0.0,0.0,0.0,0.0,0.0,0.0,0.0,90.0,130.0,100.0,0.0,97.16312056737588,2.8368794326241136,0.0,139.0,139.0,100.0,0.0,0.0,,,104.8,135.0,165.0,190.0,210.0,,,,,,,,,,,,,,,,165.0,211.0,3.597122302158273,,98.56115107913669,1.4388489208633093,0.0,0.0,nm_inferred,141.0,100.0,,Verona Villafranca Valerio Catullo Airport,45.394955,10.887303,no
17,EBLG,128.0,128.0,100.0,0.0,0.0,840.0,840.0,-546.0,-141.25,35.0,56.25,75.0,-0.08555555555555555,-0.06180555555555556,-0.0392156862745098,0.17307692307692307,0.7375,0.0,0.0,0.0,0.1830357142857143,0.7092105263157895,0.0,0.0,0.0,0.16319444444444442,0.6953846153846154,65.0,546.0,60.9375,2.3622047244094486,81.25,17.1875,1.5625,111.0,111.0,100.0,0.0,0.0,,,274.0,296.5,330.0,495.0,601.0,,,,,,,,,,,,,,,,340.0,770.0,6.306306306306307,,68.46846846846847,30.63063063063063,0.9009009009009009,0.0,nm_inferred,128.0,100.0,,Liège Airport,50.638574,5.443897,no
18,LFOB,124.0,124.0,100.0,0.0,0.0,900.0,900.0,40.0,50.0,70.0,85.0,107.00000000000003,-0.16666666666666666,-0.1111111111111111,-0.08333333333333333,-0.05555555555555555,-0.044444444444444446,0.0,0.0,0.0,0.0,0.0,0.0,0.0,0.0,0.0,0.0,70.0,107.00000000000003,100.0,0.0,97.58064516129032,1.6129032258064515,0.8064516129032258,124.0,124.0,100.0,0.0,0.0,,,-20.79999999999999,123.5,145.0,166.25,215.4,,,,,,,,,,,,,,,,147.0,224.7,12.096774193548388,,94.35483870967742,5.645161290322581,0.0,0.0,nm_inferred,124.0,100.0,,Beauvais-Tillé airport,49.454399,2.11278,no
19,EICK,108.0,108.0,100.0,0.0,100.0,540.0,5.0,-953.4999999999999,-706.25,-602.5,-530.0,-475.0,0.949375,0.9895833333333334,1.0416666666666667,1.132936507936508,1.4687499999999998,0.9531818181818182,1.0,1.0,1.0,1.0,0.946969696969697,0.9743589743589743,1.0,1.0,1.0,610.0,1058.0,0.9259259259259259,87.96296296296296,98.14814814814815,0.9259259259259259,0.9259259259259259,109.0,109.0,100.0,0.0,100.0,120.0,5.0,414.0,470.0,500.0,565.0,2009.0000000000005,2.327777777777778,2.8055555555555554,3.9583333333333335,4.833333333333333,12.694444444444448,1.0,1.0,1.0,1.0,1.0,1.0,1.0,1.0,1.0,1.0,500.0,2009.0000000000005,0.0,99.08256880733946,99.08256880733946,0.0,0.9174311926605505,100.0,apdf,109.0,100.0,1.0,Cork International Airport,51.841301,-8.49111,yes
20,LDZD,94.0,94.0,100.0,0.0,0.0,900.0,900.0,120.0,140.0,165.0,185.0,223.5,-0.2538888888888889,-0.21666666666666667,-0.18611111111111112,-0.16111111111111112,-0.13333333333333333,0.0,0.0,0.0,0.0,0.0,0.0,0.0,0.0,0.0,0.0,165.0,228.5,96.80851063829788,0.0,95.74468085106383,0.0,4.25531914893617,95.0,95.0,100.0,0.0,0.0,,,-157.6,-17.5,61.0,78.0,152.60000000000065,,,,,,,,,,,,,,,,75.0,276.80000000000007,32.63157894736842,,96.84210526315789,0.0,3.1578947368421053,0.0,nm_inferred,95.0,100.0,,Zadar Airport,44.096986,15.353565,no
21,EHRD,92.0,92.0,100.0,0.0,0.0,600.0,20.0,-2259.9,-1245.0,-712.5,-473.75,-335.99999999999994,0.56,0.81875,1.1875,2.0749999999999997,3.7665000000000006,0.6,0.8,1.0,1.0,1.0,0.5591666666666667,0.7583333333333333,0.9708333333333333,1.0,1.0,727.5,2259.9000000000005,2.1739130434782608,56.52173913043478,95.65217391304348,3.260869565217391,1.0869565217391304,87.0,87.0,100.0,0.0,0.0,,,444.8,491.0,541.0,605.5,1219.0000000000002,,,,,,,,,,,,,,,,541.0,1219.0000000000002,0.0,,97.70114942528735,1.1494252873563218,1.1494252873563218,0.0,nm_inferred,92.0,100.0,,Rotterdam The Hague Airport,51.956902,4.43722,no
22,EDDW,87.0,87.0,100.0,0.0,100.0,539.0,490.0,-65.0,-29.5,-17.0,6.0,10.0,-0.021854963387303604,-0.01238879052178285,0.032586558044806514,0.05923748392580806,0.12415738678544923,0.0,0.0,0.0625,0.1213235294117647,0.1750000000000001,0.0,0.0,0.03687315634218289,0.0646840273128933,0.11990686373759873,21.0,72.4,37.93103448275862,0.0,96.55172413793103,2.2988505747126435,1.1494252873563218,86.0,86.0,100.0,0.0,100.0,215.0,5.0,242.0,272.0,282.0,301.5,337.5,0.8480097358626372,1.1439481965625755,1.3887318563789153,1.7108885957548865,2.2315014922301124,0.75,1.0,1.0,1.0,1.0,0.8618321984297607,0.9874337372207497,1.0,1.0046207443257678,1.0098581973581973,282.5,357.0,3.488372093023256,83.72093023255815,97.67441860465117,1.1627906976744187,1.1627906976744187,100.0,apdf,87.0,100.0,0.5184365781710915,Bremen Airport,53.046786,8.78932,yes
23,EDLW,86.0,86.0,100.0,0.0,0.0,840.0,85.0,-1017.5,-758.75,-600.0,-475.0,-351.5,0.45107142857142857,0.6197222222222223,0.9125,1.5131944444444443,2.261904761904762,0.4666666666666667,0.6333333333333333,0.9083333333333333,1.0,1.0,0.4494047619047619,0.6194444444444445,0.8847222222222222,1.0,1.0,600.0,1017.5,2.3255813953488373,44.18604651162791,95.34883720930233,3.488372093023256,1.1627906976744187,86.0,86.0,100.0,0.0,0.0,,,387.5,528.0,585.0,683.0,769.0,,,,,,,,,,,,,,,,585.5,776.5,1.1627906976744187,,97.67441860465117,2.3255813953488373,0.0,0.0,nm_inferred,86.0,100.0,,Dortmund Airport,51.518299,7.61224,no
24,LIPH,85.0,85.0,100.0,0.0,0.0,600.0,600.0,-5.0,10.0,25.0,40.0,50.0,-0.08333333333333333,-0.06666666666666667,-0.03888888888888889,-0.011111111111111112,0.007222222222222246,0.0,0.0,0.0,0.0,0.043333333333333474,0.0,0.0,0.0,0.0,0.007222222222222246,25.0,50.0,87.05882352941177,0.0,92.94117647058823,5.882352941176471,1.1764705882352942,85.0,85.0,100.0,0.0,0.0,,,264.0,295.0,325.0,345.0,364.20000000000005,,,,,,,,,,,,,,,,325.0,364.20000000000005,1.1764705882352942,,100.0,0.0,0.0,0.0,nm_inferred,85.0,100.0,,Treviso Airport,45.648399,12.1944,no
25,EPMO,78.0,78.0,100.0,0.0,0.0,900.0,900.0,-10.0,0.0,10.0,25.0,35.0,-0.03972222222222222,-0.027777777777777776,-0.011111111111111112,-0.0,0.011111111111111112,0.0,0.0,0.0,0.0,0.03333333333333333,0.0,0.0,0.0,0.0,0.011111111111111112,10.0,35.0,76.92307692307692,0.0,96.15384615384616,3.8461538461538463,0.0,76.0,76.0,100.0,0.0,0.0,,,255.5,271.0,278.5,286.25,294.0,,,,,,,,,,,,,,,,278.5,294.0,0.0,,96.05263157894737,3.9473684210526314,0.0,0.0,nm_inferred,78.0,100.0,,Warsaw Modlin Airport,52.451099,20.6518,no
26,DTMB,71.0,71.0,100.0,0.0,0.0,900.0,900.0,920.0,1232.5,1650.0,1807.5,1975.0,-2.533333333333333,-2.063888888888889,-1.9277777777777778,-1.4333333333333333,-1.0222222222222221,0.0,0.0,0.0,0.0,0.0,0.0,0.0,0.0,0.0,0.0,1650.0,1975.0,100.0,0.0,100.0,0.0,0.0,67.0,67.0,100.0,0.0,0.0,,,-1932.4,-1728.5,-1542.0,-1421.5,-1202.8,,,,,,,,,,,,,,,,1542.0,1932.3999999999999,100.0,,100.0,0.0,0.0,0.0,nm_inferred,71.0,100.0,,Monastir Habib Bourguiba International Airport,35.75809860229492,10.75469970703125,no
27,EDLV,68.0,68.0,100.0,0.0,0.0,900.0,847.5,-60.0,-36.25,-1.0,8.25,20.0,-0.02648148148148148,-0.010277777777777778,0.0011111111111111111,0.05416666666666667,0.07222222222222222,0.0,0.0,0.03333333333333333,0.06666666666666667,0.1,0.0,0.0,0.005555555555555556,0.05555555555555555,0.0755555555555556,13.0,61.50000000000002,50.0,0.0,97.05882352941177,1.4705882352941178,1.4705882352941178,67.0,67.0,100.0,0.0,0.0,,,245.8,266.0,277.0,292.5,306.4,,,,,,,,,,,,,,,,277.0,308.6,1.492537313432836,,98.50746268656717,1.492537313432836,0.0,0.0,nm_inferred,68.0,100.0,,Weeze (Niederrhein) Airport,51.601362,6.141228,no
28,LFKJ,67.0,67.0,100.0,0.0,0.0,300.0,300.0,50.0,67.5,85.0,105.0,122.0,-0.4066666666666667,-0.35,-0.2833333333333333,-0.21666666666666667,-0.16666666666666666,0.0,0.0,0.0,0.0,0.0,0.0,0.0,0.0,0.0,0.0,90.0,125.0,98.50746268656717,0.0,95.5223880597015,2.985074626865672,1.492537313432836,65.0,65.0,100.0,0.0,0.0,,,90.4,157.0,171.0,191.0,208.60000000000002,,,,,,,,,,,,,,,,172.0,208.60000000000002,7.6923076923076925,,98.46153846153847,0.0,1.5384615384615385,0.0,nm_inferred,67.0,100.0,,Ajaccio Napoléon Bonaparte airport,41.923599,8.80292,no
29,LFQQ,66.0,66.0,100.0,0.0,0.0,300.0,300.0,30.0,35.0,50.0,65.0,82.5,-0.2583333333333333,-0.19444444444444445,-0.13333333333333333,-0.1,-0.07217261904761904,0.0,0.0,0.0,0.0,0.0,0.0,0.0,0.0,0.0,0.0,50.0,82.5,100.0,0.0,100.0,0.0,0.0,66.0,66.0,100.0,0.0,0.0,,,64.5,104.0,129.0,154.75,168.5,,,,,,,,,,,,,,,,131.5,170.0,3.0303030303030303,,100.0,0.0,0.0,0.0,nm_inferred,66.0,100.0,,Lille Airport,50.566564,3.102429,no
30,LIEA,65.0,65.0,100.0,0.0,0.0,600.0,510.0,-190.0,-145.0,-90.0,0.0,23.000000000000007,-0.03833333333333333,0.0,0.15,0.24166666666666667,0.31666666666666665,0.0,0.0,0.15,0.25,0.35,0.0,0.0,0.14166666666666666,0.24166666666666667,0.31333333333333335,100.0,190.0,26.153846153846153,0.0,98.46153846153847,1.5384615384615385,0.0,66.0,66.0,100.0,0.0,0.0,,,285.0,344.25,376.0,420.0,452.5,,,,,,,,,,,,,,,,376.0,452.5,0.0,,98.48484848484848,1.5151515151515151,0.0,0.0,nm_inferred,66.0,100.0,,Alghero-Fertilia Airport,40.632099,8.29077,no
31,LEAS,65.0,65.0,100.0,0.0,0.0,300.0,300.0,250.0,270.0,330.0,380.0,454.0,-1.7833333333333332,-1.3833333333333333,-1.1,-0.9,-0.8333333333333334,0.0,0.0,0.0,0.0,0.0,0.0,0.0,0.0,0.0,0.0,330.0,454.0,100.0,0.0,92.3076923076923,6.153846153846154,1.5384615384615385,65.0,65.0,100.0,0.0,0.0,,,-713.8,-631.0,-486.0,-369.0,-320.59999999999997,,,,,,,,,,,,,,,,486.0,713.8,100.0,,98.46153846153847,0.0,1.5384615384615385,0.0,nm_inferred,65.0,100.0,,Asturias Airport,43.563599,-6.03462,no
32,LYPG,65.0,65.0,100.0,0.0,0.0,600.0,600.0,337.0,390.0,485.0,575.0,1021.0,-1.7983333333333333,-0.9583333333333334,-0.775,-0.6416666666666667,-0.5566666666666666,0.0,0.0,0.0,0.0,0.0,0.0,0.0,0.0,0.0,0.0,485.0,1021.0,100.0,0.0,98.46153846153847,1.5384615384615385,0.0,65.0,65.0,100.0,0.0,0.0,,,-1111.2,-902.0,-588.0,-464.0,-406.4,,,,,,,,,,,,,,,,588.0,1111.2,100.0,,96.92307692307692,3.076923076923077,0.0,0.0,nm_inferred,65.0,100.0,,Podgorica Airport / Podgorica Golubovci Airbase,42.359402,19.2519,no
33,EDFH,59.0,59.0,100.0,0.0,0.0,900.0,900.0,45.0,60.0,75.0,90.0,101.00000000000001,-0.21428571428571427,-0.1478937728937729,-0.09444444444444444,-0.075,-0.05444444444444443,0.0,0.0,0.0,0.0,0.0,0.0,0.0,0.0,0.0,0.0,75.0,101.00000000000001,100.0,0.0,94.91525423728814,5.084745762711864,0.0,62.0,62.0,100.0,0.0,0.0,,,165.2,179.25,193.5,205.75,236.8,,,,,,,,,,,,,,,,193.5,236.8,1.6129032258064515,,95.16129032258064,4.838709677419355,0.0,0.0,nm_inferred,62.0,100.0,,Frankfurt-Hahn Airport,49.946353,7.261734,no
34,LYTV,61.0,61.0,100.0,0.0,0.0,600.0,600.0,450.0,495.0,550.0,675.0,940.0,-2.25,-1.8333333333333333,-0.9333333333333333,-0.8583333333333333,-0.725,0.0,0.0,0.0,0.0,0.0,0.0,0.0,0.0,0.0,0.0,550.0,940.0,100.0,0.0,96.72131147540983,3.278688524590164,0.0,62.0,62.0,100.0,0.0,0.0,,,-1433.6,-863.25,-611.0,-508.25,-429.8,,,,,,,,,,,,,,,,611.0,1433.5999999999997,100.0,,93.54838709677419,6.451612903225806,0.0,0.0,nm_inferred,62.0,100.0,,Tivat Airport,42.404701,18.723301,no
35,ENAL,60.0,60.0,100.0,0.0,0.0,300.0,300.0,512.0,599.0,770.0,1032.75,1224.5,-4.128333333333334,-3.5233333333333334,-2.5666666666666664,-1.8890277777777778,-1.5856666666666666,0.0,0.0,0.0,0.0,0.0,0.0,0.0,0.0,0.0,0.0,770.0,1224.5,100.0,0.0,98.33333333333333,1.6666666666666667,0.0,61.0,61.0,100.0,0.0,0.0,,,-1045.0,-880.0,-777.0,-691.0,-601.0,,,,,,,,,,,,,,,,777.0,1045.0,100.0,,98.36065573770492,0.0,1.639344262295082,0.0,nm_inferred,61.0,100.0,,Ålesund Airport,62.560443,6.110845,no
36,LFKB,59.0,59.0,100.0,0.0,0.0,360.0,360.0,115.0,150.0,165.0,207.5,231.0,-0.6416666666666666,-0.5763888888888888,-0.4583333333333333,-0.4166666666666667,-0.3194444444444444,0.0,0.0,0.0,0.0,0.0,0.0,0.0,0.0,0.0,0.0,165.0,231.0,100.0,0.0,100.0,0.0,0.0,60.0,60.0,100.0,0.0,0.0,,,-220.0,-148.5,-24.5,32.25,106.80000000000001,,,,,,,,,,,,,,,,74.5,220.0,61.666666666666664,,100.0,0.0,0.0,0.0,nm_inferred,60.0,100.0,,Bastia-Poretta International airport,42.5527,9.48373,no
37,LOWG,53.0,53.0,100.0,0.0,0.0,180.0,5.0,-623.0,-520.0,-400.0,-235.0,3.000000000000149,-0.01666666666666663,0.7395833333333334,1.28125,2.7777777777777777,3.3888888888888893,0.03333333333333336,0.75,1.0,1.0,1.0,0.027777777777777804,0.71875,1.0,1.0,1.0,400.0,623.0,11.320754716981131,60.37735849056604,96.22641509433963,1.8867924528301887,1.8867924528301887,57.0,57.0,100.0,0.0,0.0,,,409.0,475.0,505.0,535.0,569.0,,,,,,,,,,,,,,,,505.0,579.0,1.7543859649122806,,100.0,0.0,0.0,0.0,nm_inferred,57.0,100.0,,Graz Airport,46.9911,15.4396,no
38,LIMJ,53.0,53.0,100.0,0.0,0.0,600.0,600.0,45.0,60.0,75.0,90.0,115.0,-0.19,-0.15,-0.125,-0.1,-0.06696969696969696,0.0,0.0,0.0,0.0,0.0,0.0,0.0,0.0,0.0,0.0,75.0,115.0,100.0,0.0,100.0,0.0,0.0,52.0,52.0,100.0,0.0,0.0,,,123.80000000000003,209.5,260.0,276.25,295.0,,,,,,,,,,,,,,,,260.0,295.0,3.8461538461538463,,98.07692307692308,1.9230769230769231,0.0,0.0,nm_inferred,53.0,100.0,,Genoa Cristoforo Colombo Airport,44.412039,8.840732,no
39,EGHH,49.0,49.0,100.0,0.0,0.0,900.0,565.0,-655.5999999999999,-400.0,-155.0,-25.0,42.00000000000003,-0.047777777777777766,0.041666666666666664,0.17222222222222222,0.5888888888888889,1.0500000000000005,0.0,0.05,0.2,0.6,0.7366666666666667,0.0,0.041666666666666664,0.17222222222222222,0.575,0.7216666666666668,155.0,655.6000000000001,24.489795918367346,8.16326530612245,91.83673469387755,6.122448979591836,2.0408163265306123,46.0,46.0,100.0,0.0,0.0,,,303.5,413.25,537.5,655.0,749.5,,,,,,,,,,,,,,,,537.5,749.5,0.0,,93.47826086956522,2.1739130434782608,4.3478260869565215,0.0,nm_inferred,49.0,100.0,,Bournemouth Airport,50.780483,-1.839576,no
40,LKTB,49.0,49.0,100.0,0.0,0.0,300.0,145.0,-378.99999999999994,-215.0,-170.0,-125.0,-52.99999999999997,0.17666666666666667,0.4166666666666667,0.55,0.7,1.1766666666666667,0.2800000000000001,0.4,0.6,0.7,0.9200000000000003,0.25000000000000006,0.38333333333333336,0.5166666666666667,0.6666666666666666,0.8933333333333338,170.0,419.00000000000006,2.0408163265306123,10.204081632653061,89.79591836734694,6.122448979591836,4.081632653061225,49.0,49.0,100.0,0.0,0.0,,,404.0,430.0,480.0,565.0,607.0,,,,,,,,,,,,,,,,480.0,607.0,0.0,,97.95918367346938,0.0,2.0408163265306123,0.0,nm_inferred,49.0,100.0,,Brno-Tuřany Airport,49.151276,16.693972,no
41,ENCN,47.0,47.0,100.0,0.0,0.0,600.0,600.0,50.0,55.5,75.0,90.0,100.0,-0.21999999999999997,-0.16249999999999998,-0.13333333333333333,-0.0925,-0.08333333333333333,0.0,0.0,0.0,0.0,0.0,0.0,0.0,0.0,0.0,0.0,75.0,100.0,100.0,0.0,97.87234042553192,2.127659574468085,0.0,48.0,48.0,100.0,0.0,0.0,,,64.9,95.5,112.0,123.5,129.3,,,,,,,,,,,,,,,,112.5,130.0,8.333333333333334,,100.0,0.0,0.0,0.0,nm_inferred,48.0,100.0,,Kristiansand Airport,58.204201,8.08537,no
42,EYKA,47.0,47.0,100.0,0.0,0.0,600.0,30.0,-745.0,-697.5,-575.0,-390.0,-281.0000000000001,0.46833333333333343,0.65,0.9583333333333334,1.1625,1.2416666666666667,0.55,0.7,1.0,1.0,1.0,0.525,0.6666666666666666,0.9583333333333334,1.0,1.0,580.0,791.9999999999999,2.127659574468085,51.06382978723404,97.87234042553192,2.127659574468085,0.0,46.0,46.0,100.0,0.0,0.0,,,437.5,480.0,532.5,665.0,937.5,,,,,,,,,,,,,,,,532.5,937.5,0.0,,100.0,0.0,0.0,0.0,nm_inferred,47.0,100.0,,Kaunas International Airport,54.963965,24.08582,no
43,LERS,47.0,47.0,100.0,0.0,0.0,600.0,600.0,123.0,167.5,225.0,250.0,272.0,-0.4533333333333333,-0.4166666666666667,-0.375,-0.2791666666666667,-0.20500000000000002,0.0,0.0,0.0,0.0,0.0,0.0,0.0,0.0,0.0,0.0,225.0,272.0,100.0,0.0,97.87234042553192,2.127659574468085,0.0,47.0,47.0,100.0,0.0,0.0,,,-49.79999999999997,21.0,41.0,53.0,66.0,,,,,,,,,,,,,,,,49.0,106.39999999999995,14.893617021276595,,95.74468085106383,4.25531914893617,0.0,0.0,nm_inferred,47.0,100.0,,Reus Airport,41.147509,1.168354,no
44,LIPQ,44.0,44.0,100.0,0.0,0.0,600.0,290.0,-653.0,-506.25,-310.0,-32.5,-1.4999999999999858,0.0024999999999999983,0.05416666666666667,0.5166666666666667,0.84375,1.0883333333333336,0.014999999999999993,0.08750000000000001,0.55,0.85,1.0,0.0024999999999999983,0.05416666666666667,0.5083333333333333,0.8208333333333333,0.9841666666666667,310.0,653.0000000000001,11.363636363636363,13.636363636363637,97.72727272727273,0.0,2.272727272727273,46.0,46.0,100.0,0.0,0.0,,,414.0,444.25,514.0,580.0,625.0,,,,,,,,,,,,,,,,514.0,625.0,0.0,,97.82608695652173,0.0,2.1739130434782608,0.0,nm_inferred,46.0,100.0,,Trieste Airport,45.827862,13.466672,no
45,DAOO,44.0,44.0,100.0,0.0,0.0,480.0,480.0,18.0,60.25,95.0,275.75,437.6,-2.7,-0.9041666666666667,-0.3541666666666667,-0.14583333333333334,-0.041249999999999905,0.0,0.0,0.0,0.0,0.0,0.0,0.0,0.0,0.0,0.0,95.0,437.6,93.18181818181819,0.0,88.63636363636364,11.363636363636363,0.0,45.0,45.0,100.0,0.0,0.0,,,-1148.7999999999995,-263.0,113.0,229.0,246.2,,,,,,,,,,,,,,,,232.0,1148.8000000000018,44.44444444444444,,88.88888888888889,11.11111111111111,0.0,0.0,nm_inferred,45.0,100.0,,Oran Es-Sénia (Ahmed Ben Bella) International Airport,35.620648,-0.622486,no
46,GEML,45.0,45.0,100.0,0.0,0.0,300.0,300.0,54.0,185.0,290.0,355.0,406.0,-1.3533333333333333,-1.1833333333333333,-0.9666666666666667,-0.6166666666666667,-0.17999999999999994,0.0,0.0,0.0,0.0,0.0,0.0,0.0,0.0,0.0,0.0,290.0,406.0,100.0,0.0,95.55555555555556,4.444444444444445,0.0,45.0,45.0,100.0,0.0,0.0,,,-305.59999999999997,-159.0,-53.0,227.0,252.4,,,,,,,,,,,,,,,,210.0,305.6,57.77777777777778,,100.0,0.0,0.0,0.0,nm_inferred,45.0,100.0,,Melilla Airport,35.2798,-2.95626,no
47,EDLP,41.0,41.0,100.0,0.0,0.0,480.0,480.0,17.0,24.0,31.0,55.0,90.0,-0.15,-0.125,-0.08541666666666667,-0.04791666666666667,-0.03333333333333333,0.0,0.0,0.0,0.0,0.0,0.0,0.0,0.0,0.0,0.0,41.0,123.0,90.2439024390244,0.0,92.6829268292683,2.4390243902439024,4.878048780487805,40.0,40.0,100.0,0.0,0.0,,,157.5,171.0,192.0,279.0,308.2,,,,,,,,,,,,,,,,198.0,310.8,5.0,,87.5,5.0,7.5,0.0,nm_inferred,41.0,100.0,,Paderborn Lippstadt Airport,51.612527,8.617459,no
48,LIPY,40.0,40.0,100.0,0.0,0.0,300.0,300.0,73.0,148.75,182.5,212.5,260.5,-0.8683333333333334,-0.7083333333333333,-0.6083333333333334,-0.49583333333333335,-0.24333333333333323,0.0,0.0,0.0,0.0,0.0,0.0,0.0,0.0,0.0,0.0,182.5,260.5,100.0,0.0,100.0,0.0,0.0,41.0,41.0,100.0,0.0,0.0,,,-162.0,-110.0,-40.0,125.0,370.0,,,,,,,,,,,,,,,,120.0,375.0,56.09756097560975,,100.0,0.0,0.0,0.0,nm_inferred,41.0,100.0,,Marche Airport,43.616299,13.3623,no
49,LEXJ,40.0,40.0,100.0,0.0,0.0,300.0,300.0,205.0,242.5,267.5,290.0,316.0000000000001,-1.0533333333333335,-0.9666666666666667,-0.8916666666666666,-0.8083333333333333,-0.6833333333333333,0.0,0.0,0.0,0.0,0.0,0.0,0.0,0.0,0.0,0.0,267.5,316.0000000000001,100.0,0.0,97.5,2.5,0.0,39.0,39.0,100.0,0.0,0.0,,,-582.4,-399.5,-252.0,-151.0,135.8000000000002,,,,,,,,,,,,,,,,252.0,582.4000000000001,84.61538461538461,,100.0,0.0,0.0,0.0,nm_inferred,40.0,100.0,,Seve Ballesteros-Santander Airport,43.427101,-3.82001,no
50,LFRN,40.0,40.0,100.0,0.0,0.0,300.0,102.5,-492.0,-351.25,-245.0,-170.0,-142.49999999999997,0.3333333333333333,0.5083333333333334,0.7416666666666667,1.1666666666666667,1.6400000000000003,0.3333333333333333,0.5,0.7,1.0,1.0,0.3333333333333333,0.4625,0.674074074074074,0.95,1.0,252.5,555.5,2.5,25.0,97.5,0.0,2.5,39.0,39.0,100.0,0.0,0.0,,,387.6,442.5,470.0,569.5,633.6,,,,,,,,,,,,,,,,470.0,633.6,0.0,,94.87179487179488,2.5641025641025643,2.5641025641025643,0.0,nm_inferred,40.0,100.0,,Rennes-Saint-Jacques Airport,48.0695,-1.73479,no
51,LEAM,38.0,38.0,100.0,0.0,0.0,300.0,300.0,-45.0,-15.0,17.5,43.75,60.0,-0.2,-0.14583333333333331,-0.058333333333333334,0.05,0.15,0.0,0.0,0.0,0.1,0.2,0.0,0.0,0.0,0.05,0.15,40.0,60.0,71.05263157894737,0.0,100.0,0.0,0.0,39.0,39.0,100.0,0.0,0.0,,,186.4,234.0,261.0,277.5,386.6,,,,,,,,,,,,,,,,261.0,386.6,2.5641025641025643,,97.43589743589743,2.5641025641025643,0.0,0.0,nm_inferred,39.0,100.0,,Almería Airport,36.843899,-2.3701,no
52,LFTH,39.0,39.0,100.0,0.0,0.0,360.0,360.0,50.0,80.0,110.0,142.5,185.0,-0.5138888888888888,-0.3819444444444444,-0.3055555555555556,-0.2222222222222222,-0.125,0.0,0.0,0.0,0.0,0.0,0.0,0.0,0.0,0.0,0.0,110.0,185.0,100.0,0.0,97.43589743589743,2.5641025641025643,0.0,37.0,37.0,100.0,0.0,0.0,,,-181.4,-11.0,76.0,142.0,262.59999999999997,,,,,,,,,,,,,,,,120.0,303.79999999999995,32.432432432432435,,97.29729729729729,0.0,2.7027027027027026,0.0,nm_inferred,39.0,100.0,,Toulon-Hyères Airport,43.097301,6.14603,no
53,BIRK,38.0,38.0,100.0,0.0,0.0,300.0,275.0,-107.3,-97.0,-25.0,-6.0,3.3000000000000043,-0.011,0.02,0.08333333333333333,0.32333333333333336,0.3576666666666667,0.0,0.1,0.1,0.4,0.4,0.0,0.03333333333333333,0.09166666666666667,0.32916666666666666,0.36666666666666664,25.0,110.40000000000003,15.789473684210526,0.0,97.36842105263158,2.6315789473684212,0.0,34.0,34.0,100.0,0.0,0.0,,,242.10000000000002,294.75,323.5,372.5,392.2,,,,,,,,,,,,,,,,323.5,392.2,0.0,,97.05882352941177,2.9411764705882355,0.0,0.0,nm_inferred,38.0,100.0,,Reykjavík Domestic Airport,64.128732,-21.93759,no
54,LGMT,38.0,38.0,100.0,0.0,0.0,300.0,300.0,98.4,105.0,125.5,169.75,196.50000000000003,-0.6243333333333333,-0.5364583333333333,-0.44375,-0.35,-0.2808333333333333,0.0,0.0,0.0,0.0,0.0,0.0,0.0,0.0,0.0,0.0,125.5,196.50000000000003,100.0,0.0,100.0,0.0,0.0,38.0,38.0,100.0,0.0,0.0,,,21.700000000000003,74.25,96.0,128.75,154.10000000000002,,,,,,,,,,,,,,,,96.0,154.10000000000002,7.894736842105263,,97.36842105263158,0.0,2.6315789473684212,0.0,nm_inferred,38.0,100.0,,Mytilene International Airport,39.057406,26.598629,no
55,EKAH,36.0,36.0,100.0,0.0,0.0,600.0,600.0,62.5,84.5,97.5,133.75,202.5,-0.3375,-0.22291666666666668,-0.1575,-0.13708333333333333,-0.09444444444444444,0.0,0.0,0.0,0.0,0.0,0.0,0.0,0.0,0.0,0.0,97.5,202.5,100.0,0.0,86.11111111111111,8.333333333333334,5.555555555555555,37.0,37.0,100.0,0.0,0.0,,,-178.6,24.0,62.0,118.0,150.79999999999995,,,,,,,,,,,,,,,,97.0,202.99999999999997,21.62162162162162,,91.89189189189189,2.7027027027027026,5.405405405405405,0.0,nm_inferred,37.0,100.0,,Aarhus Airport,56.303331,10.618286,no
56,LIRZ,37.0,37.0,100.0,0.0,0.0,240.0,240.0,236.0,250.0,285.0,320.0,417.0,-1.6291666666666667,-1.2916666666666667,-1.1666666666666667,-1.0,-0.43000000000000016,0.0,0.0,0.0,0.0,0.0,0.0,0.0,0.0,0.0,0.0,285.0,417.0,100.0,0.0,97.29729729729729,2.7027027027027026,0.0,37.0,37.0,100.0,0.0,0.0,,,-229.0,-195.0,-50.0,25.0,75.0,,,,,,,,,,,,,,,,80.0,229.0,67.56756756756756,,100.0,0.0,0.0,0.0,nm_inferred,37.0,100.0,,Perugia San Francesco d'Assisi – Umbria International Airport,43.095901,12.5132,no
57,LOWL,35.0,35.0,100.0,0.0,0.0,300.0,300.0,60.0,75.0,95.0,110.0,123.0,-0.41000000000000003,-0.36666666666666664,-0.31666666666666665,-0.24166666666666667,-0.18999999999999997,0.0,0.0,0.0,0.0,0.0,0.0,0.0,0.0,0.0,0.0,95.0,123.0,100.0,0.0,94.28571428571429,2.857142857142857,2.857142857142857,31.0,31.0,100.0,0.0,0.0,,,55.0,120.0,205.0,295.0,310.0,,,,,,,,,,,,,,,,205.0,310.0,9.67741935483871,,96.7741935483871,0.0,3.225806451612903,0.0,nm_inferred,35.0,100.0,,Linz-Hörsching Airport,48.235362,14.188128,no
58,LDPL,31.0,31.0,100.0,0.0,0.0,300.0,300.0,10.0,25.0,55.0,82.0,95.0,-0.3,-0.225,-0.11666666666666667,-0.05555555555555555,-0.027777777777777776,0.0,0.0,0.0,0.0,0.0,0.0,0.0,0.0,0.0,0.0,65.0,110.0,90.3225806451613,0.0,83.87096774193549,3.225806451612903,12.903225806451612,34.0,34.0,100.0,0.0,0.0,,,131.3,191.0,261.0,276.0,282.0,,,,,,,,,,,,,,,,261.0,282.0,0.0,,85.29411764705883,2.9411764705882355,11.764705882352942,0.0,nm_inferred,34.0,100.0,,Pula Airport,44.893501,13.9222,no
59,LEZG,34.0,34.0,100.0,0.0,0.0,780.0,402.5,-780.0,-682.75,-350.0,-8.75,34.49999999999997,-0.045,0.029166666666666667,0.5455128205128206,1.1319444444444444,2.1204761904761904,0.0,0.017857142857142856,0.21666666666666667,0.4653846153846154,0.9,0.0,0.004166666666666667,0.19444444444444445,0.4166666666666667,0.8583333333333333,360.0,804.5,23.529411764705884,8.823529411764707,82.3529411764706,17.647058823529413,0.0,31.0,31.0,100.0,0.0,0.0,,,412.0,536.5,621.0,749.0,835.0,,,,,,,,,,,,,,,,621.0,835.0,0.0,,80.64516129032258,19.35483870967742,0.0,0.0,nm_inferred,34.0,100.0,,Zaragoza Airport,41.666199,-1.04155,no
60,EDMO,33.0,33.0,100.0,0.0,0.0,300.0,165.0,-1658.0,-318.0,-150.0,-85.0,-0.9999999999999609,0.0033333333333333617,0.2833333333333333,0.5,1.06,5.526666666666668,0.12000000000000002,0.3,0.5,1.0,1.0,0.09666666666666668,0.2833333333333333,0.45,0.9666666666666667,1.0,170.0,1987.0000000000002,12.121212121212121,27.272727272727273,87.87878787878788,3.0303030303030303,9.090909090909092,22.0,22.0,100.0,0.0,0.0,,,474.4,513.75,552.0,586.25,700.7000000000002,,,,,,,,,,,,,,,,552.0,700.7000000000002,0.0,,86.36363636363636,0.0,13.636363636363637,0.0,nm_inferred,33.0,100.0,,Oberpfaffenhofen Airport,48.081402,11.2831,no
61,LZKZ,33.0,33.0,100.0,0.0,0.0,600.0,600.0,41.0,50.0,65.0,200.0,262.0,-0.43666666666666665,-0.2777777777777778,-0.10833333333333334,-0.08333333333333333,-0.05777777777777777,0.0,0.0,0.0,0.0,0.0,0.0,0.0,0.0,0.0,0.0,65.0,262.0,100.0,0.0,96.96969696969697,0.0,3.0303030303030303,33.0,33.0,100.0,0.0,0.0,,,-319.4,-20.0,248.0,276.0,283.6,,,,,,,,,,,,,,,,261.0,319.40000000000003,27.272727272727273,,93.93939393939394,6.0606060606060606,0.0,0.0,nm_inferred,33.0,100.0,,Košice International Airport,48.663101,21.2411,no
62,GMMW,31.0,31.0,100.0,0.0,0.0,900.0,900.0,18.0,34.5,160.0,190.0,233.0,-0.36333333333333334,-0.24222222222222223,-0.17777777777777778,-0.05,-0.02,0.0,0.0,0.0,0.0,0.0,0.0,0.0,0.0,0.0,0.0,160.0,233.0,100.0,0.0,100.0,0.0,0.0,30.0,30.0,100.0,0.0,0.0,,,-186.1,-144.25,1.0,55.75,117.1,,,,,,,,,,,,,,,,80.0,239.10000000000002,46.666666666666664,,93.33333333333333,6.666666666666667,0.0,0.0,nm_inferred,31.0,100.0,,Nador Al Aaroui International Airport,34.9888,-3.02821,no
63,LGSK,31.0,31.0,100.0,0.0,0.0,720.0,720.0,105.0,185.0,230.0,267.5,320.0,-0.525,-0.3715277777777778,-0.3194444444444444,-0.23902777777777778,-0.14583333333333334,0.0,0.0,0.0,0.0,0.0,0.0,0.0,0.0,0.0,0.0,230.0,320.0,100.0,0.0,96.7741935483871,3.225806451612903,0.0,31.0,31.0,100.0,0.0,0.0,,,-212.0,-80.5,9.0,30.5,59.0,,,,,,,,,,,,,,,,41.0,212.0,48.38709677419355,,100.0,0.0,0.0,0.0,nm_inferred,31.0,100.0,,Skiathos Island National Airport,39.177101,23.5037,no
64,EGWU,30.0,30.0,100.0,0.0,0.0,600.0,600.0,-175.99999999999997,26.25,47.5,70.0,75.5,-0.12583333333333332,-0.11666666666666667,-0.07916666666666666,-0.04375,0.29333333333333345,0.0,0.0,0.0,0.0,0.3100000000000001,0.0,0.0,0.0,0.0,0.29333333333333345,65.0,176.00000000000009,86.66666666666667,6.666666666666667,90.0,3.3333333333333335,6.666666666666667,30.0,30.0,100.0,0.0,0.0,,,456.2,479.25,515.0,602.25,873.5000000000014,,,,,,,,,,,,,,,,515.0,873.5000000000014,0.0,,86.66666666666667,3.3333333333333335,10.0,0.0,nm_inferred,30.0,100.0,,RAF Northolt,51.553001,-0.418167,no
65,GMFO,28.0,28.0,100.0,0.0,0.0,600.0,600.0,192.0,265.0,310.0,371.25,471.5,-0.8208333333333333,-0.625,-0.5125,-0.41145833333333337,-0.26666666666666666,0.0,0.0,0.0,0.0,0.0,0.0,0.0,0.0,0.0,0.0,310.0,471.5,100.0,0.0,96.42857142857143,3.5714285714285716,0.0,30.0,30.0,100.0,0.0,0.0,,,-250.2,-171.5,-108.0,-25.0,77.1,,,,,,,,,,,,,,,,119.0,250.20000000000005,83.33333333333333,,93.33333333333333,6.666666666666667,0.0,0.0,nm_inferred,30.0,100.0,,Oujda Angads Airport,34.789558,-1.926041,no
66,LGSM,30.0,30.0,100.0,0.0,0.0,360.0,360.0,109.7,160.0,207.0,353.25,743.7,-1.9608333333333332,-0.9812500000000001,-0.5888888888888889,-0.36666666666666664,-0.2771794871794872,0.0,0.0,0.0,0.0,0.0,0.0,0.0,0.0,0.0,0.0,207.0,743.7,100.0,0.0,90.0,3.3333333333333335,6.666666666666667,30.0,30.0,100.0,0.0,0.0,,,-153.89999999999998,-107.0,-24.0,66.25,142.10000000000002,,,,,,,,,,,,,,,,80.0,164.7000000000001,56.666666666666664,,100.0,0.0,0.0,0.0,nm_inferred,30.0,100.0,,Samos Airport,37.689999,26.911699,no
67,EIKN,29.0,29.0,100.0,0.0,0.0,600.0,290.0,-972.0,-635.0,-310.0,-215.0,-165.0,0.2816666666666667,0.36666666666666664,0.525,1.0583333333333333,2.1966666666666663,0.3,0.4,0.4583333333333333,0.75,1.0,0.2816666666666667,0.35833333333333334,0.4444444444444444,0.7166666666666667,1.0,310.0,972.0,0.0,13.793103448275861,96.55172413793103,0.0,3.4482758620689653,29.0,29.0,100.0,0.0,0.0,,,382.8,506.0,578.0,653.0,752.7999999999998,,,,,,,,,,,,,,,,578.0,752.7999999999998,0.0,,96.55172413793103,0.0,3.4482758620689653,0.0,nm_inferred,29.0,100.0,,Ireland West Airport Knock,53.910439,-8.817002,no
68,LTAN,28.0,28.0,100.0,0.0,0.0,300.0,300.0,616.5,735.0,807.5,1189.25,1277.3,-4.257666666666666,-3.964166666666667,-2.6916666666666664,-2.425,-1.2799999999999996,0.0,0.0,0.0,0.0,0.0,0.0,0.0,0.0,0.0,0.0,807.5,1277.3,100.0,0.0,100.0,0.0,0.0,29.0,29.0,100.0,0.0,0.0,,,-1125.0,-1010.0,-935.0,-845.0,-805.0,,,,,,,,,,,,,,,,935.0,1125.0,100.0,,100.0,0.0,0.0,0.0,nm_inferred,29.0,100.0,,Konya Airport,37.979,32.561901,no
69,UBBN,27.0,27.0,100.0,0.0,0.0,0.0,,608.0,660.0,1180.0,1375.0,1518.0,,,,,,,,,,,,,,,,1180.0,1518.0,100.0,,96.29629629629629,3.7037037037037037,0.0,29.0,29.0,100.0,0.0,0.0,,,-1599.0,-1395.0,-1240.0,-545.0,-471.00000000000006,,,,,,,,,,,,,,,,1240.0,1599.0,100.0,,96.55172413793103,3.4482758620689653,0.0,0.0,nm_inferred,29.0,100.0,,Nakhchivan International Airport,39.188801,45.458401,no
70,DABC,28.0,28.0,100.0,0.0,0.0,360.0,360.0,943.5,1005.0,1040.0,2102.5,2218.0,-6.1611111111111105,-5.840277777777778,-2.888888888888889,-2.7916666666666665,-2.620833333333333,0.0,0.0,0.0,0.0,0.0,0.0,0.0,0.0,0.0,0.0,1040.0,2218.0,100.0,0.0,75.0,25.0,0.0,28.0,28.0,100.0,0.0,0.0,,,-2733.5,-2494.5,-1203.5,-946.5,-878.5999999999999,,,,,,,,,,,,,,,,1203.5,2733.5,100.0,,82.14285714285714,17.857142857142858,0.0,0.0,nm_inferred,28.0,100.0,,Mohamed Boudiaf International Airport,36.276001,6.62039,no
71,EFOU,26.0,26.0,100.0,0.0,0.0,420.0,420.0,440.0,485.0,532.5,598.75,922.5,-3.075,-1.8666666666666667,-1.2678571428571428,-1.1547619047619047,-1.0476190476190477,0.0,0.0,0.0,0.0,0.0,0.0,0.0,0.0,0.0,0.0,532.5,922.5,100.0,0.0,100.0,0.0,0.0,28.0,28.0,100.0,0.0,0.0,,,-473.8,-415.5,-311.5,-257.0,-211.29999999999998,,,,,,,,,,,,,,,,311.5,473.8,100.0,,96.42857142857143,3.5714285714285716,0.0,0.0,nm_inferred,28.0,100.0,,Oulu Airport,64.930099,25.354601,no
72,LFLC,28.0,28.0,100.0,0.0,0.0,480.0,480.0,80.0,103.75,120.0,131.25,155.0,-0.3229166666666667,-0.26302083333333337,-0.234375,-0.203125,-0.15388888888888888,0.0,0.0,0.0,0.0,0.0,0.0,0.0,0.0,0.0,0.0,120.0,155.0,100.0,0.0,89.28571428571429,0.0,10.714285714285714,25.0,25.0,100.0,0.0,0.0,,,31.400000000000016,105.0,124.0,138.0,178.8,,,,,,,,,,,,,,,,124.0,178.8,8.0,,88.0,0.0,12.0,0.0,nm_inferred,28.0,100.0,,Clermont-Ferrand Auvergne airport,45.786701,3.16917,no
73,LIBP,28.0,28.0,100.0,0.0,0.0,900.0,900.0,20.0,33.75,50.0,71.25,85.0,-0.15,-0.09444444444444444,-0.075,-0.046825396825396826,-0.026111111111111106,0.0,0.0,0.0,0.0,0.0,0.0,0.0,0.0,0.0,0.0,50.0,85.0,92.85714285714286,0.0,100.0,0.0,0.0,26.0,26.0,100.0,0.0,0.0,,,246.5,260.75,310.0,328.75,342.5,,,,,,,,,,,,,,,,310.0,342.5,0.0,,100.0,0.0,0.0,0.0,nm_inferred,28.0,100.0,,Abruzzo Airport,42.431079,14.182981,no
74,LTFO,26.0,26.0,100.0,0.0,0.0,300.0,300.0,-1180.0,-728.75,120.0,373.75,4212.5,-14.041666666666668,-1.2458333333333333,-0.4,2.4291666666666667,3.9333333333333336,0.0,0.0,0.0,0.675,1.0,0.0,0.0,0.0,0.6083333333333334,1.0,702.5,4212.5,61.53846153846154,19.23076923076923,69.23076923076923,30.76923076923077,0.0,28.0,28.0,100.0,0.0,0.0,,,-3503.5,-3006.25,118.5,255.0,581.5,,,,,,,,,,,,,,,,667.5,3503.5,46.42857142857143,,64.28571428571429,35.714285714285715,0.0,0.0,nm_inferred,28.0,100.0,,Rize–Artvin Airport,41.179766,40.848802,no
75,LESO,26.0,26.0,100.0,0.0,0.0,420.0,420.0,130.0,150.0,192.5,243.75,265.0,-0.7916666666666667,-0.5833333333333334,-0.5059523809523809,-0.35714285714285715,-0.30952380952380953,0.0,0.0,0.0,0.0,0.0,0.0,0.0,0.0,0.0,0.0,192.5,265.0,100.0,0.0,96.15384615384616,3.8461538461538463,0.0,27.0,27.0,100.0,0.0,0.0,,,-405.2,-247.5,-161.0,-37.5,191.4,,,,,,,,,,,,,,,,195.0,405.2000000000004,81.48148148148148,,100.0,0.0,0.0,0.0,nm_inferred,27.0,100.0,,San Sebastián Airport,43.356499,-1.79061,no
76,LFBT,26.0,26.0,100.0,0.0,0.0,600.0,600.0,-149.5,22.5,47.5,58.75,180.0,-0.25277777777777777,-0.08333333333333333,-0.06944444444444445,-0.034722222222222224,0.1713888888888889,0.0,0.0,0.0,0.0,0.05,0.0,0.0,0.0,0.0,0.016666666666666666,50.0,320.0,88.46153846153847,0.0,100.0,0.0,0.0,23.0,23.0,100.0,0.0,0.0,,,289.4,301.0,318.0,544.0,584.8,,,,,,,,,,,,,,,,318.0,584.8,8.695652173913043,,100.0,0.0,0.0,0.0,nm_inferred,26.0,100.0,,Tarbes-Lourdes-Pyrénées Airport,43.178699,-0.006439,no
77,LGHI,26.0,26.0,100.0,0.0,0.0,300.0,300.0,172.5,212.5,299.5,345.75,440.5,-1.4683333333333333,-1.1524999999999999,-0.9983333333333333,-0.7083333333333333,-0.575,0.0,0.0,0.0,0.0,0.0,0.0,0.0,0.0,0.0,0.0,299.5,440.5,100.0,0.0,100.0,0.0,0.0,25.0,25.0,100.0,0.0,0.0,,,-323.4,-252.0,-195.0,-132.0,-77.39999999999995,,,,,,,,,,,,,,,,195.0,323.4000000000001,100.0,,100.0,0.0,0.0,0.0,nm_inferred,26.0,100.0,,Chios Island National Airport,38.34320068359375,26.140600204467773,no
78,EDDR,25.0,25.0,100.0,0.0,100.0,300.0,300.0,23.800000000000004,30.0,45.0,70.0,80.0,-0.39444444444444443,-0.25,-0.16666666666666666,-0.09523809523809523,-0.07264437689969604,0.0,0.0,0.0,0.0,0.0,0.0,0.0,0.0,0.0,0.0,45.0,80.0,96.0,0.0,96.0,4.0,0.0,25.0,25.0,100.0,2.0,100.0,300.0,105.0,22.800000000000054,148.0,230.0,241.0,285.0,0.4205128205128205,0.5656136300027987,0.6965317919075145,0.945,1.0222733371669541,0.42424242424242425,0.5934065934065934,0.75,0.95,1.0,0.43457117595048633,0.5763364119787293,0.708092485549133,0.9633333333333334,0.9981981981981982,230.0,285.0,12.0,30.434782608695652,96.0,4.0,0.0,100.0,apdf,25.0,100.0,0.3540462427745665,Saarbrücken Airport,49.214545,7.109735,yes
79,EPSC,25.0,25.0,100.0,0.0,0.0,300.0,300.0,123.0,150.0,180.0,205.0,246.0,-0.8066666666666666,-0.65,-0.5166666666666667,-0.2222222222222222,-0.1733333333333333,0.0,0.0,0.0,0.0,0.0,0.0,0.0,0.0,0.0,0.0,180.0,246.0,100.0,0.0,96.0,4.0,0.0,25.0,25.0,100.0,0.0,0.0,,,-245.0,-115.0,-65.0,-10.0,24.00000000000002,,,,,,,,,,,,,,,,80.0,245.0,76.0,,100.0,0.0,0.0,0.0,nm_inferred,25.0,100.0,,Solidarity Szczecin–Goleniów Airport,53.584702,14.9022,no
80,EKVG,24.0,24.0,100.0,0.0,0.0,300.0,300.0,1977.5,2027.5,2152.5,2871.25,3571.4999999999995,-11.905,-9.570833333333333,-7.175000000000001,-6.758333333333333,-6.591666666666667,0.0,0.0,0.0,0.0,0.0,0.0,0.0,0.0,0.0,0.0,2152.5,3571.4999999999995,100.0,0.0,100.0,0.0,0.0,22.0,22.0,100.0,0.0,0.0,,,-3237.4,-2133.0,-1980.0,-1875.5,-1712.4999999999998,,,,,,,,,,,,,,,,1980.0,3237.4,100.0,,100.0,0.0,0.0,0.0,nm_inferred,24.0,100.0,,Vágar Airport,62.063256,-7.275782,no
81,LFBP,24.0,24.0,100.0,0.0,0.0,600.0,600.0,70.0,85.0,105.0,135.0,148.5,-0.26166666666666666,-0.22708333333333333,-0.175,-0.14166666666666666,-0.11666666666666667,0.0,0.0,0.0,0.0,0.0,0.0,0.0,0.0,0.0,0.0,105.0,148.5,100.0,0.0,95.83333333333333,4.166666666666667,0.0,24.0,24.0,100.0,0.0,0.0,,,132.0,178.0,198.5,207.0,214.0,,,,,,,,,,,,,,,,199.5,214.7,8.333333333333334,,100.0,0.0,0.0,0.0,nm_inferred,24.0,100.0,,Pau Pyrénées Airport,43.380001,-0.418611,no
82,LRSB,24.0,24.0,100.0,0.0,0.0,300.0,300.0,215.0,240.0,257.5,318.75,417.0,-1.39,-1.0625,-0.8583333333333334,-0.8,-0.67,0.0,0.0,0.0,0.0,0.0,0.0,0.0,0.0,0.0,0.0,257.5,417.0,100.0,0.0,95.83333333333333,4.166666666666667,0.0,24.0,24.0,100.0,0.0,0.0,,,-673.7,-438.5,7.5,41.75,79.19999999999999,,,,,,,,,,,,,,,,76.0,673.7,45.833333333333336,,100.0,0.0,0.0,0.0,nm_inferred,24.0,100.0,,Sibiu International Airport,45.785841,24.086666,no
83,LFMP,23.0,23.0,100.0,0.0,0.0,300.0,300.0,-345.0,17.5,70.0,105.0,160.0,-0.45999999999999996,-0.23333333333333334,-0.13333333333333333,-0.030555555555555555,0.7950000000000004,0.0,0.0,0.0,0.0,0.8000000000000004,0.0,0.0,0.0,0.0,0.7950000000000004,95.0,345.0000000000001,82.6086956521739,8.695652173913043,91.30434782608695,4.3478260869565215,4.3478260869565215,22.0,22.0,100.0,0.0,0.0,,,69.1,79.75,200.5,286.5,466.6,,,,,,,,,,,,,,,,200.5,466.6,4.545454545454546,,100.0,0.0,0.0,0.0,nm_inferred,23.0,100.0,,Perpignan-Rivesaltes (Llabanère) Airport,42.740398,2.87067,no
84,LGKL,22.0,22.0,100.0,0.0,0.0,480.0,480.0,149.0,193.75,229.5,345.0,591.0000000000002,-1.23125,-0.7715773809523809,-0.453125,-0.3875,-0.2601666666666666,0.0,0.0,0.0,0.0,0.0,0.0,0.0,0.0,0.0,0.0,229.5,591.0000000000002,100.0,0.0,95.45454545454545,4.545454545454546,0.0,23.0,23.0,100.0,0.0,0.0,,,-576.2,-458.5,-290.0,-223.0,-184.4,,,,,,,,,,,,,,,,290.0,576.2,100.0,,100.0,0.0,0.0,0.0,nm_inferred,23.0,100.0,,Kalamata Airport,37.06829833984375,22.02549934387207,no
85,LPCS,23.0,23.0,100.0,0.0,0.0,300.0,300.0,-580.0,-207.5,10.0,40.0,72.00000000000001,-0.24,-0.11666666666666667,-0.03333333333333333,0.6916666666666667,1.933333333333334,0.0,0.0,0.0,0.44999999999999996,0.8800000000000001,0.0,0.0,0.0,0.44999999999999996,0.8066666666666668,60.0,735.0000000000001,65.21739130434783,8.695652173913043,95.65217391304348,0.0,4.3478260869565215,20.0,20.0,100.0,0.0,0.0,,,291.5,315.5,375.0,456.25,509.4000000000001,,,,,,,,,,,,,,,,375.0,509.4000000000001,5.0,,90.0,5.0,5.0,0.0,nm_inferred,23.0,100.0,,Cascais Airport,38.724998,-9.35523,no
86,LTCE,22.0,22.0,100.0,0.0,0.0,300.0,300.0,610.0,635.0,1527.5,1701.25,2022.5000000000005,-6.175,-5.6469696969696965,-5.091666666666667,-2.1166666666666667,-2.033333333333333,0.0,0.0,0.0,0.0,0.0,0.0,0.0,0.0,0.0,0.0,1527.5,2022.5000000000005,100.0,0.0,100.0,0.0,0.0,23.0,23.0,100.0,0.0,0.0,,,-1748.0,-1442.5,-855.0,-612.5,-585.0,,,,,,,,,,,,,,,,855.0,1748.0000000000002,100.0,,100.0,0.0,0.0,0.0,nm_inferred,23.0,100.0,,Erzurum International Airport,39.956501,41.1702,no
87,EKRN,22.0,22.0,100.0,0.0,0.0,300.0,300.0,155.0,165.0,192.5,210.0,229.5,-0.765,-0.7,-0.6416666666666666,-0.55,-0.5166666666666667,0.0,0.0,0.0,0.0,0.0,0.0,0.0,0.0,0.0,0.0,192.5,229.5,100.0,0.0,100.0,0.0,0.0,21.0,21.0,100.0,0.0,0.0,,,-112.0,37.0,118.0,148.0,176.0,,,,,,,,,,,,,,,,126.0,178.0,19.047619047619047,,100.0,0.0,0.0,0.0,nm_inferred,22.0,100.0,,Bornholm Airport,55.063301,14.7596,no
88,ENML,19.0,19.0,100.0,0.0,0.0,300.0,300.0,574.8,629.0,709.0,848.5,1311.1999999999998,-4.370666666666667,-2.828333333333333,-2.3633333333333333,-2.0966666666666667,-1.916,0.0,0.0,0.0,0.0,0.0,0.0,0.0,0.0,0.0,0.0,709.0,1311.1999999999998,100.0,0.0,100.0,0.0,0.0,21.0,21.0,100.0,0.0,0.0,,,-929.0,-901.0,-783.0,-705.0,-623.0,,,,,,,,,,,,,,,,783.0,929.0,100.0,,100.0,0.0,0.0,0.0,nm_inferred,21.0,100.0,,"Molde Airport, Årø",62.744701,7.2625,no
89,EBOS,20.0,20.0,100.0,0.0,0.0,900.0,900.0,34.5,48.75,60.0,75.0,84.50000000000006,-0.4666666666666666,-0.09583333333333334,-0.075,-0.05555555555555555,-0.04333333333333332,0.0,0.0,0.0,0.0,0.0,0.0,0.0,0.0,0.0,0.0,60.0,84.50000000000006,100.0,0.0,90.0,5.0,5.0,20.0,20.0,100.0,0.0,0.0,,,254.3,260.0,275.0,300.0,366.00000000000074,,,,,,,,,,,,,,,,275.0,366.00000000000074,0.0,,95.0,5.0,0.0,0.0,nm_inferred,20.0,100.0,,Ostend-Bruges International Airport,51.1998,2.874673,no
90,EIKY,20.0,20.0,100.0,0.0,0.0,720.0,720.0,5.0,10.0,30.0,41.25,45.0,-0.06999999999999999,-0.0625,-0.041666666666666664,-0.02847222222222222,-0.006944444444444444,0.0,0.0,0.0,0.0,0.0,0.0,0.0,0.0,0.0,0.0,30.0,45.0,100.0,0.0,100.0,0.0,0.0,18.0,18.0,100.0,0.0,0.0,,,243.6,258.25,268.5,288.0,308.9,,,,,,,,,,,,,,,,268.5,308.9,5.555555555555555,,100.0,0.0,0.0,0.0,nm_inferred,20.0,100.0,,Kerry Airport,52.180901,-9.52378,no
91,LICR,20.0,20.0,100.0,0.0,0.0,300.0,300.0,731.0,1120.0,1182.5,1275.0,1506.5,-5.0216666666666665,-4.25,-3.9416666666666664,-3.7333333333333334,-2.436666666666666,0.0,0.0,0.0,0.0,0.0,0.0,0.0,0.0,0.0,0.0,1182.5,1506.5,100.0,0.0,100.0,0.0,0.0,20.0,20.0,100.0,0.0,0.0,,,-1442.5,-1340.75,-1097.0,-978.5,-734.5999999999999,,,,,,,,,,,,,,,,1097.0,1442.5,100.0,,100.0,0.0,0.0,0.0,nm_inferred,20.0,100.0,,Reggio Calabria Airport,38.071201,15.6516,no
92,LIPB,20.0,20.0,100.0,0.0,0.0,420.0,420.0,77.0,207.5,257.5,297.5,325.0,-0.7738095238095238,-0.7083333333333333,-0.6130952380952381,-0.49404761904761907,-0.1833333333333332,0.0,0.0,0.0,0.0,0.0,0.0,0.0,0.0,0.0,0.0,267.5,329.50000000000006,95.0,0.0,95.0,0.0,5.0,18.0,18.0,100.0,0.0,0.0,,,-403.99999999999994,-163.75,87.5,262.5,274.5,,,,,,,,,,,,,,,,252.5,435.5000000000002,38.888888888888886,,88.88888888888889,5.555555555555555,5.555555555555555,0.0,nm_inferred,20.0,100.0,,Bolzano Airport,46.459245,11.326125,no
93,LSZR,18.0,18.0,100.0,0.0,0.0,300.0,130.0,-405.0,-228.75,-170.0,-47.5,55.0,-0.18333333333333332,0.15833333333333333,0.5666666666666667,0.7625,1.35,0.0,0.225,0.6,0.775,1.0,0.0,0.15833333333333333,0.5666666666666667,0.7625,0.9766666666666667,170.0,405.0,22.22222222222222,16.666666666666668,94.44444444444444,0.0,5.555555555555555,20.0,20.0,100.0,0.0,0.0,,,382.6,424.25,490.0,522.0,537.3000000000001,,,,,,,,,,,,,,,,490.0,537.3000000000001,0.0,,90.0,0.0,10.0,0.0,nm_inferred,20.0,100.0,,Sankt Gallen Altenrhein Airport,47.485001,9.56077,no
94,LOWW,1165.0,1165.0,100.0,0.0,98.19742489270386,600.0,170.0,-805.0,-565.0,-355.0,-200.0,-71.99999999999932,0.18528138528138532,0.425,0.6444444444444445,0.9083333333333333,1.025,0.25,0.45,0.6538461538461539,0.9,1.0,0.20324675324675326,0.425,0.6282051282051282,0.875,0.9735042735042738,360.0,825.0,5.407725321888412,13.991416309012875,92.87553648068669,5.75107296137339,1.3733905579399142,1148.0,1147.0,99.91289198606272,0.0,99.82578397212544,360.0,5.0,438.00000000000006,535.0,630.0,750.0,885.0,1.158888888888889,1.4791666666666667,1.7083333333333333,2.1458333333333335,2.9500000000000077,1.0,1.0,1.0,1.0,1.0,0.9722222222222222,1.0,1.0,1.0,1.0,635.0,944.0000000000009,2.005231037489102,92.40174672489083,92.94425087108014,5.662020905923345,1.3066202090592334,99.82578397212544,apdf,1165.0,99.95644599303137,0.813747989815063,Vienna International Airport,48.110298,16.5697,yes
95,EHAM,2101.0,2099.0,99.90480723465016,0.0,99.00047596382674,691.0,540.0,-562.2,-337.0,-6.0,4.0,12.0,-0.022109679252536395,-0.006396802212593948,0.009433962264150943,0.4369336006504148,0.6147177899499882,0.0,0.0,0.05263157894736842,0.43875,0.5789473684210527,0.0,0.0,0.013513513513513514,0.4114124240618171,0.5486740266947049,12.0,589.2,34.921391138637446,1.3816102906145784,94.0028557829605,5.521180390290338,0.38077106139933364,2061.0,2059.0,99.90295972828724,0.0,99.22367782629792,449.0,5.0,293.0,299.0,498.0,746.0,978.6000000000001,0.5852574958818608,0.8572090560042367,1.1119402985074627,1.3483948741040939,1.7008797653958945,0.6215517241379311,0.8352713178294574,1.0,1.0,1.0,0.6153260418108819,0.8474576271186441,0.9937888198757763,1.0,1.0044184141440853,524.0,1019.6000000000001,2.234094220495386,63.72980910425844,92.43085880640466,7.035419699175158,0.4366812227074236,99.22367782629792,apdf,2101.0,99.90388348146871,0.5031670747276759,Amsterdam Airport Schiphol,52.308601,4.76389,yes
96,LICC,386.0,385.0,99.74093264248705,0.0,99.74093264248705,660.0,660.0,205.0,265.0,345.0,430.0,620.0,-1.1444444444444444,-0.75,-0.5277777777777778,-0.38333333333333336,-0.2671428571428571,0.0,0.0,0.0,0.0,0.0,0.0,0.0,0.0,0.0,0.0,345.0,620.0,99.48051948051948,0.0,97.15025906735751,2.5906735751295336,0.0,384.0,384.0,100.0,0.0,100.0,300.0,300.0,-473.5,-280.0,-130.0,-50.0,-5.0,-1.5604166666666666,-0.8255208333333333,-0.4037037037037037,-0.12037037037037036,-0.016666666666666666,0.0,0.0,0.0,0.0,0.0,0.0,0.0,0.0,0.0,0.0,130.0,473.49999999999994,92.96875,0.0,97.91666666666667,2.0833333333333335,0.0,100.0,apdf,386.0,99.87046632124353,0.0,Catania-Fontanarossa Airport,37.466801,15.0664,yes
97,LIRF,1445.0,1443.0,99.86159169550173,0.0,98.33910034602076,1080.0,1080.0,-5.0,5.0,20.0,35.0,45.0,-0.047619047619047616,-0.03205128205128205,-0.015432098765432098,-0.004166666666666667,0.0043859649122807015,0.0,0.0,0.0,0.0,0.021739130434782608,0.0,0.0,0.0,0.0,0.0043859649122807015,20.0,45.0,86.62508662508662,0.0,95.91695501730104,3.875432525951557,0.06920415224913495,1424.0,1422.0,99.85955056179775,0.0,98.94662921348315,600.0,280.0,295.0,320.0,340.0,355.0,370.0,0.3238562091503268,0.43452380952380953,0.5454545454545454,0.65625,0.8460317460317462,0.34210526315789475,0.4583333333333333,0.5909090909090909,0.6875,0.875,0.3333333333333333,0.4423076923076923,0.553030303030303,0.6666666666666666,0.8621212121212124,340.0,370.0,1.1954992967651195,6.183368869936034,94.59269662921348,5.126404494382022,0.1404494382022472,98.94662921348315,apdf,1445.0,99.86057112864974,0.27612960956028143,Rome–Fiumicino Leonardo da Vinci International Airport,41.804532,12.251998,yes
98,ELLX,323.0,323.0,100.0,0.0,99.69040247678018,720.0,270.0,-810.0,-620.0,-455.0,-297.5,-170.99999999999994,0.3011111111111111,0.4616161616161616,0.6421568627450981,0.8179450757575758,0.9361990950226244,0.3333333333333333,0.5,0.65,0.8333333333333334,0.95,0.30974025974025976,0.4616161616161616,0.6296296296296297,0.8103956228956228,0.9261764705882354,460.0,852.0000000000002,3.4055727554179565,8.359133126934985,90.09287925696594,8.6687306501548,1.238390092879257,327.0,326.0,99.69418960244649,0.0,99.08256880733946,240.0,5.0,405.0,455.0,510.0,585.0,700.0,1.4526455026455025,1.6666666666666667,1.9166666666666667,2.2708333333333335,2.9166666666666683,1.0,1.0,1.0,1.0,1.0,1.0,1.0,1.0,1.0,1.0,520.0,720.0,2.7607361963190185,98.14241486068111,90.8256880733945,7.6452599388379205,1.2232415902140672,99.69040247678018,apdf,327.0,99.84709480122325,0.8135689206025598,Luxembourg-Findel International Airport,49.626845,6.212134,yes
99,EPKK,325.0,325.0,100.0,0.0,0.0,780.0,220.0,-773.0,-665.0,-570.0,-450.0,-325.99999999999966,0.37955555555555553,0.5888888888888889,0.7277777777777777,0.9358974358974359,1.1716666666666669,0.4,0.6,0.7333333333333333,0.9,1.0,0.3888888888888889,0.5777777777777777,0.7166666666666667,0.8888888888888888,1.0,575.0,780.0,4.615384615384615,20.307692307692307,95.38461538461539,3.3846153846153846,1.2307692307692308,322.0,321.0,99.68944099378882,0.0,0.0,,,505.0,625.0,700.0,765.0,1090.0,,,,,,,,,,,,,,,,705.0,1293.0,0.6230529595015576,,93.7888198757764,4.3478260869565215,1.5527950310559007,0.0,nm_inferred,325.0,99.84472049689441,,Kraków John Paul II International Airport,50.077702,19.7848,no
100,EGSS,891.0,890.0,99.88776655443323,0.0,100.0,720.0,720.0,-5.499999999999972,20.0,40.0,55.0,65.0,-0.10185185185185185,-0.075,-0.05,-0.026944444444444444,0.008333333333333423,0.0,0.0,0.0,0.0,0.04204545454545463,0.0,0.0,0.0,0.0,0.01558080808080818,45.0,186.00000000000023,89.7752808988764,0.6741573033707865,95.51066217732884,3.9281705948372614,0.4489337822671156,891.0,889.0,99.77553310886644,0.0,100.0,420.0,80.0,265.0,295.0,315.0,335.0,562.0000000000005,0.5,0.65625,0.8055555555555556,0.9666666666666667,1.4694444444444446,0.5555555555555556,0.6875,0.8333333333333334,1.0,1.0,0.5362962962962964,0.6785714285714286,0.8194444444444444,0.9833333333333333,1.0,315.0,596.0000000000002,1.7997750281214848,28.1214848143982,93.6026936026936,5.836139169472503,0.3367003367003367,100.0,apdf,891.0,99.83164983164983,0.40903245417134304,London Stansted Airport,51.884998,0.235,yes
101,EGGW,589.0,589.0,100.0,0.0,99.15110356536503,840.0,840.0,20.0,25.0,45.0,60.0,65.0,-0.11499999999999999,-0.08333333333333333,-0.052083333333333336,-0.030303030303030304,-0.018518518518518517,0.0,0.0,0.0,0.0,0.0,0.0,0.0,0.0,0.0,0.0,45.0,65.0,99.830220713073,0.0,95.92529711375212,3.0560271646859083,1.0186757215619695,572.0,570.0,99.65034965034965,0.0,99.65034965034964,300.0,5.0,265.0,290.0,310.0,325.0,340.0,0.6770833333333334,0.8888888888888888,1.0833333333333333,1.3125,1.6388888888888888,0.7857142857142857,0.9166666666666666,1.0,1.0,1.0,0.7288690476190476,0.9166666666666666,1.0,1.0,1.0,310.0,340.0,2.280701754385965,71.05263157894737,95.27972027972028,3.8461538461538463,0.5244755244755245,99.65034965034964,apdf,589.0,99.82517482517483,0.4991258741258741,London Luton Airport,51.874699,-0.368333,yes
102,LSZH,1129.0,1126.0,99.73427812223207,0.0,99.46855624446412,706.0,25.0,-2827.0,-1097.75,-761.0,-576.25,-414.0,0.7561623196996641,0.9204911728364245,0.978604088439341,1.389441688458186,4.0232343679712095,0.8,0.9285714285714286,1.0,1.0,1.0,0.7558659355858526,0.9105940513393507,0.9688673682850197,0.9980712238619844,1.0018554472350738,764.0,2827.0,0.7104795737122558,61.01243339253996,94.68556244464128,3.808680248007086,1.2400354295837024,1099.0,1098.0,99.90900818926296,0.0,100.0,320.0,5.0,501.0,556.0,638.0,774.0,1117.2000000000003,1.4771970897565192,1.7237101960921388,1.9717865566037736,2.380808615819209,3.332537164496074,1.0,1.0,1.0,1.0,1.0,0.9885768137100025,0.9941520467836257,1.0,1.0037174721189592,1.0079529516766543,639.5,1158.3000000000002,0.819672131147541,97.99635701275045,93.08462238398545,5.641492265696088,1.1828935395814377,100.0,apdf,1129.0,99.82164315574752,0.9826778792897148,Zürich Airport,47.458056,8.548056,yes
103,EVRA,280.0,280.0,100.0,0.0,97.5,600.0,600.0,30.0,40.0,55.0,70.0,80.0,-0.16666666666666666,-0.12037037037037036,-0.09090909090909091,-0.06481481481481481,-0.0453962703962704,0.0,0.0,0.0,0.0,0.0,0.0,0.0,0.0,0.0,0.0,55.0,80.0,100.0,0.0,96.78571428571429,2.857142857142857,0.35714285714285715,278.0,277.0,99.64028776978417,0.0,97.84172661870504,240.0,5.0,240.0,255.0,275.0,295.0,300.0,0.7083333333333334,0.9458333333333333,1.1458333333333333,1.4444444444444444,1.6388888888888888,0.75,1.0,1.0,1.0,1.0,0.7375,0.9625,1.0,1.0,1.0,275.0,305.0,2.1660649819494586,76.47058823529412,93.88489208633094,5.39568345323741,0.3597122302158273,97.84172661870504,apdf,280.0,99.82014388489208,0.4991007194244604,Riga International Airport,56.920752,23.970711,yes
104,EBBR,840.0,839.0,99.88095238095238,0.0,100.0,600.0,5.0,-1140.0,-857.5,-690.0,-570.0,-485.0,0.9211111111111112,0.9814814814814815,1.0588235294117647,1.1889880952380953,1.4916666666666671,0.9444444444444444,1.0,1.0,1.0,1.0,0.9166666666666666,0.9704131652661064,1.0,1.0,1.0,695.0,1170.0,1.5494636471990464,84.26698450536352,94.4047619047619,4.761904761904762,0.7142857142857143,816.0,814.0,99.75490196078431,0.0,100.0,300.0,5.0,505.0,560.0,645.0,760.0,1008.5000000000002,1.5833333333333333,1.8333333333333333,2.1166666666666667,2.6041666666666665,3.1944444444444446,1.0,1.0,1.0,1.0,1.0,1.0,1.0,1.0,1.0,1.0,650.0,1070.0,1.4742014742014742,99.38574938574939,94.24019607843137,4.779411764705882,0.7352941176470589,100.0,apdf,840.0,99.81792717086834,0.9981792717086835,Brussels Airport,50.901402,4.48444,yes
105,LIME,485.0,484.0,99.79381443298969,0.0,99.17525773195877,720.0,720.0,0.0,10.0,30.0,45.0,60.0,-0.08819444444444441,-0.06428062678062678,-0.03571428571428571,-0.015151515151515152,-0.0,0.0,0.0,0.0,0.0,0.0,0.0,0.0,0.0,0.0,0.0,30.0,60.0,94.62809917355372,0.2066115702479339,98.14432989690722,1.443298969072165,0.20618556701030927,492.0,491.0,99.79674796747967,0.0,100.0,300.0,5.0,235.0,255.0,275.0,295.0,305.0,0.5625,0.7638888888888888,0.9791666666666666,1.1666666666666667,1.4166666666666667,0.625,0.8333333333333334,1.0,1.0,1.0,0.59375,0.7817460317460317,1.0,1.0,1.0,275.0,305.0,2.240325865580448,58.24847250509165,95.52845528455285,3.658536585365854,0.6097560975609756,100.0,apdf,492.0,99.79528120023468,0.49897640600117343,Il Caravaggio International Airport,45.669362,9.708851,yes
106,LIPZ,422.0,421.0,99.76303317535545,0.0,99.76303317535546,660.0,645.0,-80.0,-45.0,-5.0,20.0,40.0,-0.06481481481481481,-0.02976190476190476,0.005952380952380952,0.06666666666666667,0.11363636363636363,0.0,0.0,0.029411764705882353,0.09090909090909091,0.13636363636363635,0.0,0.0,0.008333333333333333,0.06666666666666667,0.11363636363636363,30.0,95.0,48.93111638954869,0.0,97.1563981042654,1.8957345971563981,0.7109004739336493,426.0,425.0,99.76525821596245,0.0,100.0,360.0,5.0,295.0,325.0,355.0,470.0,620.0,0.5634259259259259,0.8095238095238095,1.05,1.4027777777777777,1.8644444444444446,0.5945454545454546,0.85,1.0,1.0,1.0,0.5712962962962963,0.8194444444444444,1.0,1.0,1.0,355.0,620.0,0.23529411764705882,62.11764705882353,95.53990610328638,2.5821596244131455,1.6431924882629108,100.0,apdf,426.0,99.76414569565895,0.5029775678822805,Venice Marco Polo Airport,45.505299,12.3519,yes
107,EGKK,1252.0,1249.0,99.76038338658147,0.0,97.28434504792332,1080.0,1080.0,25.0,35.0,50.0,65.0,75.0,-0.08333333333333333,-0.0625,-0.045454545454545456,-0.03125,-0.021739130434782608,0.0,0.0,0.0,0.0,0.0,0.0,0.0,0.0,0.0,0.0,50.0,75.0,100.0,0.0,95.6070287539936,4.15335463258786,0.0,1219.0,1216.0,99.75389663658737,0.0,97.62100082034455,480.0,195.0,235.0,255.0,275.0,290.0,305.0,0.3194444444444444,0.475,0.5833333333333334,0.6904761904761905,0.7800000000000005,0.35714285714285715,0.5,0.625,0.7142857142857143,0.8333333333333334,0.3375000000000001,0.49074074074074076,0.6041666666666666,0.7023809523809523,0.7916666666666666,275.0,305.0,3.289473684210526,2.9486099410278013,94.91386382280558,4.8400328137817885,0.0,97.62100082034455,apdf,1252.0,99.75714001158443,0.3013496937849946,London Gatwick Airport,51.148744,-0.185739,yes
108,EDDM,1444.0,1441.0,99.79224376731302,0.0,97.92243767313019,720.0,395.0,-805.0,-525.0,-295.0,-130.0,25.0,-0.03787878787878788,0.20833333333333334,0.45,0.6987179487179487,0.9551282051282052,0.0,0.2222222222222222,0.4375,0.625,0.8888888888888888,0.0,0.19696969696969696,0.4114583333333333,0.5946969696969697,0.8676470588235294,300.0,815.0,15.058986814712005,3.95558639833449,95.6371191135734,3.601108033240997,0.554016620498615,1434.0,1430.0,99.72105997210599,0.0,99.9302649930265,360.0,5.0,305.0,341.25,550.0,660.0,755.0,0.8468253968253968,1.2261904761904763,1.5666666666666667,1.8194444444444444,2.153333333333334,0.8333333333333334,1.0,1.0,1.0,1.0,0.8,1.0,1.0,1.0,1.0,550.0,760.0,0.9090909090909091,82.7851644506648,94.56066945606695,4.323570432357044,0.8368200836820083,99.9302649930265,apdf,1444.0,99.75665186970951,0.7040117879346687,Munich Airport,48.353802,11.7861,yes
109,EYVI,196.0,196.0,100.0,0.0,0.0,600.0,35.0,-952.5,-725.0,-552.5,-375.0,0.0,-0.0,0.6229166666666667,0.9208333333333334,1.2083333333333333,1.5875,0.05,0.65,0.95,1.0,1.0,0.008333333333333333,0.63125,0.9416666666666667,1.0,1.0,560.0,975.0,10.714285714285714,49.48979591836735,95.91836734693878,2.0408163265306123,2.0408163265306123,196.0,195.0,99.48979591836735,0.0,0.0,,,470.0,515.0,600.0,653.0,830.0,,,,,,,,,,,,,,,,600.0,833.0,0.5128205128205128,,96.93877551020408,1.0204081632653061,1.530612244897959,0.0,nm_inferred,196.0,99.74489795918367,,Vilnius International Airport,54.634102,25.285801,no
110,LIMC,929.0,926.0,99.67707212055974,0.0,99.2465016146394,900.0,130.0,-1377.5,-1025.0,-735.0,-536.25,-350.0,0.42604166666666665,0.6276395173453997,0.875,0.9859068627450981,1.3597222222222223,0.4198717948717949,0.6266447368421053,0.8591269841269842,0.9736842105263158,1.0,0.4082532051282051,0.6111111111111112,0.8402777777777778,0.9618686868686869,1.0,742.5,1407.5,4.427645788336933,27.75377969762419,92.14208826695372,6.7814854682454255,0.7534983853606028,950.0,948.0,99.78947368421052,0.0,99.78947368421053,360.0,5.0,450.0,535.0,630.0,765.0,975.0,1.261111111111111,1.5208333333333333,1.8392857142857144,2.1458333333333335,2.638888888888889,1.0,1.0,1.0,1.0,1.0,0.9861111111111112,1.0,1.0,1.0,1.0,630.0,991.5000000000003,0.31645569620253167,94.60887949260042,92.21052631578948,6.947368421052632,0.631578947368421,99.78947368421053,apdf,950.0,99.73327290238512,0.9176846291365298,Milan Malpensa International Airport,45.6306,8.72811,yes
111,DTTA,191.0,191.0,100.0,0.0,0.0,600.0,600.0,1065.0,1140.0,1195.0,1280.0,1780.0,-3.033333333333333,-2.1624999999999996,-2.0,-1.9,-1.775,0.0,0.0,0.0,0.0,0.0,0.0,0.0,0.0,0.0,0.0,1195.0,1780.0,100.0,0.0,93.19371727748691,6.806282722513089,0.0,187.0,186.0,99.46524064171123,0.0,0.0,,,-1787.0,-1495.75,-1325.0,-1098.75,-989.0,,,,,,,,,,,,,,,,1325.0,1787.0,100.0,,91.97860962566845,7.4866310160427805,0.0,0.0,nm_inferred,191.0,99.73262032085562,,Tunis Carthage International Airport,36.851002,10.2272,no
112,EDDH,552.0,551.0,99.81884057971014,0.0,99.09420289855072,515.0,330.0,-630.0,-406.0,-158.0,-13.0,1.0,-0.0019305019305019305,0.029283381484738098,0.32113821138211385,0.8934552683286259,1.1047794117647058,0.0,0.14285714285714285,0.3684210526315789,0.8571428571428571,1.0,0.0,0.10072906200891363,0.32150776053215074,0.8093413421706711,0.9887005649717514,171.0,688.0,14.7005444646098,13.97459165154265,93.29710144927536,5.072463768115942,1.4492753623188406,559.0,557.0,99.6422182468694,0.0,99.82110912343471,325.0,5.0,360.0,417.0,531.0,616.0,694.4000000000001,1.0842939772681308,1.322798013245033,1.65050681426328,1.9009999999999998,2.184659090909091,0.9166666666666666,1.0,1.0,1.0,1.0,0.9644358072845135,0.9932371661823717,1.0,1.0033587013400678,1.0084033613445378,534.0,707.4000000000001,1.2567324955116697,90.8273381294964,94.09660107334525,4.114490161001789,1.4311270125223614,99.82110912343471,apdf,559.0,99.73052941328977,0.6589733429082117,Hamburg Helmut Schmidt Airport,53.630402,9.98823,yes
113,LIRQ,185.0,185.0,100.0,0.0,0.0,1200.0,1200.0,150.0,170.0,195.0,225.0,250.0,-0.44166666666666665,-0.2361111111111111,-0.17916666666666667,-0.15,-0.12916666666666668,0.0,0.0,0.0,0.0,0.0,0.0,0.0,0.0,0.0,0.0,195.0,250.0,100.0,0.0,97.29729729729729,2.1621621621621623,0.5405405405405406,184.0,183.0,99.45652173913044,0.0,0.0,,,-244.0,-170.0,-105.0,-55.0,-6.999999999999886,,,,,,,,,,,,,,,,105.0,244.00000000000006,90.7103825136612,,98.91304347826087,0.5434782608695652,0.0,0.0,nm_inferred,185.0,99.72826086956522,,"Florence Airport, Peretola",43.808558,11.202822,no
114,DAAG,172.0,172.0,100.0,0.0,0.0,600.0,600.0,188.1,251.0,406.0,672.25,3545.7,-5.933166666666667,-1.7460416666666667,-0.775,-0.4795833333333333,-0.3153333333333333,0.0,0.0,0.0,0.0,0.0,0.0,0.0,0.0,0.0,0.0,406.0,3545.7,100.0,0.0,83.13953488372093,16.86046511627907,0.0,176.0,175.0,99.43181818181819,0.0,0.0,,,-3878.7999999999997,-894.5,-410.0,-1.0,234.0,,,,,,,,,,,,,,,,410.0,3878.7999999999997,75.42857142857143,,77.27272727272727,22.15909090909091,0.0,0.0,nm_inferred,176.0,99.7159090909091,,Houari Boumediene Airport,36.693886,3.214531,no
115,EGNM,175.0,175.0,100.0,0.0,0.0,600.0,85.0,-868.0,-705.0,-580.0,-470.0,-336.0000000000001,0.5261111111111111,0.7194444444444444,0.8666666666666667,1.075,1.43,0.5566666666666668,0.7333333333333333,0.9,1.0,1.0,0.5327777777777778,0.7125,0.8611111111111112,0.9916666666666667,1.0,585.0,965.9999999999998,2.857142857142857,36.57142857142857,93.14285714285714,5.714285714285714,1.1428571428571428,170.0,169.0,99.41176470588235,0.0,0.0,,,412.4,476.0,550.0,649.0,937.0,,,,,,,,,,,,,,,,551.0,948.800000000001,0.591715976331361,,95.88235294117646,2.3529411764705883,1.1764705882352942,0.0,nm_inferred,175.0,99.70588235294117,,Leeds Bradford Airport,53.865898,-1.66057,no
116,EPWR,169.0,168.0,99.40828402366864,0.0,0.0,540.0,540.0,45.0,70.0,95.0,120.0,135.0,-0.43333333333333335,-0.31666666666666665,-0.1893939393939394,-0.12803030303030302,-0.08333333333333333,0.0,0.0,0.0,0.0,0.0,0.0,0.0,0.0,0.0,0.0,96.5,135.0,98.80952380952381,0.0,98.22485207100591,0.591715976331361,0.591715976331361,165.0,165.0,100.0,0.0,0.0,,,46.60000000000001,95.0,120.0,145.0,192.99999999999997,,,,,,,,,,,,,,,,125.0,197.99999999999997,6.666666666666667,,97.57575757575758,1.8181818181818181,0.6060606060606061,0.0,nm_inferred,169.0,99.70414201183432,,Copernicus Wrocław Airport,51.103719,16.882096,no
117,ENBO,172.0,172.0,100.0,0.0,0.0,360.0,360.0,11.100000000000001,24.75,32.5,47.0,71.0,-0.19722222222222222,-0.13055555555555556,-0.08888888888888889,-0.06666666666666667,-0.030833333333333317,0.0,0.0,0.0,0.0,0.0,0.0,0.0,0.0,0.0,0.0,33.0,71.0,97.67441860465117,0.0,93.6046511627907,4.651162790697675,1.744186046511628,168.0,167.0,99.4047619047619,0.0,0.0,,,55.20000000000002,146.0,233.0,255.0,265.0,,,,,,,,,,,,,,,,233.0,265.4,6.586826347305389,,97.02380952380952,0.5952380952380952,1.7857142857142858,0.0,nm_inferred,172.0,99.70238095238095,,Bodø Airport,67.269203,14.3653,no
118,EDDN,169.0,169.0,100.0,0.0,100.0,671.0,135.0,-881.8,-637.0,-433.0,-237.0,3.400000000000034,-0.006009710200012907,0.33557046979865773,0.7982062780269058,0.8997134670487106,1.5041467304625218,0.025000000000000022,0.3448275862068966,0.7857142857142857,0.9130434782608695,1.0,0.005763688760806921,0.3111111111111111,0.7535211267605634,0.8827085852478839,1.0004744958481613,434.0,889.0000000000003,11.242603550295858,15.384615384615385,95.85798816568047,1.183431952662722,2.9585798816568047,163.0,162.0,99.38650306748467,1.0,100.0,217.0,5.0,379.5,446.5,506.0,564.0,671.2,1.625,1.9365558912386707,2.3529411764705883,2.878612716763006,3.5555555555555554,0.9166666666666666,1.0,1.0,1.0,1.0,0.9756097560975611,0.982905982905983,0.9926470588235294,1.0,1.0,506.0,671.2,0.0,91.92546583850931,92.63803680981596,2.4539877300613497,4.294478527607362,100.0,apdf,169.0,99.69325153374234,0.8704059207282673,Nuremberg Airport,49.498699,11.078056,yes
119,BIKF,296.0,295.0,99.66216216216216,0.0,0.0,600.0,600.0,-43.0,5.0,4524.0,5185.0,5520.000000000001,-9.200000000000001,-8.641666666666666,-7.54,-0.008333333333333333,0.07166666666666667,0.0,0.0,0.0,0.05,0.2,0.0,0.0,0.0,0.016666666666666666,0.1800000000000002,4524.0,5520.000000000001,78.30508474576271,0.0,35.472972972972975,64.1891891891892,0.0,294.0,293.0,99.65986394557824,0.0,0.0,,,-5942.4,-5602.0,-4974.0,275.0,315.6,,,,,,,,,,,,,,,,4974.0,5942.4,64.16382252559727,,35.714285714285715,63.945578231292515,0.0,0.0,nm_inferred,296.0,99.66101305387019,,Keflavik International Airport,63.985001,-22.6056,no
120,LSGG,701.0,699.0,99.71469329529243,0.0,99.14407988587732,660.0,488.0,-495.0,-330.0,-55.0,35.0,56.00000000000023,-0.0919703468060329,-0.05326738372175506,0.14743589743589744,0.5331072327913713,0.9112522045855381,0.0,0.0,0.15384615384615385,0.5,0.875,0.0,0.0,0.13636363636363635,0.4639663386441737,0.8472770592239621,90.0,501.0000000000002,48.783977110157366,7.010014306151645,95.00713266761768,3.138373751783167,1.5691868758915835,704.0,701.0,99.57386363636364,0.0,100.0,240.0,5.0,305.0,370.0,415.0,470.0,525.0,0.994475138121547,1.4114832535885167,1.7540322580645162,2.037914691943128,2.375,1.0,1.0,1.0,1.0,1.0,0.9722222222222222,1.0,1.0039370078740157,1.0103626943005182,1.0159362549800797,415.0,525.0,0.7132667617689016,90.72753209700429,95.0284090909091,3.2670454545454546,1.2784090909090908,100.0,apdf,704.0,99.64427846582804,0.5681221746458985,Geneva International Airport,46.238098,6.10895,yes
121,ENGM,1090.0,1086.0,99.63302752293578,21.0,99.63302752293578,660.0,540.0,-337.5,-165.0,-60.0,-10.0,35.0,-0.05555555555555555,0.018518518518518517,0.09375,0.2803030303030303,0.46341991341991345,0.0,0.041666666666666664,0.1111111111111111,0.3,0.46153846153846156,0.0,0.018518518518518517,0.09523809523809523,0.27564102564102566,0.44478021978021987,70.0,345.0,20.994475138121548,0.5633802816901409,95.3211009174312,3.3944954128440368,0.9174311926605505,1092.0,1088.0,99.63369963369964,0.0,99.9084249084249,240.0,5.0,250.0,295.0,320.0,481.25,616.5000000000003,0.6666666666666666,0.9833333333333333,1.3958333333333333,1.7222222222222223,2.0733333333333333,0.6903846153846154,1.0,1.0,1.0,1.0,0.6770833333333334,0.9583333333333334,1.0,1.0,1.0,320.0,620.0,1.286764705882353,75.89696412143515,96.52014652014653,2.4725274725274726,0.6410256410256411,99.9084249084249,apdf,1092.0,99.6333635783177,0.5456112767384065,Oslo-Gardermoen International Airport,60.193901,11.1004,yes
122,LPPR,493.0,491.0,99.59432048681542,0.0,99.18864097363083,600.0,600.0,10.0,15.0,35.0,45.0,60.0,-0.11458333333333333,-0.08230592060696382,-0.052083333333333336,-0.025608236605679062,-0.012853470437017995,0.0,0.0,0.0,0.0,0.0,0.0,0.0,0.0,0.0,0.0,35.0,60.0,99.18533604887983,0.0,92.49492900608519,6.693711967545639,0.4056795131845842,501.0,499.0,99.60079840319361,0.0,100.0,360.0,75.0,240.0,260.0,275.0,290.0,305.0,0.48900737230121116,0.639669163545568,0.7836990595611285,0.9209671129598336,1.1152626811594202,0.5,0.6666666666666666,0.8333333333333334,0.9166666666666666,1.0,0.4995260663507109,0.6532236490101659,0.7993730407523512,0.9374322977598684,1.0,275.0,305.0,2.6052104208416833,24.448897795591183,93.01397205588822,6.187624750499002,0.3992015968063872,100.0,apdf,501.0,99.59755944500452,0.3980780197253316,Francisco de Sá Carneiro Airport,41.2481002808,-8.68138980865,yes
123,LTFJ,964.0,962.0,99.79253112033194,0.0,0.0,900.0,900.0,20.0,35.0,55.0,70.0,85.0,-0.08888888888888889,-0.07222222222222222,-0.04833333333333334,-0.03333333333333333,-0.020833333333333332,0.0,0.0,0.0,0.0,0.0,0.0,0.0,0.0,0.0,0.0,55.0,85.0,98.85654885654886,0.0,90.24896265560166,9.54356846473029,0.0,957.0,951.0,99.3730407523511,0.0,0.0,,,55.0,185.0,230.0,255.0,270.0,,,,,,,,,,,,,,,,235.0,280.0,8.727655099894848,,92.37199582027168,7.001044932079415,0.0,0.0,nm_inferred,964.0,99.58278593634152,,Istanbul Sabiha Gökçen International Airport,40.898602,29.3092,no
124,LPFR,346.0,344.0,99.42196531791907,0.0,100.0,593.5,30.0,-778.5,-651.25,-515.0,-285.0,-180.0,0.30888888888888894,0.4907738095238095,0.9581582633053222,1.0193457210862273,1.3087722042448346,0.3227272727272728,0.5,0.9534632034632035,1.0,1.0,0.3055555555555556,0.48728354978354976,0.9477495543672014,0.9901278366564876,1.0,515.0,778.5,0.0,49.127906976744185,96.53179190751445,1.7341040462427746,1.1560693641618498,353.0,352.0,99.71671388101983,0.0,99.71671388101983,286.0,5.0,380.5,475.0,540.0,595.0,665.0,1.3055555555555556,1.6291666666666667,1.9166666666666667,2.1970980126467934,2.553763440860215,1.0,1.0,1.0,1.0,1.0,0.986159169550173,1.0,1.0,1.0055481170260245,1.012396694214876,540.0,665.0,0.0,93.44729344729345,96.88385269121812,1.6997167138810199,1.13314447592068,100.0,apdf,353.0,99.56933959946946,0.9696806841675158,Faro - Gago Coutinho International Airport,37.015909,-7.970939,yes
125,EGLF,104.0,104.0,100.0,0.0,0.0,600.0,600.0,15.0,28.75,45.0,60.0,65.0,-0.10833333333333334,-0.1,-0.075,-0.04791666666666667,-0.025,0.0,0.0,0.0,0.0,0.0,0.0,0.0,0.0,0.0,0.0,45.0,65.0,100.0,0.0,98.07692307692308,0.9615384615384616,0.9615384615384616,112.0,111.0,99.10714285714286,0.0,0.0,,,265.0,280.0,290.0,305.0,310.0,,,,,,,,,,,,,,,,290.0,310.0,0.9009009009009009,,92.85714285714286,2.6785714285714284,3.5714285714285716,0.0,nm_inferred,112.0,99.55357142857143,,Farnborough Airport,51.275799,-0.776333,no
126,EDDV,225.0,224.0,99.55555555555556,0.0,100.0,588.0,112.5,-878.0,-647.25,-444.5,-213.75,-10.599999999999966,0.014282247300084951,0.3472661484856607,0.8167562062756442,0.9849761701859041,1.2850690190312835,0.10701754385964912,0.4157894736842105,0.8220211161387632,1.0,1.0,0.04726667610819997,0.38077688861660985,0.8090173830555247,0.96405111238972,1.0,465.5,978.9000000000004,9.821428571428571,27.678571428571427,93.33333333333333,4.444444444444445,1.7777777777777777,217.0,216.0,99.53917050691244,0.0,100.0,276.0,5.0,330.5,445.0,553.5,674.0,862.0,1.0685729847494554,1.5396487970792898,1.9162097953216373,2.369294299830396,2.9965753424657535,0.8819444444444444,1.0,1.0,1.0,1.0,0.963273966053072,0.9885314117527657,0.9958927908781161,1.0,1.0062607719224945,558.0,872.0,1.8518518518518519,90.27777777777777,95.85253456221199,1.8433179723502304,1.8433179723502304,100.0,apdf,225.0,99.547363031234,0.8983702416166993,Hannover Airport,52.461102,9.68508,yes
127,EFHK,647.0,644.0,99.53632148377125,0.0,100.0,443.0,5.0,-760.0,-580.0,-435.0,-310.0,-210.0,0.5835333333333333,0.9166666666666666,1.0139652354776407,1.0933299731182795,1.2867248603351957,0.6134920634920635,0.9166666666666666,1.0,1.0,1.0,0.574234443499313,0.8888888888888888,0.9877295995182174,0.9964084828215263,1.0,437.5,760.0,0.15527950310559005,66.14906832298136,93.04482225656878,4.636785162287481,1.8547140649149922,650.0,647.0,99.53846153846153,0.0,100.0,252.5,5.0,445.0,495.0,570.0,685.0,895.0,1.4833683170761822,1.7437833444004305,2.142857142857143,2.684712758743178,4.5,1.0,1.0,1.0,1.0,1.0,1.0,1.0,1.0039370078740157,1.0098522167487685,1.0153256704980842,570.0,908.9999999999998,0.9273570324574961,98.45440494590417,92.3076923076923,5.076923076923077,2.1538461538461537,100.0,apdf,650.0,99.5373915111164,0.9912264942980883,Helsinki Vantaa Airport,60.318363,24.963341,yes
128,EDDF,1937.0,1929.0,99.58699019101704,0.0,98.96747547754259,831.0,783.0,-251.59999999999997,-9.0,4.0,11.0,21.0,-0.02815758193241637,-0.014446227929373997,-0.005283018867924529,0.009767092411720512,0.2990243758457529,0.0,0.0,0.0,0.043478260869565216,0.2857142857142857,0.0,0.0,0.0,0.012836970474967907,0.256255578242105,10.0,300.2000000000003,63.14152410575428,0.2592016588906169,90.50077439339184,8.828084667010842,0.2581311306143521,1892.0,1882.0,99.47145877378435,0.0,99.89429175475686,589.0,228.0,289.0,293.0,298.0,504.75,728.9000000000001,0.29206085263331083,0.4289613526570048,0.6227413176249503,0.9791867469879518,1.2816578082383383,0.3125,0.43478260869565216,0.6190476190476191,0.8333333333333334,1.0,0.30609124383698433,0.43758729050279327,0.6123546256793875,0.8296272004062288,0.9981185175815835,298.0,777.9000000000001,1.7003188097768331,18.77659574468085,91.43763213530656,7.822410147991543,0.21141649048625794,99.89429175475686,apdf,1937.0,99.52922448240069,0.304735905010401,Frankfurt Main Airport,50.026706,8.55835,yes
129,LIEO,204.0,204.0,100.0,0.0,0.0,600.0,600.0,295.0,335.0,380.0,470.0,560.5000000000002,-0.9416666666666667,-0.7833333333333333,-0.6333333333333333,-0.5583333333333333,-0.49166666666666664,0.0,0.0,0.0,0.0,0.0,0.0,0.0,0.0,0.0,0.0,380.0,560.5000000000002,100.0,0.0,99.50980392156863,0.49019607843137253,0.0,212.0,210.0,99.05660377358491,0.0,0.0,,,-837.8,-659.75,-420.0,-104.75,10.0,,,,,,,,,,,,,,,,420.0,837.8,88.57142857142857,,96.69811320754717,1.4150943396226414,0.9433962264150944,0.0,nm_inferred,212.0,99.52830188679246,,Olbia Costa Smeralda Airport,40.898953,9.518457,no
130,LTBJ,316.0,315.0,99.68354430379746,0.0,0.0,600.0,600.0,200.0,235.0,295.0,355.0,405.0,-0.6466666666666667,-0.5666666666666667,-0.4358974358974359,-0.375,-0.307948717948718,0.0,0.0,0.0,0.0,0.0,0.0,0.0,0.0,0.0,0.0,295.0,405.0,100.0,0.0,97.46835443037975,2.2151898734177213,0.0,312.0,310.0,99.35897435897436,0.0,0.0,,,-606.0,-498.75,-405.0,-310.0,-240.0,,,,,,,,,,,,,,,,405.0,606.0000000000002,100.0,,98.07692307692308,1.2820512820512822,0.0,0.0,nm_inferred,316.0,99.52125933138592,,Adnan Menderes International Airport,38.2924,27.157,no
131,EKCH,1149.0,1143.0,99.47780678851174,0.0,99.56483899042647,657.0,660.0,29.0,32.0,37.0,46.0,55.0,-0.09448990122364735,-0.07262511413428824,-0.05670103092783505,-0.0463477167661529,-0.036388532507837114,0.0,0.0,0.0,0.0,0.0,0.0,0.0,0.0,0.0,0.0,37.0,55.0,100.0,0.0,93.29852045256744,5.7441253263707575,0.4351610095735422,1141.0,1136.0,99.5617879053462,0.0,99.82471516213847,360.0,153.0,169.0,204.0,215.0,231.0,246.0,0.30077170020990246,0.4648945132867624,0.5836776859504132,0.6960130823512682,0.7937852600074823,0.3333333333333333,0.5,0.6153846153846154,0.7272727272727273,0.8,0.32160954219215565,0.4791090816894687,0.5937116187668877,0.7059430682312039,0.8042320767923209,215.0,247.0,4.401408450704225,1.4109347442680775,93.16389132340052,5.784399649430324,0.6134969325153374,99.82471516213847,apdf,1149.0,99.51979734692897,0.29543029991098907,Copenhagen Kastrup Airport,55.617900848389,12.656000137329,yes
132,EDDB,934.0,929.0,99.46466809421841,0.0,98.7152034261242,619.0,369.0,-748.7999999999998,-572.0,-290.0,-12.0,8.0,-0.01491315793138989,0.020833333333333332,0.4682860998650472,0.9098039215686274,1.0373794279496997,0.0,0.08333333333333333,0.48,0.8888888888888888,1.0,0.0,0.03460207612456748,0.45073375262054505,0.865979381443299,0.994263862332696,303.0,780.8000000000002,20.129171151776102,15.931108719052745,94.21841541755889,4.389721627408994,0.8565310492505354,938.0,934.0,99.57356076759062,0.0,99.89339019189765,327.0,5.0,375.3,466.0,514.0,592.0,687.0,0.9759538166560147,1.3004291845493563,1.6103151862464182,2.129568106312292,2.567539117387888,0.875,1.0,1.0,1.0,1.0,0.896543238809468,0.9900990099009901,0.9972677595628415,1.0026737967914439,1.0068571785599925,515.0,693.7,0.6423982869379015,87.67416934619507,95.5223880597015,3.1982942430703623,0.8528784648187633,99.89339019189765,apdf,938.0,99.51911443090452,0.7205191409355061,Berlin Brandenburg Airport,52.361738,13.502341,yes
133,BKPR,101.0,101.0,100.0,0.0,0.0,300.0,300.0,117.0,135.0,165.0,195.0,230.0,-0.7666666666666667,-0.65,-0.48333333333333334,-0.3333333333333333,-0.16666666666666666,0.0,0.0,0.0,0.0,0.0,0.0,0.0,0.0,0.0,0.0,165.0,230.0,100.0,0.0,100.0,0.0,0.0,100.0,99.0,99.0,0.0,0.0,,,-196.0,-115.0,-20.0,22.5,70.60000000000001,,,,,,,,,,,,,,,,70.0,196.0,61.61616161616162,,98.0,1.0,0.0,0.0,nm_inferred,101.0,99.5,,Priština Adem Jashari International Airport,42.5728,21.035801,no
134,LEMG,763.0,759.0,99.47575360419397,0.0,98.95150720838795,693.0,720.0,34.0,38.0,42.0,47.0,69.0,-0.1256001310160351,-0.0851780033988409,-0.06115107913669065,-0.04942397834554697,-0.041905445469652844,0.0,0.0,0.0,0.0,0.0,0.0,0.0,0.0,0.0,0.0,42.0,69.0,100.0,0.0,97.64089121887287,1.4416775884665793,0.3931847968545216,774.0,770.0,99.48320413436693,0.0,99.48320413436691,271.0,222.5,2.0,23.0,40.0,60.0,187.0,0.007920683696527566,0.07146852029402365,0.14268461007591443,0.27437071138496005,0.6672879776328052,0.05263157894736842,0.1111111111111111,0.2,0.3333333333333333,0.7,0.02553413236060448,0.08196721311475409,0.15527950310559005,0.2918947688564477,0.6857366771159875,44.0,199.0,9.480519480519481,6.005221932114883,97.41602067183463,1.937984496124031,0.12919896640826872,99.48320413436691,apdf,774.0,99.47947886928046,0.07723562024012458,Málaga-Costa del Sol Airport,36.6749,-4.49911,yes
135,EDJA,93.0,92.0,98.9247311827957,0.0,0.0,900.0,285.0,-919.5,-616.25,-495.0,-282.25,-211.49999999999991,0.28125,0.4268518518518518,0.6833333333333333,0.9907407407407407,1.6166666666666667,0.28125,0.4166666666666667,0.6111111111111112,0.91875,1.0,0.2722222222222222,0.412962962962963,0.5944444444444444,0.8927083333333333,1.0,495.0,919.5000000000003,0.0,23.076923076923077,94.6236559139785,3.225806451612903,1.075268817204301,90.0,90.0,100.0,0.0,0.0,,,409.8,447.5,575.0,650.5,1989.6000000000004,,,,,,,,,,,,,,,,575.0,1989.6000000000004,0.0,,96.66666666666667,3.3333333333333335,0.0,0.0,nm_inferred,93.0,99.46236559139786,,Memmingen Allgau Airport,47.988092,10.238248,no
136,OKKK,97.0,97.0,100.0,0.0,0.0,600.0,600.0,14.200000000000003,38.0,7920.0,9339.0,10763.4,-17.939,-15.565,-13.2,-0.06333333333333334,-0.02366666666666665,0.0,0.0,0.0,0.0,0.020000000000000285,0.0,0.0,0.0,0.0,0.003333333333333381,7920.0,10763.4,96.90721649484536,0.0,13.402061855670103,85.56701030927834,1.0309278350515463,84.0,83.0,98.80952380952381,0.0,0.0,,,-8780.2,-8348.0,-6805.0,-5290.0,224.0,,,,,,,,,,,,,,,,6805.0,8780.2,84.33734939759036,,7.142857142857143,91.66666666666667,0.0,0.0,nm_inferred,97.0,99.4047619047619,,Kuwait International Airport,29.224487,47.969813,no
137,EGLL,1920.0,1909.0,99.42708333333333,0.0,98.90625,1320.0,1080.0,-1121.0,-645.0,10.0,35.0,55.0,-0.041666666666666664,-0.02666666666666667,-0.005208333333333333,0.4601449275362319,0.8333333333333334,0.0,0.0,0.0,0.3148148148148148,0.5318965517241381,0.0,0.0,0.0,0.2966666666666667,0.5113636363636364,55.0,1151.0000000000002,53.32634887375589,0.20953378732320588,89.375,9.947916666666666,0.10416666666666667,1940.0,1928.0,99.38144329896907,1.0,99.89690721649484,420.0,40.0,285.0,320.0,392.5,580.0,751.4999999999998,0.35471491228070173,0.6388888888888888,1.0,1.4758928571428571,1.8611111111111112,0.4,0.6666666666666666,0.9375,1.0,1.0,0.3927350427350427,0.6354166666666666,0.9166666666666666,1.0,1.0,405.0,790.0,2.5933609958506225,47.24818276220145,86.44329896907216,12.88659793814433,0.05154639175257732,99.89690721649484,apdf,1940.0,99.4042633161512,0.4556028735323596,London Heathrow Airport,51.470748,-0.459909,yes
138,ENTO,79.0,79.0,100.0,0.0,0.0,600.0,600.0,45.0,53.5,64.0,75.0,92.60000000000001,-0.14166666666666666,-0.10833333333333334,-0.09166666666666666,-0.07777777777777778,-0.060079365079365066,0.0,0.0,0.0,0.0,0.0,0.0,0.0,0.0,0.0,0.0,64.0,92.60000000000001,100.0,0.0,100.0,0.0,0.0,82.0,81.0,98.78048780487805,0.0,0.0,,,-9.0,48.0,103.0,131.0,144.0,,,,,,,,,,,,,,,,106.0,147.0,14.814814814814815,,95.1219512195122,3.658536585365854,0.0,0.0,nm_inferred,82.0,99.39024390243902,,"Sandefjord Airport, Torp",59.186699,10.2586,no
139,LIEE,163.0,161.0,98.77300613496932,0.0,0.0,600.0,600.0,420.0,445.0,485.0,540.0,815.0,-1.3583333333333334,-0.9083333333333333,-0.8083333333333333,-0.7416666666666667,-0.7,0.0,0.0,0.0,0.0,0.0,0.0,0.0,0.0,0.0,0.0,485.0,815.0,100.0,0.0,98.77300613496932,0.0,0.0,165.0,165.0,100.0,0.0,0.0,,,-969.0,-751.0,-461.0,-290.0,-220.20000000000005,,,,,,,,,,,,,,,,461.0,968.9999999999999,100.0,,98.78787878787878,0.6060606060606061,0.6060606060606061,0.0,nm_inferred,165.0,99.38650306748465,,Cagliari Elmas Airport,39.251499,9.05428,no
140,EPWA,807.0,803.0,99.50433705080545,0.0,100.0,646.0,625.0,-54.0,-28.0,-8.0,4.0,12.0,-0.021862573224440927,-0.005675140469788933,0.0136986301369863,0.043617334307398836,0.0935481507531798,0.0,0.0,0.05263157894736842,0.09600614439324116,0.15384615384615385,0.0,0.0,0.018083182640144666,0.047430859679644846,0.09634113219260469,13.0,62.400000000000205,33.37484433374844,0.24906600249066002,92.81288723667906,6.567534076827757,0.12391573729863693,802.0,796.0,99.25187032418953,0.0,99.87531172069825,225.0,5.0,192.0,246.75,269.0,281.0,293.0,0.6250738328541533,0.897435129740519,1.1706161137440758,1.445079803946211,1.7169630369630373,0.6923076923076923,0.8888888888888888,1.0,1.0,1.0,0.6703800662356095,0.9168324504383631,0.9944751381215469,1.0046728971962617,1.0119047619047619,270.0,299.0,3.2663316582914574,71.69811320754717,92.76807980049875,6.483790523690773,0.0,100.0,apdf,807.0,99.37810368749749,0.5031306289514685,Warsaw Chopin Airport,52.165699,20.9671,yes
141,LFPG,2073.0,2060.0,99.37288953207911,1.0,99.0352146647371,840.0,840.0,5.0,15.0,30.0,50.0,60.0,-0.07692307692307693,-0.057692307692307696,-0.037037037037037035,-0.017857142857142856,-0.005555555555555556,0.0,0.0,0.0,0.0,0.0,0.0,0.0,0.0,0.0,0.0,35.0,65.0,93.15533980582525,0.7285089849441476,93.24650265315967,6.02990834539315,0.0964785335262904,2028.0,2015.0,99.35897435897436,0.0,99.65483234714004,540.0,260.0,265.0,280.0,300.0,320.0,365.0,0.31547619047619047,0.42424242424242425,0.5333333333333333,0.6785714285714286,0.9166666666666666,0.3333333333333333,0.45454545454545453,0.5555555555555556,0.7142857142857143,1.0,0.3333333333333333,0.4375,0.5462962962962963,0.6904761904761905,0.9202380952380946,300.0,380.0,2.332506203473945,8.96414342629482,91.71597633136095,7.445759368836292,0.19723865877712032,99.65483234714004,apdf,2073.0,99.36593194552674,0.2714162029993554,Charles de Gaulle International Airport,49.00896,2.554117,yes
142,LTBS,219.0,219.0,100.0,0.0,0.0,600.0,600.0,230.0,250.0,285.0,525.0,782.0000000000002,-1.32,-0.875,-0.475,-0.4083333333333333,-0.36777777777777776,0.0,0.0,0.0,0.0,0.0,0.0,0.0,0.0,0.0,0.0,285.0,782.0000000000002,100.0,0.0,96.34703196347031,3.65296803652968,0.0,236.0,233.0,98.72881355932203,0.0,0.0,,,-755.0,-405.0,-250.0,-120.0,-80.0,,,,,,,,,,,,,,,,255.0,815.0000000000009,97.85407725321889,,97.03389830508475,1.694915254237288,0.0,0.0,nm_inferred,236.0,99.36440677966101,,Dalaman International Airport,36.7131,28.7925,no
143,LGKO,148.0,147.0,99.32432432432432,0.0,0.0,480.0,480.0,-155.99999999999997,5.0,40.0,68.5,92.00000000000003,-0.16666666666666666,-0.12898148148148147,-0.07407407407407407,-0.009015594541910331,0.28333333333333344,0.0,0.0,0.0,0.0,0.3125,0.0,0.0,0.0,0.0,0.2916666666666667,60.0,179.00000000000006,77.55102040816327,0.6802721088435374,96.62162162162163,1.3513513513513513,1.3513513513513513,158.0,157.0,99.36708860759494,0.0,0.0,,,254.20000000000002,280.0,295.0,319.0,353.0,,,,,,,,,,,,,,,,295.0,353.0,1.2738853503184713,,96.20253164556962,1.8987341772151898,1.2658227848101267,0.0,nm_inferred,158.0,99.34570646595964,,"Kos International Airport ""Ippokratis""",36.794523,27.09115,no
144,LKPR,618.0,615.0,99.51456310679612,0.0,99.35275080906149,600.0,85.0,-855.0,-675.0,-515.0,-267.5,-20.0,0.03939393939393941,0.5234375,0.9027777777777778,1.0,1.4833333333333336,0.07142857142857142,0.5,0.8666666666666667,1.0,1.0,0.04461538461538462,0.47996794871794873,0.8333333333333334,0.9583333333333334,1.0,520.0,893.0000000000001,6.341463414634147,27.479674796747968,92.71844660194175,5.339805825242719,1.4563106796116505,605.0,600.0,99.17355371900827,0.0,100.0,360.0,5.0,475.0,595.0,650.0,710.0,810.5000000000001,1.3741666666666668,1.6428571428571428,1.875,2.1843749999999997,2.5625,1.0,1.0,1.0,1.0,1.0,0.9895833333333334,1.0,1.0,1.0,1.0,655.0,890.5000000000001,1.8333333333333333,97.16666666666667,92.06611570247934,5.785123966942149,1.322314049586777,100.0,apdf,618.0,99.3440584129022,0.9106538687849369,Václav Havel Airport Prague,50.100874,14.259911,yes
145,LIRN,452.0,449.0,99.33628318584071,4.0,99.33628318584071,660.0,660.0,320.0,350.0,410.0,510.0,726.0,-1.3785714285714283,-0.8842592592592593,-0.6574074074074074,-0.49242424242424243,-0.37777777777777777,0.0,0.0,0.0,0.0,0.0,0.0,0.0,0.0,0.0,0.0,410.0,726.0,99.77728285077951,0.0,97.56637168141593,1.7699115044247788,0.0,450.0,447.0,99.33333333333333,0.0,100.0,240.0,240.0,-802.0,-485.0,-295.0,-202.5,-130.0,-3.361111111111111,-2.013888888888889,-1.1944444444444444,-0.7559523809523809,-0.44166666666666643,0.0,0.0,0.0,0.0,0.0,0.0,0.0,0.0,0.0,0.0,300.0,815.0000000000009,99.77628635346755,0.0,97.55555555555556,1.7777777777777777,0.0,100.0,apdf,452.0,99.33480825958702,0.0,Naples International Airport,40.886002,14.2908,yes
146,EIDW,1127.0,1119.0,99.29015084294588,0.0,99.64507542147294,780.0,505.0,-876.0,-542.5,-265.0,45.0,75.0,-0.11694444444444443,-0.06818181818181818,0.3333333333333333,0.6180340557275542,0.8788636363636364,0.0,0.0,0.3125,0.5357142857142857,0.8181818181818182,0.0,0.0,0.2942708333333333,0.5213815789473684,0.7916666666666666,280.0,922.0000000000005,40.92940125111707,1.2511170688114388,94.94232475598935,3.815439219165927,0.5323868677905945,1108.0,1101.0,99.36823104693141,0.0,100.0,420.0,5.0,290.0,340.0,535.0,645.0,750.0,0.5984848484848485,0.8194444444444444,1.25,1.5972222222222223,1.8333333333333333,0.6,0.8333333333333334,1.0,1.0,1.0,0.5916666666666667,0.7976190476190477,1.0,1.0,1.0,545.0,755.0,0.9082652134423251,60.67211625794732,94.67509025270758,3.9711191335740073,0.7220216606498195,100.0,apdf,1127.0,99.32919094493865,0.6427943736931576,Dublin Airport,53.428713,-6.262121,yes
147,EKYT,76.0,76.0,100.0,0.0,0.0,600.0,600.0,0.0,10.0,22.5,45.0,62.5,-0.09166666666666667,-0.075,-0.0375,-0.016666666666666666,-0.0,0.0,0.0,0.0,0.0,0.0,0.0,0.0,0.0,0.0,0.0,22.5,62.5,90.78947368421052,0.0,96.05263157894737,1.3157894736842106,2.6315789473684212,74.0,73.0,98.64864864864865,0.0,0.0,,,230.0,240.0,260.0,275.0,295.0,,,,,,,,,,,,,,,,260.0,295.0,1.36986301369863,,93.24324324324324,2.7027027027027026,2.7027027027027026,0.0,nm_inferred,76.0,99.32432432432432,,Aalborg Airport,57.094763,9.84993,no
148,LGIR,364.0,361.0,99.17582417582418,0.0,0.0,600.0,600.0,545.0,615.0,670.0,720.0,765.0,-1.3,-1.2083333333333333,-1.125,-1.025,-0.8916666666666667,0.0,0.0,0.0,0.0,0.0,0.0,0.0,0.0,0.0,0.0,670.0,765.0,100.0,0.0,96.15384615384616,2.7472527472527473,0.27472527472527475,372.0,370.0,99.46236559139786,0.0,0.0,,,-895.1,-775.5,-609.5,-530.0,-471.69999999999993,,,,,,,,,,,,,,,,609.5,895.1000000000003,100.0,,97.84946236559139,1.3440860215053763,0.26881720430107525,0.0,nm_inferred,372.0,99.31909488361102,,Heraklion International Nikos Kazantzakis Airport,35.339699,25.1803,no
149,EPPO,143.0,142.0,99.3006993006993,0.0,0.0,540.0,77.5,-748.5,-618.75,-525.0,-426.25,-327.99999999999983,0.5116666666666666,0.6269444444444445,0.8511111111111112,1.6791666666666667,2.066666666666667,0.5333333333333333,0.6333333333333333,0.8777777777777778,1.0,1.0,0.5172222222222222,0.6291666666666667,0.8444444444444444,1.0,1.0,535.0,781.1000000000001,3.5211267605633805,45.774647887323944,94.4055944055944,2.797202797202797,2.097902097902098,145.0,144.0,99.3103448275862,0.0,0.0,,,451.5,530.0,570.0,631.25,708.5000000000001,,,,,,,,,,,,,,,,570.0,708.5000000000001,0.0,,95.17241379310344,2.0689655172413794,2.0689655172413794,0.0,nm_inferred,145.0,99.30552206414276,,Poznań-Ławica Airport,52.421598,16.823359,no
150,EGLC,273.0,271.0,99.26739926739927,0.0,100.0,360.0,225.0,-345.0,-257.5,-145.0,-82.5,-35.0,0.1,0.25,0.4,0.5833333333333334,0.7380952380952381,0.16666666666666666,0.2857142857142857,0.4166666666666667,0.6111111111111112,0.7727272727272727,0.11904761904761904,0.25,0.39166666666666666,0.5697916666666667,0.7261904761904762,150.0,355.0,2.5830258302583027,1.845018450184502,96.7032967032967,1.8315018315018314,0.7326007326007326,266.0,264.0,99.24812030075188,0.0,100.0,180.0,5.0,325.0,370.0,420.0,465.0,528.5000000000001,1.2958333333333334,1.75,2.2916666666666665,3.177083333333333,3.891666666666668,1.0,1.0,1.0,1.0,1.0,1.0,1.0,1.0,1.0,1.0,422.5,538.5000000000001,1.5151515151515151,94.31818181818181,96.99248120300751,1.8796992481203008,0.37593984962406013,100.0,apdf,273.0,99.25775978407557,0.6906685784975258,London City Airport,51.505299,0.055278,yes
151,LFML,464.0,460.0,99.13793103448276,0.0,100.0,660.0,660.0,20.0,33.75,50.0,65.0,75.0,-0.11363636363636363,-0.09848484848484848,-0.07575757575757576,-0.05113636363636364,-0.03303030303030296,0.0,0.0,0.0,0.0,0.0,0.0,0.0,0.0,0.0,0.0,55.0,75.0,96.73913043478261,0.0,97.84482758620689,1.0775862068965518,0.21551724137931033,470.0,467.0,99.36170212765957,0.0,100.0,300.0,5.0,270.0,320.0,340.0,365.0,417.00000000000017,0.8933333333333333,1.0666666666666667,1.1333333333333333,1.2166666666666666,1.4,1.0,1.0,1.0,1.0,1.0,0.9166666666666666,1.0,1.0,1.0,1.0,340.0,420.0,1.0706638115631693,89.50749464668094,96.59574468085107,2.3404255319148937,0.425531914893617,100.0,apdf,470.0,99.24981658107117,0.49624908290535585,Marseille Provence Airport,43.438088,5.2125,yes
152,LFSB,330.0,328.0,99.39393939393939,1.0,99.0909090909091,720.0,50.0,-1191.5,-851.25,-652.5,-505.0,-338.49999999999994,0.5073809523809524,0.8492424242424242,0.9444444444444444,0.9938186813186813,1.160227272727274,0.5357142857142857,0.7958333333333334,0.9545454545454546,1.0,1.0,0.5073809523809524,0.7728174603174603,0.9351851851851852,0.9814814814814815,1.0,655.0,1196.5,2.1341463414634148,41.59021406727829,97.87878787878788,0.9090909090909091,0.6060606060606061,335.0,332.0,99.1044776119403,1.0,99.40298507462687,180.0,5.0,455.0,490.0,540.0,620.0,760.0,1.7158333333333333,2.2083333333333335,2.638888888888889,3.0,3.7958333333333343,1.0,1.0,1.0,1.0,1.0,1.0,1.0,1.0,1.0,1.0,540.0,760.0,0.0,97.57575757575758,96.71641791044776,1.1940298507462686,1.1940298507462686,99.40298507462687,apdf,335.0,99.24920850293984,0.9603279896812233,EuroAirport Basel–Mulhouse–Freiburg,47.60068,7.521117,yes
153,LPPD,132.0,131.0,99.24242424242425,0.0,0.0,300.0,300.0,-165.0,-17.5,20.0,4765.0,5160.0,-17.116666666666667,-15.658333333333333,-0.06666666666666667,0.058333333333333334,0.55,0.0,0.0,0.0,0.25,0.6,0.0,0.0,0.0,0.175,0.5666666666666667,165.0,5160.0,65.64885496183206,0.0,56.81818181818182,40.15151515151515,2.272727272727273,134.0,133.0,99.25373134328358,0.0,0.0,,,-5513.0,-4980.0,295.0,350.0,389.0,,,,,,,,,,,,,,,,385.0,5513.0,39.097744360902254,,58.208955223880594,38.80597014925373,2.2388059701492535,0.0,nm_inferred,134.0,99.2480777928539,,João Paulo II Airport,37.7411994934,-25.6979007721,no
154,LICJ,309.0,309.0,100.0,0.0,0.0,720.0,720.0,80.0,90.0,105.0,130.0,160.0,-0.22499999999999998,-0.18055555555555555,-0.14583333333333334,-0.125,-0.1111111111111111,0.0,0.0,0.0,0.0,0.0,0.0,0.0,0.0,0.0,0.0,105.0,160.0,100.0,0.0,99.02912621359224,0.6472491909385113,0.32362459546925565,313.0,308.0,98.40255591054313,0.0,0.0,,,-485.0,-285.0,-230.0,-170.0,-105.0,,,,,,,,,,,,,,,,230.0,485.0,92.85714285714286,,98.08306709265176,0.3194888178913738,0.0,0.0,nm_inferred,313.0,99.20127795527156,,Falcone–Borsellino Airport,38.175999,13.091,no
155,EPRZ,62.0,61.0,98.38709677419355,0.0,0.0,540.0,300.0,-490.0,-240.0,11.0,45.0,55.0,-0.15,-0.07777777777777778,-0.016666666666666666,0.4444444444444444,1.0166666666666666,0.0,0.0,0.0,0.4,1.0,0.0,0.0,0.0,0.39166666666666666,1.0,50.0,530.0,59.01639344262295,11.475409836065573,96.7741935483871,1.6129032258064515,0.0,55.0,55.0,100.0,0.0,0.0,,,221.0,270.0,305.0,407.5,471.0,,,,,,,,,,,,,,,,305.0,471.0,1.8181818181818181,,98.18181818181819,1.8181818181818181,0.0,0.0,nm_inferred,62.0,99.19354838709677,,Rzeszów-Jasionka Airport,50.109791,22.024155,no
156,ESSB,123.0,122.0,99.1869918699187,0.0,0.0,300.0,65.0,-1467.4999999999989,-358.75,-240.0,-161.25,-105.49999999999997,0.3516666666666667,0.5375,0.8,1.1958333333333333,4.891666666666682,0.4,0.6,0.8,1.0,1.0,0.3516666666666667,0.5208333333333334,0.775,1.0,1.0,245.0,1467.5000000000043,2.459016393442623,34.42622950819672,92.6829268292683,1.6260162601626016,4.878048780487805,120.0,119.0,99.16666666666667,0.0,0.0,,,351.6,423.0,477.0,583.0,1923.4,,,,,,,,,,,,,,,,477.0,1923.4,0.0,,89.16666666666667,3.3333333333333335,6.666666666666667,0.0,nm_inferred,123.0,99.17682926829269,,Stockholm-Bromma Airport,59.354401,17.9417,no
157,EDDP,355.0,353.0,99.43661971830986,0.0,99.71830985915493,770.0,30.0,-1173.2,-897.0,-729.0,-623.0,-494.3999999999999,0.5733460764731572,0.8772763262074426,0.9708029197080292,1.048951048951049,1.3560214529497807,0.6025806451612904,0.8888888888888888,0.9642857142857143,1.0,1.0,0.5742323690069658,0.8751793400286944,0.9646739130434784,0.9984639016897082,1.0027435047898896,729.0,1173.2,0.28328611898017,55.240793201133144,88.73239436619718,9.577464788732394,1.1267605633802817,368.0,364.0,98.91304347826087,0.0,99.45652173913044,338.5,5.0,495.0,578.25,660.0,790.0,1055.3999999999996,1.3668312757201646,1.6485241041505543,1.94944089456869,2.3609906462585033,2.9694444444444454,1.0,1.0,1.0,1.0,1.0,0.984495211179149,0.9946588414119235,1.0,1.0,1.0050586215712773,660.0,1141.6999999999996,1.9230769230769231,98.06629834254143,89.1304347826087,9.23913043478261,0.5434782608695652,99.71830985915493,apdf,368.0,99.17483159828537,0.9742310223581566,Leipzig/Halle Airport,51.420657,12.232705,yes
158,LPPT,948.0,940.0,99.15611814345992,0.0,98.94514767932489,867.5,120.0,-1180.0,-935.0,-750.0,-540.0,-350.0,0.46098540145985406,0.6322030372373622,0.9499986703542176,0.9897566718995291,1.020939329534638,0.46153846153846156,0.6071428571428571,0.870680044593088,1.0,1.0,0.4419181874717858,0.5900903203817314,0.848788375308245,0.9724826701458873,0.9945762686979864,750.0,1181.0000000000002,2.4468085106382977,33.51063829787234,90.40084388185655,8.649789029535865,0.10548523206751055,954.0,946.0,99.16142557651992,0.0,99.47589098532494,347.0,5.0,440.0,535.0,615.0,693.75,822.5,1.2637362637362637,1.5720081135902637,1.7777777777777777,1.9528619528619529,2.196652719665272,0.9166666666666666,1.0,1.0,1.0,1.0,0.8948863636363635,1.0,1.0032894736842106,1.0084033613445378,1.0119047619047619,615.0,827.5,0.6342494714587738,87.99149840595112,91.09014675052411,7.966457023060797,0.10482180293501048,99.47589098532494,apdf,954.0,99.15877185998991,0.9182488244759188,Lisbon Humberto Delgado Airport,38.7813,-9.13592,yes
159,ESGG,231.0,229.0,99.13419913419914,0.0,100.0,540.0,540.0,25.0,35.0,55.0,70.0,90.0,-0.20833333333333334,-0.15,-0.09722222222222222,-0.06481481481481481,-0.04325396825396822,0.0,0.0,0.0,0.0,0.0,0.0,0.0,0.0,0.0,0.0,55.0,90.0,99.56331877729258,0.0,96.53679653679653,2.1645021645021645,0.4329004329004329,229.0,227.0,99.12663755458516,0.0,100.0,240.0,5.0,175.0,250.0,270.0,290.0,300.0,0.5976190476190476,0.8666666666666667,1.0166666666666666,1.1875,1.3333333333333333,0.6571428571428571,0.9,1.0,1.0,1.0,0.6476190476190476,0.8833333333333333,1.0,1.0,1.0,270.0,300.0,3.9647577092511015,68.72246696035242,97.37991266375546,1.3100436681222707,0.4366812227074236,100.0,apdf,231.0,99.13041834439215,0.4956520917219608,Göteborg Landvetter Airport,57.6628,12.2798,yes
160,LTCG,111.0,110.0,99.09909909909909,0.0,0.0,300.0,300.0,-216.9999999999999,80.0,133.5,3833.75,5687.5,-18.65266666666667,-8.294444444444444,-0.44,-0.19479166666666667,0.3422222222222248,0.0,0.0,0.0,0.0,0.3014814814814816,0.0,0.0,0.0,0.0,0.22617283950617365,224.0,5687.5,87.27272727272727,7.2727272727272725,61.26126126126126,36.93693693693694,0.9009009009009009,115.0,114.0,99.1304347826087,0.0,0.0,,,-6497.8,-2800.75,2.5,255.25,582.9,,,,,,,,,,,,,,,,500.0,6497.8,50.0,,66.08695652173913,32.17391304347826,0.8695652173913043,0.0,nm_inferred,115.0,99.1147669408539,,Trabzon International Airport,40.995098,39.7897,no
161,EPKT,224.0,222.0,99.10714285714286,0.0,0.0,600.0,600.0,-5.0,5.0,15.0,30.0,40.0,-0.058055555555555555,-0.041666666666666664,-0.023809523809523808,-0.005654761904761905,0.008333333333333333,0.0,0.0,0.0,0.0,0.05,0.0,0.0,0.0,0.0,0.008333333333333333,15.0,40.0,84.23423423423424,0.0,94.19642857142857,4.910714285714286,0.0,223.0,221.0,99.10313901345292,0.0,0.0,,,220.0,250.0,275.0,295.0,350.0,,,,,,,,,,,,,,,,275.0,355.0,2.262443438914027,,96.8609865470852,2.242152466367713,0.0,0.0,nm_inferred,224.0,99.1051409352979,,Katowice Wojciech Korfanty International Airport,50.476015,19.080705,no
162,LEBL,1547.0,1531.0,98.96574014221073,0.0,99.28894634776988,923.0,740.0,-697.0,-347.0,-67.0,5.0,15.0,-0.01646090534979424,-0.004890004782400766,0.07623318385650224,0.3938039620742624,0.7141518275538894,0.0,0.0,0.10714285714285714,0.36,0.6304347826086957,0.0,0.0,0.07731958762886598,0.33566128727419053,0.6063829787234043,69.0,705.0,31.286740692357935,2.4820378837361203,95.02262443438914,3.6845507433742726,0.2585649644473174,1549.0,1536.0,99.16074887023886,0.0,99.28986442866365,196.0,5.0,261.0,283.0,294.0,418.0,536.0,0.7696571650112617,1.2040816326530612,1.7575757575757576,2.3157894736842106,2.9696969696969697,0.75,0.9090909090909091,1.0,1.0,1.0,0.7333966846161968,0.974025974025974,0.986842105263158,0.9944751381215469,1.0,294.0,537.5,1.1067708333333333,82.95081967213115,95.35183989670756,3.6797934151065204,0.1291155584247902,99.28986442866365,apdf,1549.0,99.0632445062248,0.5270965498856034,Josep Tarradellas Barcelona-El Prat Airport,41.2971,2.07846,yes
163,LFMD,39.0,39.0,100.0,0.0,0.0,600.0,600.0,-122.99999999999997,2.5,15.0,40.0,55.0,-0.09166666666666666,-0.06666666666666667,-0.025,-0.004166666666666667,0.20500000000000054,0.0,0.0,0.0,0.0,0.12000000000000101,0.0,0.0,0.0,0.0,0.08833333333333435,30.0,127.00000000000031,79.48717948717949,0.0,89.74358974358974,0.0,10.256410256410257,52.0,51.0,98.07692307692308,0.0,0.0,,,323.0,426.5,506.0,596.0,1591.0,,,,,,,,,,,,,,,,506.0,1591.0,0.0,,92.3076923076923,0.0,5.769230769230769,0.0,nm_inferred,52.0,99.03846153846155,,Cannes Mandelieu Airport,43.547998,6.955176,no
164,LTFM,2019.0,1998.0,98.95988112927192,0.0,99.6532937097573,960.0,960.0,75.0,90.0,110.0,140.0,200.0,-0.25,-0.16666666666666666,-0.11538461538461539,-0.08584361163820367,-0.06518342391304348,0.0,0.0,0.0,0.0,0.0,0.0,0.0,0.0,0.0,0.0,110.0,200.0,99.89989989989989,0.0,82.26844972758792,16.592372461614662,0.09905894006934125,1986.0,1968.0,99.09365558912387,0.0,99.8992950654582,840.0,630.0,-65.0,213.75,235.0,250.0,260.0,-0.08541666666666654,0.17028985507246377,0.24494485294117646,0.3402777777777778,0.45,0.15384615384615385,0.20454545454545456,0.2857142857142857,0.375,0.5,0.1486111111111111,0.19202898550724637,0.2708333333333333,0.35833333333333334,0.4722222222222222,240.0,280.0,12.195121951219512,0.6605691056910569,83.08157099697885,15.911379657603222,0.10070493454179255,99.8992950654582,apdf,2019.0,99.02676835919789,0.13409874881974715,İstanbul Airport,41.274874,28.732136,yes
165,LEMD,1745.0,1731.0,99.19770773638969,0.0,99.25501432664757,991.0,535.0,-1261.0,-904.0,-431.0,-16.0,11.0,-0.013033175355450236,0.022583202846407927,0.4411764705882353,0.8629617524805577,0.9633431085043989,0.0,0.07142857142857142,0.40625,0.7403703703703703,0.9074074074074074,0.0,0.043487753972265494,0.3802083333333333,0.7168965664389005,0.8840700583819849,456.0,1276.0,19.064124783362217,4.506065857885615,92.26361031518624,6.532951289398281,0.40114613180515757,1741.0,1721.0,98.85123492245836,0.0,98.6789201608271,526.5,15.0,274.0,361.0,582.0,935.0,1186.0,0.550897435897436,0.9921810861637741,1.373276024938598,1.6334260426371459,2.1489040894380698,0.4823754789272031,0.7692307692307693,0.9555335968379447,1.0,1.0,0.46346416078733627,0.7375482177803419,0.9740819525302284,0.9948979591836735,0.9987437185929648,589.0,1196.0,1.1040092969203952,54.29917550058893,90.29293509477311,8.271108558299828,0.2871912693854107,99.25501432664757,apdf,1745.0,99.02447132942402,0.6705393979210685,Adolfo Suárez Madrid–Barajas Airport,40.493407,-3.572249,yes
166,LTFE,198.0,196.0,98.98989898989899,0.0,0.0,600.0,600.0,97.5,125.0,162.5,220.0,272.5,-0.47916666666666663,-0.375,-0.275,-0.20625000000000002,-0.15833333333333333,0.0,0.0,0.0,0.0,0.0,0.0,0.0,0.0,0.0,0.0,165.0,275.0,99.48979591836735,0.0,93.43434343434343,4.040404040404041,1.5151515151515151,211.0,209.0,99.0521327014218,0.0,0.0,,,-91.0,-45.0,100.0,135.0,156.00000000000009,,,,,,,,,,,,,,,,110.0,170.0,38.27751196172249,,94.7867298578199,3.3175355450236967,0.9478672985781991,0.0,nm_inferred,211.0,99.0210158456604,,Milas Bodrum International Airport,37.249314,27.66401,no
167,LFBZ,50.0,50.0,100.0,0.0,0.0,480.0,480.0,120.0,148.75,182.5,216.25,250.5,-0.533125,-0.42447916666666663,-0.375,-0.2708333333333333,-0.18833333333333332,0.0,0.0,0.0,0.0,0.0,0.0,0.0,0.0,0.0,0.0,185.0,255.0,98.0,0.0,96.0,0.0,4.0,51.0,50.0,98.03921568627452,0.0,0.0,,,-8.399999999999995,57.5,76.5,90.75,254.2,,,,,,,,,,,,,,,,80.0,257.6,12.0,,92.15686274509804,1.9607843137254901,3.9215686274509802,0.0,nm_inferred,51.0,99.01960784313727,,Biarritz Pays Basque airport,43.468372,-1.523223,no
168,LEIB,434.0,430.0,99.07834101382488,0.0,99.76958525345621,486.0,510.0,18.0,22.0,27.0,35.0,48.0,-0.13170266112029175,-0.09001510905639423,-0.056258901724956484,-0.03801770368934548,-0.027386266188790427,0.0,0.0,0.0,0.0,0.0,0.0,0.0,0.0,0.0,0.0,27.0,48.0,99.30232558139535,0.0,97.6958525345622,0.9216589861751152,0.4608294930875576,452.0,447.0,98.89380530973452,0.0,99.11504424778761,191.0,5.0,103.0,177.0,194.0,220.0,248.0,0.4485532874190813,0.7425732480080307,1.0,1.3344519015659955,1.788100686498856,0.45696969696969697,0.7596153846153846,1.0,1.0,1.0,0.4587081963144506,0.7514339207703051,0.9701492537313433,0.9883720930232559,1.0,194.0,248.40000000000003,4.250559284116331,56.433408577878104,96.68141592920354,1.3274336283185841,0.8849557522123894,99.76958525345621,apdf,452.0,98.9860731617797,0.4801563250384836,Ibiza Airport,38.872898,1.37312,yes
169,EDDC,49.0,48.0,97.95918367346938,0.0,100.0,540.0,120.0,-729.5,-551.25,-370.0,-258.75,-181.99999999999994,0.3938888888888889,0.4565972222222222,0.75,1.0625,1.444444444444445,0.3813131313131313,0.48863636363636365,0.75,0.9659090909090909,1.0,0.37483164983164985,0.4554924242424242,0.73125,0.9617424242424243,1.0,370.0,729.5000000000001,2.0833333333333335,27.083333333333332,89.79591836734694,2.0408163265306123,6.122448979591836,50.0,50.0,100.0,0.0,98.0,240.0,5.0,355.0,481.25,517.5,605.0,774.5000000000007,1.5100000000000002,1.9333333333333333,2.0833333333333335,2.8333333333333335,3.6972222222222237,1.0,1.0,1.0,1.0,1.0,1.0,1.0,1.0,1.0,1.0,525.0,1236.5000000000002,2.0,97.95918367346938,88.0,6.0,6.0,100.0,apdf,50.0,98.9795918367347,0.8567920918367348,Dresden Airport,51.134123,13.767831,yes
170,EGNX,286.0,283.0,98.95104895104895,0.0,0.0,600.0,215.0,-824.0,-637.5,-415.0,-170.0,-55.0,0.08055555555555559,0.25833333333333336,0.6833333333333333,1.0375,1.3666666666666667,0.13333333333333333,0.3,0.7,1.0,1.0,0.11666666666666667,0.25833333333333336,0.6666666666666666,0.9833333333333333,1.0,430.0,869.0,7.420494699646643,28.268551236749115,91.60839160839161,5.944055944055944,1.3986013986013985,276.0,273.0,98.91304347826087,0.0,0.0,,,330.20000000000005,415.0,504.0,573.0,615.8,,,,,,,,,,,,,,,,508.0,625.8,1.8315018315018314,,92.7536231884058,5.072463768115942,1.0869565217391304,0.0,nm_inferred,286.0,98.93204621465492,,East Midlands Airport,52.8311,-1.32806,no
171,LEZL,270.0,267.0,98.88888888888889,0.0,100.0,583.0,600.0,9.0,14.0,19.0,24.0,28.0,-0.059027777777777776,-0.04201658582208288,-0.031096563011456628,-0.020895939817866856,-0.013987218761608904,0.0,0.0,0.0,0.0,0.0,0.0,0.0,0.0,0.0,0.0,19.0,28.0,98.87640449438203,0.0,96.66666666666667,2.2222222222222223,0.0,273.0,270.0,98.9010989010989,0.0,98.9010989010989,172.0,5.0,224.20000000000002,255.25,263.0,267.0,272.0,0.9501708817498292,1.1576864535768645,1.4696132596685083,1.9006488240064883,2.3912225705329155,0.8,1.0,1.0,1.0,1.0,0.9523809523809524,0.9782608695652174,0.9862385321100917,0.9944751381215469,1.0,263.0,272.0,2.2222222222222223,90.2621722846442,97.43589743589743,1.465201465201465,0.0,100.0,apdf,273.0,98.89499389499389,0.48767026806017627,Seville Airport,37.417999,-5.89311,yes
172,LEVC,357.0,354.0,99.15966386554622,0.0,99.71988795518207,659.0,690.0,302.6,321.0,389.0,484.75,530.7,-1.0903260164860609,-0.7668980144584072,-0.6062530413625304,-0.4940678650317671,-0.3774889905315299,0.0,0.0,0.0,0.0,0.0,0.0,0.0,0.0,0.0,0.0,389.0,530.7,100.0,0.0,96.9187675070028,1.9607843137254901,0.2801120448179272,365.0,360.0,98.63013698630137,0.0,98.08219178082192,206.0,210.0,-552.1,-464.0,-386.5,-308.0,-224.89999999999998,-3.3604700854700855,-2.44167025398192,-1.8435756188295893,-1.3449354317998385,-0.8444395668715248,0.0,0.0,0.0,0.0,0.0,0.0,0.0,0.0,0.0,0.0,386.5,552.1,100.0,0.0,96.71232876712328,1.36986301369863,0.547945205479452,99.71988795518207,apdf,365.0,98.8949004259238,0.0,Valencia Airport,39.489162,-0.480961,yes
173,LHBP,542.0,537.0,99.07749077490774,0.0,99.2619926199262,645.0,40.0,-982.0,-730.0,-600.0,-510.0,-350.99999999999966,0.7564226373980116,0.8722527472527473,0.9390862944162437,1.0218978102189782,1.3882957690786872,0.7757575757575758,0.8928571428571429,0.9523809523809523,1.0,1.0,0.7414888802483379,0.8624708624708625,0.9305555555555556,0.9877488514548239,0.9971296796035523,610.0,1012.0000000000002,0.5586592178770949,43.01675977653631,92.43542435424354,5.535055350553505,1.1070110701107012,542.0,535.0,98.70848708487085,0.0,99.44649446494465,236.0,5.0,415.0,475.0,535.0,630.0,800.0,1.4568481650275846,1.8974574769666903,2.2294169462301103,2.660614525139665,3.2918414918414935,1.0,1.0,1.0,1.0,1.0,1.0,1.0,1.0061934345758552,1.012396694214876,1.0179375761750835,540.0,930.0,2.2429906542056073,97.18045112781955,91.5129151291513,6.088560885608856,1.1070110701107012,99.44649446494465,apdf,542.0,98.8929889298893,0.9576544822051994,Budapest Liszt Ferenc International Airport,47.43018,19.262393,yes
174,EGCC,925.0,915.0,98.91891891891892,0.0,0.0,840.0,65.0,-1494.0,-1120.0,-845.0,-640.0,-500.0,0.5778333333333333,0.763611111111111,0.95,1.298430735930736,3.9163194444444467,0.6153846153846154,0.7692307692307693,0.9375,1.0,1.0,0.5961538461538461,0.7524509803921569,0.9226190476190477,1.0,1.0,860.0,1586.0000000000002,1.8579234972677596,45.02732240437158,92.10810810810811,5.621621621621622,1.1891891891891893,876.0,866.0,98.85844748858447,0.0,0.0,,,496.0,575.0,672.0,871.0,1151.0,,,,,,,,,,,,,,,,688.5,1338.5,2.655889145496536,,90.18264840182648,7.534246575342466,1.1415525114155252,0.0,nm_inferred,925.0,98.8886832037517,,Manchester Airport,53.349375,-2.279521,no
175,LICA,89.0,87.0,97.75280898876404,0.0,0.0,480.0,480.0,806.0,885.0,980.0,1060.0,1154.0,-2.3333333333333335,-2.109375,-1.9375,-1.596875,-0.9897619047619047,0.0,0.0,0.0,0.0,0.0,0.0,0.0,0.0,0.0,0.0,980.0,1154.0,100.0,0.0,96.62921348314607,1.1235955056179776,0.0,89.0,89.0,100.0,0.0,0.0,,,-1448.0,-1250.0,-1100.0,-900.0,-790.0,,,,,,,,,,,,,,,,1100.0,1448.0,100.0,,98.87640449438203,1.1235955056179776,0.0,0.0,nm_inferred,89.0,98.87640449438203,,Lamezia Terme Sant'Eufemia International Airport,38.906214,16.246007,no
176,ENVA,266.0,263.0,98.87218045112782,2.0,100.0,480.0,480.0,146.0,210.0,250.0,310.0,370.0,-1.8611111111111112,-0.7833333333333333,-0.5185185185185185,-0.3888888888888889,-0.25,0.0,0.0,0.0,0.0,0.0,0.0,0.0,0.0,0.0,0.0,250.0,370.0,99.61977186311788,0.0,96.2406015037594,0.0,2.6315789473684212,266.0,263.0,98.87218045112782,0.0,99.62406015037594,180.0,180.0,-404.0,-225.0,-85.0,-12.5,64.00000000000006,-2.408333333333333,-1.3038194444444444,-0.5347222222222222,-0.08333333333333333,0.4541666666666669,0.0,0.0,0.0,0.0,0.5,0.0,0.0,0.0,0.0,0.5,115.0,405.0,79.46768060836501,3.816793893129771,94.73684210526316,1.1278195488721805,3.007518796992481,100.0,apdf,266.0,98.87218045112782,0.0,"Trondheim Airport, Værnes",63.457802,10.924,yes
177,LGKR,212.0,211.0,99.52830188679245,0.0,0.0,900.0,900.0,170.0,180.0,205.0,225.0,265.0,-0.5833333333333334,-0.3042929292929293,-0.2388888888888889,-0.2111111111111111,-0.18888888888888888,0.0,0.0,0.0,0.0,0.0,0.0,0.0,0.0,0.0,0.0,205.0,265.0,100.0,0.0,97.16981132075472,2.358490566037736,0.0,214.0,210.0,98.13084112149532,0.0,0.0,,,-514.6,-344.25,-216.0,-114.0,-26.700000000000017,,,,,,,,,,,,,,,,219.5,514.5999999999999,95.23809523809524,,94.39252336448598,3.7383177570093458,0.0,0.0,nm_inferred,214.0,98.82957150414389,,Corfu Ioannis Kapodistrias International Airport,39.60145,19.912179,no
178,LEJR,40.0,40.0,100.0,0.0,0.0,420.0,420.0,119.5,143.75,167.5,211.25,250.5,-0.5964285714285714,-0.47916666666666663,-0.37797619047619047,-0.32142857142857145,-0.1886111111111111,0.0,0.0,0.0,0.0,0.0,0.0,0.0,0.0,0.0,0.0,167.5,250.5,100.0,0.0,100.0,0.0,0.0,42.0,41.0,97.61904761904762,0.0,0.0,,,-182.0,-52.0,-32.0,-13.0,-1.0,,,,,,,,,,,,,,,,32.0,182.0,92.6829268292683,,95.23809523809524,2.380952380952381,0.0,0.0,nm_inferred,42.0,98.80952380952381,,Jerez Airport,36.744598,-6.06011,no
179,EINN,84.0,83.0,98.80952380952381,0.0,0.0,600.0,600.0,50.800000000000004,62.5,80.0,92.5,105.0,-0.16666666666666666,-0.14166666666666666,-0.10555555555555556,-0.08333333333333333,-0.06666666666666667,0.0,0.0,0.0,0.0,0.0,0.0,0.0,0.0,0.0,0.0,80.0,105.0,100.0,0.0,95.23809523809524,2.380952380952381,1.1904761904761905,81.0,80.0,98.76543209876543,0.0,0.0,,,120.4,144.25,161.5,175.0,185.20000000000002,,,,,,,,,,,,,,,,163.0,187.10000000000002,6.25,,96.29629629629629,1.2345679012345678,1.2345679012345678,0.0,nm_inferred,84.0,98.78747795414462,,Shannon Airport,52.702,-8.92482,no
180,GMTT,81.0,80.0,98.76543209876543,0.0,0.0,900.0,900.0,40.0,53.75,70.0,90.0,110.0,-0.175,-0.12777777777777777,-0.09027777777777778,-0.06666666666666667,-0.05,0.0,0.0,0.0,0.0,0.0,0.0,0.0,0.0,0.0,0.0,70.0,110.50000000000004,98.75,0.0,96.29629629629629,1.2345679012345678,1.2345679012345678,80.0,79.0,98.75,0.0,0.0,,,196.4,213.5,241.0,258.0,268.8,,,,,,,,,,,,,,,,241.0,268.8,0.0,,96.25,1.25,1.25,0.0,nm_inferred,81.0,98.75771604938271,,Tangier Ibn Battuta Airport,35.731741,-5.921459,no
181,LEPA,1289.0,1272.0,98.68114817688131,0.0,98.99146625290923,756.0,780.0,58.0,68.0,90.0,112.0,135.0,-0.2176340811027158,-0.15833944281524925,-0.11820521941916423,-0.09186960334592553,-0.06946202531645568,0.0,0.0,0.0,0.0,0.0,0.0,0.0,0.0,0.0,0.0,90.0,135.0,100.0,0.07861635220125786,96.74166020170675,1.2412723041117144,0.6982156710628394,1317.0,1301.0,98.78511769172361,0.0,99.46848899012907,228.0,160.0,-69.0,9.0,60.0,131.0,150.0,-0.27982456140350875,0.043979637007525454,0.28488947542065324,0.5297281199635625,0.7793221629855295,0.0,0.1,0.3333333333333333,0.5555555555555556,0.8,0.0,0.059477056145962465,0.3007518796992481,0.5431160330736738,0.8015267175572519,105.0,156.0,22.521137586471944,6.3369397217928904,95.74791192103265,2.5056947608200457,0.5315110098709187,99.46848899012907,apdf,1317.0,98.73313293430246,0.148470876592936,Palma de Mallorca Airport,39.551701,2.73881,yes
182,LIML,514.0,506.0,98.44357976653697,0.0,99.80544747081711,780.0,502.5,-582.5,-415.0,-292.5,-160.0,37.5,-0.041666666666666664,0.19284188034188035,0.38263888888888886,0.6223958333333334,0.8038194444444444,0.0,0.2,0.3888888888888889,0.6,0.8125,0.0,0.18888888888888888,0.3678571428571429,0.5748737373737374,0.7829861111111112,292.5,582.5,18.379446640316207,2.964426877470356,96.88715953307393,0.19455252918287938,1.3618677042801557,497.0,492.0,98.99396378269617,0.0,100.0,300.0,5.0,290.0,310.0,340.0,415.0,495.0,0.8194444444444444,1.0515625,1.3333333333333333,1.801388888888889,2.611111111111111,0.8571428571428571,1.0,1.0,1.0,1.0,0.8226190476190476,1.0,1.0,1.0,1.0,340.0,499.50000000000017,0.8130081300813008,82.52032520325203,97.1830985915493,0.8048289738430584,1.0060362173038229,100.0,apdf,514.0,98.71877177461657,0.6751658855299669,Milano Linate Airport,45.445099,9.27674,yes
183,EKBI,193.0,190.0,98.44559585492227,0.0,0.0,600.0,600.0,15.0,20.0,35.0,55.0,65.0,-0.1,-0.08333333333333333,-0.058333333333333334,-0.03333333333333333,-0.016666666666666666,0.0,0.0,0.0,0.0,0.0,0.0,0.0,0.0,0.0,0.0,35.0,65.0,99.47368421052632,0.0,94.30051813471502,4.1450777202072535,0.0,194.0,192.0,98.96907216494846,0.0,0.0,,,218.2,250.0,271.0,283.0,291.9,,,,,,,,,,,,,,,,272.0,293.9,3.6458333333333335,,90.20618556701031,8.24742268041237,0.5154639175257731,0.0,nm_inferred,194.0,98.70733400993537,,Billund Airport,55.740335,9.157019,no
184,LYBE,363.0,359.0,98.89807162534436,0.0,0.0,600.0,565.0,-511.0,-255.0,-65.0,25.0,45.0,-0.075,-0.041666666666666664,0.10833333333333334,0.425,0.8516666666666666,0.0,0.0,0.11538461538461539,0.4,0.75,0.0,0.0,0.1,0.3875,0.7241666666666666,80.0,521.0,40.66852367688022,3.3426183844011144,94.76584022038567,3.581267217630854,0.5509641873278237,360.0,354.0,98.33333333333333,0.0,0.0,,,273.0,337.25,460.5,574.5,674.8,,,,,,,,,,,,,,,,468.5,679.0,1.4124293785310735,,91.66666666666667,5.277777777777778,1.3888888888888888,0.0,nm_inferred,363.0,98.61570247933884,,Belgrade Nikola Tesla Airport,44.818401,20.309099,no
185,LFPO,944.0,931.0,98.62288135593221,0.0,97.5635593220339,660.0,15.0,-1395.0,-905.0,-670.0,-545.0,-455.0,0.8461538461538461,0.9309640522875817,0.9956140350877193,1.1203703703703705,1.880952380952381,0.8571428571428571,0.9444444444444444,1.0,1.0,1.0,0.8461538461538461,0.9246212121212121,0.9833333333333333,1.0,1.0,675.0,1435.0,0.966702470461869,65.84317937701397,96.61016949152543,1.8008474576271187,0.211864406779661,933.0,920.0,98.60664523043944,0.0,100.0,300.0,5.0,520.0,585.0,665.0,800.0,1110.0,1.3833333333333333,1.6960565476190477,2.05,2.4375,2.9597222222222226,1.0,1.0,1.0,1.0,1.0,0.9907407407407407,1.0,1.0,1.0,1.0,665.0,1135.5,0.6521739130434783,97.17391304347827,97.10610932475885,1.2861736334405145,0.21436227224008575,100.0,apdf,944.0,98.61476329318583,0.9779297359907596,Paris-Orly Airport,48.729499,2.358963,yes
186,LIBR,108.0,106.0,98.14814814814815,0.0,0.0,600.0,600.0,952.5,1025.0,1155.0,1338.75,1450.0,-2.431481481481481,-2.0928240740740742,-1.651388888888889,-1.3611111111111112,-1.0638888888888889,0.0,0.0,0.0,0.0,0.0,0.0,0.0,0.0,0.0,0.0,1155.0,1450.0,100.0,0.0,98.14814814814815,0.0,0.0,106.0,105.0,99.05660377358491,0.0,0.0,,,-1548.2,-1385.0,-1165.0,-985.0,-855.9999999999997,,,,,,,,,,,,,,,,1165.0,1548.2000000000003,100.0,,99.05660377358491,0.0,0.0,0.0,nm_inferred,108.0,98.60237596086654,,Brindisi Airport,40.6576,17.947001,no
187,EDDG,72.0,71.0,98.61111111111111,0.0,95.83333333333334,356.5,330.0,5.0,11.0,18.0,60.0,125.0,-0.2708333333333333,-0.16666666666666666,-0.05555555555555555,-0.024330028879050877,-0.008333333333333333,0.0,0.0,0.0,0.0,0.0,0.0,0.0,0.0,0.0,0.0,21.0,185.0,90.14084507042253,0.0,88.88888888888889,9.722222222222221,0.0,71.0,70.0,98.59154929577464,1.0,97.1830985915493,300.0,5.0,259.9,273.25,281.0,307.25,340.0,0.6129178028827426,0.8115079365079365,1.0190839694656488,1.4058823529411764,7.404761904761904,0.615,0.8373015873015872,1.0,1.0,1.0,0.6213582651603689,0.7562979017464506,0.9638554216867469,1.0,1.0,281.0,340.0,0.0,56.71641791044776,97.1830985915493,1.408450704225352,0.0,97.1830985915493,apdf,72.0,98.60133020344287,0.475187133510568,Münster Osnabrück Airport,52.133816,7.688482,yes
188,LEMH,211.0,208.0,98.5781990521327,0.0,0.0,600.0,600.0,-205.4999999999999,5.0,40.0,136.25,226.50000000000006,-0.4351851851851852,-0.25,-0.06881313131313131,-0.008333333333333333,0.38500000000000006,0.0,0.0,0.0,0.0,0.36500000000000055,0.0,0.0,0.0,0.0,0.3433333333333337,92.5,331.0000000000002,79.8076923076923,1.4423076923076923,95.73459715639811,2.3696682464454977,0.47393364928909953,211.0,208.0,98.5781990521327,0.0,0.0,,,-111.09999999999998,55.25,272.5,355.0,430.50000000000006,,,,,,,,,,,,,,,,276.5,484.50000000000006,21.153846153846153,,97.1563981042654,0.9478672985781991,0.47393364928909953,0.0,nm_inferred,211.0,98.5781990521327,,Menorca Airport,39.862598,4.21865,no
189,URSS,67.0,66.0,98.50746268656717,0.0,0.0,600.0,600.0,372.5,1517.5,1877.5,4323.75,4620.0,-7.7,-7.20625,-3.1291666666666664,-2.529166666666667,-0.6208333333333333,0.0,0.0,0.0,0.0,0.0,0.0,0.0,0.0,0.0,0.0,1877.5,4620.0,100.0,0.0,85.07462686567165,13.432835820895523,0.0,73.0,72.0,98.63013698630137,0.0,0.0,,,-3306.6,-2791.0,-981.0,-232.5,207.49999999999997,,,,,,,,,,,,,,,,981.0,3306.6,81.94444444444444,,97.26027397260275,1.36986301369863,0.0,0.0,nm_inferred,73.0,98.56879983643427,,Sochi International Airport,43.449902,39.9566,no
190,LWSK,106.0,104.0,98.11320754716981,0.0,0.0,420.0,540.0,101.5,125.0,145.0,161.25,193.5,-0.5341666666666667,-0.4666666666666667,-0.31666666666666665,-0.2152777777777778,-0.17569444444444443,0.0,0.0,0.0,0.0,0.0,0.0,0.0,0.0,0.0,0.0,145.0,193.5,99.03846153846153,0.0,98.11320754716981,0.0,0.0,101.0,100.0,99.00990099009901,0.0,0.0,,,51.000000000000014,128.75,155.0,175.0,185.0,,,,,,,,,,,,,,,,155.0,185.0,9.0,,98.01980198019803,0.0,0.9900990099009901,0.0,nm_inferred,106.0,98.56155426863441,,Skopje International Airport,41.958087,21.622581,no
191,EGKB,75.0,74.0,98.66666666666667,0.0,0.0,600.0,362.5,-1099.0,-637.5,-242.5,-100.0,13.500000000000014,-0.022499999999999996,0.16666666666666666,0.4041666666666667,1.0625,1.8316666666666668,0.0,0.2,0.42500000000000004,0.7375,1.0,0.0,0.16874999999999998,0.39583333333333337,0.7,1.0,242.5,1099.0,13.513513513513514,17.56756756756757,88.0,5.333333333333333,5.333333333333333,64.0,63.0,98.4375,0.0,0.0,,,275.8,377.5,435.0,506.0,744.0000000000002,,,,,,,,,,,,,,,,443.0,1753.6000000000035,4.761904761904762,,84.375,7.8125,6.25,0.0,nm_inferred,75.0,98.55208333333334,,London Biggin Hill Airport,51.33079910279999,0.0324999988079,no
192,LFPB,239.0,234.0,97.90794979079497,0.0,0.0,600.0,600.0,5.0,10.0,30.0,45.0,55.0,-0.09166666666666666,-0.075,-0.05,-0.016666666666666666,-0.008333333333333333,0.0,0.0,0.0,0.0,0.0,0.0,0.0,0.0,0.0,0.0,30.0,55.0,96.15384615384616,0.0,94.97907949790795,2.510460251046025,0.41841004184100417,245.0,243.0,99.18367346938776,0.0,0.0,,,246.0,269.0,283.0,297.5,310.0,,,,,,,,,,,,,,,,284.0,312.8,2.05761316872428,,93.46938775510205,2.4489795918367347,3.2653061224489797,0.0,nm_inferred,245.0,98.54581163009136,,Paris-Le Bourget International Airport,48.962276,2.436539,no
193,EGAC,136.0,134.0,98.52941176470588,0.0,0.0,600.0,600.0,6.5000000000000036,20.0,35.0,48.75,63.500000000000014,-0.11270833333333333,-0.08958333333333332,-0.058333333333333334,-0.03333333333333333,-0.012291666666666649,0.0,0.0,0.0,0.0,0.0,0.0,0.0,0.0,0.0,0.0,35.0,70.0,92.53731343283582,0.0,96.32352941176471,1.4705882352941178,0.7352941176470589,139.0,137.0,98.56115107913669,0.0,0.0,,,258.0,280.0,310.0,360.0,495.0,,,,,,,,,,,,,,,,315.0,502.0,4.37956204379562,,94.96402877697842,2.8776978417266186,0.7194244604316546,0.0,nm_inferred,139.0,98.54528142192129,,George Best Belfast City Airport,54.618099,-5.8725,no
194,LFMT,67.0,66.0,98.50746268656717,0.0,0.0,600.0,600.0,57.5,91.25,117.5,138.75,160.0,-0.24666666666666667,-0.22435897435897437,-0.18333333333333332,-0.15,-0.08666666666666666,0.0,0.0,0.0,0.0,0.0,0.0,0.0,0.0,0.0,0.0,120.0,165.0,96.96969696969697,0.0,95.5223880597015,1.492537313432836,1.492537313432836,68.0,67.0,98.52941176470588,0.0,0.0,,,32.00000000000001,88.0,155.0,227.5,261.0,,,,,,,,,,,,,,,,161.0,264.0,8.955223880597014,,97.05882352941177,1.4705882352941178,0.0,0.0,nm_inferred,68.0,98.51843722563652,,Montpellier-Méditerranée Airport,43.576199,3.96301,no
195,LRIA,67.0,66.0,98.50746268656717,0.0,0.0,600.0,600.0,497.5,602.5,1007.5,1297.25,1407.5,-2.345833333333333,-2.15625,-1.5467171717171717,-0.9904166666666666,-0.8291666666666666,0.0,0.0,0.0,0.0,0.0,0.0,0.0,0.0,0.0,0.0,1007.5,1407.5,100.0,0.0,92.53731343283582,5.970149253731344,0.0,66.0,65.0,98.48484848484848,0.0,0.0,,,-1307.4,-1190.0,-1058.0,-613.0,-455.3999999999999,,,,,,,,,,,,,,,,1058.0,1307.4,100.0,,96.96969696969697,1.5151515151515151,0.0,0.0,nm_inferred,67.0,98.49615558570783,,Iaşi International Airport,47.179633,27.621431,no
196,LTAU,66.0,65.0,98.48484848484848,0.0,0.0,600.0,600.0,1432.0,1530.0,1612.0,1680.0,1762.8,-2.9379999999999997,-2.8,-2.6866666666666665,-2.54,-2.2476666666666665,0.0,0.0,0.0,0.0,0.0,0.0,0.0,0.0,0.0,0.0,1612.0,1762.8,100.0,0.0,98.48484848484848,0.0,0.0,66.0,65.0,98.48484848484848,0.0,0.0,,,-2189.4,-1904.0,-1633.0,-1518.0,-1372.6,,,,,,,,,,,,,,,,1633.0,2189.4,100.0,,98.48484848484848,0.0,0.0,0.0,nm_inferred,66.0,98.48484848484848,,Kayseri Erkilet International Airport,38.770401,35.495399,no
197,LFMN,703.0,692.0,98.43527738264581,0.0,99.14651493598862,660.0,600.0,-5.0,5.0,20.0,40.0,45.0,-0.09259259259259259,-0.06060606060606061,-0.030303030303030304,-0.006295787545787546,0.009259259259259259,0.0,0.0,0.0,0.0,0.041666666666666664,0.0,0.0,0.0,0.0,0.008333333333333333,25.0,55.0,85.26011560693641,1.5895953757225434,95.44807965860598,1.7069701280227596,1.2802275960170697,730.0,719.0,98.4931506849315,0.0,99.86301369863013,240.0,5.0,415.0,525.0,585.0,650.0,755.0,1.4861111111111112,2.051388888888889,2.4583333333333335,3.0,3.9166666666666665,1.0,1.0,1.0,1.0,1.0,1.0,1.0,1.0,1.0,1.0,585.0,771.0000000000002,0.9735744089012517,95.82172701949861,93.56164383561644,3.4246575342465753,1.5068493150684932,99.86301369863013,apdf,730.0,98.46421403378866,0.49232107016894333,Nice-Côte d'Azur Airport,43.658401,7.21587,yes
198,EGGD,375.0,369.0,98.4,0.0,100.0,660.0,75.0,-957.0,-745.0,-620.0,-495.0,-384.00000000000006,0.6346153846153846,0.8106060606060606,0.8910256410256411,0.9615384615384616,1.0229059829059828,0.6538461538461539,0.8214285714285714,0.9090909090909091,0.9615384615384616,1.0,0.6333333333333333,0.8076923076923077,0.8872549019607843,0.9583333333333334,1.0,620.0,966.0,0.27100271002710025,26.558265582655828,94.13333333333334,3.2,1.0666666666666667,370.0,364.0,98.37837837837837,0.0,100.0,300.0,5.0,511.5,575.0,625.0,686.25,954.4999999999995,1.3816666666666666,1.7083333333333333,2.0416666666666665,2.4583333333333335,3.1499999999999995,1.0,1.0,1.0,1.0,1.0,0.9899305555555555,1.0,1.0,1.0,1.0,630.0,1864.499999999999,2.197802197802198,98.07692307692308,93.78378378378379,3.5135135135135136,1.0810810810810811,100.0,apdf,375.0,98.38918918918918,0.9284273979862214,Bristol Airport,51.382326,-2.716453,yes
199,EDDK,548.0,538.0,98.17518248175182,9.0,99.27007299270073,867.0,140.0,-1179.3,-923.0,-640.5,-398.25,-71.79999999999995,0.1267969764422186,0.4871628934128934,0.8497743391360413,0.9491053327648763,1.2119686313963354,0.23907692307692313,0.5,0.8241758241758241,0.9444444444444444,1.0,0.21475069601038035,0.4789119574606483,0.7859348861150431,0.9264521628215733,1.0,655.5,1213.3000000000002,5.390334572490707,20.18867924528302,93.43065693430657,3.832116788321168,0.9124087591240876,541.0,533.0,98.52125693160814,0.0,99.81515711645102,350.5,5.0,342.2,448.0,551.0,673.0,815.0,1.0575534792149732,1.3623153272901596,1.571588725176169,1.8159327651515151,2.2628162816281643,0.9090909090909091,1.0,1.0,1.0,1.0,0.9440838109898123,0.9928757969122053,1.0,1.0036005808021349,1.0073260073260073,556.0,843.0,2.4390243902439024,89.84962406015038,91.1275415896488,6.469500924214418,0.9242144177449169,99.81515711645102,apdf,548.0,98.34821970667997,0.8782175828073338,Cologne Bonn Airport,50.865898,7.14274,yes
200,EDDL,757.0,745.0,98.41479524438573,0.0,99.20739762219286,684.0,67.0,-930.6,-724.0,-575.0,-396.0,-242.39999999999998,0.39976789606272467,0.5582089552238806,0.9092409240924092,0.9916387959866221,1.1161512799127478,0.45,0.5925925925925926,0.918918918918919,1.0,1.0,0.4202541393916057,0.5644090305444888,0.8967851099830795,0.9789644012944985,1.0,583.0,963.0000000000001,2.684563758389262,35.30201342281879,92.47027741083224,5.019815059445178,0.9247027741083224,751.0,738.0,98.26897470039947,0.0,99.86684420772303,235.0,5.0,357.8,443.0,506.0,582.75,678.9000000000002,1.3727291440547924,1.8415094339622642,2.176767676767677,2.625514403292181,3.242081949058693,0.9,1.0,1.0,1.0,1.0,0.9810126582278481,0.9920634920634921,1.0,1.005586592178771,1.0119047619047619,510.5,723.0,1.6260162601626016,92.26594301221166,93.20905459387484,4.527296937416778,0.5326231691078562,99.86684420772303,apdf,757.0,98.34188497239259,0.9326671155165152,Düsseldorf Airport,51.289501,6.76678,yes
201,EETN,183.0,180.0,98.36065573770492,0.0,99.4535519125683,600.0,35.0,-880.0,-696.25,-555.0,-353.75,-235.0,0.6200000000000001,0.8560606060606061,0.9419871794871795,1.0208333333333335,1.43125,0.7183035714285715,0.875,0.9545454545454546,1.0,1.0,0.694047619047619,0.8560606060606061,0.9282852564102564,0.984508547008547,1.0,557.5,881.4999999999999,0.5555555555555556,43.888888888888886,92.89617486338798,2.185792349726776,3.278688524590164,178.0,175.0,98.31460674157303,0.0,100.0,180.0,5.0,485.0,527.5,585.0,752.5,1917.0,2.0833333333333335,2.4166666666666665,2.888888888888889,4.0625,10.638888888888888,1.0,1.0,1.0,1.0,1.0,1.0,1.0,1.0,1.0,1.0,585.0,1917.0,0.0,98.85714285714286,95.50561797752809,1.1235955056179776,1.6853932584269662,100.0,apdf,183.0,98.33763123963897,0.9481150223485223,Lennart Meri Tallinn Airport,59.413246,24.83264,yes
202,LTFG,30.0,29.0,96.66666666666667,0.0,0.0,0.0,540.0,-5.0,10.0,25.0,45.0,546.9999999999993,-0.12037037037037036,-0.12037037037037036,-0.12037037037037036,-0.12037037037037036,-0.12037037037037036,0.0,0.0,0.0,0.0,0.0,0.0,0.0,0.0,0.0,0.0,25.0,546.9999999999993,86.20689655172414,0.0,93.33333333333333,3.3333333333333335,0.0,31.0,31.0,100.0,0.0,0.0,,,55.0,191.5,245.0,255.0,275.0,,,,,,,,,,,,,,,,245.0,275.0,9.67741935483871,,100.0,0.0,0.0,0.0,nm_inferred,31.0,98.33333333333334,,Gazipaşa-Alanya Airport,36.298832,32.297017,no
203,EGPH,588.0,578.0,98.29931972789116,0.0,100.0,720.0,247.5,-961.5,-695.0,-505.0,-286.25,-173.49999999999966,0.2746428571428572,0.4318181818181818,0.7418981481481481,0.8787878787878788,0.9491732804232804,0.2898809523809524,0.4444444444444444,0.6757352941176471,0.8840497737556561,0.9421568627450982,0.2727272727272727,0.41121031746031744,0.65,0.8588141025641025,0.9166666666666666,507.5,970.0,3.9792387543252596,7.093425605536332,93.5374149659864,3.061224489795918,1.7006802721088434,584.0,574.0,98.28767123287672,0.0,99.82876712328768,360.0,5.0,475.0,545.0,600.0,695.0,868.5000000000002,1.1032763532763532,1.4166666666666667,1.7291666666666667,2.1666666666666665,2.575000000000003,1.0,1.0,1.0,1.0,1.0,0.9583333333333334,1.0,1.0,1.0,1.0,600.0,880.5000000000007,0.17421602787456447,91.44851657940663,93.66438356164383,3.2534246575342465,1.36986301369863,100.0,apdf,588.0,98.29349548038394,0.8109213377131674,Edinburgh Airport,55.950145,-3.372288,yes
204,LGSR,144.0,142.0,98.61111111111111,0.0,0.0,420.0,420.0,380.4,440.0,504.5,619.75,1069.0,-2.558333333333333,-1.65,-1.2642857142857142,-1.095734126984127,-0.9049107142857142,0.0,0.0,0.0,0.0,0.0,0.0,0.0,0.0,0.0,0.0,504.5,1069.0,100.0,0.0,95.83333333333333,2.0833333333333335,0.6944444444444444,147.0,144.0,97.95918367346938,0.0,0.0,,,-852.0,-652.75,-553.0,-376.0,-283.29999999999995,,,,,,,,,,,,,,,,553.0,852.0000000000003,100.0,,96.59863945578232,1.3605442176870748,0.0,0.0,nm_inferred,147.0,98.28514739229024,,Santorini International Airport,36.400045,25.478638,no
205,HLLM,28.0,28.0,100.0,0.0,0.0,0.0,600.0,573.5,720.5,2957.5,4236.0,4379.8,-3.2435,-3.1637500000000003,-3.0308333333333337,-2.8979166666666667,-2.818166666666667,0.0,0.0,0.0,0.0,0.0,0.0,0.0,0.0,0.0,0.0,2957.5,4379.8,100.0,0.0,50.0,50.0,0.0,29.0,28.0,96.55172413793103,0.0,0.0,,,-4768.3,-4658.0,-4282.5,-624.75,-493.4999999999999,,,,,,,,,,,,,,,,4282.5,4768.3,96.42857142857143,,37.93103448275862,58.62068965517241,0.0,0.0,nm_inferred,29.0,98.27586206896552,,Mitiga International Airport,32.89177,13.287878,no
206,LOWI,22.0,22.0,100.0,0.0,0.0,360.0,5.0,-1296.0,-963.75,-447.5,-331.25,-202.99999999999994,0.23355555555555554,0.8541666666666667,1.2361111111111112,1.465277777777778,5.84,0.37666666666666665,0.8083333333333333,1.0,1.0,1.0,0.3366666666666667,0.7895833333333333,1.0,1.0,1.0,447.5,1296.0,0.0,63.63636363636363,95.45454545454545,0.0,4.545454545454546,29.0,28.0,96.55172413793103,0.0,0.0,,,393.0,427.5,507.5,541.25,580.0,,,,,,,,,,,,,,,,507.5,580.0,0.0,,93.10344827586206,0.0,3.4482758620689653,0.0,nm_inferred,29.0,98.27586206896552,,Innsbruck Airport,47.260201,11.344,no
207,LTAI,1269.0,1248.0,98.3451536643026,0.0,0.0,1320.0,1320.0,60.0,100.0,190.0,275.0,459.4999999999993,-0.3938279857397504,-0.21212121212121213,-0.14772727272727273,-0.07910353535353536,-0.045454545454545456,0.0,0.0,0.0,0.0,0.0,0.0,0.0,0.0,0.0,0.0,190.0,459.4999999999993,99.59935897435898,0.0,91.25295508274232,7.092198581560283,0.0,1274.0,1250.0,98.11616954474097,0.0,0.0,,,-1355.5,-792.5,-367.5,-171.25,-55.0,,,,,,,,,,,,,,,,367.5,1355.5000000000007,93.68,,90.1883830455259,7.849293563579278,0.07849293563579278,0.0,nm_inferred,1274.0,98.23066160452179,,Antalya International Airport,36.898701,30.800501,no
208,LDDU,141.0,139.0,98.58156028368795,0.0,0.0,600.0,600.0,704.0,807.5,925.0,997.5,1110.0,-1.925,-1.75,-1.5277777777777777,-1.2166666666666668,-1.0066666666666666,0.0,0.0,0.0,0.0,0.0,0.0,0.0,0.0,0.0,0.0,925.0,1110.0,100.0,0.0,96.45390070921985,2.127659574468085,0.0,139.0,136.0,97.84172661870504,0.0,0.0,,,-1165.5,-1030.0,-892.5,-789.25,-685.0,,,,,,,,,,,,,,,,892.5,1165.5,100.0,,94.96402877697842,2.158273381294964,0.7194244604316546,0.0,nm_inferred,141.0,98.2116434511965,,Dubrovnik Ruđer Bošković Airport,42.562247,18.265543,no
209,LCLK,294.0,287.0,97.61904761904762,0.0,0.0,600.0,370.0,-1132.0,-747.5,-330.0,75.0,152.00000000000017,-0.3175,-0.115625,0.4861111111111111,1.2069444444444444,2.15,0.0,0.0,0.4,0.95,1.0,0.0,0.0,0.3854166666666667,0.9083333333333333,1.0,435.0,1541.0000000000014,36.23693379790941,21.951219512195124,91.49659863945578,5.782312925170068,0.3401360544217687,295.0,291.0,98.64406779661017,0.0,0.0,,,55.0,167.0,310.0,530.0,710.0,,,,,,,,,,,,,,,,360.0,800.0,8.24742268041237,,93.22033898305085,4.406779661016949,1.0169491525423728,0.0,nm_inferred,295.0,98.1315577078289,,Larnaca International Airport,34.875099,33.624901,no
210,HECA,211.0,209.0,99.0521327014218,0.0,0.0,900.0,900.0,482.4,575.0,1412.0,3344.0,6704.8,-7.449777777777777,-3.7155555555555555,-1.568888888888889,-0.6388888888888888,-0.5359999999999999,0.0,0.0,0.0,0.0,0.0,0.0,0.0,0.0,0.0,0.0,1412.0,6704.8,100.0,0.0,67.77251184834124,31.27962085308057,0.0,210.0,204.0,97.14285714285714,0.0,0.0,,,-1270.4,-993.0,-731.5,-571.75,-444.0,,,,,,,,,,,,,,,,731.5,1270.4,99.01960784313725,,89.52380952380952,7.619047619047619,0.0,0.0,nm_inferred,211.0,98.09749492213948,,Cairo International Airport,30.111534,31.396694,no
211,LGRP,270.0,265.0,98.14814814814815,0.0,0.0,480.0,5.0,-1439.9999999999998,-860.0,-640.0,-500.0,-291.8000000000001,0.55,1.0166666666666666,1.3229166666666667,1.7083333333333333,3.0736111111111106,0.6295454545454545,1.0,1.0,1.0,1.0,0.5952651515151516,0.96875,1.0,1.0,1.0,645.0,2136.999999999999,3.018867924528302,77.35849056603773,94.07407407407408,2.962962962962963,1.1111111111111112,290.0,284.0,97.93103448275862,0.0,0.0,,,452.8,523.75,595.5,702.75,979.3000000000003,,,,,,,,,,,,,,,,597.5,987.8000000000001,0.352112676056338,,95.51724137931035,1.3793103448275863,1.0344827586206897,0.0,nm_inferred,290.0,98.03959131545338,,"Rhodes International Airport ""Diagoras""",36.405399,28.086201,no
212,LATI,321.0,319.0,99.37694704049844,0.0,0.0,840.0,840.0,314.0,350.0,400.0,482.5,615.0,-1.32,-0.9479166666666667,-0.6547619047619048,-0.45972222222222225,-0.37777777777777777,0.0,0.0,0.0,0.0,0.0,0.0,0.0,0.0,0.0,0.0,400.0,615.0,100.0,0.0,98.4423676012461,0.9345794392523364,0.0,313.0,302.0,96.48562300319489,0.0,0.0,,,-1259.5,-933.0,-675.0,-483.0,-409.0,,,,,,,,,,,,,,,,675.0,1259.5000000000002,100.0,,93.9297124600639,2.5559105431309903,0.0,0.0,nm_inferred,321.0,97.93128502184666,,Tirana International Airport Mother Teresa,41.4147,19.7206,no
213,LDSP,166.0,163.0,98.19277108433735,0.0,0.0,300.0,300.0,290.0,347.5,440.0,582.5,694.0,-2.28,-1.8833333333333333,-1.3833333333333333,-1.0416666666666667,-0.7527777777777777,0.0,0.0,0.0,0.0,0.0,0.0,0.0,0.0,0.0,0.0,440.0,694.0,100.0,0.0,93.97590361445783,3.6144578313253013,0.6024096385542169,170.0,166.0,97.6470588235294,0.0,0.0,,,-694.5,-503.5,-372.5,-260.0,-174.5,,,,,,,,,,,,,,,,372.5,694.5,99.39759036144578,,94.11764705882354,2.9411764705882355,0.5882352941176471,0.0,nm_inferred,170.0,97.91991495393339,,Split Saint Jerome Airport,43.538898,16.298,no
214,LTAZ,24.0,23.0,95.83333333333333,0.0,0.0,300.0,300.0,1220.0,1275.0,1330.0,1440.0,1530.0,-5.1000000000000005,-4.8,-4.433333333333334,-4.25,-4.066666666666666,0.0,0.0,0.0,0.0,0.0,0.0,0.0,0.0,0.0,0.0,1330.0,1530.0,100.0,0.0,95.83333333333333,0.0,0.0,25.0,25.0,100.0,0.0,0.0,,,-1261.0,-1185.0,-1125.0,-1050.0,-1007.0,,,,,,,,,,,,,,,,1125.0,1261.0,100.0,,100.0,0.0,0.0,0.0,nm_inferred,25.0,97.91666666666666,,Nevşehir Kapadokya Airport,38.7719,34.5345,no
215,LGZA,119.0,116.0,97.47899159663865,0.0,0.0,720.0,720.0,567.5,597.0,641.0,723.5,964.0,-1.9859722222222222,-1.2135416666666665,-0.8923611111111112,-0.8270833333333334,-0.7354166666666666,0.0,0.0,0.0,0.0,0.0,0.0,0.0,0.0,0.0,0.0,641.0,964.0,100.0,0.0,95.7983193277311,1.680672268907563,0.0,120.0,118.0,98.33333333333333,0.0,0.0,,,-1407.3,-1168.75,-1064.5,-933.75,-804.1000000000001,,,,,,,,,,,,,,,,1064.5,1407.3,100.0,,95.0,3.3333333333333335,0.0,0.0,nm_inferred,120.0,97.90616246498598,,Zakynthos International Airport Dionysios Solomos,37.7509,20.8843,no
216,LGSA,161.0,158.0,98.13664596273291,0.0,0.0,900.0,900.0,-65.0,23.5,132.0,230.0,394.50000000000017,-0.46791666666666665,-0.24409722222222222,-0.12291666666666667,-0.026111111111111113,0.07083333333333333,0.0,0.0,0.0,0.0,0.075,0.0,0.0,0.0,0.0,0.07083333333333333,132.5,394.50000000000017,81.64556962025317,0.0,96.8944099378882,1.2422360248447204,0.0,170.0,166.0,97.6470588235294,0.0,0.0,,,-589.0,-378.5,53.5,211.75,279.0,,,,,,,,,,,,,,,,239.0,589.0,45.78313253012048,,95.29411764705883,2.3529411764705883,0.0,0.0,nm_inferred,170.0,97.89185239313116,,Chania International Airport,35.531207,24.150673,no
217,LIPO,21.0,21.0,100.0,0.0,0.0,480.0,470.0,-500.0,-185.0,-10.0,50.0,65.0,-0.13541666666666666,-0.10416666666666667,0.020833333333333332,0.3854166666666667,1.0416666666666667,0.0,0.0,0.0625,0.4375,0.75,0.0,0.0,0.020833333333333332,0.3854166666666667,0.75,75.0,500.0,47.61904761904762,4.761904761904762,100.0,0.0,0.0,22.0,21.0,95.45454545454545,0.0,0.0,,,340.0,415.0,590.0,640.0,665.0,,,,,,,,,,,,,,,,590.0,665.0,0.0,,95.45454545454545,0.0,0.0,0.0,nm_inferred,22.0,97.72727272727272,,Brescia Gabriele d'Annunzio Airport,45.428902,10.3306,no
218,ENRA,21.0,20.0,95.23809523809524,0.0,0.0,300.0,300.0,313.5,368.75,612.5,871.25,895.5,-2.985,-2.904166666666667,-2.041666666666667,-1.2291666666666667,-1.045,0.0,0.0,0.0,0.0,0.0,0.0,0.0,0.0,0.0,0.0,750.0,901.0,95.0,0.0,90.47619047619048,0.0,4.761904761904762,23.0,23.0,100.0,0.0,0.0,,,-682.8,-554.0,-379.0,-180.5,-94.79999999999998,,,,,,,,,,,,,,,,424.0,867.4000000000001,95.65217391304348,,95.65217391304348,0.0,4.3478260869565215,0.0,nm_inferred,23.0,97.61904761904762,,"Mo i Rana Airport, Røssvoll",66.363899230957,14.301400184631,no
219,LFRK,22.0,22.0,100.0,0.0,0.0,300.0,300.0,90.5,128.75,175.0,213.75,242.50000000000006,-0.8083333333333333,-0.7125,-0.575,-0.37916666666666665,-0.3,0.0,0.0,0.0,0.0,0.0,0.0,0.0,0.0,0.0,0.0,175.0,242.50000000000006,100.0,0.0,95.45454545454545,0.0,4.545454545454546,21.0,20.0,95.23809523809524,0.0,0.0,,,21.6,50.25,58.0,86.0,97.4,,,,,,,,,,,,,,,,64.0,103.20000000000003,5.0,,95.23809523809524,0.0,0.0,0.0,nm_inferred,22.0,97.61904761904762,,Caen Carpiquet airport,49.17678,-0.454883,no
220,EGFF,43.0,42.0,97.67441860465117,0.0,0.0,600.0,422.5,-659.0,-375.0,-210.0,-72.5,-12.000000000000028,0.03500000000000001,0.13541666666666666,0.3041666666666667,0.6214285714285714,1.1,0.05,0.15,0.3,0.5,0.9299999999999997,0.010833333333333348,0.12083333333333333,0.28194444444444444,0.4888888888888889,0.889722222222222,217.5,659.0,9.523809523809524,9.523809523809524,88.37209302325581,4.651162790697675,4.651162790697675,41.0,40.0,97.5609756097561,0.0,0.0,,,324.0,442.5,540.0,616.25,696.0,,,,,,,,,,,,,,,,540.0,696.0,0.0,,92.6829268292683,0.0,4.878048780487805,0.0,nm_inferred,43.0,97.61769710720364,,Cardiff International Airport,51.396702,-3.34333,no
221,LEGE,83.0,80.0,96.3855421686747,0.0,0.0,540.0,540.0,40.0,55.0,70.0,90.0,100.0,-0.18518518518518517,-0.16666666666666666,-0.12962962962962962,-0.10185185185185185,-0.07407407407407407,0.0,0.0,0.0,0.0,0.0,0.0,0.0,0.0,0.0,0.0,70.0,100.0,100.0,0.0,93.97590361445783,2.4096385542168677,0.0,86.0,85.0,98.83720930232558,0.0,0.0,,,-72.19999999999999,43.0,200.0,223.0,233.20000000000002,,,,,,,,,,,,,,,,200.0,233.20000000000002,20.0,,96.51162790697674,1.1627906976744187,1.1627906976744187,0.0,nm_inferred,86.0,97.61137573550013,,Girona-Costa Brava Airport,41.904639,2.761774,no
222,LPMA,125.0,123.0,98.4,0.0,0.0,480.0,5.0,-785.0,-617.5,-390.0,3105.0,3375.0,-7.027083333333334,-6.453125,0.6979166666666666,1.2708333333333335,1.7970833333333331,0.5681818181818182,0.9375,1.0,1.0,1.0,0.5479166666666666,0.9045138888888888,1.0,1.0,1.0,825.0,3389.0,41.46341463414634,68.29268292682927,56.0,42.4,0.0,124.0,120.0,96.7741935483871,0.0,0.0,,,-3449.0,-3146.25,-2665.0,-2408.75,470.0,,,,,,,,,,,,,,,,2665.0,3449.0000000000005,82.5,,16.93548387096774,79.83870967741936,0.0,0.0,nm_inferred,125.0,97.58709677419355,,Cristiano Ronaldo International Airport,32.697812,-16.774613,no
223,HEGN,184.0,180.0,97.82608695652173,0.0,0.0,900.0,900.0,942.7,1030.75,1155.0,1466.75,5455.0,-6.112777777777778,-3.867777777777778,-1.2994444444444446,-1.1444444444444444,-1.043888888888889,0.0,0.0,0.0,0.0,0.0,0.0,0.0,0.0,0.0,0.0,1155.0,5455.0,100.0,0.0,82.6086956521739,15.217391304347826,0.0,183.0,178.0,97.26775956284153,0.0,0.0,,,-5031.5,-4786.5,-1267.5,-1005.5,-899.1999999999999,,,,,,,,,,,,,,,,1267.5,5031.5,100.0,,82.51366120218579,14.754098360655737,0.0,0.0,nm_inferred,184.0,97.54692325968163,,Hurghada International Airport,27.176776,33.796692,no
224,LRSV,20.0,20.0,100.0,0.0,0.0,300.0,300.0,751.0,908.75,992.5,1107.5,1537.0,-5.123333333333333,-3.6916666666666664,-3.3083333333333336,-2.666666666666667,-1.7534848484848482,0.0,0.0,0.0,0.0,0.0,0.0,0.0,0.0,0.0,0.0,992.5,1537.0,100.0,0.0,95.0,5.0,0.0,20.0,19.0,95.0,0.0,0.0,,,-1033.4,-980.0,-918.0,-749.5,-577.0,,,,,,,,,,,,,,,,918.0,1033.4,100.0,,95.0,0.0,0.0,0.0,nm_inferred,20.0,97.5,,Suceava Ștefan cel Mare International Airport,47.6875,26.354099,no
225,LECO,40.0,39.0,97.5,0.0,0.0,300.0,5.0,-1115.3999999999996,-552.5,-460.0,-365.0,-249.99999999999986,0.8233333333333335,1.0611111111111111,1.4166666666666667,1.8416666666666668,3.7180000000000177,0.8600000000000001,1.0,1.0,1.0,1.0,0.8233333333333335,1.0,1.0,1.0,1.0,460.0,1115.4000000000053,0.0,79.48717948717949,90.0,0.0,7.5,38.0,37.0,97.36842105263158,0.0,0.0,,,378.8,464.0,505.0,571.0,774.3999999999999,,,,,,,,,,,,,,,,505.0,774.3999999999999,0.0,,92.10526315789474,0.0,5.2631578947368425,0.0,nm_inferred,40.0,97.43421052631578,,A Coruña Airport,43.302101,-8.37726,no
226,LFBD,269.0,262.0,97.39776951672863,0.0,0.0,600.0,600.0,20.0,25.0,40.0,55.0,65.0,-0.125,-0.09375,-0.0625,-0.041666666666666664,-0.027777777777777776,0.0,0.0,0.0,0.0,0.0,0.0,0.0,0.0,0.0,0.0,40.0,65.0,99.61832061068702,0.0,94.79553903345725,2.2304832713754648,0.37174721189591076,274.0,267.0,97.44525547445255,0.0,0.0,,,248.0,262.0,276.0,288.5,300.0,,,,,,,,,,,,,,,,276.0,300.0,0.37453183520599254,,95.98540145985402,1.094890510948905,0.36496350364963503,0.0,nm_inferred,274.0,97.42151249559059,,Bordeaux–Mérignac Airport,44.82865,-0.715356,no
227,LEGR,39.0,38.0,97.43589743589743,0.0,0.0,300.0,300.0,220.0,240.0,260.0,291.25,431.5,-1.4383333333333332,-0.9708333333333333,-0.8666666666666667,-0.8,-0.7333333333333333,0.0,0.0,0.0,0.0,0.0,0.0,0.0,0.0,0.0,0.0,260.0,431.5,100.0,0.0,94.87179487179488,2.5641025641025643,0.0,38.0,37.0,97.36842105263158,0.0,0.0,,,-602.2,-463.0,-321.0,-204.0,-149.4,,,,,,,,,,,,,,,,321.0,602.2,97.29729729729729,,97.36842105263158,0.0,0.0,0.0,nm_inferred,39.0,97.40215924426451,,F.G.L. Airport Granada-Jaén Airport,37.188702,-3.77736,no
228,LBBG,69.0,67.0,97.10144927536231,0.0,0.0,300.0,300.0,56.00000000000001,107.5,145.0,185.0,215.0,-0.7066666666666667,-0.6,-0.4,-0.18888888888888888,-0.12888888888888891,0.0,0.0,0.0,0.0,0.0,0.0,0.0,0.0,0.0,0.0,145.0,215.0,97.01492537313433,0.0,94.20289855072464,2.898550724637681,0.0,76.0,74.0,97.36842105263158,0.0,0.0,,,-277.1,-138.25,45.0,83.75,140.4,,,,,,,,,,,,,,,,84.0,277.1,40.54054054054054,,90.78947368421052,6.578947368421052,0.0,0.0,nm_inferred,76.0,97.23493516399694,,Burgas Airport,42.569917,27.515173,no
229,LEMI,36.0,35.0,97.22222222222223,0.0,0.0,540.0,540.0,10.0,27.5,40.0,47.5,68.0,-0.15333333333333332,-0.09166666666666667,-0.05555555555555555,-0.037222222222222226,-0.017777777777777753,0.0,0.0,0.0,0.0,0.0,0.0,0.0,0.0,0.0,0.0,40.0,68.0,100.0,0.0,97.22222222222223,0.0,0.0,36.0,35.0,97.22222222222223,0.0,0.0,,,129.6,157.5,174.0,192.0,201.6,,,,,,,,,,,,,,,,177.0,206.20000000000002,8.571428571428571,,94.44444444444444,0.0,2.7777777777777777,0.0,nm_inferred,36.0,97.22222222222223,,Region of Murcia International Airport,37.802852,-1.124884,no
230,ENHD,37.0,36.0,97.29729729729729,0.0,0.0,300.0,300.0,99.0,113.0,125.0,165.0,188.0,-0.6266666666666667,-0.55,-0.4166666666666667,-0.37666666666666665,-0.32999999999999996,0.0,0.0,0.0,0.0,0.0,0.0,0.0,0.0,0.0,0.0,125.0,188.0,100.0,0.0,67.56756756756756,8.108108108108109,21.62162162162162,35.0,34.0,97.14285714285714,0.0,0.0,,,-304.9,-179.75,-29.5,89.75,1378.7,,,,,,,,,,,,,,,,164.0,1378.7,52.94117647058823,,80.0,0.0,17.142857142857142,0.0,nm_inferred,37.0,97.22007722007721,,"Haugesund Airport, Karmøy",59.345299,5.20836,no
231,EDDS,408.0,397.0,97.30392156862744,0.0,99.01960784313727,729.5,20.0,-2336.6,-1017.0,-795.0,-626.0,-436.39999999999986,0.8449669966996699,0.9079189686924494,0.9929378531073446,1.4251700680272108,3.0149667525829025,0.8695652173913043,0.9230769230769231,1.0,1.0,1.0,0.8466786880452264,0.907960199004975,0.9744094488188977,1.0019455252918288,1.0052292425833282,795.0,2336.600000000001,0.5037783375314862,56.92695214105793,94.11764705882354,1.7156862745098038,1.4705882352941178,413.0,401.0,97.09443099273608,0.0,99.75786924939467,245.5,5.0,441.0,494.0,550.0,638.0,795.0,1.5405128205128205,1.8537375088519947,2.234912538938144,2.661833126550868,3.328466293788638,1.0,1.0,1.0,1.0,1.0,0.9851019488565957,0.9924736255253452,1.0,1.0049019607843137,1.0098770960839927,555.0,815.0,1.4962593516209477,98.25,92.7360774818402,2.9055690072639226,1.4527845036319613,99.75786924939467,apdf,413.0,97.19917628068177,0.9595548603299587,Stuttgart Airport,48.689899,9.22196,yes
232,LTBA,47.0,46.0,97.87234042553192,0.0,0.0,1200.0,815.0,-752.5,-487.5,-150.0,-85.0,-45.0,0.0475,0.09166666666666666,0.14166666666666666,0.4125,0.6736111111111114,0.05666666666666667,0.1,0.16666666666666666,0.375,0.5800000000000001,0.0475,0.09166666666666666,0.14166666666666666,0.35,0.56,165.0,810.0,6.521739130434782,0.0,91.48936170212765,2.127659574468085,4.25531914893617,55.0,53.0,96.36363636363636,0.0,0.0,,,413.0,485.0,525.0,715.0,841.0000000000001,,,,,,,,,,,,,,,,535.0,876.0000000000001,3.7735849056603774,,83.63636363636364,9.090909090909092,3.6363636363636362,0.0,nm_inferred,55.0,97.11798839458413,,İstanbul Atatürk Airport,40.971913,28.823714,no
233,LEVX,33.0,32.0,96.96969696969697,0.0,0.0,300.0,72.5,-549.0,-398.75,-227.5,-30.0,4.000000000000021,-0.008333333333333331,0.09583333333333334,0.7583333333333333,1.3291666666666666,1.83,0.00833333333333334,0.1,0.8,0.925,1.0,0.001666666666666668,0.09583333333333334,0.7583333333333333,0.8708333333333333,1.0,227.5,549.0,12.5,15.625,93.93939393939394,3.0303030303030303,0.0,33.0,32.0,96.96969696969697,0.0,0.0,,,306.0,387.25,441.0,469.75,519.1,,,,,,,,,,,,,,,,441.0,519.1,3.125,,93.93939393939394,3.0303030303030303,0.0,0.0,nm_inferred,33.0,96.96969696969697,,Vigo Airport,42.2318,-8.62677,no
234,UGKO,33.0,31.0,93.93939393939394,0.0,0.0,840.0,75.0,-900.0,-625.0,-310.0,6325.0,7200.0,-8.779761904761905,-7.529761904761905,0.34444444444444444,0.6944444444444444,1.0714285714285714,0.5,0.6833333333333333,0.9285714285714286,1.0,1.0,0.49444444444444446,0.6722222222222223,0.9107142857142857,0.9970238095238095,1.0,2439.0,7200.0,48.38709677419355,38.70967741935484,45.45454545454545,48.484848484848484,0.0,33.0,33.0,100.0,0.0,0.0,,,-3916.0,-3670.0,-3490.0,555.0,644.0,,,,,,,,,,,,,,,,3490.0,3916.0,63.63636363636363,,45.45454545454545,54.54545454545455,0.0,0.0,nm_inferred,33.0,96.96969696969697,,David the Builder Kutaisi International Airport,42.177448,42.485353,no
235,LROP,527.0,511.0,96.96394686907021,12.0,99.43074003795066,540.0,540.0,25.0,40.0,60.0,80.0,95.0,-0.23809523809523808,-0.16666666666666666,-0.10119047619047619,-0.0625,-0.037037037037037035,0.0,0.0,0.0,0.0,0.0,0.0,0.0,0.0,0.0,0.0,60.0,95.0,98.63013698630137,0.0,92.22011385199241,4.743833017077799,0.0,518.0,502.0,96.91119691119691,7.0,99.61389961389962,360.0,55.0,196.0,266.25,290.0,313.75,330.0,0.5465608465608466,0.7380952380952381,0.8472222222222222,1.0166666666666666,1.3333333333333333,0.6666666666666666,0.7857142857142857,0.9166666666666666,1.0,1.0,0.6224867724867725,0.7619047619047619,0.8611111111111112,1.0,1.0,295.0,335.0,3.9840637450199203,36.105476673427994,93.24324324324324,3.667953667953668,0.0,99.61389961389962,apdf,527.0,96.93757189013357,0.41737010119363066,Bucharest Henri Coandă International Airport,44.571792,26.103285,yes
236,LJLJ,95.0,92.0,96.84210526315789,0.0,98.94736842105263,611.0,615.0,10.0,17.0,25.5,33.0,42.0,-0.0815877046184623,-0.05942310219937494,-0.04027685725862941,-0.027578785893006077,-0.011875049484448168,0.0,0.0,0.0,0.0,0.0,0.0,0.0,0.0,0.0,0.0,26.0,42.900000000000006,95.65217391304348,0.0,96.84210526315789,0.0,0.0,97.0,94.0,96.90721649484536,0.0,100.0,202.0,5.0,219.6,239.25,261.5,277.0,290.0,0.8541781154032649,1.058890838890839,1.307952528837622,1.521590909090909,1.7426303562209602,0.7340909090909091,1.0,1.0,1.0,1.0,0.8640409614629754,0.9836065573770492,0.9953155169387397,1.0052910052910053,1.0144927536231885,261.5,290.0,2.127659574468085,86.17021276595744,93.81443298969072,3.0927835051546393,0.0,100.0,apdf,97.0,96.87466087900162,0.482104265855243,Ljubljana Jože Pučnik Airport,46.223701,14.4576,yes
237,EBAW,36.0,35.0,97.22222222222223,0.0,0.0,900.0,735.0,-282.0,-212.5,-120.0,-87.5,19.00000000000002,-0.021111111111111105,0.1,0.16111111111111112,0.25,0.31333333333333335,0.02666666666666669,0.11666666666666667,0.2,0.26666666666666666,0.32,0.017777777777777795,0.10555555555555556,0.18333333333333332,0.25,0.31333333333333335,130.0,350.0000000000001,14.285714285714286,2.857142857142857,91.66666666666667,2.7777777777777777,2.7777777777777777,28.0,27.0,96.42857142857143,0.0,0.0,,,294.6,302.5,395.0,450.0,493.00000000000006,,,,,,,,,,,,,,,,395.0,493.00000000000006,0.0,,92.85714285714286,0.0,3.5714285714285716,0.0,nm_inferred,36.0,96.82539682539684,,Antwerp International Airport (Deurne),51.190667,4.463153,no
238,OLBA,164.0,154.0,93.90243902439025,0.0,0.0,600.0,600.0,95.9,161.25,244.5,444.75,660.0000000000002,-1.1,-0.74125,-0.4075,-0.26875,-0.15983333333333324,0.0,0.0,0.0,0.0,0.0,0.0,0.0,0.0,0.0,0.0,249.0,660.0000000000002,99.35064935064935,0.0,79.8780487804878,14.024390243902438,0.0,159.0,158.0,99.37106918238993,0.0,0.0,,,-816.8,-585.75,-377.5,-16.25,232.10000000000008,,,,,,,,,,,,,,,,403.0,917.6000000000005,75.9493670886076,,83.64779874213836,15.09433962264151,0.6289308176100629,0.0,nm_inferred,164.0,96.63675410339009,,Beirut Rafic Hariri International Airport,33.819833,35.487443,no
239,LCPH,111.0,107.0,96.3963963963964,0.0,0.0,720.0,720.0,32.00000000000003,272.5,385.0,447.5,500.0000000000001,-0.741969696969697,-0.6268939393939394,-0.46078431372549017,-0.3194444444444444,-0.03555555555555543,0.0,0.0,0.0,0.0,0.0,0.0,0.0,0.0,0.0,0.0,385.0,500.0000000000001,90.65420560747664,0.0,95.49549549549549,0.9009009009009009,0.0,118.0,114.0,96.61016949152543,0.0,0.0,,,-185.0,-12.5,94.5,120.0,160.0,,,,,,,,,,,,,,,,115.0,290.0,28.07017543859649,,92.37288135593221,4.237288135593221,0.0,0.0,nm_inferred,118.0,96.50328294396091,,Paphos International Airport,34.717999,32.485699,no
240,LGAV,1269.0,1240.0,97.71473601260836,0.0,99.92119779353821,780.0,780.0,100.0,115.0,140.0,165.0,240.0,-0.429047619047619,-0.25856481481481486,-0.17392676767676768,-0.12962962962962962,-0.1,0.0,0.0,0.0,0.0,0.0,0.0,0.0,0.0,0.0,0.0,140.0,240.0,99.83870967741936,0.0,93.85342789598108,3.38849487785658,0.4728132387706856,1258.0,1198.0,95.23052464228935,0.0,99.92050874403816,300.0,240.0,-405.0,-220.0,-5.0,115.0,150.0,-1.6966666666666665,-0.7333333333333333,-0.005952380952380952,0.375,0.5277777777777778,0.0,0.0,0.05555555555555555,0.42857142857142855,0.625,0.0,0.0,0.011904761904761904,0.3958333333333333,0.5555555555555556,130.0,405.0,50.751252086811355,1.3366750208855471,91.25596184419715,3.577106518282989,0.397456279809221,99.92119779353821,apdf,1269.0,96.47263032744885,0.005742418471871955,Athens Eleftherios Venizelos International Airport,37.936401,23.9445,yes
241,LZIB,98.0,94.0,95.91836734693878,0.0,100.0,540.0,90.0,-770.0,-608.75,-460.0,-235.0,-66.49999999999999,0.18472222222222223,0.6193181818181819,0.8576388888888888,0.9375,1.1469444444444443,0.26071428571428573,0.6666666666666666,0.8571428571428571,0.9444444444444444,1.0,0.25,0.6180555555555556,0.8371212121212122,0.924810606060606,1.0,467.5,966.5000000000005,4.25531914893617,17.02127659574468,86.73469387755102,6.122448979591836,3.061224489795918,100.0,97.0,97.0,0.0,99.0,300.0,5.0,415.0,475.0,545.0,610.0,708.0000000000002,1.2986111111111112,1.6111111111111112,1.9666666666666666,2.390625,3.451388888888889,1.0,1.0,1.0,1.0,1.0,0.9930555555555556,1.0,1.0,1.0,1.0,545.0,708.0000000000002,0.0,94.79166666666667,90.0,4.0,3.0,100.0,apdf,100.0,96.4591836734694,0.8860360621521337,M. R. Štefánik Airport,48.1702,17.2127,yes
242,LFLL,421.0,406.0,96.43705463182899,0.0,99.7624703087886,660.0,660.0,60.0,70.0,85.0,105.0,115.0,-0.21064814814814814,-0.16666666666666666,-0.13762626262626262,-0.10833333333333334,-0.07738095238095238,0.0,0.0,0.0,0.0,0.0,0.0,0.0,0.0,0.0,0.0,85.0,115.0,100.0,0.0,95.72446555819478,0.4750593824228028,0.2375296912114014,424.0,409.0,96.4622641509434,0.0,100.0,240.0,180.0,-125.0,-30.0,5.0,50.0,80.0,-0.561111111111111,-0.1388888888888889,0.027777777777777776,0.2222222222222222,0.375,0.0,0.0,0.125,0.3,0.5,0.0,0.0,0.05555555555555555,0.25,0.3958333333333333,45.0,185.0,45.72127139364303,1.9559902200488997,93.86792452830188,2.358490566037736,0.2358490566037736,100.0,apdf,424.0,96.44965939138619,0.026791572053162828,Lyon Saint-Exupéry Airport,45.725996,5.090139,yes
243,LLBG,480.0,461.0,96.04166666666667,0.0,0.0,900.0,347.5,-1255.0,-845.0,-540.0,-242.0,2430.0,-2.7416666666666645,0.26666666666666666,0.5944852941176471,0.9291666666666667,1.5008333333333335,0.1,0.3333333333333333,0.6,0.8666666666666667,1.0,0.0933333333333334,0.3215277777777778,0.5694444444444444,0.8388888888888889,1.0,665.0,4155.0,16.485900216919738,15.434782608695652,80.0,15.833333333333334,0.20833333333333334,465.0,450.0,96.7741935483871,0.0,0.0,,,174.20000000000005,449.25,530.5,590.0,697.3000000000003,,,,,,,,,,,,,,,,549.0,1823.0000000000086,8.88888888888889,,86.66666666666667,9.89247311827957,0.21505376344086022,0.0,nm_inferred,480.0,96.40793010752688,,Ben Gurion International Airport,32.011398,34.8867,no
244,DTNH,54.0,52.0,96.29629629629629,0.0,0.0,480.0,480.0,1455.0,1593.75,1657.5,1872.5,1999.0,-4.164583333333334,-3.901041666666667,-3.4479166666666665,-3.3125,-2.709791666666667,0.0,0.0,0.0,0.0,0.0,0.0,0.0,0.0,0.0,0.0,1657.5,1999.0,100.0,0.0,96.29629629629629,0.0,0.0,57.0,55.0,96.49122807017544,0.0,0.0,,,-2152.4,-2017.0,-1770.0,-1458.5,-1348.6,,,,,,,,,,,,,,,,1770.0,2152.4,100.0,,94.73684210526316,1.7543859649122806,0.0,0.0,nm_inferred,57.0,96.39376218323586,,Enfidha - Hammamet International Airport,36.075833,10.438611,no
245,EGBB,439.0,423.0,96.35535307517084,0.0,100.0,688.0,415.0,-696.6,-529.5,-282.0,-117.5,7.800000000000011,-0.012522637615644872,0.19020330875024916,0.3961708394698085,0.8407551222736286,0.9243257888374807,0.0,0.23809523809523808,0.4230769230769231,0.8,0.9354838709677419,0.0,0.19921610215817898,0.39351851851851855,0.7910659973220078,0.9137408388012739,307.0,729.2000000000002,16.07565011820331,5.4373522458628845,89.97722095671982,5.922551252847381,0.45558086560364464,423.0,407.0,96.21749408983452,0.0,100.0,329.0,5.0,288.6,439.5,557.0,637.0,744.0,0.8676361780839392,1.3635750107980995,1.7,1.929478310792369,2.2172152543451973,0.8333333333333334,1.0,1.0,1.0,1.0,0.8221599751011516,0.990490686599554,0.9970238095238095,1.002950494360117,1.0078769692423106,562.0,770.6000000000001,1.71990171990172,83.78378378378379,88.88888888888889,6.855791962174941,0.4728132387706856,100.0,apdf,439.0,96.28642358250268,0.669451738036415,Birmingham Airport,52.453899,-1.74803,yes
246,LTCB,26.0,25.0,96.15384615384616,0.0,0.0,300.0,300.0,22.4,111.0,564.0,2905.0,3689.000000000001,-12.296666666666667,-9.683333333333334,-1.88,-0.37,-0.07466666666666666,0.0,0.0,0.0,0.0,0.060000000000000143,0.0,0.0,0.0,0.0,0.04000000000000009,564.0,3689.000000000001,92.0,8.0,76.92307692307692,19.23076923076923,0.0,27.0,26.0,96.29629629629629,0.0,0.0,,,-1682.5,-698.75,-255.5,311.5,507.5,,,,,,,,,,,,,,,,484.5,1682.5,57.69230769230769,,96.29629629629629,0.0,0.0,0.0,nm_inferred,27.0,96.22507122507122,,Ordu–Giresun Airport,40.966872,38.085995,no
247,ESMS,53.0,51.0,96.22641509433963,0.0,0.0,600.0,600.0,20.0,25.0,45.0,72.5,110.0,-0.18333333333333332,-0.12083333333333333,-0.075,-0.041666666666666664,-0.03333333333333333,0.0,0.0,0.0,0.0,0.0,0.0,0.0,0.0,0.0,0.0,45.0,120.0,98.03921568627452,0.0,88.67924528301887,1.8867924528301887,5.660377358490566,52.0,50.0,96.15384615384616,0.0,0.0,,,172.90000000000003,244.0,266.0,282.75,291.3,,,,,,,,,,,,,,,,267.0,294.1,6.0,,84.61538461538461,5.769230769230769,5.769230769230769,0.0,nm_inferred,53.0,96.19013062409289,,Malmö Sturup Airport,55.535564,13.376327,no
248,EGNS,78.0,75.0,96.15384615384616,0.0,0.0,600.0,175.0,-693.0,-537.5,-410.0,-245.0,-147.99999999999983,0.24666666666666667,0.4083333333333333,0.7083333333333334,0.9606481481481481,1.1633333333333336,0.3,0.4,0.75,0.9472222222222222,1.0,0.27,0.3875,0.7083333333333334,0.9125,0.9962962962962963,410.0,693.0,2.6666666666666665,21.333333333333332,89.74358974358974,2.5641025641025643,3.8461538461538463,79.0,76.0,96.20253164556962,0.0,0.0,,,376.0,404.0,456.5,534.75,2007.0,,,,,,,,,,,,,,,,456.5,2007.0,0.0,,89.87341772151899,2.5316455696202533,3.7974683544303796,0.0,nm_inferred,79.0,96.17818889970789,,Isle of Man Airport,54.083081,-4.623871,no
249,LQSA,77.0,74.0,96.1038961038961,0.0,0.0,600.0,600.0,384.5,473.75,572.5,813.75,1033.5,-1.8558333333333332,-1.3979166666666667,-1.0041666666666667,-0.84375,-0.6683333333333332,0.0,0.0,0.0,0.0,0.0,0.0,0.0,0.0,0.0,0.0,572.5,1033.5,100.0,0.0,88.31168831168831,7.792207792207792,0.0,77.0,74.0,96.1038961038961,0.0,0.0,,,-923.5,-777.5,-617.5,-462.5,-385.99999999999994,,,,,,,,,,,,,,,,617.5,923.5,100.0,,76.62337662337663,19.48051948051948,0.0,0.0,nm_inferred,77.0,96.1038961038961,,Sarajevo International Airport,43.8246,18.331499,no
250,LKMT,51.0,49.0,96.07843137254902,0.0,0.0,300.0,300.0,59.0,70.0,90.0,110.0,130.0,-0.43333333333333335,-0.38333333333333336,-0.30833333333333335,-0.21666666666666667,-0.18333333333333332,0.0,0.0,0.0,0.0,0.0,0.0,0.0,0.0,0.0,0.0,90.0,130.0,100.0,0.0,88.23529411764706,5.882352941176471,1.9607843137254901,51.0,49.0,96.07843137254902,0.0,0.0,,,135.00000000000006,195.0,210.0,225.0,240.0,,,,,,,,,,,,,,,,210.0,240.0,8.16326530612245,,88.23529411764706,5.882352941176471,1.9607843137254901,0.0,nm_inferred,51.0,96.07843137254902,,Leoš Janáček Airport Ostrava,49.696301,18.111099,no
251,LIBD,242.0,229.0,94.62809917355372,0.0,0.0,600.0,600.0,644.2,730.0,845.0,1000.0,1110.0,-2.2104166666666667,-1.8020833333333333,-1.3269230769230769,-0.9388888888888889,-0.7644444444444443,0.0,0.0,0.0,0.0,0.0,0.0,0.0,0.0,0.0,0.0,845.0,1110.0,100.0,0.0,93.80165289256199,0.0,0.8264462809917356,244.0,237.0,97.1311475409836,0.0,0.0,,,-1208.6,-1005.0,-845.0,-650.0,-510.99999999999994,,,,,,,,,,,,,,,,845.0,1208.6000000000001,100.0,,96.72131147540983,0.0,0.4098360655737705,0.0,nm_inferred,244.0,95.87962335726866,,Bari Karol Wojtyła International Airport,41.138901,16.760599,no
252,LBSF,278.0,266.0,95.68345323741008,0.0,100.0,720.0,720.0,10.0,30.0,45.0,60.0,75.0,-0.12037037037037036,-0.09075126262626262,-0.06445868945868946,-0.037037037037037035,-0.014928698752228164,0.0,0.0,0.0,0.0,0.0,0.0,0.0,0.0,0.0,0.0,45.0,75.0,94.73684210526316,0.0,94.60431654676259,0.7194244604316546,0.3597122302158273,275.0,264.0,96.0,0.0,99.63636363636364,300.0,5.0,260.0,295.0,325.0,387.5,535.0,0.8500000000000001,1.0,1.2166666666666666,1.6111111111111112,1.9722222222222223,0.9,1.0,1.0,1.0,1.0,0.8500000000000001,1.0,1.0,1.0,1.0,325.0,543.5000000000001,1.1363636363636365,83.26996197718631,93.81818181818181,1.8181818181818181,0.36363636363636365,100.0,apdf,278.0,95.84172661870504,0.4792086330935252,Sofia Airport,42.696357,23.417671,yes
253,UDYZ,161.0,154.0,95.65217391304348,0.0,0.0,600.0,600.0,315.0,356.25,447.5,571.25,7097.500000000006,-9.987222222222222,-0.9663194444444445,-0.7125,-0.5770833333333333,-0.5166666666666667,0.0,0.0,0.0,0.0,0.0,0.0,0.0,0.0,0.0,0.0,447.5,7097.500000000006,100.0,0.0,73.2919254658385,22.36024844720497,0.0,161.0,153.0,95.03105590062111,0.0,0.0,,,-5692.999999999999,-4125.0,-541.0,-379.0,-290.99999999999994,,,,,,,,,,,,,,,,541.0,5693.000000000007,100.0,,71.42857142857143,23.60248447204969,0.0,0.0,nm_inferred,161.0,95.34161490683229,,Zvartnots International Airport,40.148941,44.397887,no
254,ESSA,826.0,787.0,95.27845036319613,0.0,100.0,600.0,5.0,-1170.0,-777.5,-625.0,-535.0,-455.0,0.9205128205128206,0.9629629629629629,1.011111111111111,1.0925925925925926,1.5363095238095223,0.9375,1.0,1.0,1.0,1.0,0.9166666666666666,0.9583333333333334,0.9924242424242424,1.0,1.0,625.0,1172.0,0.6353240152477764,78.90724269377382,90.4358353510896,3.6319612590799033,1.2106537530266344,837.0,798.0,95.3405017921147,0.0,99.8805256869773,360.0,5.0,555.0,610.0,700.0,860.0,1110.0,1.5466666666666669,1.7333333333333334,2.05,2.4791666666666665,3.2633333333333323,1.0,1.0,1.0,1.0,1.0,1.0,1.0,1.0,1.0,1.0,700.0,1131.5000000000005,0.6265664160401002,99.49811794228356,90.3225806451613,3.4647550776583036,1.5531660692951015,100.0,apdf,837.0,95.3094760776554,0.9494845533493702,Stockholm-Arlanda Airport,59.64849,17.928829,yes
255,LEBB,233.0,221.0,94.84978540772532,0.0,100.0,506.0,540.0,232.0,256.0,306.0,368.0,444.0,-0.9093078758949881,-0.7680608365019012,-0.6188870151770658,-0.5111940298507462,-0.4075993091537133,0.0,0.0,0.0,0.0,0.0,0.0,0.0,0.0,0.0,0.0,306.0,444.0,100.0,0.0,92.27467811158799,2.575107296137339,0.0,231.0,221.0,95.67099567099567,0.0,100.0,213.0,180.0,-488.0,-373.0,-275.0,175.0,193.0,-2.4586466165413534,-1.7796052631578947,-1.2197309417040358,0.5884146341463414,0.9494949494949495,0.0,0.0,0.0,0.6363636363636364,1.0,0.0,0.0,0.0,0.5963302752293578,0.9736842105263158,275.0,488.0,69.68325791855203,10.85972850678733,94.37229437229438,0.8658008658008658,0.4329004329004329,100.0,apdf,233.0,95.26039053936049,0.0,Bilbao Airport,43.301102,-2.91061,yes
256,LFST,59.0,56.0,94.91525423728814,0.0,0.0,420.0,420.0,35.0,45.0,55.0,65.0,70.0,-0.17857142857142855,-0.15476190476190477,-0.13095238095238096,-0.10714285714285714,-0.07142857142857142,0.0,0.0,0.0,0.0,0.0,0.0,0.0,0.0,0.0,0.0,55.0,70.0,100.0,0.0,91.52542372881356,3.389830508474576,0.0,57.0,54.0,94.73684210526316,0.0,0.0,,,232.3,252.0,264.5,279.5,291.4,,,,,,,,,,,,,,,,264.5,291.4,0.0,,94.73684210526316,0.0,0.0,0.0,nm_inferred,59.0,94.82604817127566,,Strasbourg Airport,48.5383,7.62823,no
257,LBWN,56.0,53.0,94.64285714285714,0.0,0.0,600.0,600.0,160.0,180.0,215.0,255.0,298.00000000000006,-0.8116666666666666,-0.5333333333333333,-0.35833333333333334,-0.2916666666666667,-0.23499999999999996,0.0,0.0,0.0,0.0,0.0,0.0,0.0,0.0,0.0,0.0,215.0,298.00000000000006,100.0,0.0,91.07142857142857,3.5714285714285716,0.0,57.0,54.0,94.73684210526316,0.0,0.0,,,-273.1,-125.75,-97.5,-55.0,8.700000000000031,,,,,,,,,,,,,,,,100.5,273.1,87.03703703703704,,92.98245614035088,1.7543859649122806,0.0,0.0,nm_inferred,57.0,94.68984962406014,,Varna Airport,43.232101,27.8251,no
258,DTTJ,72.0,68.0,94.44444444444444,0.0,0.0,600.0,600.0,1088.5,1556.25,2512.5,2717.5,3014.0,-5.076666666666666,-4.54375,-4.195833333333333,-2.6062499999999997,-1.8166666666666667,0.0,0.0,0.0,0.0,0.0,0.0,0.0,0.0,0.0,0.0,2512.5,3014.0,100.0,0.0,91.66666666666667,2.7777777777777777,0.0,74.0,70.0,94.5945945945946,0.0,0.0,,,-2864.9,-2710.75,-2384.0,-2124.75,-1177.8,,,,,,,,,,,,,,,,2384.0,2864.9,100.0,,90.54054054054055,4.054054054054054,0.0,0.0,nm_inferred,74.0,94.51951951951952,,Djerba Zarzis International Airport,33.873719,10.7773,no
259,EGPF,334.0,314.0,94.0119760479042,0.0,98.20359281437125,720.0,720.0,165.0,180.0,200.0,225.0,260.0,-0.446875,-0.3333333333333333,-0.28402777777777777,-0.22275641025641024,-0.1854166666666667,0.0,0.0,0.0,0.0,0.0,0.0,0.0,0.0,0.0,0.0,200.0,260.0,100.0,0.0,89.82035928143712,3.8922155688622753,0.2994011976047904,328.0,310.0,94.51219512195122,0.0,96.03658536585365,240.0,175.0,19.50000000000001,55.0,80.0,95.0,115.0,0.04732142857142857,0.18333333333333332,0.2833333333333333,0.4166666666666667,0.5,0.1,0.25,0.375,0.5,0.6666666666666666,0.0730701754385965,0.2,0.31666666666666665,0.43333333333333335,0.5277777777777778,80.0,120.0,8.709677419354838,0.3367003367003367,89.02439024390245,5.182926829268292,0.3048780487804878,98.20359281437125,apdf,334.0,94.26208558492772,0.14924830217613555,Glasgow Airport,55.871899,-4.43306,yes
260,OJAI,91.0,89.0,97.8021978021978,0.0,0.0,600.0,600.0,270.0,325.0,425.0,800.0,2493.600000000002,-4.155999999999999,-1.3333333333333333,-0.7083333333333334,-0.5416666666666666,-0.45,0.0,0.0,0.0,0.0,0.0,0.0,0.0,0.0,0.0,0.0,425.0,2493.600000000002,100.0,0.0,86.81318681318682,10.989010989010989,0.0,95.0,86.0,90.52631578947368,0.0,0.0,,,-1033.0,-648.75,-475.0,-350.5,57.0,,,,,,,,,,,,,,,,475.0,1033.0,88.37209302325581,,83.15789473684211,7.368421052631579,0.0,0.0,nm_inferred,95.0,94.16425679583574,,Queen Alia International Airport,31.7226009369,35.9931983948,no
261,EGNT,189.0,178.0,94.17989417989418,0.0,100.0,720.0,110.0,-998.0,-723.75,-605.0,-476.25,-276.9999999999999,0.4083333333333333,0.74375,0.8577380952380952,0.9166666666666666,0.9920833333333334,0.4558333333333333,0.75,0.8636363636363636,0.9166666666666666,0.9583333333333334,0.4508333333333333,0.7351641414141414,0.8400974025974026,0.8946637426900585,0.9326298701298701,615.0,1035.0000000000005,3.3707865168539324,7.865168539325842,89.41798941798942,4.761904761904762,0.0,181.0,170.0,93.92265193370166,0.0,100.0,240.0,5.0,414.0,480.0,520.0,560.0,781.0,0.9273809523809527,1.4572916666666667,2.239583333333333,2.9097222222222223,4.979166666666665,1.0,1.0,1.0,1.0,1.0,0.9520833333333334,1.0,1.0,1.0,1.0,525.0,893.4999999999998,2.3529411764705883,90.0,86.74033149171271,7.18232044198895,0.0,100.0,apdf,189.0,94.05127305679792,0.8653175163139647,Newcastle International Airport,55.037958,-1.689577,yes
262,UGTB,198.0,188.0,94.94949494949495,0.0,0.0,900.0,182.5,-1802.0000000000002,-1006.25,-682.5,-488.75,5883.500000000002,-6.677222222222223,0.5430555555555555,0.7555555555555555,1.1458333333333333,2.40277777777778,0.4666666666666667,0.6333333333333333,0.8,1.0,1.0,0.44277777777777777,0.6055555555555555,0.7972222222222223,1.0,1.0,822.5,5883.500000000002,14.361702127659575,35.638297872340424,59.5959595959596,34.343434343434346,1.0101010101010102,201.0,187.0,93.03482587064677,0.0,0.0,,,-4805.0,-4307.5,600.0,745.0,898.0000000000005,,,,,,,,,,,,,,,,770.0,4973.000000000001,31.016042780748663,,58.70646766169154,33.333333333333336,0.9950248756218906,0.0,nm_inferred,201.0,93.99216041007085,,Tbilisi International Airport,41.669201,44.9547,no
263,ESSV,32.0,30.0,93.75,0.0,0.0,300.0,300.0,59.0,71.25,105.0,122.5,145.5,-0.485,-0.4083333333333333,-0.35,-0.2375,-0.19666666666666663,0.0,0.0,0.0,0.0,0.0,0.0,0.0,0.0,0.0,0.0,105.0,145.5,100.0,0.0,90.625,0.0,3.125,33.0,31.0,93.93939393939394,0.0,0.0,,,-97.0,-67.0,-5.0,55.5,123.0,,,,,,,,,,,,,,,,65.0,183.0,54.83870967741935,,90.9090909090909,0.0,3.0303030303030303,0.0,nm_inferred,33.0,93.84469696969697,,Visby Airport,57.6628,18.346201,no
264,GMFF,58.0,55.0,94.82758620689656,0.0,0.0,900.0,900.0,302.0,317.5,340.0,362.5,411.00000000000006,-0.6333333333333333,-0.49583333333333335,-0.39444444444444443,-0.35833333333333334,-0.34444444444444444,0.0,0.0,0.0,0.0,0.0,0.0,0.0,0.0,0.0,0.0,340.0,411.00000000000006,100.0,0.0,94.82758620689656,0.0,0.0,56.0,52.0,92.85714285714286,0.0,0.0,,,-569.8,-277.25,-208.5,-178.0,-156.1,,,,,,,,,,,,,,,,208.5,569.7999999999998,100.0,,92.85714285714286,0.0,0.0,0.0,nm_inferred,58.0,93.8423645320197,,Fes Saïss International Airport,33.927299,-4.97796,no
265,LGKF,53.0,50.0,94.33962264150944,0.0,0.0,600.0,600.0,573.4,615.0,702.0,774.75,1040.0000000000002,-2.1866666666666665,-1.3195833333333333,-1.1958333333333333,-1.00125,-0.7206666666666667,0.0,0.0,0.0,0.0,0.0,0.0,0.0,0.0,0.0,0.0,702.0,1040.0000000000002,100.0,0.0,92.45283018867924,1.8867924528301887,0.0,52.0,48.0,92.3076923076923,0.0,0.0,,,-1324.9,-1101.25,-957.5,-868.25,-687.4999999999999,,,,,,,,,,,,,,,,957.5,1324.9,100.0,,88.46153846153847,3.8461538461538463,0.0,0.0,nm_inferred,53.0,93.32365747460088,,Kefallinia Airport,38.12009811401367,20.5004997253418,no
266,EGPE,64.0,60.0,93.75,0.0,0.0,600.0,600.0,40.0,49.75,70.0,76.25,95.0,-0.15833333333333333,-0.125,-0.10833333333333334,-0.075,-0.06208333333333333,0.0,0.0,0.0,0.0,0.0,0.0,0.0,0.0,0.0,0.0,70.0,95.0,100.0,0.0,92.1875,1.5625,0.0,67.0,62.0,92.53731343283582,0.0,0.0,,,46.0,98.25,139.0,168.0,176.8,,,,,,,,,,,,,,,,142.5,176.8,8.064516129032258,,89.55223880597015,1.492537313432836,1.492537313432836,0.0,nm_inferred,67.0,93.14365671641791,,Inverness Airport,57.5425,-4.0475,no
267,LEST,113.0,105.0,92.92035398230088,0.0,0.0,900.0,900.0,82.0,100.0,115.0,125.0,145.0,-0.16666666666666666,-0.14444444444444443,-0.12777777777777777,-0.1111111111111111,-0.09666666666666662,0.0,0.0,0.0,0.0,0.0,0.0,0.0,0.0,0.0,0.0,115.0,145.0,100.0,0.0,88.49557522123894,4.424778761061947,0.0,114.0,106.0,92.98245614035088,0.0,0.0,,,-5.0,56.75,107.0,129.5,152.5,,,,,,,,,,,,,,,,109.5,163.0,10.377358490566039,,90.35087719298245,2.6315789473684212,0.0,0.0,nm_inferred,114.0,92.95140506132589,,Santiago-Rosalía de Castro Airport,42.896301,-8.41514,no
268,HESH,88.0,83.0,94.31818181818181,0.0,0.0,1200.0,1200.0,945.0,1035.0,1170.0,1445.0,5174.0,-4.3125,-1.4833333333333334,-1.0041666666666667,-0.88125,-0.7883333333333333,0.0,0.0,0.0,0.0,0.0,0.0,0.0,0.0,0.0,0.0,1170.0,5174.0,100.0,0.0,63.63636363636363,30.681818181818183,0.0,89.0,81.0,91.01123595505618,0.0,0.0,,,-6495.0,-4748.0,-1050.0,-880.0,-767.0,,,,,,,,,,,,,,,,1050.0,6495.0,100.0,,62.92134831460674,28.089887640449437,0.0,0.0,nm_inferred,89.0,92.664708886619,,Sharm El Sheikh International Airport,27.977272,34.394717,no
269,LGMK,109.0,100.0,91.74311926605505,0.0,0.0,420.0,420.0,34.0,55.0,87.5,121.25,180.50000000000006,-0.44365079365079363,-0.28869047619047616,-0.19642857142857142,-0.12760416666666669,-0.06595238095238089,0.0,0.0,0.0,0.0,0.0,0.0,0.0,0.0,0.0,0.0,90.0,186.5000000000001,97.0,0.0,88.9908256880734,0.9174311926605505,1.834862385321101,109.0,102.0,93.57798165137615,0.0,0.0,,,-142.9,-69.0,29.0,88.75,152.70000000000007,,,,,,,,,,,,,,,,82.5,196.9,41.1764705882353,,89.90825688073394,1.834862385321101,1.834862385321101,0.0,nm_inferred,109.0,92.66055045871559,,Mykonos Island National Airport,37.435101,25.348101,no
270,LOWS,85.0,80.0,94.11764705882354,0.0,0.0,300.0,300.0,-55.2,10.0,40.0,55.0,75.50000000000004,-0.2677777777777778,-0.19583333333333333,-0.11805555555555555,-0.03333333333333333,0.18400000000000005,0.0,0.0,0.0,0.0,0.2,0.0,0.0,0.0,0.0,0.1533333333333336,45.0,90.0,82.5,1.25,85.88235294117646,2.3529411764705883,5.882352941176471,87.0,79.0,90.80459770114942,0.0,0.0,,,103.00000000000004,300.0,325.0,345.0,386.0,,,,,,,,,,,,,,,,325.0,396.0,5.063291139240507,,79.3103448275862,3.4482758620689653,8.045977011494253,0.0,nm_inferred,87.0,92.46112237998648,,Salzburg Airport,47.793301,13.0043,no
271,EGPK,31.0,28.0,90.3225806451613,0.0,0.0,900.0,900.0,93.5,113.75,145.0,182.5,241.5,-0.3163888888888889,-0.2604166666666667,-0.18055555555555555,-0.13194444444444445,-0.11333333333333333,0.0,0.0,0.0,0.0,0.0,0.0,0.0,0.0,0.0,0.0,145.0,241.5,100.0,0.0,70.96774193548387,12.903225806451612,6.451612903225806,30.0,28.0,93.33333333333333,0.0,0.0,,,41.4,55.5,80.0,89.5,99.30000000000001,,,,,,,,,,,,,,,,82.0,108.2,3.5714285714285716,,90.0,0.0,3.3333333333333335,0.0,nm_inferred,31.0,91.82795698924731,,Glasgow Prestwick Airport,55.501499,-4.577182,no
272,EGJJ,106.0,98.0,92.45283018867924,0.0,0.0,360.0,360.0,-15.899999999999997,-5.0,15.0,33.75,45.0,-0.125,-0.08333333333333333,-0.03402777777777778,0.013888888888888888,0.041666666666666664,0.0,0.0,0.0,0.078125,0.08333333333333333,0.0,0.0,0.0,0.013888888888888888,0.044166666666666646,20.0,143.99999999999977,71.42857142857143,0.0,88.67924528301887,2.830188679245283,0.9433962264150944,101.0,92.0,91.08910891089108,0.0,0.0,,,207.6,275.75,302.5,339.75,375.40000000000003,,,,,,,,,,,,,,,,302.5,375.40000000000003,1.0869565217391304,,91.08910891089108,0.0,0.0,0.0,nm_inferred,106.0,91.77096954978516,,Jersey Airport,49.207901,-2.19551,no
273,EDSB,74.0,68.0,91.89189189189189,0.0,0.0,780.0,780.0,11.0,14.0,21.0,31.25,45.70000000000004,-0.13633333333333333,-0.0675,-0.03777777777777778,-0.022115384615384617,-0.013871794871794869,0.0,0.0,0.0,0.0,0.0,0.0,0.0,0.0,0.0,0.0,21.0,45.70000000000004,100.0,0.0,87.83783783783784,4.054054054054054,0.0,79.0,72.0,91.13924050632912,0.0,0.0,,,146.6,171.5,194.0,252.25,270.5,,,,,,,,,,,,,,,,196.0,271.9,5.555555555555555,,88.60759493670886,1.2658227848101267,1.2658227848101267,0.0,nm_inferred,79.0,91.51556619911051,,Karlsruhe Baden-Baden Airport,48.7794,8.0805,no
274,LRCL,110.0,101.0,91.81818181818181,0.0,0.0,600.0,600.0,455.0,538.0,615.0,677.0,760.0,-1.475,-1.1583333333333334,-1.0166666666666666,-0.825,-0.6416666666666667,0.0,0.0,0.0,0.0,0.0,0.0,0.0,0.0,0.0,0.0,615.0,760.0,100.0,0.0,90.0,0.9090909090909091,0.9090909090909091,109.0,99.0,90.8256880733945,0.0,0.0,,,-847.4,-680.0,-584.0,-499.5,-450.6,,,,,,,,,,,,,,,,584.0,847.4,100.0,,89.90825688073394,0.9174311926605505,0.0,0.0,nm_inferred,110.0,91.32193494578816,,Avram Iancu Cluj International Airport,46.786042,23.685733,no
275,GMMX,259.0,236.0,91.11969111969113,0.0,0.0,600.0,600.0,1010.0,1075.0,1150.0,1281.25,1415.0,-2.455,-2.0083333333333333,-1.7416666666666667,-1.3277777777777777,-1.1911111111111112,0.0,0.0,0.0,0.0,0.0,0.0,0.0,0.0,0.0,0.0,1150.0,1415.0,100.0,0.0,88.8030888030888,2.3166023166023164,0.0,268.0,245.0,91.41791044776119,0.0,0.0,,,-1442.3999999999999,-1258.0,-1084.0,-921.0,-852.0,,,,,,,,,,,,,,,,1084.0,1442.3999999999999,100.0,,87.68656716417911,3.3582089552238807,0.373134328358209,0.0,nm_inferred,268.0,91.26880078372616,,Marrakesh Menara Airport,31.604807,-8.035788,no
276,UUDD,87.0,78.0,89.65517241379311,0.0,0.0,600.0,600.0,906.7000000000003,3783.75,7572.5,8242.5,9269.199999999999,-15.448666666666666,-13.7375,-12.620833333333334,-6.30625,-1.5111666666666723,0.0,0.0,0.0,0.0,0.0,0.0,0.0,0.0,0.0,0.0,7572.5,9269.199999999999,98.71794871794872,0.0,55.172413793103445,34.48275862068966,0.0,81.0,75.0,92.5925925925926,0.0,0.0,,,-9250.2,-7719.5,-3302.0,-2015.5,123.80000000000015,,,,,,,,,,,,,,,,3302.0,9250.2,88.0,,65.4320987654321,27.160493827160494,0.0,0.0,nm_inferred,87.0,91.12388250319285,,Domodedovo International Airport,55.408798,37.9063,no
277,EGTE,34.0,31.0,91.17647058823529,0.0,0.0,600.0,600.0,25.0,47.0,95.0,130.0,365.0,-0.5069444444444444,-0.21666666666666667,-0.13333333333333333,-0.07583333333333334,-0.041666666666666664,0.0,0.0,0.0,0.0,0.0,0.0,0.0,0.0,0.0,0.0,95.0,365.0,96.7741935483871,0.0,85.29411764705883,5.882352941176471,0.0,32.0,29.0,90.625,0.0,0.0,,,174.6,199.0,217.0,242.0,259.0,,,,,,,,,,,,,,,,217.0,259.0,3.4482758620689653,,90.625,0.0,0.0,0.0,nm_inferred,34.0,90.90073529411765,,Exeter International Airport,50.734261,-3.413984,no
278,ENBR,417.0,379.0,90.88729016786571,48.0,100.0,540.0,465.0,-335.0,-172.5,20.0,50.0,65.0,-0.14007936507936508,-0.09259259259259259,-0.041666666666666664,0.3416666666666667,0.5272727272727274,0.0,0.0,0.0,0.3359375,0.5,0.0,0.0,0.0,0.31782670454545453,0.4704545454545455,55.0,336.9999999999999,62.26912928759894,0.5434782608695652,83.69304556354916,1.6786570743405276,5.5155875299760195,415.0,377.0,90.8433734939759,0.0,99.75903614457832,180.0,5.0,285.0,330.0,375.0,445.0,490.0,1.2312500000000002,1.8055555555555556,2.1666666666666665,2.75,3.604166666666667,1.0,1.0,1.0,1.0,1.0,1.0,1.0,1.0,1.0,1.0,375.0,490.0,1.3262599469496021,92.02127659574468,83.13253012048193,2.4096385542168677,5.301204819277109,100.0,apdf,417.0,90.86533183092081,0.454326659154604,"Bergen Airport, Flesland",60.2934,5.21814,yes
279,LTFH,38.0,32.0,84.21052631578948,0.0,0.0,600.0,600.0,21.0,47.5,2092.5,2605.0,3551.0000000000014,-5.918333333333333,-4.341666666666667,-3.4694444444444446,-0.07916666666666666,-0.03416666666666665,0.0,0.0,0.0,0.0,0.0,0.0,0.0,0.0,0.0,0.0,2092.5,3551.0000000000014,96.875,0.0,81.57894736842105,2.6315789473684212,0.0,38.0,37.0,97.36842105263158,0.0,0.0,,,-2090.0,-1930.0,-1670.0,215.0,277.0,,,,,,,,,,,,,,,,1670.0,2090.0,70.27027027027027,,92.10526315789474,5.2631578947368425,0.0,0.0,nm_inferred,38.0,90.78947368421052,,Samsun-Çarşamba Airport,41.253988,36.567546,no
280,LUKK,157.0,140.0,89.171974522293,0.0,0.0,900.0,900.0,625.0,753.75,892.5,1150.0,3048.000000000001,-3.3866666666666667,-1.88125,-1.1333333333333333,-0.8625,-0.705,0.0,0.0,0.0,0.0,0.0,0.0,0.0,0.0,0.0,0.0,892.5,3048.000000000001,100.0,0.0,84.07643312101911,5.095541401273885,0.0,156.0,144.0,92.3076923076923,0.0,0.0,,,-1733.5,-962.75,-703.5,-513.75,-442.6999999999998,,,,,,,,,,,,,,,,703.5,1733.500000000001,100.0,,87.82051282051282,4.487179487179487,0.0,0.0,nm_inferred,157.0,90.73983341499266,,Chişinău International Airport,46.92774,28.931704,no
281,URMM,36.0,32.0,88.88888888888889,0.0,0.0,600.0,600.0,5.300000000000001,20.0,55.0,1363.75,5492.5,-9.154166666666667,-2.2729166666666663,-0.09166666666666666,-0.03333333333333333,-0.008833333333333323,0.0,0.0,0.0,0.0,0.0,0.0,0.0,0.0,0.0,0.0,55.0,5492.5,96.875,0.0,55.55555555555556,33.333333333333336,0.0,34.0,31.0,91.17647058823529,0.0,0.0,,,-4115.0,-2105.0,235.0,285.0,320.0,,,,,,,,,,,,,,,,320.0,4115.0,41.935483870967744,,70.58823529411765,20.58823529411765,0.0,0.0,nm_inferred,36.0,90.03267973856208,,Mineralnye Vody Airport,44.225101,43.081902,no
282,EGSH,29.0,26.0,89.65517241379311,0.0,0.0,600.0,600.0,7.5,20.0,33.0,53.5,127.5,-0.21250000000000002,-0.08916666666666667,-0.051666666666666666,-0.03027777777777778,-0.0125,0.0,0.0,0.0,0.0,0.0,0.0,0.0,0.0,0.0,0.0,33.0,127.5,92.3076923076923,0.0,89.65517241379311,0.0,0.0,31.0,28.0,90.3225806451613,0.0,0.0,,,143.3,185.75,227.5,263.75,396.5,,,,,,,,,,,,,,,,227.5,396.5,0.0,,83.87096774193549,3.225806451612903,3.225806451612903,0.0,nm_inferred,31.0,89.98887652947721,,Norwich Airport,52.6758,1.28278,no
283,UUEE,199.0,165.0,82.91457286432161,0.0,0.0,600.0,600.0,2102.000000000001,4564.0,5249.0,8520.0,9454.0,-15.756666666666666,-14.2,-8.748333333333333,-7.6066666666666665,-3.5033333333333365,0.0,0.0,0.0,0.0,0.0,0.0,0.0,0.0,0.0,0.0,5249.0,9454.0,100.0,0.0,64.82412060301507,18.09045226130653,0.0,196.0,188.0,95.91836734693878,0.0,0.0,,,-12435.8,-9025.0,-3258.0,-1795.0,-851.9999999999999,,,,,,,,,,,,,,,,3258.0,12435.800000000001,94.68085106382979,,81.12244897959184,14.795918367346939,0.0,0.0,nm_inferred,199.0,89.4164701056302,,Sheremetyevo International Airport,55.976858,37.41121,no
284,LGPZ,33.0,29.0,87.87878787878788,0.0,0.0,300.0,300.0,314.4,350.0,389.0,560.0,780.1999999999999,-2.1606666666666667,-1.5166666666666666,-1.1066666666666667,-0.5916666666666667,-0.3844444444444445,0.0,0.0,0.0,0.0,0.0,0.0,0.0,0.0,0.0,0.0,389.0,780.1999999999999,100.0,0.0,84.84848484848484,3.0303030303030303,0.0,33.0,30.0,90.9090909090909,0.0,0.0,,,-549.1999999999999,-435.5,-389.5,-322.25,-225.5,,,,,,,,,,,,,,,,389.5,549.2,100.0,,87.87878787878788,3.0303030303030303,0.0,0.0,nm_inferred,33.0,89.39393939393939,,Aktion National Airport,38.925499,20.765301,no
285,GMME,55.0,53.0,96.36363636363636,0.0,0.0,600.0,720.0,285.0,295.0,325.0,390.0,552.0000000000005,-0.7922222222222223,-0.6083333333333333,-0.475,-0.3888888888888889,-0.32888888888888884,0.0,0.0,0.0,0.0,0.0,0.0,0.0,0.0,0.0,0.0,325.0,552.0000000000005,100.0,0.0,92.72727272727273,3.6363636363636362,0.0,55.0,45.0,81.81818181818181,0.0,0.0,,,-545.6,-377.0,-300.0,-255.0,-190.2,,,,,,,,,,,,,,,,300.0,545.6,100.0,,78.18181818181819,3.6363636363636362,0.0,0.0,nm_inferred,55.0,89.0909090909091,,Rabat-Salé Airport,34.051498,-6.75152,no
286,UMKK,143.0,129.0,90.20979020979021,0.0,0.0,600.0,600.0,94.0,135.0,220.0,320.0,391.0,-0.6516666666666667,-0.5333333333333333,-0.36666666666666664,-0.225,-0.15666666666666665,0.0,0.0,0.0,0.0,0.0,0.0,0.0,0.0,0.0,0.0,220.0,391.0,100.0,0.0,87.41258741258741,2.797202797202797,0.0,144.0,126.0,87.5,0.0,0.0,,,-490.0,-305.0,-207.5,-80.0,-27.5,,,,,,,,,,,,,,,,210.0,490.0,93.65079365079364,,78.47222222222223,9.027777777777779,0.0,0.0,nm_inferred,144.0,88.8548951048951,,Khrabrovo Airport,54.89161,20.598559,no
287,LEVT,53.0,47.0,88.67924528301887,0.0,0.0,600.0,600.0,153.0,167.5,195.0,242.5,271.0,-0.45166666666666666,-0.4041666666666667,-0.325,-0.2791666666666667,-0.255,0.0,0.0,0.0,0.0,0.0,0.0,0.0,0.0,0.0,0.0,200.0,291.99999999999994,97.87234042553192,0.0,86.79245283018868,0.0,1.8867924528301887,53.0,47.0,88.67924528301887,0.0,0.0,,,-236.4,-121.0,-33.0,1.0,34.199999999999996,,,,,,,,,,,,,,,,37.0,253.19999999999996,74.46808510638297,,86.79245283018868,0.0,1.8867924528301887,0.0,nm_inferred,53.0,88.67924528301887,,Vitoria Airport,42.882801,-2.72447,no
288,LICT,39.0,36.0,92.3076923076923,0.0,0.0,900.0,900.0,357.5,540.0,845.0,922.5,1010.0,-1.1222222222222222,-1.025,-0.9388888888888889,-0.6347222222222222,-0.39722222222222225,0.0,0.0,0.0,0.0,0.0,0.0,0.0,0.0,0.0,0.0,845.0,1010.0,100.0,0.0,92.3076923076923,0.0,0.0,40.0,34.0,85.0,0.0,0.0,,,-1258.8,-1188.5,-901.5,-773.0,-507.50000000000017,,,,,,,,,,,,,,,,901.5,1258.8,94.11764705882354,,85.0,0.0,0.0,0.0,nm_inferred,40.0,88.65384615384616,,Vincenzo Florio Airport Trapani-Birgi,37.9114,12.488,no
289,LRTR,65.0,58.0,89.23076923076923,0.0,0.0,600.0,600.0,232.0,261.0,297.5,335.0,391.5,-0.6525,-0.5583333333333333,-0.49583333333333335,-0.435,-0.3866666666666666,0.0,0.0,0.0,0.0,0.0,0.0,0.0,0.0,0.0,0.0,297.5,391.5,100.0,0.0,89.23076923076923,0.0,0.0,66.0,58.0,87.87878787878788,0.0,0.0,,,-459.0,-321.5,-203.0,-55.75,-20.799999999999983,,,,,,,,,,,,,,,,203.0,459.00000000000006,93.10344827586206,,87.87878787878788,0.0,0.0,0.0,nm_inferred,66.0,88.55477855477855,,Timișoara Traian Vuia International Airport,45.809898,21.3379,no
290,ENLK,26.0,23.0,88.46153846153847,0.0,0.0,300.0,300.0,869.0,902.5,955.0,1027.5,1074.0,-3.58,-3.425,-3.183333333333333,-3.0083333333333333,-2.8966666666666665,0.0,0.0,0.0,0.0,0.0,0.0,0.0,0.0,0.0,0.0,955.0,1074.0,100.0,0.0,84.61538461538461,0.0,3.8461538461538463,25.0,22.0,88.0,0.0,0.0,,,-700.5,-632.25,-589.0,-473.75,-437.59999999999997,,,,,,,,,,,,,,,,589.0,700.5000000000001,100.0,,88.0,0.0,0.0,0.0,nm_inferred,26.0,88.23076923076923,,Leknes Airport,68.152496337891,13.609399795532,no
291,ULLI,118.0,99.0,83.89830508474576,0.0,0.0,600.0,600.0,1502.0,1950.0,2230.0,2488.5,8057.400000000011,-13.428999999999995,-4.1475,-3.716666666666667,-3.25,-2.503333333333333,0.0,0.0,0.0,0.0,0.0,0.0,0.0,0.0,0.0,0.0,2230.0,8057.400000000011,100.0,0.0,77.96610169491525,5.932203389830509,0.0,123.0,113.0,91.869918699187,0.0,0.0,,,-10630.4,-2489.0,139.0,326.0,554.0,,,,,,,,,,,,,,,,337.0,10630.4,32.743362831858406,,86.17886178861788,4.878048780487805,0.8130081300813008,0.0,nm_inferred,123.0,87.88411189196637,,Pulkovo Airport,59.800301,30.262501,no
292,UUWW,171.0,143.0,83.62573099415205,0.0,0.0,0.0,,1000.4000000000003,3182.5,4335.0,8092.5,8590.6,,,,,,,,,,,,,,,,4335.0,8590.6,100.0,,68.42105263157895,15.2046783625731,0.0,185.0,170.0,91.89189189189189,0.0,0.0,,,-8146.7,-7540.5,-2327.5,-1910.5,-1696.2,,,,,,,,,,,,,,,,2327.5,8146.7,95.88235294117646,,78.37837837837837,13.513513513513514,0.0,0.0,nm_inferred,185.0,87.75881144302197,,Vnukovo International Airport,55.591499,37.261501,no
293,EGPA,29.0,25.0,86.20689655172414,0.0,0.0,600.0,600.0,723.0,775.0,840.0,880.0,962.0000000000001,-1.6033333333333333,-1.4666666666666666,-1.4,-1.2916666666666667,-1.205,0.0,0.0,0.0,0.0,0.0,0.0,0.0,0.0,0.0,0.0,840.0,962.0000000000001,100.0,0.0,86.20689655172414,0.0,0.0,28.0,25.0,89.28571428571429,0.0,0.0,,,-801.6,-647.0,-600.0,-525.0,-462.2,,,,,,,,,,,,,,,,600.0,801.6,100.0,,89.28571428571429,0.0,0.0,0.0,nm_inferred,29.0,87.74630541871922,,Kirkwall Airport,58.957903,-2.905077,no
294,EGHQ,35.0,31.0,88.57142857142857,0.0,0.0,600.0,185.0,-820.0,-677.5,-500.0,-329.0,-175.0,0.25555555555555554,0.5058333333333334,0.78,1.0058333333333334,1.3,0.3,0.575,0.75,0.875,1.0,0.2916666666666667,0.55,0.7277777777777777,0.8666666666666667,0.9916666666666667,500.0,820.0,3.225806451612903,19.35483870967742,85.71428571428571,2.857142857142857,0.0,30.0,26.0,86.66666666666667,0.0,0.0,,,431.5,472.75,529.0,615.0,1958.5,,,,,,,,,,,,,,,,529.0,1958.5,0.0,,83.33333333333333,3.3333333333333335,0.0,0.0,nm_inferred,35.0,87.61904761904762,,Cornwall Airport Newquay,50.440601,-4.99541,no
295,UGSB,32.0,28.0,87.5,0.0,0.0,900.0,415.0,-2211.9999999999995,-612.5,-447.5,-348.75,-189.09999999999994,0.21011111111111114,0.4305555555555555,0.5138888888888888,0.70625,2.457777777777779,0.36000000000000004,0.4916666666666667,0.5333333333333333,0.6749999999999999,0.81,0.34666666666666673,0.46875,0.525,0.6597222222222222,0.7494444444444445,475.0,3968.0000000000005,7.142857142857143,7.142857142857143,59.375,28.125,0.0,32.0,28.0,87.5,0.0,0.0,,,-3941.0,-3194.25,290.0,452.5,510.0,,,,,,,,,,,,,,,,659.5,3941.0,42.857142857142854,,56.25,31.25,0.0,0.0,nm_inferred,32.0,87.5,,Alexander Kartveli Batumi International Airport,41.60939,41.600315,no
296,UMMS,34.0,34.0,100.0,0.0,0.0,600.0,600.0,31.5,50.0,82.5,7580.0,10460.5,-17.434166666666666,-12.633333333333333,-0.1375,-0.08333333333333333,-0.052500000000000005,0.0,0.0,0.0,0.0,0.0,0.0,0.0,0.0,0.0,0.0,82.5,10460.5,100.0,0.0,61.76470588235294,38.23529411764706,0.0,35.0,26.0,74.28571428571429,0.0,0.0,,,-10962.5,-10160.0,-9707.5,-6515.0,-377.5,,,,,,,,,,,,,,,,9707.5,10962.5,96.15384615384616,,37.142857142857146,37.142857142857146,0.0,0.0,nm_inferred,35.0,87.14285714285714,,Minsk National Airport,53.888071,28.039964,no
297,LTAF,127.0,108.0,85.03937007874016,0.0,0.0,300.0,300.0,618.5,715.0,2080.0,2235.0,2378.0,-7.881666666666667,-7.4125000000000005,-6.883333333333334,-2.191666666666667,-1.5534848484848487,0.0,0.0,0.0,0.0,0.0,0.0,0.0,0.0,0.0,0.0,2080.0,2378.0,100.0,0.0,82.67716535433071,2.3622047244094486,0.0,129.0,115.0,89.14728682170542,0.0,0.0,,,-2645.0,-2227.5,-1915.0,-807.5,-722.0,,,,,,,,,,,,,,,,1915.0,2645.0,100.0,,89.14728682170542,0.0,0.0,0.0,nm_inferred,129.0,87.0933284502228,,Adana Şakirpaşa Airport,36.982201,35.280399,no
298,GCTS,279.0,241.0,86.37992831541219,0.0,100.0,618.0,660.0,1643.0,1934.0,4269.0,4584.0,5308.0,-11.43142144638404,-7.778359511343805,-5.552631578947368,-2.93387314439946,-2.139952153110048,0.0,0.0,0.0,0.0,0.0,0.0,0.0,0.0,0.0,0.0,4269.0,5308.0,100.0,0.0,64.87455197132617,21.14695340501792,0.35842293906810035,294.0,255.0,86.73469387755102,0.0,98.29931972789116,221.0,240.0,-9490.4,-5671.5,-5105.0,-1534.5,-751.0000000000001,-40.10496411483253,-28.103168202764977,-19.617961221409498,-6.1323019801980205,-3.2576213654412705,0.0,0.0,0.0,0.0,0.0,0.0,0.0,0.0,0.0,0.0,5105.0,9490.4,100.0,0.0,62.585034013605444,23.80952380952381,0.3401360544217687,100.0,apdf,294.0,86.55731109648161,0.0,Tenerife Sur Airport,28.0445,-16.5725,yes
299,ENEV,40.0,34.0,85.0,0.0,0.0,600.0,600.0,586.7,626.0,722.5,889.25,1070.8999999999999,-2.008833333333333,-1.6791666666666667,-1.2333333333333334,-1.0433333333333334,-0.9778333333333333,0.0,0.0,0.0,0.0,0.0,0.0,0.0,0.0,0.0,0.0,722.5,1070.8999999999999,100.0,0.0,80.0,2.5,2.5,41.0,36.0,87.8048780487805,0.0,0.0,,,-945.0,-802.25,-648.0,-581.75,-525.0,,,,,,,,,,,,,,,,648.0,945.0,100.0,,85.36585365853658,0.0,2.4390243902439024,0.0,nm_inferred,41.0,86.40243902439025,,Harstad/Narvik Airport,68.491302,16.678101,no
300,EFTU,22.0,19.0,86.36363636363636,0.0,0.0,300.0,300.0,64.0,117.0,170.0,202.5,232.0,-0.8033333333333333,-0.675,-0.5666666666666667,-0.28,-0.16533333333333342,0.0,0.0,0.0,0.0,0.0,0.0,0.0,0.0,0.0,0.0,170.0,232.0,100.0,0.0,86.36363636363636,0.0,0.0,22.0,19.0,86.36363636363636,0.0,0.0,,,-150.6,-73.0,-7.0,58.5,78.79999999999998,,,,,,,,,,,,,,,,71.0,150.6,52.63157894736842,,86.36363636363636,0.0,0.0,0.0,nm_inferred,22.0,86.36363636363636,,Turku Airport,60.514099,22.2628,no
301,LTAJ,70.0,61.0,87.14285714285714,0.0,0.0,300.0,300.0,1795.0,2595.0,2740.0,2830.0,3070.0,-9.933333333333334,-9.4,-9.1,-8.5,-3.698717948717949,0.0,0.0,0.0,0.0,0.0,0.0,0.0,0.0,0.0,0.0,2740.0,3070.0,100.0,0.0,87.14285714285714,0.0,0.0,69.0,59.0,85.5072463768116,0.0,0.0,,,-3080.0,-2762.5,-2635.0,-2507.5,-1082.0,,,,,,,,,,,,,,,,2635.0,3080.0,100.0,,85.5072463768116,0.0,0.0,0.0,nm_inferred,70.0,86.32505175983437,,Gaziantep Oğuzeli International Airport,36.947201,37.478699,no
302,EGNV,21.0,18.0,85.71428571428571,0.0,0.0,600.0,600.0,-16.5,9.25,22.5,33.5,160.50000000000006,-0.19666666666666666,-0.05583333333333333,-0.0375,-0.012083333333333333,0.027500000000000007,0.0,0.0,0.0,0.0,0.05,0.0,0.0,0.0,0.0,0.027500000000000007,25.0,160.50000000000006,83.33333333333333,0.0,85.71428571428571,0.0,0.0,20.0,17.0,85.0,0.0,0.0,,,144.20000000000002,223.0,234.0,250.0,257.0,,,,,,,,,,,,,,,,234.0,653.2000000000003,5.882352941176471,,80.0,5.0,0.0,0.0,nm_inferred,21.0,85.35714285714286,,Teesside International Airport,54.509201,-1.42941,no
303,EHBK,21.0,18.0,85.71428571428571,0.0,0.0,600.0,600.0,-11.5,1.25,8.5,22.5,30.3,-0.0505,-0.0375,-0.016666666666666666,-0.0020833333333333333,0.017916666666666668,0.0,0.0,0.0,0.0,0.05,0.0,0.0,0.0,0.0,0.017916666666666668,11.0,32.2,77.77777777777777,0.0,80.95238095238095,4.761904761904762,0.0,20.0,17.0,85.0,0.0,0.0,,,180.6,410.0,505.0,596.0,642.8,,,,,,,,,,,,,,,,548.0,665.2,5.882352941176471,,70.0,10.0,5.0,0.0,nm_inferred,21.0,85.35714285714286,,Maastricht Aachen Airport,50.911087,5.769401,no
304,LGNX,28.0,19.0,67.85714285714286,0.0,0.0,300.0,300.0,461.0,521.5,808.0,1052.0,1183.3999999999999,-3.9446666666666665,-3.506666666666667,-2.6933333333333334,-1.7383333333333333,-1.5366666666666666,0.0,0.0,0.0,0.0,0.0,0.0,0.0,0.0,0.0,0.0,808.0,1183.3999999999999,100.0,0.0,67.85714285714286,0.0,0.0,27.0,27.0,100.0,0.0,0.0,,,-486.0,-423.0,-320.0,-243.0,-197.39999999999998,,,,,,,,,,,,,,,,320.0,486.00000000000006,100.0,,100.0,0.0,0.0,0.0,nm_inferred,28.0,83.92857142857143,,Naxos Island National Airport,37.0811,25.368099,no
305,EGJB,75.0,62.0,82.66666666666667,0.0,0.0,600.0,600.0,-10.499999999999996,17.25,55.0,69.75,89.9,-0.14983333333333332,-0.11625,-0.09166666666666667,-0.02875,0.017499999999999988,0.0,0.0,0.0,0.0,0.05,0.0,0.0,0.0,0.0,0.024166666666666656,59.0,93.6,87.09677419354838,0.0,82.66666666666667,0.0,0.0,79.0,67.0,84.81012658227849,0.0,0.0,,,97.40000000000002,249.0,280.0,311.5,364.6,,,,,,,,,,,,,,,,280.0,364.6,7.462686567164179,,81.0126582278481,3.7974683544303796,0.0,0.0,nm_inferred,79.0,83.73839662447259,,Guernsey Airport,49.435001,-2.60197,no
306,LTCC,40.0,34.0,85.0,0.0,0.0,300.0,300.0,3307.5,3376.25,3540.0,3687.5,4173.5,-13.911666666666667,-12.241666666666667,-11.483333333333334,-5.679166666666667,-3.356372549019608,0.0,0.0,0.0,0.0,0.0,0.0,0.0,0.0,0.0,0.0,3540.0,4173.5,100.0,0.0,85.0,0.0,0.0,46.0,37.0,80.43478260869566,0.0,0.0,,,-3897.0,-3500.0,-3191.0,-2940.0,-2095.0000000000005,,,,,,,,,,,,,,,,3191.0,3897.0,100.0,,80.43478260869566,0.0,0.0,0.0,nm_inferred,46.0,82.71739130434783,,Diyarbakır Airport,37.893902,40.201,no
307,LGKP,23.0,19.0,82.6086956521739,0.0,0.0,300.0,300.0,477.0,566.0,780.0,1145.0,1550.1999999999998,-5.167333333333334,-3.8166666666666664,-2.6,-1.8866666666666667,-1.5050000000000003,0.0,0.0,0.0,0.0,0.0,0.0,0.0,0.0,0.0,0.0,780.0,1550.1999999999998,100.0,0.0,78.26086956521739,4.3478260869565215,0.0,23.0,19.0,82.6086956521739,0.0,0.0,,,-1141.4,-1029.5,-834.0,-562.0,-429.20000000000005,,,,,,,,,,,,,,,,834.0,1141.3999999999999,100.0,,82.6086956521739,0.0,0.0,0.0,nm_inferred,23.0,82.6086956521739,,Karpathos Airport,35.421398,27.146,no
308,ORER,34.0,28.0,82.3529411764706,0.0,0.0,0.0,,3960.0,4485.0,6247.5,8017.75,9411.2,,,,,,,,,,,,,,,,6247.5,9411.2,100.0,,64.70588235294117,17.647058823529413,0.0,33.0,27.0,81.81818181818181,0.0,0.0,,,-5260.6,-4791.0,-3619.0,-2980.0,-2397.0,,,,,,,,,,,,,,,,3619.0,5260.600000000002,100.0,,81.81818181818181,0.0,0.0,0.0,nm_inferred,34.0,82.08556149732621,,Erbil International Airport,36.236047,43.946615,no
309,UWKD,40.0,31.0,77.5,0.0,0.0,0.0,,1514.0,7226.5,7427.0,7789.5,8304.0,,,,,,,,,,,,,,,,7427.0,8304.0,100.0,,30.0,47.5,0.0,37.0,32.0,86.48648648648648,0.0,0.0,,,-8846.1,-7887.0,-7260.5,-6844.5,-4777.7,,,,,,,,,,,,,,,,7260.5,8846.1,100.0,,43.24324324324324,43.24324324324324,0.0,0.0,nm_inferred,40.0,81.99324324324324,,Kazan International Airport,55.606201,49.278702,no
310,LFKF,41.0,34.0,82.92682926829268,0.0,0.0,600.0,600.0,118.0,140.0,160.0,183.75,215.5,-0.35916666666666663,-0.30625,-0.2625,-0.21041666666666667,-0.16845238095238094,0.0,0.0,0.0,0.0,0.0,0.0,0.0,0.0,0.0,0.0,160.0,215.5,100.0,0.0,82.92682926829268,0.0,0.0,42.0,34.0,80.95238095238095,0.0,0.0,,,-317.1,-253.5,-9.0,96.0,117.19999999999999,,,,,,,,,,,,,,,,124.5,317.09999999999997,52.94117647058823,,80.95238095238095,0.0,0.0,0.0,nm_inferred,42.0,81.93960511033681,,Figari Sud-Corse Airport,41.50185,9.097092,no
311,ORBI,29.0,23.0,79.3103448275862,0.0,0.0,0.0,,4806.2,6406.0,6594.0,6812.5,7084.8,,,,,,,,,,,,,,,,6594.0,7084.8,100.0,,79.3103448275862,0.0,0.0,28.0,23.0,82.14285714285714,0.0,0.0,,,-7163.2,-6921.5,-6670.0,-6281.0,-5467.8,,,,,,,,,,,,,,,,6670.0,7163.2,100.0,,78.57142857142857,3.5714285714285716,0.0,0.0,nm_inferred,29.0,80.72660098522167,,Baghdad International Airport / New Al Muthana Air Base,33.262501,44.2346,no
312,LFRB,53.0,42.0,79.24528301886792,0.0,0.0,600.0,600.0,15.0,30.0,47.5,60.0,69.5,-0.11583333333333333,-0.1,-0.07916666666666666,-0.05,-0.025,0.0,0.0,0.0,0.0,0.0,0.0,0.0,0.0,0.0,0.0,50.0,70.0,95.23809523809524,0.0,77.35849056603773,1.8867924528301887,0.0,52.0,41.0,78.84615384615384,0.0,0.0,,,256.0,263.0,274.0,285.0,297.0,,,,,,,,,,,,,,,,274.0,297.0,0.0,,78.84615384615384,0.0,0.0,0.0,nm_inferred,53.0,79.04571843251088,,Brest Bretagne airport,48.447899,-4.41854,no
313,ENOV,29.0,23.0,79.3103448275862,0.0,0.0,300.0,300.0,625.0,677.5,1360.0,1865.0,2293.0,-7.6433333333333335,-6.216666666666667,-4.533333333333333,-2.2583333333333333,-2.0833333333333335,0.0,0.0,0.0,0.0,0.0,0.0,0.0,0.0,0.0,0.0,1360.0,2293.0,100.0,0.0,79.3103448275862,0.0,0.0,28.0,22.0,78.57142857142857,0.0,0.0,,,-1097.8,-986.5,-876.5,-728.75,-666.8999999999999,,,,,,,,,,,,,,,,876.5,1097.8000000000002,100.0,,78.57142857142857,0.0,0.0,0.0,nm_inferred,29.0,78.94088669950739,,"Ørsta-Volda Airport, Hovden",62.180000305176,6.0741000175476,no
314,EGPD,182.0,142.0,78.02197802197803,0.0,98.9010989010989,660.0,360.0,-677.0,-518.75,-290.0,-131.25,69.00000000000006,-0.11055555555555555,0.2265625,0.4444444444444444,0.7776041666666667,0.8956439393939394,0.0,0.25,0.45227272727272727,0.7803819444444444,0.9159090909090909,0.0,0.25,0.44305555555555554,0.7582465277777778,0.8850694444444445,295.0,689.0,15.492957746478874,4.225352112676056,76.92307692307692,1.098901098901099,0.0,184.0,144.0,78.26086956521739,0.0,95.65217391304348,240.0,5.0,279.5,419.0,477.5,566.25,728.5000000000001,0.9838095238095239,1.4916666666666667,2.3333333333333335,2.888888888888889,5.350000000000003,1.0,1.0,1.0,1.0,1.0,0.97,1.0,1.0,1.0,1.0,477.5,728.5000000000001,2.0833333333333335,89.92805755395683,77.71739130434783,0.5434782608695652,0.0,98.9010989010989,apdf,184.0,78.14142379359771,0.5638120786218612,Aberdeen International Airport,57.2019,-2.19778,yes
315,LGML,21.0,19.0,90.47619047619048,0.0,0.0,300.0,300.0,432.0,455.0,505.0,522.5,586.0,-1.9533333333333334,-1.7416666666666667,-1.6833333333333333,-1.5166666666666666,-1.44,0.0,0.0,0.0,0.0,0.0,0.0,0.0,0.0,0.0,0.0,505.0,586.0,100.0,0.0,90.47619047619048,0.0,0.0,20.0,13.0,65.0,0.0,0.0,,,-706.2,-692.0,-557.0,-419.0,-313.0,,,,,,,,,,,,,,,,557.0,706.2,100.0,,65.0,0.0,0.0,0.0,nm_inferred,21.0,77.73809523809524,,Milos Airport,36.696899,24.4769,no
316,EGPB,60.0,47.0,78.33333333333333,0.0,0.0,600.0,600.0,1194.0,1255.0,1305.0,1367.5,1530.0,-2.55,-2.279166666666667,-2.175,-2.091666666666667,-1.99,0.0,0.0,0.0,0.0,0.0,0.0,0.0,0.0,0.0,0.0,1305.0,1530.0,100.0,0.0,78.33333333333333,0.0,0.0,59.0,45.0,76.27118644067797,0.0,0.0,,,-1242.6,-1156.0,-1082.0,-990.0,-895.8,,,,,,,,,,,,,,,,1082.0,1242.6000000000001,100.0,,76.27118644067797,0.0,0.0,0.0,nm_inferred,60.0,77.30225988700565,,Sumburgh Airport,59.878899,-1.29556,no
317,ESPA,40.0,31.0,77.5,0.0,0.0,300.0,300.0,245.0,282.5,345.0,387.5,405.0,-1.35,-1.2916666666666667,-1.15,-0.9416666666666667,-0.8166666666666667,0.0,0.0,0.0,0.0,0.0,0.0,0.0,0.0,0.0,0.0,345.0,405.0,100.0,0.0,75.0,2.5,0.0,39.0,30.0,76.92307692307692,0.0,0.0,,,-420.9,-304.5,-227.0,-164.25,-122.99999999999999,,,,,,,,,,,,,,,,227.0,420.90000000000003,100.0,,76.92307692307692,0.0,0.0,0.0,nm_inferred,40.0,77.21153846153845,,Luleå Airport,65.5438,22.122,no
318,BIAR,20.0,15.0,75.0,0.0,0.0,300.0,300.0,721.6,735.0,783.0,957.0,1081.3999999999999,-3.6046666666666667,-3.19,-2.61,-2.45,-2.4053333333333335,0.0,0.0,0.0,0.0,0.0,0.0,0.0,0.0,0.0,0.0,783.0,1081.3999999999999,100.0,0.0,75.0,0.0,0.0,24.0,19.0,79.16666666666667,0.0,0.0,,,-1215.4,-1093.5,-1006.0,-900.0,-811.8000000000001,,,,,,,,,,,,,,,,1006.0,1215.4,100.0,,79.16666666666667,0.0,0.0,0.0,nm_inferred,24.0,77.08333333333334,,Akureyri International Airport,65.656573,-18.072018,no
319,ENSK,24.0,19.0,79.16666666666667,0.0,0.0,300.0,300.0,1374.0,1425.0,1480.0,1542.5,1587.0,-5.29,-5.141666666666667,-4.933333333333334,-4.75,-4.58,0.0,0.0,0.0,0.0,0.0,0.0,0.0,0.0,0.0,0.0,1480.0,1587.0,100.0,0.0,79.16666666666667,0.0,0.0,24.0,18.0,75.0,0.0,0.0,,,-1263.5,-1201.0,-1055.5,-1013.75,-959.6999999999999,,,,,,,,,,,,,,,,1055.5,1263.5,100.0,,70.83333333333333,4.166666666666667,0.0,0.0,nm_inferred,24.0,77.08333333333334,,"Stokmarknes Airport, Skagen",68.578827,15.033417,no
320,GMAD,93.0,69.0,74.19354838709677,0.0,0.0,600.0,600.0,1811.0,1985.0,2130.0,2390.0,2523.0,-4.2,-3.675,-3.125,-2.4166666666666665,-2.2466666666666666,0.0,0.0,0.0,0.0,0.0,0.0,0.0,0.0,0.0,0.0,2130.0,2523.0,100.0,0.0,73.11827956989248,1.075268817204301,0.0,97.0,76.0,78.35051546391753,0.0,0.0,,,-2550.5,-2210.75,-1965.5,-1848.75,-1746.0,,,,,,,,,,,,,,,,1965.5,2550.5,100.0,,76.28865979381443,2.0618556701030926,0.0,0.0,nm_inferred,97.0,76.27203192550715,,Al Massira Airport,30.322478,-9.412003,no
321,LTAC,373.0,279.0,74.79892761394102,0.0,0.0,600.0,600.0,675.0,715.0,795.0,1130.0,1921.0,-3.2016666666666667,-1.9041666666666668,-1.325,-1.1916666666666667,-1.125,0.0,0.0,0.0,0.0,0.0,0.0,0.0,0.0,0.0,0.0,795.0,1921.0,100.0,0.0,73.45844504021447,1.3404825737265416,0.0,365.0,282.0,77.26027397260275,0.0,0.0,,,-2149.0,-1501.25,-1000.0,-795.0,-676.4999999999999,,,,,,,,,,,,,,,,1000.0,2149.0,100.0,,76.43835616438356,0.821917808219178,0.0,0.0,nm_inferred,373.0,76.02960079327188,,Esenboğa International Airport,40.128101,32.995098,no
322,ESNU,39.0,29.0,74.35897435897436,0.0,0.0,600.0,600.0,219.0,255.0,290.0,355.0,574.9999999999999,-1.1066666666666667,-0.5916666666666667,-0.48333333333333334,-0.425,-0.365,0.0,0.0,0.0,0.0,0.0,0.0,0.0,0.0,0.0,0.0,290.0,574.9999999999999,100.0,0.0,71.7948717948718,0.0,2.5641025641025643,39.0,30.0,76.92307692307692,0.0,0.0,,,-346.4,-270.5,-204.0,-181.75,-91.99999999999999,,,,,,,,,,,,,,,,204.0,346.4,100.0,,76.92307692307692,0.0,0.0,0.0,nm_inferred,39.0,75.64102564102564,,Umeå Airport,63.791801,20.282801,no
323,EGNJ,21.0,16.0,76.19047619047619,0.0,0.0,420.0,420.0,7.5,20.0,50.0,97.5,130.0,-0.30952380952380953,-0.23214285714285712,-0.11904761904761904,-0.047619047619047616,-0.017857142857142856,0.0,0.0,0.0,0.0,0.0,0.0,0.0,0.0,0.0,0.0,50.0,130.0,93.75,0.0,71.42857142857143,4.761904761904762,0.0,20.0,15.0,75.0,0.0,0.0,,,-252.2,257.0,311.0,432.0,456.0,,,,,,,,,,,,,,,,317.0,505.79999999999995,20.0,,75.0,0.0,0.0,0.0,nm_inferred,21.0,75.5952380952381,,Humberside Airport,53.576152,-0.34954,no
324,LTCI,42.0,31.0,73.80952380952381,0.0,0.0,300.0,300.0,2019.0,2596.0,2871.0,4490.5,4854.0,-14.976666666666667,-10.366666666666667,-9.17,-6.731666666666667,-6.295833333333333,0.0,0.0,0.0,0.0,0.0,0.0,0.0,0.0,0.0,0.0,2871.0,4854.0,100.0,0.0,66.66666666666667,7.142857142857143,0.0,41.0,31.0,75.60975609756098,0.0,0.0,,,-4360.0,-4200.0,-4070.0,-3870.5,-2305.0,,,,,,,,,,,,,,,,4070.0,4360.0,100.0,,75.60975609756098,0.0,0.0,0.0,nm_inferred,42.0,74.70963995354239,,Van Ferit Melen Airport,38.46820068359375,43.332298278808594,no
325,ENZV,295.0,217.0,73.55932203389831,46.0,99.66101694915255,480.0,540.0,45.0,95.0,320.0,445.0,540.0,-1.0797619047619047,-0.875,-0.5916666666666667,-0.20123626373626374,-0.09141414141414139,0.0,0.0,0.0,0.0,0.0,0.0,0.0,0.0,0.0,0.0,320.0,540.0,99.07834101382488,0.0,70.16949152542372,2.0338983050847457,1.3559322033898304,296.0,218.0,73.64864864864865,0.0,100.0,240.0,180.0,-606.5,-440.0,-205.0,260.0,301.50000000000006,-3.0555555555555554,-1.96875,-0.8923611111111112,1.0875000000000001,1.5361111111111114,0.0,0.0,0.0,1.0,1.0,0.0,0.0,0.0,1.0,1.0,310.0,606.5,67.88990825688073,27.98165137614679,72.63513513513513,0.0,1.0135135135135136,100.0,apdf,296.0,73.60398534127347,0.0,"Stavanger Airport, Sola",58.876701,5.63778,yes
326,LGPA,48.0,24.0,50.0,0.0,0.0,300.0,300.0,410.2,608.75,932.5,1165.0,1263.1,-4.210333333333333,-3.8833333333333333,-3.1083333333333334,-2.029166666666667,-1.3673333333333333,0.0,0.0,0.0,0.0,0.0,0.0,0.0,0.0,0.0,0.0,932.5,1263.1,100.0,0.0,50.0,0.0,0.0,49.0,47.0,95.91836734693878,0.0,0.0,,,-781.6,-703.0,-538.0,-401.0,-224.40000000000006,,,,,,,,,,,,,,,,538.0,781.6,100.0,,95.91836734693878,0.0,0.0,0.0,nm_inferred,49.0,72.9591836734694,,Paros National Airport,37.020495,25.113195,no
327,LTCA,22.0,16.0,72.72727272727273,0.0,0.0,300.0,300.0,2852.5,2912.5,3030.5,3132.0,3323.0,-11.076666666666668,-10.440000000000001,-10.101666666666667,-9.708333333333332,-9.508333333333333,0.0,0.0,0.0,0.0,0.0,0.0,0.0,0.0,0.0,0.0,3030.5,3323.0,100.0,0.0,72.72727272727273,0.0,0.0,22.0,16.0,72.72727272727273,0.0,0.0,,,-3302.5,-3095.0,-3000.0,-2905.0,-2740.0,,,,,,,,,,,,,,,,3000.0,3302.5,100.0,,72.72727272727273,0.0,0.0,0.0,nm_inferred,22.0,72.72727272727273,,Elazığ Airport,38.597974,39.28348,no
328,URML,26.0,18.0,69.23076923076923,0.0,0.0,600.0,600.0,827.4,1184.25,6251.5,6378.75,6453.1,-10.755166666666668,-10.63125,-10.419166666666666,-1.97375,-1.379,0.0,0.0,0.0,0.0,0.0,0.0,0.0,0.0,0.0,0.0,6251.5,6453.1,100.0,0.0,57.69230769230769,11.538461538461538,0.0,25.0,19.0,76.0,0.0,0.0,,,-7045.0,-6610.0,-6287.0,-1076.5,-814.2,,,,,,,,,,,,,,,,6287.0,7045.0,100.0,,40.0,36.0,0.0,0.0,nm_inferred,26.0,72.61538461538461,,Makhachkala Uytash International Airport,42.816799,47.652302,no
329,ENBN,25.0,18.0,72.0,0.0,0.0,300.0,300.0,343.5,408.0,460.5,711.25,819.8000000000001,-2.732666666666667,-2.370833333333333,-1.5350000000000001,-1.36,-1.145,0.0,0.0,0.0,0.0,0.0,0.0,0.0,0.0,0.0,0.0,460.5,819.8000000000001,100.0,0.0,72.0,0.0,0.0,26.0,19.0,73.07692307692308,0.0,0.0,,,-626.8,-481.5,-362.0,-199.5,-141.6,,,,,,,,,,,,,,,,362.0,626.8,100.0,,69.23076923076923,3.8461538461538463,0.0,0.0,nm_inferred,26.0,72.53846153846155,,"Brønnøysund Airport, Brønnøy",65.461098,12.2175,no
330,EGHI,76.0,54.0,71.05263157894737,0.0,0.0,600.0,600.0,50.0,55.0,70.0,85.0,100.0,-0.16666666666666666,-0.14791666666666667,-0.12083333333333333,-0.09166666666666666,-0.08333333333333333,0.0,0.0,0.0,0.0,0.0,0.0,0.0,0.0,0.0,0.0,70.0,100.0,100.0,0.0,69.73684210526316,1.3157894736842106,0.0,80.0,58.0,72.5,0.0,0.0,,,213.7,230.25,243.0,261.75,269.3,,,,,,,,,,,,,,,,243.0,269.3,0.0,,72.5,0.0,0.0,0.0,nm_inferred,80.0,71.77631578947368,,Southampton Airport,50.950298,-1.3568,no
331,GMMN,339.0,238.0,70.20648967551622,0.0,0.0,600.0,600.0,474.7,515.25,596.0,732.75,1759.8000000000002,-2.933,-1.20375,-0.96,-0.8358333333333333,-0.7054166666666666,0.0,0.0,0.0,0.0,0.0,0.0,0.0,0.0,0.0,0.0,596.0,1759.8000000000002,100.0,0.0,58.99705014749262,10.914454277286136,0.2949852507374631,340.0,237.0,69.70588235294117,0.0,0.0,,,-1404.2,-1025.0,-735.0,-579.0,-495.2,,,,,,,,,,,,,,,,735.0,1404.2,100.0,,57.35294117647059,12.352941176470589,0.0,0.0,nm_inferred,340.0,69.9561860142287,,Mohammed V International Airport,33.3675,-7.58997,no
332,ENTC,161.0,110.0,68.32298136645963,0.0,0.0,600.0,600.0,307.7,339.25,645.5,1183.75,1430.3,-2.446166666666666,-1.9729166666666667,-1.0758333333333332,-0.5654166666666667,-0.5128333333333333,0.0,0.0,0.0,0.0,0.0,0.0,0.0,0.0,0.0,0.0,645.5,1430.3,100.0,0.0,67.70186335403727,0.6211180124223602,0.0,165.0,118.0,71.51515151515152,0.0,0.0,,,-1207.8,-850.5,-442.0,-347.0,-258.20000000000005,,,,,,,,,,,,,,,,444.0,1207.8,98.30508474576271,,71.51515151515152,0.0,0.0,0.0,nm_inferred,165.0,69.91906644080558,,Tromsø Airport,69.683296,18.9189,no
333,LTCS,24.0,16.0,66.66666666666667,0.0,0.0,300.0,300.0,3002.5,3200.0,3317.5,3413.75,4082.5,-13.608333333333334,-11.379166666666666,-11.058333333333334,-10.666666666666668,-10.008333333333333,0.0,0.0,0.0,0.0,0.0,0.0,0.0,0.0,0.0,0.0,3317.5,4082.5,100.0,0.0,66.66666666666667,0.0,0.0,23.0,16.0,69.56521739130434,0.0,0.0,,,-3817.5,-3408.75,-3022.5,-2952.5,-2802.5,,,,,,,,,,,,,,,,3022.5,3817.5,100.0,,69.56521739130434,0.0,0.0,0.0,nm_inferred,24.0,68.1159420289855,,Şanlıurfa GAP Airport,37.445663,38.895592,no
334,ENFL,44.0,30.0,68.18181818181819,0.0,0.0,300.0,300.0,383.5,422.5,600.0,672.5,1028.5,-3.4283333333333332,-2.2416666666666667,-2.0,-1.4083333333333332,-1.2783333333333333,0.0,0.0,0.0,0.0,0.0,0.0,0.0,0.0,0.0,0.0,600.0,1028.5,100.0,0.0,63.63636363636363,0.0,4.545454545454546,43.0,29.0,67.44186046511628,0.0,0.0,,,-1561.1999999999998,-573.0,-275.0,-161.0,-112.80000000000001,,,,,,,,,,,,,,,,323.0,1561.1999999999994,96.55172413793103,,60.46511627906977,0.0,6.976744186046512,0.0,nm_inferred,44.0,67.81183932346724,,Florø Airport,61.583599090576,5.0247201919556,no
335,ENSG,27.0,15.0,55.55555555555556,0.0,0.0,300.0,300.0,467.0,557.5,625.0,717.5,809.0,-2.6966666666666668,-2.3916666666666666,-2.0833333333333335,-1.8583333333333334,-1.5566666666666666,0.0,0.0,0.0,0.0,0.0,0.0,0.0,0.0,0.0,0.0,625.0,809.0,100.0,0.0,55.55555555555556,0.0,0.0,26.0,15.0,57.69230769230769,0.0,0.0,,,-559.8,-512.5,-457.0,-267.5,-188.4,,,,,,,,,,,,,,,,457.0,559.8,100.0,,57.69230769230769,0.0,0.0,0.0,nm_inferred,27.0,56.623931623931625,,"Sogndal Airport, Haukåsen",61.156101,7.13778,no
336,EKEB,30.0,17.0,56.666666666666664,0.0,0.0,300.0,300.0,17.8,40.0,85.0,95.0,107.0,-0.35666666666666663,-0.31666666666666665,-0.2833333333333333,-0.13333333333333333,-0.059333333333333314,0.0,0.0,0.0,0.0,0.0,0.0,0.0,0.0,0.0,0.0,85.0,107.0,100.0,0.0,50.0,0.0,6.666666666666667,29.0,16.0,55.172413793103445,0.0,0.0,,,202.0,241.5,266.0,303.5,1031.5,,,,,,,,,,,,,,,,266.0,1031.5,0.0,,48.275862068965516,0.0,6.896551724137931,0.0,nm_inferred,30.0,55.91954022988506,,Esbjerg Airport,55.525902,8.5534,no
337,GCRR,251.0,136.0,54.18326693227092,0.0,100.0,481.0,630.0,1411.5,2319.25,3272.5,3511.0,3606.0,-7.562935034802784,-6.134978991596639,-5.112182577949213,-3.7525188367553897,-2.6570348641415125,0.0,0.0,0.0,0.0,0.0,0.0,0.0,0.0,0.0,0.0,3272.5,3606.0,100.0,0.0,51.79282868525896,2.3904382470119523,0.0,258.0,144.0,55.81395348837209,0.0,99.6124031007752,176.0,210.0,-4389.8,-4193.75,-4029.5,-3695.5,-3450.2,-31.212662337662337,-24.286675035868004,-19.126099706744867,-15.317767606795316,-13.462444246208742,0.0,0.0,0.0,0.0,0.0,0.0,0.0,0.0,0.0,0.0,4029.5,4389.8,100.0,0.0,51.55038759689923,4.263565891472868,0.0,100.0,apdf,258.0,54.9986102103215,0.0,César Manrique-Lanzarote Airport,28.945499,-13.6052,yes
338,GCFV,171.0,91.0,53.21637426900585,0.0,100.0,521.0,660.0,2424.0,3235.0,3591.0,3773.5,3909.0,-6.682926829268292,-5.98004700636453,-5.118233618233618,-4.304168089614587,-3.3950437317784257,0.0,0.0,0.0,0.0,0.0,0.0,0.0,0.0,0.0,0.0,3591.0,3909.0,100.0,0.0,49.12280701754386,4.093567251461988,0.0,172.0,91.0,52.906976744186046,0.0,99.4186046511628,219.0,240.0,-4677.0,-4438.5,-4249.0,-3880.0,-3686.0,-20.975609756097562,-18.8343949663061,-17.4,-15.436150948862814,-12.400537634408602,0.0,0.0,0.0,0.0,0.0,0.0,0.0,0.0,0.0,0.0,4249.0,4677.0,100.0,0.0,50.0,2.9069767441860463,0.0,100.0,apdf,172.0,53.06167550659595,0.0,Fuerteventura Airport,28.4527,-13.8638,yes
339,ENAT,32.0,17.0,53.125,0.0,0.0,480.0,480.0,379.0,397.0,435.0,740.0,1532.0,-3.1916666666666664,-1.5416666666666667,-0.90625,-0.8270833333333333,-0.7895833333333333,0.0,0.0,0.0,0.0,0.0,0.0,0.0,0.0,0.0,0.0,435.0,1532.0,100.0,0.0,53.125,0.0,0.0,30.0,15.0,50.0,0.0,0.0,,,-1704.2,-500.5,-458.0,-410.0,-388.0,,,,,,,,,,,,,,,,458.0,1704.2,100.0,,50.0,0.0,0.0,0.0,nm_inferred,32.0,51.5625,,Alta Airport,69.976097,23.3717,no
340,ENKB,48.0,23.0,47.916666666666664,0.0,0.0,300.0,300.0,552.4,625.0,955.0,1241.0,1570.0,-5.233333333333333,-4.136666666666667,-3.183333333333333,-2.083333333333333,-1.8413333333333333,0.0,0.0,0.0,0.0,0.0,0.0,0.0,0.0,0.0,0.0,955.0,1570.0,100.0,0.0,47.916666666666664,0.0,0.0,45.0,21.0,46.666666666666664,0.0,0.0,,,-1320.0,-908.0,-797.0,-701.0,-646.0,,,,,,,,,,,,,,,,797.0,1320.0,100.0,,46.666666666666664,0.0,0.0,0.0,nm_inferred,48.0,47.291666666666664,,"Kristiansund Airport, Kvernberget",63.111801,7.82452,no
341,GCLP,498.0,223.0,44.77911646586345,0.0,100.0,520.0,690.0,2840.6,3789.5,4047.0,4183.0,4266.2,-8.527947838023335,-6.908907564978843,-5.7477203647416415,-4.70878395608022,-3.5836728130360203,0.0,0.0,0.0,0.0,0.0,0.0,0.0,0.0,0.0,0.0,4047.0,4266.2,100.0,0.0,40.76305220883534,3.4136546184738954,0.6024096385542169,511.0,234.0,45.79256360078278,0.0,96.86888454011742,133.0,180.0,-5437.4,-5044.0,-4626.5,-3047.75,-2012.3999999999996,-49.43994241053064,-37.51485148514851,-25.45,-16.767857142857142,-10.733202247191006,0.0,0.0,0.0,0.0,0.0,0.0,0.0,0.0,0.0,0.0,4626.5,5437.400000000001,100.0,0.0,33.85518590998043,11.741682974559687,0.19569471624266144,100.0,apdf,511.0,45.28584003332311,0.0,Gran Canaria Airport,27.9319,-15.3866,yes
342,EGPO,24.0,10.0,41.666666666666664,0.0,0.0,600.0,600.0,420.5,523.75,627.5,680.0,707.0,-1.1783333333333335,-1.1333333333333333,-1.0458333333333334,-0.8729166666666666,-0.7008333333333334,0.0,0.0,0.0,0.0,0.0,0.0,0.0,0.0,0.0,0.0,627.5,707.0,100.0,0.0,41.666666666666664,0.0,0.0,23.0,10.0,43.47826086956522,0.0,0.0,,,-700.3,-590.75,-527.0,-450.0,-426.8,,,,,,,,,,,,,,,,527.0,700.2999999999997,100.0,,43.47826086956522,0.0,0.0,0.0,nm_inferred,24.0,42.57246376811594,,Stornoway Airport,58.215599,-6.33111,no
343,GCXO,327.0,102.0,31.192660550458715,0.0,100.0,447.0,600.0,1641.8,3932.5,4214.5,4308.0,4440.9,-9.267815892815893,-8.332493939730021,-6.772759958162643,-5.30765391827941,-2.566256930916668,0.0,0.0,0.0,0.0,0.0,0.0,0.0,0.0,0.0,0.0,4214.5,4440.9,100.0,0.0,29.051987767584098,2.140672782874618,0.0,327.0,100.0,30.581039755351682,0.0,98.1651376146789,134.0,210.0,-5185.3,-4783.5,-4213.0,-1875.0,-1449.7999999999993,-35.786298443698506,-27.507047076634706,-19.485059681166383,-11.15243399339934,-6.539879931389363,0.0,0.0,0.0,0.0,0.0,0.0,0.0,0.0,0.0,0.0,4213.0,5185.3,100.0,0.0,23.853211009174313,6.72782874617737,0.0,100.0,apdf,327.0,30.886850152905197,0.0,Tenerife Norte-Ciudad de La Laguna Airport,28.482752,-16.341707,yes
344,EHKD,56.0,9.0,16.071428571428573,0.0,0.0,600.0,595.0,-16.0,-10.0,-5.0,10.0,13.000000000000004,-0.021666666666666664,-0.016666666666666666,0.008333333333333333,0.016666666666666666,0.02666666666666667,0.0,0.0,0.05,0.05,0.05,0.0,0.0,0.008333333333333333,0.016666666666666666,0.02666666666666667,10.0,21.0,33.333333333333336,0.0,14.285714285714286,0.0,1.7857142857142858,53.0,8.0,15.09433962264151,0.0,0.0,,,297.4,307.75,315.0,348.75,843.8999999999997,,,,,,,,,,,,,,,,315.0,843.8999999999997,0.0,,13.20754716981132,0.0,1.8867924528301887,0.0,nm_inferred,56.0,15.582884097035041,,De Kooy Airfield / Den Helder Naval Air Station,52.923401,4.78062,no
345,GCLA,89.0,9.0,10.112359550561798,0.0,0.0,300.0,300.0,586.0,630.0,735.0,900.0,1648.0000000000007,-5.493333333333332,-2.7333333333333334,-2.3666666666666667,-2.0,-1.7466666666666666,0.0,0.0,0.0,0.0,0.0,0.0,0.0,0.0,0.0,0.0,735.0,1648.0000000000007,100.0,0.0,10.112359550561798,0.0,0.0,89.0,9.0,10.112359550561798,0.0,0.0,,,-5667.2,-5079.0,-775.0,-606.0,-508.79999999999995,,,,,,,,,,,,,,,,775.0,5667.2,100.0,,8.98876404494382,1.1235955056179776,0.0,0.0,nm_inferred,89.0,10.112359550561798,,La Palma Airport,28.626499,-17.7556,no
346,GCHI,22.0,0.0,0.0,0.0,0.0,300.0,,,,,,,,,,,,,,,,,,,,,,,,,,0.0,0.0,0.0,22.0,0.0,0.0,0.0,0.0,,,,,,,,,,,,,,,,,,,,,,,,,,,0.0,0.0,0.0,0.0,nm_inferred,22.0,0.0,,El Hierro Airport,27.8148,-17.8871,no
347,ENVD,20.0,0.0,0.0,0.0,0.0,300.0,,,,,,,,,,,,,,,,,,,,,,,,,,0.0,0.0,0.0,21.0,0.0,0.0,0.0,0.0,,,,,,,,,,,,,,,,,,,,,,,,,,,0.0,0.0,0.0,0.0,nm_inferred,21.0,0.0,,Vadsø Airport,70.0653,29.8447,no
348,GMML,21.0,0.0,0.0,0.0,0.0,600.0,,,,,,,,,,,,,,,,,,,,,,,,,,0.0,0.0,0.0,18.0,0.0,0.0,0.0,0.0,,,,,,,,,,,,,,,,,,,,,,,,,,,0.0,0.0,0.0,0.0,nm_inferred,21.0,0.0,,Laayoune Hassan I International Airport,27.142467,-13.224947,no
